username,profile_url,display_name,description,location,predicted_class,confidence_level,prob_0,prob_1,prob_2,uncertainty_score
akhbare_fori,https://x.com/akhbare_fori,خبرفوری,. (خبرفوری) Official account of KhabarFoori . Telegram Channel:  t.me/akhbarefori,iran,1,0.8715,0.1285,0.8715,,0.1285
ahmadnaderi_ir,https://x.com/ahmadnaderi_ir,احمد نادری,● دانشیار دانشگاه تهران● نماینده مردم ایران از حوزه انتخابیه تهران، ری،شمیرانات،اسلامشهر وپردیس در مجالس یازدهم و دوازدهم● عضو هیات رئیسه مجلس,,1,0.8705,0.1295,0.8705,,0.1295
afrasyabia,https://x.com/afrasyabia,Afrasyabi.alireza,کارشناس مکانیک طراح قطعات  متخصص در زمینه خودرو,ahwaz,1,0.8696,0.1304,0.8696,,0.1304
ali_cheshomi,https://x.com/ali_cheshomi,علی چشمی,استادیار گروه اقتصاد دانشگاه فردوسی مشهد,,1,0.8691,0.1309,0.8691,,0.1309
3tareee,https://x.com/3tareee,سه تا رِ,من بد دهن‌تر از چیزی‌ام که از توئیتام به نظر میرسه ولی حالا باز خود دانی!,شهری عاری از مونوگامی,1,0.869,0.131,0.869,,0.131
alihgh1393,https://x.com/alihgh1393,"Z,Z,A,R_H,C,H,",رهرو استاد ارژنگ داوودی،مردی که مقابل آزادی ایران و ایرانی ایستادگی کرد و سر خم نکرد.امید است با زحماتی که کشید تلاش کنیم هر ایرانی وطن پرست یک ارژنگ باشد.,,1,0.8686,0.1314,0.8686,,0.1314
abdollahram,https://x.com/abdollahram,Abdollah Ramezanzadeh,استادیار بازنشسته دانشکده حقوق و علوم سیاسی دانشگاه تهران.  مسئولیتی در قبال نظراتی که کاربران زیر توییت‌هایم می‌نویسند ندارم. Retweet is not endorsement,,1,0.8684,0.1316,0.8684,,0.1316
abasiabbassi,https://x.com/abasiabbassi,Shahram Abbassi,استاد سابق دانشگاه فردوسی# استاد مدعو در دانشگاه وسترن کانادا,,1,0.8684,0.1316,0.8684,,0.1316
ahangevafa,https://x.com/ahangevafa,هاتف قاضی‌زاده,(.-: من در کمال صحت عقل وصیت میکنم: بعد مرگم هرچی که میشه از اعضای بدنم رو اهدا کنین، هرچی هم میشه بدین به دانشکده‌های پزشکی :-.),,1,0.8677,0.1323,0.8677,,0.1323
abdolhamidnetar,https://x.com/abdolhamidnetar,فضيلة الشيخ عبد الحميد إسماعيل زهي,خطيب أهل السنة ورئيس جامعة دار العلوم بمدينة زاهدان، ورئيس منظمة اتحاد المدارس الدينية لأهل السنة بمحافظة سيستان وبلوشستان - إيران,Iran,1,0.8675,0.1325,0.8675,,0.1325
ahadsadeghi71,https://x.com/ahadsadeghi71,Ahad.sadeghi71,روزگارم بد نیست، اگر نابخردی ها و کج اندیشی ها و قضاوت ها بگذارند.,همه جای ایران سرای من است,1,0.8666,0.1334,0.8666,,0.1334
ali_rajabi,https://x.com/ali_rajabi,علی رجبی Ali Rajabi 🇮🇷,فكأن الدنيا لم تكن وكأن الأخرة لم تزل | خبرنگار و سیاست‌پژوه | دانش‌آموخته سیاستگذاری عمومی,Islamic Republic of Iran,1,0.8662,0.1338,0.8662,,0.1338
afshin_46,https://x.com/afshin_46,Afshin,نام من سید محمد حاجی سید جوادی است و مسئولیت حقوقی  نوشته هایم بر عهده من است.  #جمهوری‌خواه  #سوسیال‌دموکرات,,1,0.8657,0.1343,0.8657,,0.1343
ahmadrezagz,https://x.com/ahmadrezagz,احمدرضا گودرزی,دانشجوی اقتصاد | علاقمند به مطالعه و رسانه,,1,0.8656,0.1344,0.8656,,0.1344
alirezaabasi_ir,https://x.com/alirezaabasi_ir,علیرضا عباسی,▪︎نماینده مردم شریف کرج، فردیس و اشتهارد در مجلس شورای اسلامی ▪︎نائب‌رئیس کمیسیون کشاورزی مجلس ▪︎ استاد تمام دانشگاه تهران و عضو هیئت علمی دانشگاه تهران,جمهوری اسلامی ایران,1,0.8655,0.1345,0.8655,,0.1345
alirabiei_iran,https://x.com/alirabiei_iran,Ali Rabiei,علی ربیعی /  استاد دانشگاه و فعال سیاسی _اجتماعی,IRAN,1,0.8648,0.1352,0.8648,,0.1352
alibahaadori,https://x.com/alibahaadori,علی بهادری جهرمی,سخنگو و دبیر هیئت دولت شهید رئیسی | حقوق‌دان و عضو هیئت علمی دانشگاه تربیت مدرس,Islamic Republic of Iran,1,0.8648,0.1352,0.8648,,0.1352
abdeekalantari,https://x.com/abdeekalantari,Abdee Kalantari,عبدی کلانتری --- abdee-kalantari.blogspot.com nilgoon.org vimeo.com/user5224333,,1,0.8647,0.1353,0.8647,,0.1353
_h_o_o_r_,https://x.com/_h_o_o_r_,sina,Intl Law UT  | عشق ایران در سرش، همچو من.,IRAN,1,0.8646,0.1354,0.8646,,0.1354
abdullahmohtadi,https://x.com/abdullahmohtadi,Abdullah Mohtadi,Secretary General of the Komala Party of Iranian Kurdistan,,1,0.8646,0.1354,0.8646,,0.1354
2x0x2x4,https://x.com/2x0x2x4,KolKa,جمهوری اسلامی در دریای خونی که به راه انداخته، غرق خواهد شد...  #زن_زندگی_آزادی #مهسا_امینی,,1,0.8644,0.1356,0.8644,,0.1356
abehtarin,https://x.com/abehtarin,سیروس,هیچ صیادی از جویی حقیر که به گودالی می ریزد مرواریدی صید نخواهد کرد,,1,0.864,0.136,0.864,,0.136
alirezamm1992,https://x.com/alirezamm1992,Ali.M,یه مالیچی دغدغه‌مند برای اصلاح // خاک پای نوکران حضرت زهرا سلام الله علیها هستم //  ورود سگ و برانداز به این پیج ممنوعه,Islamic Republic of Iran,1,0.8639,0.1361,0.8639,,0.1361
abedimonfared1,https://x.com/abedimonfared1,"Reza Abedi, Psychology Expert",من یک ایرانی مسلمانم و به ایرانی‌بودن و مسلمان‌بودنم افتخار می‌کنم فالو = فالو بک در اسرع وقت,,1,0.8636,0.1364,0.8636,,0.1364
activistrafiey,https://x.com/activistrafiey,سمیه رفیعی,نماینده مردم شریف تهران، ری، شمیرانات، اسلامشهر و پردیس/رئیس فراکسیون محیط زیست/نایب رئیس کمیسیون کشاورزی مجلس/ فعال و سیاست‌پژوه محیط زیست,,1,0.8636,0.1364,0.8636,,0.1364
2bender,https://x.com/2bender,Bender,ما باید در تهران و در اصفهان و در یزد و در مشهد مصروف زدن روافض باشیم. سخت لذتبخش خواهد بود.,,1,0.8635,0.1365,0.8635,,0.1365
ala_ti_ti,https://x.com/ala_ti_ti,الا‌ تى‌تى,"Hello, I'm still here. All that's left of yesterday!",همه‌جا,1,0.8634,0.1366,0.8634,,0.1366
abhaddadii,https://x.com/abhaddadii,Haddadi,t.me/abolfazlhaddadi,,1,0.8634,0.1366,0.8634,,0.1366
aghamiri_hosein,https://x.com/aghamiri_hosein,سیدحسین آقامیری,تو که یک گوشه ی چشمت غم عالم ببرد،                                 حیف باشد که تو باشی و مرا غم ببرد,,1,0.8626,0.1374,0.8626,,0.1374
_angry_n___,https://x.com/_angry_n___,i N !,تا اطلاع ثانوی فقط #زن_زندگی_آزادی,!,1,0.8624,0.1376,0.8624,,0.1376
alijafarifo,https://x.com/alijafarifo,علیج,نظاره گر منفعل.روزنامه نگار و برنامه ساز رادیو و منتقد تیاتر.مدرس پاره وقت برخی دانشگاهها.  هرچی ام که می گم به خودم مربوطه نه محل کارم.والله,tehran,1,0.8624,0.1376,0.8624,,0.1376
alikarimi_ak8,https://x.com/alikarimi_ak8,ali karimi,,تهران،ایران,1,0.8623,0.1377,0.8623,,0.1377
abed33474966,https://x.com/abed33474966,Ab.Es,مانیا,,1,0.8623,0.1377,0.8623,,0.1377
aliaalei,https://x.com/aliaalei,علی عالی🇮🇷,ناسزا شنيدن كسب و كار روزانه ماست/مسئوليتی به‌خاطر نظرات ديگران زير توئيت‌هايم ندارم/ توهین= بلاک,Islamic Republic of Iran,1,0.862,0.138,0.862,,0.138
3eyedamir,https://x.com/3eyedamir,SeyedAmir Sayyah,دغدغه محیط‌کسب‌وکار، کارآفرینی، شفافیت، عدالت رقابت، حقوق‌مالکیت، حاکمیت‌قانون و تنظیمگری فجازی در ایران. توئیتهام به هیچ شورا و مرکزی ربطی نَ  دا  رَد,,1,0.8619,0.1381,0.8619,,0.1381
agha_xavier2,https://x.com/agha_xavier2,خاویر پرز دکوئیار R.I.P,همواره مشروطه‌خواه. وفادار به: شاه، میهن، آزادی,روی در دیوار هجران,1,0.8618,0.1382,0.8618,,0.1382
aliebrahimzade_,https://x.com/aliebrahimzade_,Ali Ebrahimzadeh,General Contractor #زندگی_نرمال #ایجاد_شرمساری 0018182017068,"California, USA",1,0.8618,0.1382,0.8618,,0.1382
alavi2183,https://x.com/alavi2183,علی علوی,اگر اراده ای نباشد عشقی در کار نیست:  انتخاب ایستادگی در مقابل ظلم وبیداد حقی است که هیچ کس نمی تواند از کسی بگیرد.هوادار مجاهدین خلق ایران,زیر گنبد کبود,1,0.8617,0.1383,0.8617,,0.1383
105_sakariyou,https://x.com/105_sakariyou,Sakariyou_105,باغیرتان ایران همراه با قیام‌سپید ب رهبری دکترسایان برای پایان دادن به حکومت خامنه‌ای نامرد   پیام دهید به,,1,0.8617,0.1383,0.8617,,0.1383
35anj,https://x.com/35anj,نشريه سه‌پنج,از روی نعش جمهوری اسلامی رد می‌شویم #همکاری_ملی,35anj,1,0.8615,0.1385,0.8615,,0.1385
aghomchi,https://x.com/aghomchi,Amirreza Ghomchi,Engineering | Politics | Art,Tehran-Iran,1,0.8614,0.1386,0.8614,,0.1386
alilarijani_ir,https://x.com/alilarijani_ir,Ali Larijani | علی لاریجانی,بنده‌ی خدا,Islamic Republic of Iran,1,0.8613,0.1387,0.8613,,0.1387
abbasi_students,https://x.com/abbasi_students,اندیشه‌جویان,حساب رسمی . اندیشه جویان استاد حسن عباسی,انقلاب اسلامی,1,0.8613,0.1387,0.8613,,0.1387
aeeeeeeeeeeen,https://x.com/aeeeeeeeeeeen,آئین,Dreamer,iran,1,0.861,0.139,0.861,,0.139
akhavanbahar,https://x.com/akhavanbahar,Bahar Akhavan,دغدغه، فردای روز آزادی‌ست! (سیاست خوانده، علاقه‌مند به فلسفه),"Stockholm, Sweden",1,0.8608,0.1392,0.8608,,0.1392
20rapcom,https://x.com/20rapcom,20RAP.com,رسانه‌ی مستقل هیپ‌هاپ/رپ فارسی، تاسیس ۱۳۸۸,Iran,1,0.8606,0.1394,0.8606,,0.1394
ali_ahmadnia,https://x.com/ali_ahmadnia,Ali Ahmadnia | علی‌ احمدنیا,Iranian journalist رئیس امور اطلاع رسانی دولت / #Petrochemical #energy,Tehran,1,0.8597,0.1403,0.8597,,0.1403
ajibzade,https://x.com/ajibzade,عجیب زاده,از خودم که می گذشتم بالغ بودم. از آن پس را به خاطر ندارم,دار العجائب,1,0.8594,0.1406,0.8594,,0.1406
abdolhamidnet,https://x.com/abdolhamidnet,شیخ الاسلام مولانا عبدالحمید,مدیر دارالعلوم و امام جمعه اهل سنت زاهدان و رئیس شورای هماهنگی مدارس علوم دینی اهل سنت سیستان و بلوچستان,iran,1,0.8592,0.1408,0.8592,,0.1408
ageofpahlavi,https://x.com/ageofpahlavi,M E D U S A 🇮🇱🎗️,@PahlaviReza  ~~ پادشاهی خواه رادیکال ~ باور مند به نظام شاهنشاهی ایران فقط با خاندان ایران ساز پهلوی ~ شاه برای من خط قرمز است ~ آتئیست ~تا ابد #جاویدشاه,"California, USA",1,0.8583,0.1417,0.8583,,0.1417
___mohsen_,https://x.com/___mohsen_,آندره ی بالکونسکی,,,1,0.8581,0.1419,0.8581,,0.1419
4freedom4iran,https://x.com/4freedom4iran,Freedom,,,1,0.858,0.142,0.858,,0.142
ali_khezrian,https://x.com/ali_khezrian,علی خضریان | Ali Khezrian 🇮🇷,فعال سیاسی و رسانه‌ای/ نماینده مردم عزیز ایران از حوزه انتخابیه تهران، ری، شمیرانات، اسلامشهر و پردیس در دوره‌های یازدهم و دوازدهم مجلس شورای اسلامی,Islamic Republic of Iran,1,0.8579,0.1421,0.8579,,0.1421
aanahelll,https://x.com/aanahelll,Atefeh,,,1,0.8577,0.1423,0.8577,,0.1423
akhoundiabbas,https://x.com/akhoundiabbas,Abbas Akhoundi | عباس آخوندی,معلم در دانشگاه تهران در پی ایده‌ی ایران هستم.ایده‌ای متضمن توسعه، بالندگی و امنیت برای همه ایرانیان، تحکیم پیوند ملت‌های حوزه تمدنی ایران و صلح پایدار,"Tehran, Iran",1,0.8576,0.1424,0.8576,,0.1424
_ali_najjar_,https://x.com/_ali_najjar_,علی نجار,او از پیروان م ح م د بن حسن بود,کهکشان راه شیری ، دست چپ,1,0.8573,0.1427,0.8573,,0.1427
ajan_iran,https://x.com/ajan_iran,پاسبان,فر ایران را میستایم  #جاوید_شاه,,1,0.8569,0.1431,0.8569,,0.1431
alan1234454,https://x.com/alan1234454,ئالان,,,1,0.8568,0.1432,0.8568,,0.1432
alihars6,https://x.com/alihars6,سبزی پلو با ماهی,برای آزادی,,1,0.8565,0.1435,0.8565,,0.1435
13virginiawoolf,https://x.com/13virginiawoolf,ویرجینیا وولف مناطق محروم,,El Dorado,1,0.8563,0.1437,0.8563,,0.1437
abolie17386,https://x.com/abolie17386,abolfazl Esmaili,انشاالله پایان و نابودی اسرائیل به دست اولاد علی(علیه سلام)  Israel Is a Canserous Gland,Islamic Republic of Iran,1,0.8561,0.1439,0.8561,,0.1439
0alwaysdreamer0,https://x.com/0alwaysdreamer0,khe_alef,با سگ‌ها دونده، با پرنده‌ها پرنده، با گربه‌ها تماشاگر,,1,0.856,0.144,0.856,,0.144
9tantiope,https://x.com/9tantiope,9T Antiope,@NimaAghiani  & Sara Bideli Shamloo ( @SarrSewZenith ). Electronic / Experimental / Abstract  9tantiope.bandcamp.com - all enquiries: booking@9tantiope.com,Tehran / Paris,1,0.8553,0.1447,0.8553,,0.1447
aliibeyranvand,https://x.com/aliibeyranvand,Alireza Beyranvand,Iran National goalkeeper  @TeamMelliIran @persepolisfc,,1,0.8552,0.1448,0.8552,,0.1448
al3_hacker,https://x.com/al3_hacker,AL3,Iranian Anonymous  #OpIran  We do not need donation اگر اکانتی مورد تایید باشد یا همکار باشیم ، فالو میشود,,1,0.8539,0.1461,0.8539,,0.1461
ahmadsamadi1974,https://x.com/ahmadsamadi1974,Ahmad Samadi,"Senior Journalist  @IranInternational  TV  iranintl.com/en  @IranIntl_En  interested in EU, Germany, international&Iran affaires, Iaea, Iran nuclear",,1,0.8535,0.1465,0.8535,,0.1465
abadguy000,https://x.com/abadguy000,🏴󠁧󠁢󠁥󠁮󠁧󠁿AlinnaKX87🇺🇲,"Freedom, Family and HF Electronics!!","Preston, England",1,0.8533,0.1467,0.8533,,0.1467
ahmadalirezaei,https://x.com/ahmadalirezaei,#احمدعلی رضایی اسدآبادی,#فدایی_امام_خامنه_ای_مدظله_العالی  #طلبه_سطح_چهار_حوزه_علمیه  #دکترای_کلام_اسلامی_با_گرایش_نقد_وهابیت,قم,1,0.853,0.147,0.853,,0.147
aban_paris,https://x.com/aban_paris,paris.aban,چيزى براى گفتن ندارم، ميخوام بشنوم,,1,0.853,0.147,0.853,,0.147
aaalirz,https://x.com/aaalirz,AliR Electrical engineering 💚🤍❤️,#FreeIran2024  #no2appeasement  #No2ShahNo2Mullahs  #FreeIran10PointPlan #اری_به_جمهوری_دمکراتیک #نه_به_مماشات #نه_شاه_نه_شیخ  #زن_مقاومت_آزادی,iran,1,0.8529,0.1471,0.8529,,0.1471
alborznazariz,https://x.com/alborznazariz,Alborz Nazari,"Software Engineer | Seasonal CLI Wanderer  I'm about Games, Softwares, Sales, Analytics and Education.",Spain,1,0.8524,0.1476,0.8524,,0.1476
afarouk92,https://x.com/afarouk92,Ahmed Farouk,PhD candidate in Persian literature | Iran analyst | Focused on domestic affairs & foreign policy.,"CAIRO , EGYPT",1,0.8522,0.1478,0.8522,,0.1478
2ndravanparish,https://x.com/2ndravanparish,روانپریش دوم درب اول,منو آنفالو نکن عنتر ب.آ بزن / CG Artist & Web Designer,"Dubai, UAE",1,0.8521,0.1479,0.8521,,0.1479
alaki_,https://x.com/alaki_,Pourya,"Always passionate about discovering new things in the field of software engineering, photography, human-computer interactions and other related goodies...","Tehran, Iran",1,0.8515,0.1485,0.8515,,0.1485
aboutmes7,https://x.com/aboutmes7,تتو آرتیست,هر کاری میکنم برای براندازیخبررسانآگاهی دهنده,آزادی,1,0.8506,0.1494,0.8506,,0.1494
_iweni,https://x.com/_iweni,🌚🤍,بُگذار گُم‌ شَوَم دَر تو ...,,1,0.8506,0.1494,0.8506,,0.1494
adfiranofficial,https://x.com/adfiranofficial,Alliance for Democracy and Freedom in Iran,ما به منشور مهسا به عنوان مبنایی برای همکاری باور داریم. هدف سرنگونی رژیم جمهوری اسلامی در فرآیندی خشونت‌پرهیز و رسیدن به حکومتی سکولار دموکراتیک است.,,1,0.8505,0.1495,0.8505,,0.1495
aliidaeii,https://x.com/aliidaeii,Ali Daei,,Tehran,1,0.8504,0.1496,0.8504,,0.1496
_ya_karim_,https://x.com/_ya_karim_,səs siz,‌یازیرام، دۆزدۆ قاتیل_ قاتیلمییرسان آتیل_یانلیش دی دۆزۆن یاز | بیربئلهروانپریش,Güney Azərbaycan,1,0.8504,0.1496,0.8504,,0.1496
akramsharifi,https://x.com/akramsharifi,akram sharifi,Journalist /Foreign Policy,"Tehran, Iran",1,0.8502,0.1498,0.8502,,0.1498
aidanajra,https://x.com/aidanajra,delusional king,تا زمانیکه درآمدهای میلیون دلاری و بدون ریسک ، به بهانه فعالیت سیاسی ، برقرارهست ، کمپانی های سطل عن طلب مانع اتحاد مردم و سرنگونی جمهوری اسلامی خواهندشد,,1,0.8496,0.1504,0.8496,,0.1504
ali_rezaei_sh,https://x.com/ali_rezaei_sh,علی رضایی,یک خبرنگار عاشق فوتبال,Tehran,1,0.8491,0.1509,0.8491,,0.1509
abbasi_j_5,https://x.com/abbasi_j_5,عباسی ۴,مهندس برق_عمران/کارشناس رسمی دادگستری/کنشگر و فعال اجتماعی و صنفی/آرزومند ایرانی آباد، شاد و قدرتمند,,1,0.849,0.151,0.849,,0.151
_thejimbo_,https://x.com/_thejimbo_,Jimbo! 🌈🕕🌞,«ستادِ کیوت‌سازیِ توئیتر»      ممکنه دیر جواب بدم، معذرت می‌خوام ⁦,سرزمین غیرمادری,1,0.8485,0.1515,0.8485,,0.1515
ak_rogue_,https://x.com/ak_rogue_,𓆩AkrΩguE𓆪,/هی میبرم هی میدوزم/موسیقی/بازی/فیلم/,NeverLand,1,0.8481,0.1519,0.8481,,0.1519
alirezasayeh,https://x.com/alirezasayeh,علیرضا سایه,ادیتور دیوانهعضو مجمع حقیقتیابی‌ توییتر ‍                              ازمنشنم ناراحت شدی بگوپاک کنم                           اگه‌بک‌ندادم۹۹٪‌هنوز ندیدم,"İzmir, Türkiye",1,0.8478,0.1522,0.8478,,0.1522
a_01_2024,https://x.com/a_01_2024,Ali,,,1,0.8475,0.1525,0.8475,,0.1525
aghplt,https://x.com/aghplt,Ali Gholhaki,journalist | ثبت است بر جریده عالم دوام ما,هرجا که باید,1,0.8475,0.1525,0.8475,,0.1525
alijannatpour,https://x.com/alijannatpour,Ali Jannatpour,,,1,0.8471,0.1529,0.8471,,0.1529
alirezaakhondi,https://x.com/alirezaakhondi,Alireza Akhondi,Member of the Swedish Parliament  | Foreign Policy & Security | Iran–EU Affairs | Democracy & Human Rights,"Stockholm, Sweden",1,0.8468,0.1532,0.8468,,0.1532
5y6aahcdftzn4me,https://x.com/5y6aahcdftzn4me,پرنسس,دلخوشی ها کم‌نیست، دیده ها، نابیناست..‌.,,1,0.8464,0.1536,0.8464,,0.1536
ali_hedielou,https://x.com/ali_hedielou,علی هدیه لو,دکوراتور، نجار، شاعر، طنزنویس، شیفته موسیقی و شعر، طراحی‌صنعتی خونده در دانشگاه تهران، کمی بی‌ادب، گرگ‌دهن‌آلوده‌ی یوسف‌ندریده instagram.com/hedielou,ناف تهرون، دوسانت به چپ,1,0.8463,0.1537,0.8463,,0.1537
alimokhtari102,https://x.com/alimokhtari102,Ali Mokhtari,Almost Architect. بندهء چای(به جز چای کیسه‌ای.),,1,0.8463,0.1537,0.8463,,0.1537
2_rebelgirl,https://x.com/2_rebelgirl,Rebel girl,« نه سلطنت، نه رهبری، نه ارتجاع رجوی »        لیبرال,,1,0.8461,0.1539,0.8461,,0.1539
alinazarij,https://x.com/alinazarij,Ali Nazari Jouybari,علی نظری جویباری  طرفدار و مدیرعامل باشگاه استقلال ایران,,1,0.8458,0.1542,0.8458,,0.1542
aa51_ansari,https://x.com/aa51_ansari,Ali Ansari,Academic but not irrelevant,,1,0.8456,0.1544,0.8456,,0.1544
_aliemili_,https://x.com/_aliemili_,Ali Emili,کد می‌نویسم، گیتار الکتریک میزنم، دو خط کتاب می‌خونم و فیلم و سریال می‌بینم، یه ورزشی‌ام می‌کنم و اینا، انگلیسی و آلمانی می‌خونم، اسم اینارو فعلا گذاشتم هویت.,,1,0.8452,0.1548,0.8452,,0.1548
alirostami89168,https://x.com/alirostami89168,Ali Rostami,,,1,0.8442,0.1558,0.8442,,0.1558
alisoleymaiii,https://x.com/alisoleymaiii,مبارز صلح,,,1,0.8441,0.1559,0.8441,,0.1559
abdimonireh,https://x.com/abdimonireh,Monireh Abdi,"Architectural Engineer.Myhusband is Esmaeil Abdi,teacher and activist in theTeachers'Union of Iran.He has been imprisoned by theIranian government more 8 years",ایران,1,0.8433,0.1567,0.8433,,0.1567
alikarimdoost91,https://x.com/alikarimdoost91,علی کریمدوست پهمدانی,پیج اصلی علی کریمدوست پهمدانی,"Irani, Brasil",1,0.8429,0.1571,0.8429,,0.1571
2017siyasi,https://x.com/2017siyasi,Dr siyasi,,,1,0.8429,0.1571,0.8429,,0.1571
alireza84808379,https://x.com/alireza84808379,دموکراسی برابری انقلاب قانون,انقلاب قانون,ایران,1,0.8427,0.1573,0.8427,,0.1573
_theleftover,https://x.com/_theleftover,LEFTOVER,بازمانده ۱۴ اکتبر | همه‌کاره/هیچ‌کاره,خارج,1,0.8426,0.1574,0.8426,,0.1574
abasinfo,https://x.com/abasinfo,Abas Aslani | عباس اصلانی,عباس اصلانی | صفحه فارسی |خبرنگار و پژوهشگر در حوزه سیاست خارجی و بین‌الملل   | صفحه انگلیسی (English account):  @AbasAslani,تهران,1,0.8424,0.1576,0.8424,,0.1576
ailar1000,https://x.com/ailar1000,jupiter,"love reading,music,movies and these days speaking Deutsch is my favorite",,1,0.8419,0.1581,0.8419,,0.1581
agha_mohamad1_,https://x.com/agha_mohamad1_,آقــا مــحــمـــد ☕,ورود همه آزاد جز بی ادب ها | اللهم عجل لولیک الفرج... آواتار تزئینی است و این صفحه ارتباطی به آقای وحید رهبانی بازیگر گاندو ندارد!,جمهوری اسلامی ایران حرم است,1,0.8413,0.1587,0.8413,,0.1587
_fatemeramezani,https://x.com/_fatemeramezani,فاطم‌ه,,,1,0.841,0.159,0.841,,0.159
a_rnazari,https://x.com/a_rnazari,Amirreza Nazari,یک نفر از مردم ایران،امیدوار به آینده ایران،روزنامه نگار در ایران،دانشجوی دکتری مسائل ایران،مسئولیتی در برابر نظرات و کامنت ها ندارم. توییت ها دیدگاه شخصی است.,,1,0.841,0.159,0.841,,0.159
61pari93357,https://x.com/61pari93357,wind carry us?,خانه دار بی ادعا,,1,0.8406,0.1594,0.8406,,0.1594
alivesali,https://x.com/alivesali,AliV5,آنک منم پا بر صلیب باژگون نهاده، با قامتی به بلندی فریاد.  «متاهل»,,1,0.8405,0.1595,0.8405,,0.1595
alireza4759,https://x.com/alireza4759,رضا,تکنیسین الکترونیک.فروش ونصب دوربینهای مداربسته و دزدگیر اماکن و سانترال تلفن.,,1,0.8403,0.1597,0.8403,,0.1597
abdolhamid_net,https://x.com/abdolhamid_net,Mawlana Abdol-Hamid,"Official English Account of  Pres. of Darululoom Zahedan, Iran;  Friday Imam of Sunnis in Zahedan; Member of the Supreme Council of the MWL.","Zahedan, Iran",1,0.84,0.16,0.84,,0.16
ali_bitarafan5,https://x.com/ali_bitarafan5,علی بیطرفان,بابا زشته آقای اصغر، منو می‌ترسونی از دوتا گلوله؟!,جمهوری اسلامی ایران,1,0.8393,0.1607,0.8393,,0.1607
1pezeshk_plus,https://x.com/1pezeshk_plus,«یک پزشک» پلاس,اکانت توییتر وابسته به سایت «یک پزشک»، برای بازتاب تازه‌ترین اخبار در زمینه دانش، فرهنگ، پزشکی و ورزش.,Islamic Republic of Iran,1,0.8391,0.1609,0.8391,,0.1609
a_z_im,https://x.com/a_z_im,Az_im,امنیتی نویس. امیدوار وطنم. ایران.,,1,0.839,0.161,0.839,,0.161
ajdemarang,https://x.com/ajdemarang,Ajdemarang 🇮🇷 اژدمارنگ,دانشمند، پژوهشگر، روشنفکر، کارآفرین و تحلیلگر امور آسمان‌ها و زمین ساده‌ای بیش نیستم.,Canada,1,0.8384,0.1616,0.8384,,0.1616
5ogand,https://x.com/5ogand,Sogand,Artist,"London, England",1,0.8371,0.1629,0.8371,,0.1629
alimoujani,https://x.com/alimoujani,علی موجانی Ali MOUJANI,مورخ، مشاور وزیر خارجه، مشاور بنیاد ایران‌شناسی و عضو برنامه حافظه جهانی یونسکو در ایران. توئیت ها نظرات شخصی و هیچگونه مسئولیتی درباره نظرات‌ و بازنشرها ندارم,,1,0.8369,0.1631,0.8369,,0.1631
alimojtahedzad3,https://x.com/alimojtahedzad3,ali mojtahedzadeh,سيد علي مجتهدزاده وكيل دادگستری| آدرس کانال تلگرام  t.me/alimojtahedzade:,,1,0.8369,0.1631,0.8369,,0.1631
__injaneb96,https://x.com/__injaneb96,ثنا ابراهیمی | Sana Ebrahimi,"A PhD candidate passionate about politics, fighting Islamists and terrorists. A retweet is not an endorsement. Opinions are mine.",,1,0.8367,0.1633,0.8367,,0.1633
ahangparvaz_co,https://x.com/ahangparvaz_co,آژانس هواپیمایی آهنگ پرواز,| کارگزار و مجری مستقیم تورهای اروپایی، آسیایی و داخلی، متخصص اخذ ویزا شنگن اروپا، رزرو هتل و بلیط های داخلی و خارجی,Islamic Republic of Iran,1,0.8364,0.1636,0.8364,,0.1636
abmomeni,https://x.com/abmomeni,عبدالله مومنی Abdollah Momeni,Political activist,Tehran,1,0.8364,0.1636,0.8364,,0.1636
alighasemi0011,https://x.com/alighasemi0011,Ali Ghasemi,Be your self,Iran,1,0.8358,0.1642,0.8358,,0.1642
ab_ganji,https://x.com/ab_ganji,عبدالله گنجی,دانش آموخته سیاست(دانشگاه علامه طباطبایی) فَمِنۡهُم مَّن قَضَىٰ نَحۡبَهُۥ وَمِنۡهُم مَّن يَنتَظِرُۖ وَمَا بَدَّلُواْ تَبۡدِيلٗا.تعلق جناحی و دعوای جناحی ندارم.,Islamic Republic of Iran,1,0.8351,0.1649,0.8351,,0.1649
abtahi_m,https://x.com/abtahi_m,Mohamad Ali Abtahi,سیاستمدار اصلاح‌طلب؛ رییس دفتر و معاون پارلمانی رییس جمهور خاتمی/ chief of staff and parliamentary deputy of President Khatami; Irani theologian,Iran,1,0.835,0.165,0.835,,0.165
adameaval,https://x.com/adameaval,adameaval,نوشتن کسب‌وکار من است - هنرجوی نقاشی,tehran,1,0.8336,0.1664,0.8336,,0.1664
alizamaniyan,https://x.com/alizamaniyan,Ali Zamaniyan,,,1,0.8336,0.1664,0.8336,,0.1664
abdul_majid33,https://x.com/abdul_majid33,عبـدالمـجید خرقـانی 🇮🇷,طلبهٔ پیرو خط ولایت || مُنتَظر || کارشناس ارشد تاریخ تحلیلی اسلام,طِ‌حرٰان,1,0.8325,0.1675,0.8325,,0.1675
1meshmo,https://x.com/1meshmo,Mehdi.Sharifi.Mo.,,ایران,1,0.8323,0.1677,0.8323,,0.1677
afshinzare1,https://x.com/afshinzare1,Afshin Zare,Actor & Composer,Islamic Republic of Iran,1,0.8321,0.1679,0.8321,,0.1679
alirezaami58678,https://x.com/alirezaami58678,علیرضاامیری☫,متحیرم‌چه‌نامم شَه‌مُلک‌لافتی‌را,Nakoja Abad,1,0.8321,0.1679,0.8321,,0.1679
abbasiniho,https://x.com/abbasiniho,Abbasinihoo,زنده باد ایران,,1,0.832,0.168,0.832,,0.168
ahmadrezakzmi,https://x.com/ahmadrezakzmi,احمدرضا کاظمی,نویسنده، کمدین و طنزنویس سابق مطبوعات,,1,0.832,0.168,0.832,,0.168
afshinagin62,https://x.com/afshinagin62,Afshin Agin,افشین آگین | دانش‌آموخته مهندسی برق کنترل | معمار، متخصص و مدیر سابق پروژه های اقتصاد مقاومتی در سطح ملی تا آخرین نفس مدافع انقلاب و حقوق ملت ایران,جمهوری اسلامی ایران,1,0.8315,0.1685,0.8315,,0.1685
alishakourirad,https://x.com/alishakourirad,علی‌شکوری‌راد,‌ عضو‌شورای‌مرکزی‌حزب‌اتحاد‌ ملت‌ایران‌اسلامی‌/رادیولوژیست/دانشیار‌دانشگاه‌علوم‌پزشکی‌تهران,Islamic Republic of Iran,1,0.8299,0.1701,0.8299,,0.1701
alibazdarian,https://x.com/alibazdarian,Alibazdarian65,علی بازداریان  خیلی بی ریا و ساده,,1,0.8293,0.1707,0.8293,,0.1707
a_nazari99,https://x.com/a_nazari99,A Nazari,"To Achieve Victory, One Must Plan",Islamic Republic of Iran,1,0.8292,0.1708,0.8292,,0.1708
4freedominiran,https://x.com/4freedominiran,Iran Freedom,"Representing activities & views of the Iranian diaspora, promoting democratic change by the people for #FreeIran Voice of #IranProtests #MaryamRajavi4FreeIran",,1,0.8291,0.1709,0.8291,,0.1709
alihoseini692,https://x.com/alihoseini692,Ali Hoseini,اخلاق نیک ؛ کردار نیک ؛ پندار نیک,مشهد مقدس ایران,1,0.8285,0.1715,0.8285,,0.1715
ali_geraei,https://x.com/ali_geraei,Mohammad Ali Geraei,"Greco-Roman Wrestler. 77 KG. Fighter Challenger. 2017 World Bronze Medalist. ""To Have Face is to Have Wings"" #Falcon on his way to 2020 Olympics","Iran, Shiraz",1,0.8283,0.1717,0.8283,,0.1717
abas_asgharpour,https://x.com/abas_asgharpour,abas asgharpour,شاعر و نویسنده,,1,0.828,0.172,0.828,,0.172
aesmailnazhad,https://x.com/aesmailnazhad,agiri esmailnazhad,"ڕۆژنامەنووس و چالاکی سیاسی"" پرۆسەی دەوڵەتی کوردی بریار نییە، بەڵکوو فراژۆبوونه! ژن،ژیان،ئازادی",,1,0.8264,0.1736,0.8264,,0.1736
alikalaei62,https://x.com/alikalaei62,Ali Kalaei,همسر- روزنامه نگار - مدافع حقوق بشر Spouse - Journalist - Human Rights Defender peace-mark.org  Retweets ≠ endorsements,Sweden,1,0.8263,0.1737,0.8263,,0.1737
ali_shahoum,https://x.com/ali_shahoum,Ali,newOne,Islamic Republic of Iran,1,0.8252,0.1748,0.8252,,0.1748
ahmadi_fae83290,https://x.com/ahmadi_fae83290,فائزه🎀,متفاوت باش..! مثلا بشین رو تلویزیون ، مبل ببین!,جمهوری اسلامی ایران,1,0.8249,0.1751,0.8249,,0.1751
ali_damghani_84,https://x.com/ali_damghani_84,Alireza Damghani,دانشجوی علوم سیاسی دانشگاه تهران| Student of political science in UT| عضوی از خانواده حزب‌الله؛ یه جادی... از دیار امام رئوف(ع),,1,0.8224,0.1776,0.8224,,0.1776
abbas2864,https://x.com/abbas2864,Abbas Shariati,,"Tehran,Iran",1,0.8223,0.1777,0.8223,,0.1777
1364ghazal62816,https://x.com/1364ghazal62816,somaih1363,گل یخ,تهران,1,0.8211,0.1789,0.8211,,0.1789
aahonarmand,https://x.com/aahonarmand,Aliasghar Honarmand | علی اصغر هنرمند,"Editor-in-chief@  UpdateMD.com and  NooshDaroo.ir Co-founder@  Bozorgraah.com Founder  Narenji.ir, ex-prisoner and a Physician!",,1,0.821,0.179,0.821,,0.179
alireza_didani,https://x.com/alireza_didani,Alireza,,,1,0.8209,0.1791,0.8209,,0.1791
adarehgharibi,https://x.com/adarehgharibi,Amirhosein Zandi darehgharibi,دکترای جامعه شناسی,,1,0.8203,0.1797,0.8203,,0.1797
alialiraouf2,https://x.com/alialiraouf2,ali raouf,"Retired Sociologist , educator interested in politics and current events. interesting in gardening.",kansas city,1,0.8179,0.1821,0.8179,,0.1821
alireza_kh29320,https://x.com/alireza_kh29320,Alireza,,,1,0.8165,0.1835,0.8165,,0.1835
al_sharifzadeh,https://x.com/al_sharifzadeh,علی شریف زاده اردکانی,وكيل پایه یک دادگستری ،مدرس دانشگاه و عضو کانون وکلای مرکز,Tehran,1,0.8156,0.1844,0.8156,,0.1844
alireza_arg,https://x.com/alireza_arg,Alireza Ghaffari,به ذهن بی‌خانمان من خوش آمدید. من، زاده‌ی خائوس، فریادهای این ذهن سرگردان را، در تاریکی دالان‌های پیچ در پیچِ تارتاروس نجوا می‌کنم.,Islamic Republic of Iran,1,0.8153,0.1847,0.8153,,0.1847
_starboy369,https://x.com/_starboy369,Starboy ⭐️,《دنیا همه هیچ و اهل دنیا همه هیچ، ای هیچ برای هیچ بر هیچ مپیچ》,Iran ☼𓃬,1,0.8149,0.1851,0.8149,,0.1851
aliiorgi,https://x.com/aliiorgi,✪ALI✪,او میکشد قلاب را...,Bu,1,0.8131,0.1869,0.8131,,0.1869
alijoonz121,https://x.com/alijoonz121,مرغ انجيرخوار,سقلات / علینص در سرزمین غرایب,Tehran,1,0.8131,0.1869,0.8131,,0.1869
_mahdiyar313,https://x.com/_mahdiyar313,علی اکبر رائفی پور,یک انقلابی بی‌زار از چپ و راست /جبهه صبح ایران/ ریتوییت به معنای تایید نیست,۱:۲۰,1,0.813,0.187,0.813,,0.187
ahdeaghiq,https://x.com/ahdeaghiq,عهد عقیق,,,1,0.8122,0.1878,0.8122,,0.1878
alirezashayest1,https://x.com/alirezashayest1,Alireza Shayesteh,Fitelz,Antarctica,1,0.8113,0.1887,0.8113,,0.1887
abfarideh,https://x.com/abfarideh,#WeStand4FreeIran #رای_من_سرنگونی abfarideh,"Iranian human rights activist, in support of a Regime change in Iran.",,1,0.8105,0.1895,0.8105,,0.1895
abtinhoveyda,https://x.com/abtinhoveyda,Abtin Hoveyda,روزی در خفا جامعه را ترمیم خواهم کرد با قلم,Islamic Republic of Iran,1,0.8104,0.1896,0.8104,,0.1896
abd_ir1,https://x.com/abd_ir1,abd ir,,Iran,1,0.8098,0.1902,0.8098,,0.1902
afshinbahrami33,https://x.com/afshinbahrami33,"A , Bahrami",ایران پرست، مدرس حسابداری و حسابرسی شرکتها,Islamic Republic of Iran,1,0.8089,0.1911,0.8089,,0.1911
alishiri272750,https://x.com/alishiri272750,Ali Shiri,,tehran,1,0.8064,0.1936,0.8064,,0.1936
adelzarandi,https://x.com/adelzarandi,Adel,,Iran,1,0.8061,0.1939,0.8061,,0.1939
aliramez2,https://x.com/aliramez2,Aliramez,,,1,0.8041,0.1959,0.8041,,0.1959
adorno_persian,https://x.com/adorno_persian,آدورنو,«آزادی، انتخاب بين سفيد و سياه نيست، دقيقا نفی اين انتخاب تحميلی است»,Negative Utopia,1,0.8036,0.1964,0.8036,,0.1964
aliazarids,https://x.com/aliazarids,Ali Azari,,,1,0.8036,0.1964,0.8036,,0.1964
abasabolfathi43,https://x.com/abasabolfathi43,متفورمین,هدیه خدایان!,شیراز,1,0.8017,0.1983,0.8017,,0.1983
alishariat1380,https://x.com/alishariat1380,محمدعلی,Dr.shariati,Islamic Republic of Iran,1,0.8008,0.1992,0.8008,,0.1992
_mehrabooon,https://x.com/_mehrabooon,مهربوون,متعهد به عشق جان,آنجا که دل خوش است,1,0.7994,0.2006,0.7994,,0.2006
404arsynotfound,https://x.com/404arsynotfound,Arsy,Living proof that sleep is optional.,,1,0.7992,0.2008,0.7992,,0.2008
alietamedia,https://x.com/alietamedia,علی اعطا,‌کارشناسی‌ارشد پیوسته و دکتری معماری | عضو هیئت رییسه و سخنگوی شورای پنجم تهران | معمار | روزنامه‌نگار,Tehran,1,0.7992,0.2008,0.7992,,0.2008
aliahmadolfati,https://x.com/aliahmadolfati,AliAhmad olfati,معلم و مدرس دانشگاه,تهران,1,0.7991,0.2009,0.7991,,0.2009
abbasmowzoon,https://x.com/abbasmowzoon,Abbas_Mowzoon,Researcher Author Director Producer,,1,0.7975,0.2025,0.7975,,0.2025
_iwftw,https://x.com/_iwftw,𐰯𐱃𐰢𐰚|فآطِمِ🎋,ایسته‌سن یاندیر یانماغا آلیشاریق کول اولوب یئنیدن دوغولاریق سونرا..,Təbrizli-,1,0.7974,0.2026,0.7974,,0.2026
0mfahzf4tebztdl,https://x.com/0mfahzf4tebztdl,کلول,زندگی نکردم ولی فعلا زنده ام,,1,0.7952,0.2048,0.7952,,0.2048
abb_abdi,https://x.com/abb_abdi,عباس عبدی,"journalist, social researcher, civil activist",Islamic Republic of Iran,1,0.7914,0.2086,0.7914,,0.2086
aghmamrez,https://x.com/aghmamrez,آق‌ممرض,در آغوش کسشر برای دست‌به‌سرکردن اندوه,,1,0.7902,0.2098,0.7902,,0.2098
aidin_og,https://x.com/aidin_og,آیـدیـنـم یا شاید یه انسان غمگین ؛,خسته ام ؛,,1,0.7812,0.2188,0.7812,,0.2188
alirezakiani2,https://x.com/alirezakiani2,Alireza Kiani,علیرضا کیانی,,1,0.7792,0.2208,0.7792,,0.2208
ablrchi,https://x.com/ablrchi,Amir R. Bolurchi,"Iran Policy & Politics Research Analyst. A secular, democratic republic is imperative for a free and peaceful Iran!","Washington, DC",1,0.7785,0.2215,0.7785,,0.2215
ahlebeytmedia,https://x.com/ahlebeytmedia,اهل بیت مدیا,کاملترین و به‌روزترین رسانه تخصصی، در حوزه اهل بیت,,1,0.7762,0.2238,0.7762,,0.2238
__dokhtarak,https://x.com/__dokhtarak,Emily,,,1,0.7762,0.2238,0.7762,,0.2238
abmolana,https://x.com/abmolana,Molana,من از این دلق مرقع به درآیم روزی / تا همه خلق بدانند که زنّاری هست,Iran,1,0.776,0.224,0.776,,0.224
aibaensch,https://x.com/aibaensch,Arne Bänsch,Iran & West Asia Correspondent  @dpa  ••• Views expressed = my own.,"Tehran, Berlin & West Asia",1,0.7733,0.2267,0.7733,,0.2267
alavibehrang,https://x.com/alavibehrang,Behrang Alavi,استایلم شوخه ، نگرشم جدی,tehran,1,0.7731,0.2269,0.7731,,0.2269
alirezanader,https://x.com/alirezanader,Alireza Nader علیرضا نادر,"Former researcher at RAND, FDD, CNA, US Treasury","Washington, DC",1,0.7704,0.2296,0.7704,,0.2296
alihashemi78849,https://x.com/alihashemi78849,ali hshemi,,,1,0.7675,0.2325,0.7675,,0.2325
_ipesarekhob,https://x.com/_ipesarekhob,پِسَرِ خوبْ,,,1,0.7665,0.2335,0.7665,,0.2335
aliabc1500,https://x.com/aliabc1500,Ali,,,1,0.7642,0.2358,0.7642,,0.2358
_mohammad_1987_,https://x.com/_mohammad_1987_,Mohammad Mohammadi,جاوید ایران زمین ؛ زنده باد آزادی,"Tehran, iran",1,0.763,0.237,0.763,,0.237
aboarab90547242,https://x.com/aboarab90547242,حبیبی محمد,,,1,0.7616,0.2384,0.7616,,0.2384
ali_koleini,https://x.com/ali_koleini,paper_jean,,Islamic Republic of Iran,1,0.7606,0.2394,0.7606,,0.2394
alimr70141,https://x.com/alimr70141,MrRezaeiAli,Civil Engineering the Future of Refining.  O&G Infrastructure.,Islamic Republic of Iran,1,0.7582,0.2418,0.7582,,0.2418
abbasalawadi6,https://x.com/abbasalawadi6,ABBAS Alawadi,عٌآشُقُ عٌلَيَ آبًنِ آبيَ طِآلَبً,,1,0.7581,0.2419,0.7581,,0.2419
addh66,https://x.com/addh66,Azita Irani,,,1,0.7575,0.2425,0.7575,,0.2425
afghan271,https://x.com/afghan271,🇮🇷✧صدای سکوت✧🇮🇷🇪🇭🇵🇰🇦🇫,"*In love with the soil, not the politics. Iran is all of us — every culture, every voice.","Tebriz, ایران",1,0.7561,0.2439,0.7561,,0.2439
alarabiya_fa,https://x.com/alarabiya_fa,العربیه فارسی,العربيه فارسى به عنوان بخشی از شبكه العربيه در سال 2008 راه‌اندازی شد.,Riyadh,1,0.7486,0.2514,0.7486,,0.2514
akbarghasemi62,https://x.com/akbarghasemi62,Akbar Ghasemi,,,1,0.7476,0.2524,0.7476,,0.2524
acetaminophen69,https://x.com/acetaminophen69,Acetaminophen,,,1,0.7474,0.2526,0.7474,,0.2526
_rezinski,https://x.com/_rezinski,رضینسکی,واسه چشم آفته و واسه گل زینته خار,,1,0.7405,0.2595,0.7405,,0.2595
abarsaber,https://x.com/abarsaber,saber abar صابر اَبَر,بعد از مرگ وقت كافی برای خواب دارم/فاسبيندر . «مسئول نظر دیگران نیستم »,Tehran,1,0.7387,0.2613,0.7387,,0.2613
akbar50847775,https://x.com/akbar50847775,Akbar,,,1,0.7386,0.2614,0.7386,,0.2614
abol1159817,https://x.com/abol1159817,ABOL,ɪ ᴄᴀɴ'ᴛ ʙᴇʟɪᴠᴇ ʏᴏᴜ ʟᴇғᴛ,iran,1,0.7375,0.2625,0.7375,,0.2625
akef1680,https://x.com/akef1680,Akef,,,1,0.7368,0.2632,0.7368,,0.2632
aarabisaeid,https://x.com/aarabisaeid,Saeid Aarabi,,,1,0.7367,0.2633,0.7367,,0.2633
ahmadi_ahmadii,https://x.com/ahmadi_ahmadii,bəmalu,,,1,0.7331,0.2669,0.7331,,0.2669
ali_tavakoli_28,https://x.com/ali_tavakoli_28,hopkinz,سر سری رد شو و زندگی کن.دقت دق ات میدهد.,shiraz_iran,1,0.729,0.271,0.729,,0.271
a_soleimani_f,https://x.com/a_soleimani_f,عارفه سلیمانی,خبرنگار,,1,0.7287,0.2713,0.7287,,0.2713
aami_r1385,https://x.com/aami_r1385,۵ مارس ۲۰۰۷,,,1,0.7275,0.2725,0.7275,,0.2725
aboutparhammhb,https://x.com/aboutparhammhb,P4rhumm,,G town,1,0.7275,0.2725,0.7275,,0.2725
___tw1tt3r___,https://x.com/___tw1tt3r___,tw1tt3r,,,1,0.7254,0.2746,0.7254,,0.2746
4bteen,https://x.com/4bteen,Abtinn,,,1,0.725,0.275,0.725,,0.275
ahmed17032001,https://x.com/ahmed17032001,Ahmed1379,,,1,0.7248,0.2752,0.7248,,0.2752
alahwazireza,https://x.com/alahwazireza,Alahwazi Ridha,,"Wien, Österreich",1,0.7241,0.2759,0.7241,,0.2759
aicalliance_,https://x.com/aicalliance_,AICA - Australian Iranian Community Alliance,Group of passionate Iranian Australians committed to shedding light on the glaring violations of fundamental human rights perpetrated by the Islamic Republic.,Australia,1,0.7226,0.2774,0.7226,,0.2774
31siye6,https://x.com/31siye6,しろ,,,1,0.7224,0.2776,0.7224,,0.2776
aiyankarimi3312,https://x.com/aiyankarimi3312,A_K70,"When you are there, all doors open.",کرمانشاه,1,0.7196,0.2804,0.7196,,0.2804
ahora9090,https://x.com/ahora9090,Ahora,instagram.com/hoseinshahamatt life style,,1,0.7175,0.2825,0.7175,,0.2825
_ghazaltaleb,https://x.com/_ghazaltaleb,Ghazal,,,1,0.7174,0.2826,0.7174,,0.2826
alibarghi1,https://x.com/alibarghi1,Alireza Soleimanpour,,شهر قدس,1,0.7168,0.2832,0.7168,,0.2832
a_alirezabeigi,https://x.com/a_alirezabeigi,احمد علیرضابیگی,نماینده دوره دهم و یازدهم مردم تبریز، اسکو و آذرشهر در مجلس شورای اسلامی|استاندار اسبق آذربایجان شرقی t.me/ahmadalirezabe …,Islamic Republic of Iran,1,0.7158,0.2842,0.7158,,0.2842
_soommiii_,https://x.com/_soommiii_,soosoo~,,,1,0.7158,0.2842,0.7158,,0.2842
alex99889,https://x.com/alex99889,alex,,iran,1,0.7144,0.2856,0.7144,,0.2856
ahmadinejad1956,https://x.com/ahmadinejad1956,Mahmoud Ahmadinejad,"Husband, Dad, Grandfather, University Professor, President, Mayor, Governor, Soccer Player, Proud Iranian  t.me/fpahmadinejad",Tehran,1,0.7133,0.2867,0.7133,,0.2867
ali_noorani_teh,https://x.com/ali_noorani_teh,Ali Noorani,"Product designer and change maker. Formerly: UX Designer in Tokyo. Reporter, Editor at Japan's NHK, and AFP journalist in Tehran.","Toronto, ON",1,0.7126,0.2874,0.7126,,0.2874
about_shaamim,https://x.com/about_shaamim,Shamim,,,1,0.7123,0.2877,0.7123,,0.2877
akbarabasi13481,https://x.com/akbarabasi13481,Akbar.A,,,1,0.7095,0.2905,0.7095,,0.2905
alisakhravi80,https://x.com/alisakhravi80,Alisakhravi,لغتي هويتي الاحواز,Spain,1,0.708,0.292,0.708,,0.292
a1976_b,https://x.com/a1976_b,Amir.B,,,1,0.7079,0.2921,0.7079,,0.2921
afzalieli,https://x.com/afzalieli,Eli Afzali,هنرمند حامی محیط زیست و طبیعت,,1,0.7064,0.2936,0.7064,,0.2936
ahmadi_abb27030,https://x.com/ahmadi_abb27030,abbas ahmadi,,,1,0.7053,0.2947,0.7053,,0.2947
abasaslani,https://x.com/abasaslani,Abas Aslani,Journalist; Senior research fellow at the Center for Middle East Strategic Studies (CMESS). DMs open | Persian account (صفحه فارسی):  @AbasInfo,Tehran,1,0.7018,0.2982,0.7018,,0.2982
abedini_farzane,https://x.com/abedini_farzane,Farzane Abedini,,,1,0.7016,0.2984,0.7016,,0.2984
a_sarkohi,https://x.com/a_sarkohi,Arash Sarkohi,Welcome to the Jungle! (here mostly in farsi),,1,0.697,0.303,0.697,,0.303
80403b7197f4437,https://x.com/80403b7197f4437,@Kaveh_Mesgarian,,,1,0.6966,0.3034,0.6966,,0.3034
alarabytv,https://x.com/alarabytv,التلفزيون العربي,التلفزيون العربي.. الصورة الأوضح تابعوا تغطيتنا للأخبار العاجلة على مدار الساعة  @Alarabytv_BRK,"Lusail, Qatar",1,0.6943,0.3057,0.6943,,0.3057
abidiparisa,https://x.com/abidiparisa,Parisa Abidi,#Transgender #animal lover #Rebel #worker #Atheist #communist #Revolution,"Vancouver, British Columbia",1,0.693,0.307,0.693,,0.307
abofazlrajabi,https://x.com/abofazlrajabi,Abolfazl Rajabi,"𝐂𝐢𝐧𝐞𝐦𝐚,𝐓𝐕 𝐀𝐂𝐓𝐎𝐑                                        𝗶𝗻𝘀𝘁𝗮𝗴𝗿𝗮𝗺:𝗮𝗯𝗼𝗹𝗳𝗮𝘇𝗹𝗿𝗮𝗷𝗮𝗯𝗶𝗼𝗿𝗴𝗶𝗻𝗮𝗹",,1,0.6925,0.3075,0.6925,,0.3075
aliaref_,https://x.com/aliaref_,ali aref 🇮🇷,ما سر به سر فدایی دین محمدیم...ما را حسین خواند و به این لشکر آمدیم,,1,0.6917,0.3083,0.6917,,0.3083
adriyanari3843,https://x.com/adriyanari3843,Adriyan Ariya,,,1,0.6915,0.3085,0.6915,,0.3085
aahassas,https://x.com/aahassas,PishGoo,....قصه نانوشته....درحال تکمیل...صفحه ۳۶,iran-tehran,1,0.6876,0.3124,0.6876,,0.3124
1983ms13,https://x.com/1983ms13,Monkey,,"Dubai, United Arab Emirates",1,0.6869,0.3131,0.6869,,0.3131
alphard1black,https://x.com/alphard1black,Alphard (Taylor's Version),I salute you if you’re much too much to handle.,The Tortured Poets Department,1,0.6846,0.3154,0.6846,,0.3154
alie89700828,https://x.com/alie89700828,alie,,,1,0.6845,0.3155,0.6845,,0.3155
ahangar_fa44154,https://x.com/ahangar_fa44154,fufu,,Mazandaran,1,0.6825,0.3175,0.6825,,0.3175
ahoramazda39384,https://x.com/ahoramazda39384,Ahora Mazda,,,1,0.6822,0.3178,0.6822,,0.3178
ahwaz1925__,https://x.com/ahwaz1925__,عربستان,ليس وطني دائما على حق ولكني لا استطيع ان امارس حقاً حقيقياً الا في وطني,,1,0.6821,0.3179,0.6821,,0.3179
_irani_mohammad,https://x.com/_irani_mohammad,MhmmdShajarian,,,1,0.682,0.318,0.682,,0.318
1366_t,https://x.com/1366_t,zahra tork zadeh,زهرا ترک زاده وکیل دادگستری,,1,0.6775,0.3225,0.6775,,0.3225
afsharmog,https://x.com/afsharmog,افشار مقدم,دارای فاز هنری    instagram.com/afsharmoghaddam,,1,0.6766,0.3234,0.6766,,0.3234
alimir43,https://x.com/alimir43,ali mir,Freedom by the decision of God,,1,0.6758,0.3242,0.6758,,0.3242
alarabiya_brk,https://x.com/alarabiya_brk,العربية عاجل,خدمة #العربية للأخبار العاجلة,Riyadh,1,0.6754,0.3246,0.6754,,0.3246
__shim__shim,https://x.com/__shim__shim,Sh!m@,,NY,1,0.671,0.329,0.671,,0.329
aaronoff7,https://x.com/aaronoff7,Aaron Off,,,1,0.67,0.33,0.67,,0.33
ahwaztammoz2021,https://x.com/ahwaztammoz2021,Freedom Ahwaz Arabia,لمكافحة المشروع التوسعي الإيراني في المنطقة #عاشت_الاحواز #ياشاسين_آزربايجان  Official account:  @ReysanAhwazIndy,Ahwaz Arabiya,1,0.669,0.331,0.669,,0.331
alihamid27,https://x.com/alihamid27,Ali Hamid,Documentary Filmmaker/ @manototv,United Kingdom,1,0.6678,0.3322,0.6678,,0.3322
77abolfazlhz,https://x.com/77abolfazlhz,Abolfazl_,آخرش قشنگه..!  telegram.me/BiChatBot?star …,طهران,1,0.6664,0.3336,0.6664,,0.3336
afkham_minus,https://x.com/afkham_minus,Afkham III,Another pezzonovante,,1,0.6616,0.3384,0.6616,,0.3384
alinaghi2018,https://x.com/alinaghi2018,AliNaghi,,,1,0.6605,0.3395,0.6605,,0.3395
adadpay,https://x.com/adadpay,Ali Dadpay,Economist & Educator | A man who makes sense of the world through data and ideas Alum:  @UWM  |  @Virginia_Tech  | Sharif Univ. | Niavaran,"Texas, USA",1,0.6602,0.3398,0.6602,,0.3398
aliam_es,https://x.com/aliam_es,ایی اِس,صبر   instagram.com/ecutfood/profi …,,1,0.6504,0.3496,0.6504,,0.3496
aghachurchill,https://x.com/aghachurchill,AghaChurchill | The Anti-Left,"Fighting Marxist-Islamist threats to humanity, safety, and the entirety of human  life!",,1,0.6489,0.3511,0.6489,,0.3511
aj_torgheh,https://x.com/aj_torgheh,Amin Jamshidi,بچه که بودم دوست داشتم فضانورد بشم... بیشترعکاس آسمان شب‌ام. ولی قبل از اینکه از زیبایی‌های آسمون لذت ببریم، یه زمین برای زیستن و یه وطن برای زندگی لازم داریم,,1,0.6485,0.3515,0.6485,,0.3515
alikhani_reza,https://x.com/alikhani_reza,M.R.Alikhani,,,1,0.6457,0.3543,0.6457,,0.3543
ala_tre6,https://x.com/ala_tre6,A.,گاهی آروم گاهی پرشور،حد وسط اینجا معنا ندارد,,1,0.6418,0.3582,0.6418,,0.3582
alirezasafarpo7,https://x.com/alirezasafarpo7,Alireza Safarpoor,AlirezaSFP,,1,0.6355,0.3645,0.6355,,0.3645
ali__darghahi,https://x.com/ali__darghahi,ali,,,1,0.6352,0.3648,0.6352,,0.3648
adelirani04833,https://x.com/adelirani04833,👑Adel-irani0123👑,PahlaviReza@#KingRezaPahlavi#CyrusTheGreat    نیابد زبان جز بدین نکته راه   که همواره جاوید و پاینده شاه,#PersianGulf,1,0.6346,0.3654,0.6346,,0.3654
ali__erfani110,https://x.com/ali__erfani110,Alierfani,,,1,0.616,0.384,0.616,,0.384
afsheenmoosavi,https://x.com/afsheenmoosavi,Afsheen Moosavi,Multimedia Journalist  @manototv,"London, England",1,0.6155,0.3845,0.6155,,0.3845
ali_albadiri90,https://x.com/ali_albadiri90,ali.albadiri,work .Kar.group. Yo : 25 June. Kar Cement Industry Company.  work ing for Jawharat Balsam Company.  @kar_group_company  . من ذاق حب ألله ارتوئ,Iraq - Babylon,1,0.6154,0.3846,0.6154,,0.3846
alimajidi65256,https://x.com/alimajidi65256,Ali Majidi,,,1,0.6111,0.3889,0.6111,,0.3889
alalehkamranlaw,https://x.com/alalehkamranlaw,"Alaleh Kamran, Esq.","State & Fed criminal defense trial attorney, Radio & TV legal analyst. KTLA, People, CBS, NBC, BBC Persia, Guardian, Hollywood Reporter, New York Post",Los Angeles,1,0.5979,0.4021,0.5979,,0.4021
ali7osain,https://x.com/ali7osain,Dr.ali alshekarchi,أنتظر يوم #العدالة الموعود (وَيَوْمَ يَعض الظَّالِمُ عَلَىٰ يَدَيْهِ يَقُولُ يَا لَيْتَنِي اتَّخَذْتُ مَعَ الرَّسُولِ سَبِيلًا) لأرى مكانة أعداء #أهل_البيت ع,Iraq,1,0.5946,0.4054,0.5946,,0.4054
aasangari,https://x.com/aasangari,Ali A. Sangari,,,1,0.5939,0.4061,0.5939,,0.4061
67888892jkssl,https://x.com/67888892jkssl,cookmysock99,,,1,0.5918,0.4082,0.5918,,0.4082
_atefehshams_,https://x.com/_atefehshams_,عاطفه شمس,روزنامه‌نگار,,1,0.5911,0.4089,0.5911,,0.4089
_mriyim_,https://x.com/_mriyim_,مریمم🦋,:)))),,1,0.588,0.412,0.588,,0.412
afra7172,https://x.com/afra7172,Afra,,,1,0.5796,0.4204,0.5796,,0.4204
aghajanii76m,https://x.com/aghajanii76m,aghajanii76m,teaching physics is so interesting!,wherever GOD wants...,1,0.5781,0.4219,0.5781,,0.4219
amalsaad_lb,https://x.com/amalsaad_lb,Amal Saad,"Lecturer in Politics  @cardiffuni . Scholar of Hizbullah and politics of Resistance Axis | Previously,  @LebaneseUni",Cardiff and Beirut,1,0.5766,0.4234,0.5766,,0.4234
7continentnewss,https://x.com/7continentnewss,کمونیست کُش👺,The fastest and most accurate news of the day in the worldخدا آزادی خوانواده میهن -حق مالکیت فردی,United States,1,0.5756,0.4244,0.5756,,0.4244
alisajed465625,https://x.com/alisajed465625,ALI SAJED,,,1,0.5661,0.4339,0.5661,,0.4339
al_ardwi,https://x.com/al_ardwi,عبــــاس العـــرداوي,عضو نقابة الصحفيين العراقيين *مستشار اعلامي * كل ما أطرحه من آراء هي تعبر وجهة نظر شخصية مبنية على ما اعتقد به من جهاد التبيين امام حالة الجهل والتضليل .,Iraq,1,0.5361,0.4639,0.5361,,0.4639
akramipmp,https://x.com/akramipmp,Saeed Akrami,,,1,0.5335,0.4665,0.5335,,0.4665
abttaniq,https://x.com/abttaniq,عبد الحسين عبطان,الصفحة الرسمية لرئيس حزب اقتدار وطن السياسي العراقي The president of the Iraqi political party Eqtadar Watan  t.me/abttaniq,Iraq,1,0.5325,0.4675,0.5325,,0.4675
7_ndala,https://x.com/7_ndala,معتز بالله الجنوبي,,,1,0.5126,0.4874,0.5126,,0.4874
abu_al_askary,https://x.com/abu_al_askary,ابو علي العسكري,المسؤول الأمني لكتائب حزب الله في العراق,Iraq,1,0.5123,0.4877,0.5123,,0.4877
afsamaryam96589,https://x.com/afsamaryam96589,M,پروانه ای با بال های آبی,,1,0.5107,0.4893,0.5107,,0.4893
ahimsaaaa,https://x.com/ahimsaaaa,Ahimsa آهیمسا,,,1,0.5094,0.4906,0.5094,,0.4906
afshin_rasa,https://x.com/afshin_rasa,Afshin Rasa,"Civil Engineer                                                                 Deep Leaning, Image Processing",,1,0.5052,0.4948,0.5052,,0.4948
alex4380145476,https://x.com/alex4380145476,abbas,,,1,0.5035,0.4965,0.5035,,0.4965
alian2025,https://x.com/alian2025,adele alian,,,0,0.5012,0.5012,0.4988,,0.4988
abdollahia64050,https://x.com/abdollahia64050,Ashoo Abdollahi,,,0,0.5029,0.5029,0.4971,,0.4971
2088sajad24892,https://x.com/2088sajad24892,Sajad,,,0,0.5083,0.5083,0.4917,,0.4917
alisakar030,https://x.com/alisakar030,Ali Şakar,,,0,0.513,0.513,0.487,,0.487
ali94185358,https://x.com/ali94185358,Ali,Wanted to gay marriage,,0,0.5156,0.5156,0.4844,,0.4844
ali_sadeghloo,https://x.com/ali_sadeghloo,ali sadeghloo,,,0,0.5247,0.5247,0.4753,,0.4753
ahmadrezae88890,https://x.com/ahmadrezae88890,ahmadreza emz,,,0,0.5256,0.5256,0.4744,,0.4744
alijan2056,https://x.com/alijan2056,Ali,,,0,0.5277,0.5277,0.4723,,0.4723
20lincoln20,https://x.com/20lincoln20,tohid2001,جمهوری خواه-سکولار دموکرات,,0,0.5341,0.5341,0.4659,,0.4659
alkrdyhsn9718,https://x.com/alkrdyhsn9718,حسن الكردي,,,0,0.5354,0.5354,0.4646,,0.4646
alamsooz,https://x.com/alamsooz,رند عالم سوز Rende-Alamsooz,US Politics Canadian Politics Canadian Politics,,0,0.5355,0.5355,0.4645,,0.4645
ali_f_alizada,https://x.com/ali_f_alizada,Ali Alizada 🇦🇿,"Ambassador of Azerbaijan to Iran and the Permanent Representative to ECO, served as the Consul General to Tabriz & the Ambassador of Azerbaijan to Pakistan","Baku, Azerbaijan",0,0.5356,0.5356,0.4644,,0.4644
adybly92748,https://x.com/adybly92748,اديب علي عبد,,,0,0.537,0.537,0.463,,0.463
abba3pakbin,https://x.com/abba3pakbin,Abbas Pakbin,شاعر و ترانه سرا...وگاهی تریدر...  به زودی پروردگارت آنقدر برای تو معجزه خواهد کرد که خشنود شوی.. سوره ضحی آیه 5,در پناه خدا,0,0.5411,0.5411,0.4589,,0.4589
adetunji269953,https://x.com/adetunji269953,Adetunji,,,0,0.5442,0.5442,0.4558,,0.4558
ali564m50784,https://x.com/ali564m50784,Ali564 M,,,0,0.5472,0.5472,0.4528,,0.4528
a_s_v_t_r,https://x.com/a_s_v_t_r,حــزامـ,اللَّهُمَّ لَا تَدَع لي أمْراً إِلَّا يَسَّرَتْهُ وَلَا حُلْماً إِلَّا حَقَّقَتَهُ,ID52159146623,0,0.5551,0.5551,0.4449,,0.4449
abinelcv,https://x.com/abinelcv,Clive CV Abinel,,,0,0.5557,0.5557,0.4443,,0.4443
4ltgmlpx61671,https://x.com/4ltgmlpx61671,Payton Brown 4LtgmLpx,,,0,0.5563,0.5563,0.4437,,0.4437
abdulrahma74533,https://x.com/abdulrahma74533,Abdulrahman iphone,,,0,0.5568,0.5568,0.4432,,0.4432
aboliparande,https://x.com/aboliparande,aboliparande,,,0,0.5581,0.5581,0.4419,,0.4419
akbrzadh35412,https://x.com/akbrzadh35412,رحیم اکبرزاده,,,0,0.5591,0.5591,0.4409,,0.4409
abwmhdy75844,https://x.com/abwmhdy75844,سجاد ابو مهدي,,,0,0.5601,0.5601,0.4399,,0.4399
abbasmehdavi312,https://x.com/abbasmehdavi312,Abbas Ali mehdavi,"IR Student | Islamic Scholar (in training) | Jamia-tul-Kauthar, Islamabad | From Nagar, Gilgit-Baltistan | Voice of Truth, Dignity & Resistance (مقاومت)","Islamabad, Pakistan",0,0.5609,0.5609,0.4391,,0.4391
alparsai,https://x.com/alparsai,Ali Parsai,"Soyez réalistes, demandez l'impossible.",Planet Earth,0,0.5621,0.5621,0.4379,,0.4379
77o7h,https://x.com/77o7h,حسين,,,0,0.5625,0.5625,0.4375,,0.4375
alimarouf153082,https://x.com/alimarouf153082,Ali,,,0,0.5626,0.5626,0.4374,,0.4374
_husseinth3,https://x.com/_husseinth3,حسين العنزي⚜️,,Iraq,0,0.5629,0.5629,0.4371,,0.4371
almlkzhyr76434,https://x.com/almlkzhyr76434,زهير الملك,,,0,0.564,0.564,0.436,,0.436
abdul_qadi90079,https://x.com/abdul_qadi90079,Abdul qadir Jailani,,,0,0.5645,0.5645,0.4355,,0.4355
ali1427_rad,https://x.com/ali1427_rad,Ali rad 109,,,0,0.5652,0.5652,0.4348,,0.4348
ahmedjamal41147,https://x.com/ahmedjamal41147,Ahmed Jamal,,,0,0.5698,0.5698,0.4302,,0.4302
abrahymahm53406,https://x.com/abrahymahm53406,احمد ابراهيم,,,0,0.5699,0.5699,0.4301,,0.4301
alokobra1643794,https://x.com/alokobra1643794,alokobra,,,0,0.5724,0.5724,0.4276,,0.4276
abolfazl597787,https://x.com/abolfazl597787,Abolfazl,,,0,0.5733,0.5733,0.4267,,0.4267
afhiathil,https://x.com/afhiathil,Afhi Athil,,,0,0.5744,0.5744,0.4256,,0.4256
aliciamata77,https://x.com/aliciamata77,ALICIA MATA,,,0,0.5744,0.5744,0.4256,,0.4256
amaeibahar30792,https://x.com/amaeibahar30792,Bahareh Amaei,,,0,0.5758,0.5758,0.4242,,0.4242
a_abothman,https://x.com/a_abothman,abothman ahwazi,أحوازي يؤمن بتحرير الوطن والإنسان,,0,0.5781,0.5781,0.4219,,0.4219
2000mhac,https://x.com/2000mhac,محمدحسین امینایی,,,0,0.5795,0.5795,0.4205,,0.4205
abbasali690448,https://x.com/abbasali690448,abbas ali,,,0,0.5802,0.5802,0.4198,,0.4198
ali_esmaili99,https://x.com/ali_esmaili99,Ali.Esmaili,,,0,0.5852,0.5852,0.4148,,0.4148
abdullahpa7203,https://x.com/abdullahpa7203,Abdullah palta,,,0,0.5858,0.5858,0.4142,,0.4142
alyamaniyeen,https://x.com/alyamaniyeen,313اليماني515,,"Georgia, USA",0,0.5866,0.5866,0.4134,,0.4134
aalbahrayn5356,https://x.com/aalbahrayn5356,زعيم اسيا عشق سنين الطفولة,هلالي هلال السعادة  نادي السعادة,,0,0.5873,0.5873,0.4127,,0.4127
ali_arsalan72,https://x.com/ali_arsalan72,Ali Arsalan,,,0,0.5918,0.5918,0.4082,,0.4082
alimohammadkhn,https://x.com/alimohammadkhn,A.M,,,0,0.5935,0.5935,0.4065,,0.4065
am2002rmost,https://x.com/am2002rmost,Amir,,,0,0.5943,0.5943,0.4057,,0.4057
aghdadaash,https://x.com/aghdadaash,آق داداش,,,0,0.5957,0.5957,0.4043,,0.4043
ali41766,https://x.com/ali41766,Ali Yalcin,,,0,0.5982,0.5982,0.4018,,0.4018
alireza__ziyaei,https://x.com/alireza__ziyaei,Alireza Ziaee,,,0,0.6017,0.6017,0.3983,,0.3983
adriirov,https://x.com/adriirov,Adri,,,0,0.6042,0.6042,0.3958,,0.3958
alhmdanykh57899,https://x.com/alhmdanykh57899,KHERALH Alhmdany,,,0,0.6066,0.6066,0.3934,,0.3934
afsahihoss18315,https://x.com/afsahihoss18315,Hossin Afsahi,,,0,0.6074,0.6074,0.3926,,0.3926
ajmaldashti17,https://x.com/ajmaldashti17,Ajmal Dashti,,,0,0.6096,0.6096,0.3904,,0.3904
_kuramakyubi_,https://x.com/_kuramakyubi_,Kurama Kyūbi,,,0,0.6108,0.6108,0.3892,,0.3892
7usiy,https://x.com/7usiy,7,,,0,0.6116,0.6116,0.3884,,0.3884
alinazari42166,https://x.com/alinazari42166,Ali Nazari,,,0,0.6182,0.6182,0.3818,,0.3818
alizafarha44881,https://x.com/alizafarha44881,Ali Zafar Hassani,,,0,0.6186,0.6186,0.3814,,0.3814
aliturk43880,https://x.com/aliturk43880,Ayigh Turk,,,0,0.6193,0.6193,0.3807,,0.3807
30nahejazi,https://x.com/30nahejazi,Sina Hejazi,Iranian singer,Islamic Republic of Iran,0,0.6207,0.6207,0.3793,,0.3793
alirezasha,https://x.com/alirezasha,Alireza,,,0,0.6245,0.6245,0.3755,,0.3755
ahmedsaad189151,https://x.com/ahmedsaad189151,Ahmedsaad,لو كنت تعلم ما يقال في غيابك من أقرب الناس إليك لأصبحت تبتسم للحيوانات فقط . . !,Iraq,0,0.6261,0.6261,0.3739,,0.3739
aliziyak,https://x.com/aliziyak,Ali Ziya,علی ضیا,,0,0.6281,0.6281,0.3719,,0.3719
alire0860,https://x.com/alire0860,alishz,,,0,0.6286,0.6286,0.3714,,0.3714
allipayam,https://x.com/allipayam,Hani Allipayam,,,0,0.6313,0.6313,0.3687,,0.3687
3ccmke,https://x.com/3ccmke,Third Coast Cinema,,"Milwaukee, WI",0,0.6321,0.6321,0.3679,,0.3679
alexsteeleopal,https://x.com/alexsteeleopal,Alex Steele,"founder & ceo of opal (hiring, DMs open)",SF,0,0.6324,0.6324,0.3676,,0.3676
altalqany79443,https://x.com/altalqany79443,محمد الطالقاني,,,0,0.6355,0.6355,0.3645,,0.3645
allaboutargyle,https://x.com/allaboutargyle,The New Pilgrim,,Devon,0,0.637,0.637,0.363,,0.363
1m9od5,https://x.com/1m9od5,ابو علي,,,0,0.6377,0.6377,0.3623,,0.3623
al_hydr16787,https://x.com/al_hydr16787,حيدر العوادي,,,0,0.6387,0.6387,0.3613,,0.3613
ahmdzybdal56318,https://x.com/ahmdzybdal56318,عبدالخالق احمدزی,,,0,0.6388,0.6388,0.3612,,0.3612
ahmadabdulsada,https://x.com/ahmadabdulsada,احمد عبد السادة,شاعر وكاتب وصحفي عراقي,Iraq,0,0.641,0.641,0.359,,0.359
a5sp3,https://x.com/a5sp3,عباس فاضل,,,0,0.6411,0.6411,0.3589,,0.3589
alraqy51744,https://x.com/alraqy51744,ابو نور العراقي,,,0,0.6417,0.6417,0.3583,,0.3583
allhamjdy48220,https://x.com/allhamjdy48220,ذبیح‌الله امجدی,,,0,0.6435,0.6435,0.3565,,0.3565
abdulsalamdoct,https://x.com/abdulsalamdoct,محمد المعمري,يمني يبحث عن وطن.!,اليمن,0,0.6439,0.6439,0.3561,,0.3561
alsynya1,https://x.com/alsynya1,أرض النفاق,,,0,0.6461,0.6461,0.3539,,0.3539
abu_aqeel86,https://x.com/abu_aqeel86,عبدالله الخالدي,,,0,0.6462,0.6462,0.3538,,0.3538
ahmadiaman84324,https://x.com/ahmadiaman84324,Amanllah Ahmadi,,,0,0.6479,0.6479,0.3521,,0.3521
alijalizi8,https://x.com/alijalizi8,علي,,,0,0.6492,0.6492,0.3508,,0.3508
ahqyqty18486,https://x.com/ahqyqty18486,Amir Mahdi,Is loading...!,,0,0.656,0.656,0.344,,0.344
1fargol,https://x.com/1fargol,fargol,Art,,0,0.6564,0.6564,0.3436,,0.3436
21molana,https://x.com/21molana,Amirhossein Molana,آنک بی‌باده کند جان مرا مست کجاست و آنک بیرون کند از جان و دلم دست کجاست  و آنک سوگند خورم جز به سر او نخورم و آنک سوگندِ من و توبه‌ام اشکست کجاست  حضرت مولانا,,0,0.6578,0.6578,0.3422,,0.3422
allison61478051,https://x.com/allison61478051,Allison,Don’t even know what I’m doing here tbh,,0,0.6608,0.6608,0.3392,,0.3392
abdulwadudkha12,https://x.com/abdulwadudkha12,Abdulwadud Khan,ليسانس فعلآ درافغانستان زندګي ميکونم,افغانستان,0,0.6612,0.6612,0.3388,,0.3388
__mehmetaslan__,https://x.com/__mehmetaslan__,mehmet__aslan,,,0,0.6618,0.6618,0.3382,,0.3382
5thprisoner,https://x.com/5thprisoner,زندانی پنجم,پیش ما بیا خوش میگذره,,0,0.6621,0.6621,0.3379,,0.3379
0pps__,https://x.com/0pps__,Think,"@_Alignments ,",,0,0.6697,0.6697,0.3303,,0.3303
achaharmahaliy,https://x.com/achaharmahaliy,Atefeh Chaharmahaliayan,"آتفه چهارمحالیان  Poet, writer, and human rights activist For me, literature is a necessity of intervention","Hamburg, Germany",0,0.6708,0.6708,0.3292,,0.3292
a60968h,https://x.com/a60968h,Amin,,,0,0.6715,0.6715,0.3285,,0.3285
ahsana30012,https://x.com/ahsana30012,أبو محمد🇵🇸,امت گرا Internationalism#اللهم_عجل_لولیک_الفرج,,0,0.6729,0.6729,0.3271,,0.3271
alldoaa110,https://x.com/alldoaa110,الدعاء / prayer,مقاطع من الأدعية المأثورة عن النبي و آله عليهم السلام Selections of Supplications by the Holy Household,,0,0.674,0.674,0.326,,0.326
ahadisherko,https://x.com/ahadisherko,SH.1990,,,0,0.675,0.675,0.325,,0.325
alaaalwaly1,https://x.com/alaaalwaly1,@alaaalwaly1,نعمتان مجهولتان الصحة والامان,العراق,0,0.6766,0.6766,0.3234,,0.3234
ahmadi_afs1371,https://x.com/ahmadi_afs1371,Afshin Ahmadi,,,0,0.6799,0.6799,0.3201,,0.3201
_garrulus,https://x.com/_garrulus,Garrulus,,,0,0.6812,0.6812,0.3188,,0.3188
ali_al_najafy,https://x.com/ali_al_najafy,الشيخ علي النجفي,t.me/alsheikh_alnaj …,,0,0.6828,0.6828,0.3172,,0.3172
abdelmonim68330,https://x.com/abdelmonim68330,Abdelmonim Elgak,,,0,0.6832,0.6832,0.3168,,0.3168
0qcgdh3bdamfozf,https://x.com/0qcgdh3bdamfozf,هيثم عبده نعمان الحجري,,,0,0.6847,0.6847,0.3153,,0.3153
abedimoham75246,https://x.com/abedimoham75246,mohammad abedi,,,0,0.6855,0.6855,0.3145,,0.3145
alfirinmag52045,https://x.com/alfirinmag52045,Magol Alfirin,I AM ...,,0,0.6861,0.6861,0.3139,,0.3139
10am,https://x.com/10am,☆♩ ♪ ♫ ♬♡,,电脑前,0,0.6863,0.6863,0.3137,,0.3137
afcasiancup_ar,https://x.com/afcasiancup_ar,كأس آسيا,الصفحة الرسمية لكأس آسيا باللغة العربية,,0,0.6873,0.6873,0.3127,,0.3127
_iwtiina,https://x.com/_iwtiina,Tina,,,0,0.6897,0.6897,0.3103,,0.3103
alih1039071,https://x.com/alih1039071,Ali H,,,0,0.6908,0.6908,0.3092,,0.3092
alialkhalede,https://x.com/alialkhalede,علي الخالدي - Ali al-Khalidi,"Iraqi Journalist, TV host/presenter and media personality  instagram.com/alialkalede/",Iraq,0,0.6913,0.6913,0.3087,,0.3087
aalmalki_10,https://x.com/aalmalki_10,A,Abdulelah AL-MalKi 𓅓,,0,0.6927,0.6927,0.3073,,0.3073
abolfazl20_06,https://x.com/abolfazl20_06,ابوالفضل,,,0,0.6936,0.6936,0.3064,,0.3064
adryn848,https://x.com/adryn848,آدرین,,,0,0.6942,0.6942,0.3058,,0.3058
_alignments,https://x.com/_alignments,Alignments,"@__Think_ ,",,0,0.6946,0.6946,0.3054,,0.3054
aafifrakin,https://x.com/aafifrakin,Aafif Moinul Rakin,,,0,0.6947,0.6947,0.3053,,0.3053
aliesmaeilib,https://x.com/aliesmaeilib,Ali,,,0,0.6954,0.6954,0.3046,,0.3046
__aespect,https://x.com/__aespect,aespect's evil twin ⋆˚꩜｡𝜗ৎ,@_aespect 's evil twin,EVIL aespect city,0,0.6958,0.6958,0.3042,,0.3042
absmadridista,https://x.com/absmadridista,مدريدي,ريال مدريد هو نادي حياتي هلا مدريد,,0,0.6963,0.6963,0.3037,,0.3037
aliansari84,https://x.com/aliansari84,Ali Ansari,"Ph.D. graduate in Materials Science and Engineering, Interested in batteriesand electrochemistry, Posts in Persian and in English, Notifications are off.","Prague, Czech Republic",0,0.6964,0.6964,0.3036,,0.3036
almodarresisays,https://x.com/almodarresisays,كلمات المرجع المُدرِّسي,"أخبار ومواقف وأفكار سماحة المرجع الديني آية الله العظمى السيد محمد تقي المُدرّسي ""دام ظله الوارف""",,0,0.6978,0.6978,0.3022,,0.3022
_articlle_,https://x.com/_articlle_,お父さん,はむさんはこちら  @hamuppi_,,0,0.6991,0.6991,0.3009,,0.3009
__rumi22_,https://x.com/__rumi22_,rumi,,,0,0.701,0.701,0.299,,0.299
afintlarabic,https://x.com/afintlarabic,أفغانستان إنترناشيونال - عربي,لمتابعة آخر الأخبار والتحليلات السياسية حول أفغانستان لحظة بلحظة,"London, UK",0,0.7013,0.7013,0.2987,,0.2987
aaaarrisbs,https://x.com/aaaarrisbs,Ario Zalipour,,,0,0.7016,0.7016,0.2984,,0.2984
alistai73159680,https://x.com/alistai73159680,Alistair Mckenzie,,,0,0.7017,0.7017,0.2983,,0.2983
abunadiem,https://x.com/abunadiem,Abunadiem,,,0,0.7036,0.7036,0.2964,,0.2964
3pm_est,https://x.com/3pm_est,R,,"New York, USA",0,0.7043,0.7043,0.2957,,0.2957
a2bdullah_,https://x.com/a2bdullah_,Abdullah_AL lime,,,0,0.705,0.705,0.295,,0.295
abdulhaidari313,https://x.com/abdulhaidari313,Abdul Ghafor Alavi,,,0,0.7057,0.7057,0.2943,,0.2943
aliabz429014,https://x.com/aliabz429014,Ali Abz,,,0,0.7059,0.7059,0.2941,,0.2941
alamyn39470,https://x.com/alamyn39470,محمد الامين الضبيبي,,,0,0.707,0.707,0.293,,0.293
1wqrz,https://x.com/1wqrz,snopy .,الحمدلله ..,,0,0.7086,0.7086,0.2914,,0.2914
ahmadrezaas8,https://x.com/ahmadrezaas8,Ahmadreza,,,0,0.7094,0.7094,0.2906,,0.2906
12_adin10571,https://x.com/12_adin10571,Adin 12,,,0,0.7094,0.7094,0.2906,,0.2906
alhdedeabd92383,https://x.com/alhdedeabd92383,Abd Alhdede,,,0,0.7099,0.7099,0.2901,,0.2901
alihaqiqi399879,https://x.com/alihaqiqi399879,Ali Haqiqi,,,0,0.7099,0.7099,0.2901,,0.2901
al3151644276727,https://x.com/al3151644276727,Al,,,0,0.71,0.71,0.29,,0.29
aidaghavam4291,https://x.com/aidaghavam4291,Aida Ghavam,,,0,0.7109,0.7109,0.2891,,0.2891
_alevgundogan_,https://x.com/_alevgundogan_,Alev Gündoğan,,,0,0.7111,0.7111,0.2889,,0.2889
7farzin7711830,https://x.com/7farzin7711830,7farzin7 7shabani7,,,0,0.7111,0.7111,0.2889,,0.2889
afshinbizar,https://x.com/afshinbizar,afshin,,,0,0.7111,0.7111,0.2889,,0.2889
aga_mohd_hussan,https://x.com/aga_mohd_hussan,syedmohd Hussain,,,0,0.7112,0.7112,0.2888,,0.2888
abdynal18132,https://x.com/abdynal18132,Zain Al-Ameri,,,0,0.7117,0.7117,0.2883,,0.2883
ahmedalharbi0_,https://x.com/ahmedalharbi0_,غريب طوس,اللهم اني اتوجه اليك بنبيك نبي الرحمه واهل بيته. الذين اخترتهم على علم على العالمين اللهم لين لي صعوبتها وحزونتها واكفني شرهافإنك الكافي المعافي والغالب القاهر,,0,0.7123,0.7123,0.2877,,0.2877
ahamd155610,https://x.com/ahamd155610,ahamd,,,0,0.7126,0.7126,0.2874,,0.2874
aliamoayed,https://x.com/aliamoayed,Alireza A. Moayed,,,0,0.7137,0.7137,0.2863,,0.2863
abdul534kerim,https://x.com/abdul534kerim,Abdulkerim Diril,,,0,0.7146,0.7146,0.2854,,0.2854
ali593633698253,https://x.com/ali593633698253,ali,,,0,0.7158,0.7158,0.2842,,0.2842
alrthaan21,https://x.com/alrthaan21,فيصل الرثعآن,,,0,0.7165,0.7165,0.2835,,0.2835
7khaiiam,https://x.com/7khaiiam,خیام,کنده از مرز زمان,52 hertz,0,0.7169,0.7169,0.2831,,0.2831
alexpico,https://x.com/alexpico,Alex WH,,"West Hollywood, CA",0,0.7171,0.7171,0.2829,,0.2829
a_alley,https://x.com/a_alley,Ahmed Alley,الناس نيام، قإذا ماتوا أنتبهوا,-,0,0.7183,0.7183,0.2817,,0.2817
abdolahkha36267,https://x.com/abdolahkha36267,Abdolah Khavary,,,0,0.7188,0.7188,0.2812,,0.2812
akurenadna21593,https://x.com/akurenadna21593,Adnan Aküren,,,0,0.7188,0.7188,0.2812,,0.2812
ak1980777,https://x.com/ak1980777,五郎人格,,,0,0.7195,0.7195,0.2805,,0.2805
abediyazda45296,https://x.com/abediyazda45296,yazdan Abedi,,,0,0.7218,0.7218,0.2782,,0.2782
alirezaketabch3,https://x.com/alirezaketabch3,alirezaketabchi,Nor bar tariki piroz khahad shod,,0,0.7232,0.7232,0.2768,,0.2768
965bita37920,https://x.com/965bita37920,Bita 965,,,0,0.7246,0.7246,0.2754,,0.2754
ahwazmedia,https://x.com/ahwazmedia,حسن راضي الأحوازي,مدير المركز الأحوازي للإعلام والدراسات الإستراتيجية/ باحث بالشان الايراني، معد ومقدم برنامج #ايران_زووم على قناة @سعودي24.. #الأحواز وطني,,0,0.7269,0.7269,0.2731,,0.2731
_rosemark,https://x.com/_rosemark,Wolfy,So Vrémant po Nice,,0,0.7279,0.7279,0.2721,,0.2721
abdulahreema,https://x.com/abdulahreema,Reema,,Riyadh,0,0.7279,0.7279,0.2721,,0.2721
alirezaysf00,https://x.com/alirezaysf00,Alireza Yosofi,,,0,0.7283,0.7283,0.2717,,0.2717
alivrd,https://x.com/alivrd,Ali Vafaei Razdar,,,0,0.7286,0.7286,0.2714,,0.2714
alicetheca7,https://x.com/alicetheca7,alicethecat,,,0,0.7286,0.7286,0.2714,,0.2714
aam653073,https://x.com/aam653073,Amit Mishra,,,0,0.7292,0.7292,0.2708,,0.2708
abuhafi146615,https://x.com/abuhafi146615,Abuhafi,,,0,0.7293,0.7293,0.2707,,0.2707
afchine_alavi,https://x.com/afchine_alavi,Afchine Alavi,Pour une République libre et laïque en Iran. Membre de la commission des affaires étrangères du Conseil national de la Résistance iranienne (CNRI) - Linkedin,France,0,0.7324,0.7324,0.2676,,0.2676
ahmedheero00,https://x.com/ahmedheero00,Ahmed Heero,,Egypt,0,0.7324,0.7324,0.2676,,0.2676
a9b9e3m1,https://x.com/a9b9e3m1,Ali Erfani,,,0,0.7328,0.7328,0.2672,,0.2672
afkari_saeed,https://x.com/afkari_saeed,سعید افکاری,آزادی,,0,0.7363,0.7363,0.2637,,0.2637
amadei_paola,https://x.com/amadei_paola,Paola Amadei,Ambasciatrice d’Italia in Iran. Personal views only. Follows and Retweets are not endorsement.,,0,0.7366,0.7366,0.2634,,0.2634
72nargessalehi,https://x.com/72nargessalehi,narges salehi,,,0,0.7383,0.7383,0.2617,,0.2617
alga_kazakhstan,https://x.com/alga_kazakhstan,"Алга, Казахстан!",,"Almaty, Kazakhstan",0,0.7407,0.7407,0.2593,,0.2593
acadbeauxarts,https://x.com/acadbeauxarts,Académie des beaux-arts,,,0,0.7418,0.7418,0.2582,,0.2582
allanmau1992,https://x.com/allanmau1992,Allan Mau,,,0,0.7419,0.7419,0.2581,,0.2581
ahmadreza_ka,https://x.com/ahmadreza_ka,Ahmadreza,,,0,0.7425,0.7425,0.2575,,0.2575
abwlhbalhdathy,https://x.com/abwlhbalhdathy,أبو لهب الحداثي,حفيد من أحفاد كفار ومشركي قريش,"Xanxerê, Brasil",0,0.7436,0.7436,0.2564,,0.2564
_sky_tw,https://x.com/_sky_tw,spinoss,,,0,0.7444,0.7444,0.2556,,0.2556
aliiiiinaderi8,https://x.com/aliiiiinaderi8,🌋Ali Naderi,,,0,0.7454,0.7454,0.2546,,0.2546
ahrari_maryam,https://x.com/ahrari_maryam,Maryam Ahrari,every sunset is a sunrise....,,0,0.7467,0.7467,0.2533,,0.2533
ahangari73,https://x.com/ahangari73,Kawa Ahangari,Founder of  @VOZiran   New Book: Federalism (Translation).  voziran.org #WomanLifeFreedom #ژن_ژیان_ئازادی,Belgium,0,0.7468,0.7468,0.2532,,0.2532
alir33al,https://x.com/alir33al,Ali,◉⃤,,0,0.7488,0.7488,0.2512,,0.2512
adnanaltia,https://x.com/adnanaltia,عدنان الطائي,"Host of the ""Tell the Truth"" Program","Istanbul, Turkey",0,0.7493,0.7493,0.2507,,0.2507
9rcl7at9wzomubs,https://x.com/9rcl7at9wzomubs,Мақсат Асылбеков,,,0,0.7517,0.7517,0.2483,,0.2483
aecp_faecp,https://x.com/aecp_faecp,AECP,,,0,0.7521,0.7521,0.2479,,0.2479
almergaw41256,https://x.com/almergaw41256,Almergaw,,,0,0.7524,0.7524,0.2476,,0.2476
al_bayynat,https://x.com/al_bayynat,شبكة البينات الثقافية,الحساب الاحتياطي |  @Al_Bayynat2,Yemen,0,0.7524,0.7524,0.2476,,0.2476
ali_0909a,https://x.com/ali_0909a,36🏆Ali,الأهلي وطن يحكي فخرا، وهل بعد الأهلي عشق، وهل بعد الأهلي جنون,,0,0.7545,0.7545,0.2455,,0.2455
19azamat9267,https://x.com/19azamat9267,Азамат Елеманов,,,0,0.755,0.755,0.245,,0.245
aliaydinfromaz,https://x.com/aliaydinfromaz,AliAydin,,,0,0.7551,0.7551,0.2449,,0.2449
a_hossainy,https://x.com/a_hossainy,أحمد حسيني  🇵🇸,شاذ من شواذ هذه الأمة، كما وصفهم الزهار، ممن فرحوا بمقتل شهيد القدس شهيد القدس شهيد القدس قاسم سليماني، كما وصفه هنية.  #FreePalestine   #FreeUyghurs,Egypt,0,0.756,0.756,0.244,,0.244
_scandalou_,https://x.com/_scandalou_,SCANDALOU,,France,0,0.756,0.756,0.244,,0.244
abolfazl_1957,https://x.com/abolfazl_1957,a.l.r,,,0,0.7571,0.7571,0.2429,,0.2429
alimeelad94,https://x.com/alimeelad94,Mohammed Ali,,The Netherlands,0,0.7611,0.7611,0.2389,,0.2389
ali_babaa1234,https://x.com/ali_babaa1234,Ali,,,0,0.7617,0.7617,0.2383,,0.2383
abdullahsa83137,https://x.com/abdullahsa83137,King Rahimzoy,,,0,0.7623,0.7623,0.2377,,0.2377
_raven_reborn_,https://x.com/_raven_reborn_,🪽,,,0,0.7639,0.7639,0.2361,,0.2361
abubakarnu55384,https://x.com/abubakarnu55384,Nura Abubakar,,,0,0.7654,0.7654,0.2346,,0.2346
031es,https://x.com/031es,031esf,031,,0,0.7658,0.7658,0.2342,,0.2342
_hqaddomi,https://x.com/_hqaddomi,Hisham Qaddoumi,,,0,0.7664,0.7664,0.2336,,0.2336
abdul_samad_pti,https://x.com/abdul_samad_pti,Abdul Samad,"As a fervent supporter of PTI, I passionately advocate for its vision of a corruption-free and prosperous Pakistan under Imran Khan's leadership.",,0,0.768,0.768,0.232,,0.232
34gwr77liku4hw8,https://x.com/34gwr77liku4hw8,احمد رمزي,,,0,0.7685,0.7685,0.2315,,0.2315
aliashtiani12,https://x.com/aliashtiani12,Ali Ashtiani,,,0,0.7686,0.7686,0.2314,,0.2314
alireza_van,https://x.com/alireza_van,Alireza L,,,0,0.7689,0.7689,0.2311,,0.2311
a_fallahzadeh,https://x.com/a_fallahzadeh,Amir Fallahzadeh,,,0,0.7721,0.7721,0.2279,,0.2279
aaaaaaav69,https://x.com/aaaaaaav69,Sasasaa,,,0,0.7731,0.7731,0.2269,,0.2269
aji_fellowships,https://x.com/aji_fellowships,Allbritton Journalism Institute,,,0,0.7731,0.7731,0.2269,,0.2269
ali_ghm1993,https://x.com/ali_ghm1993,Ali Ghiamy,,,0,0.7735,0.7735,0.2265,,0.2265
aboyahiaalsgldy,https://x.com/aboyahiaalsgldy,Abu Jamal,ناشط جنوبي هدفنا استعادة دوله الجنوب العربي وفك الارتباط مع اليمن الشقيق,United States,0,0.7744,0.7744,0.2256,,0.2256
agathaallweek,https://x.com/agathaallweek,Agatha All Along Week,"a week-long celebration of Agatha All Along fan works taking place 18-25th of May  organised by  @fixyfics  &  @derpswan , art by  @evgar_",,0,0.7744,0.7744,0.2256,,0.2256
abhishekbhaya,https://x.com/abhishekbhaya,Abhishek G. Bhaya अभिषेक অভিষেক ابھیشک 加冕礼,"Journalist/Humanist/Universalist Int'l Relations, Religion, Conflict & Peace  @harvard  X  @trtworld @cgtn  @timesofindia  @gulf_news  @khaleejtimes  @muscat_daily",Istanbul/Beijing/Dubai/Muscat,0,0.7745,0.7745,0.2255,,0.2255
agolp,https://x.com/agolp,Armand Golpaygani,,"Paris, France",0,0.7747,0.7747,0.2253,,0.2253
abusamer1990528,https://x.com/abusamer1990528,Samer,,,0,0.7753,0.7753,0.2247,,0.2247
_bonos_,https://x.com/_bonos_,🌟,,,0,0.7763,0.7763,0.2237,,0.2237
akmalkhan186861,https://x.com/akmalkhan186861,Akmal Khan,,,0,0.7765,0.7765,0.2235,,0.2235
aaljamel13216,https://x.com/aaljamel13216,Alzamn aljamel,,,0,0.7772,0.7772,0.2228,,0.2228
2internetghosts,https://x.com/2internetghosts,ketaminion,vocalista do two internet ghosts / qqr pronome / ig:  @pdrmuriel  /  @twointernetghosts,São Paulo,0,0.7778,0.7778,0.2222,,0.2222
aa1915898,https://x.com/aa1915898,احمدعلام صيادالبحار,فنان,مصر,0,0.7779,0.7779,0.2221,,0.2221
abdusamad_aa,https://x.com/abdusamad_aa,Абдусамад,,,0,0.7786,0.7786,0.2214,,0.2214
ahmedabdal94,https://x.com/ahmedabdal94,Ahmedabdalmohsen,لَنَا حَقٌّ فَإِن أُعْطِينَاهُ وَإِلَّا رَكِبْنَا أَعجَازَ الإِبِلِ وَإِن طَالَ السُّرَى الإمام علي ع,,0,0.7799,0.7799,0.2201,,0.2201
_nafyn_,https://x.com/_nafyn_,Nafyn 🐀,bip boup,they/elle,0,0.7802,0.7802,0.2198,,0.2198
alshiraz1,https://x.com/alshiraz1,Shiraz Habbib,,South Africa,0,0.7806,0.7806,0.2194,,0.2194
afroninfa,https://x.com/afroninfa,alli,,"Sao Paulo, Brazil",0,0.781,0.781,0.219,,0.219
alikalhamadi,https://x.com/alikalhamadi,Ali Al-Hamadi,,,0,0.7813,0.7813,0.2187,,0.2187
alltyf_,https://x.com/alltyf_,طيف سامي,,,0,0.7818,0.7818,0.2182,,0.2182
alirezaw_77,https://x.com/alirezaw_77,Alireza Ejarestaghi,I ɴᴇᴇᴅ ᴀ ʙʀᴇᴀᴋ ғʀᴏᴍ ᴀʟʟ ᴛʜɪs ʙᴜʟʟsʜɪᴛ,,0,0.7824,0.7824,0.2176,,0.2176
2rr0i_,https://x.com/2rr0i_,🌟,#Shabab Al Ahli Dubai fc - insta - w5pll Tik - 2.rr0i - ( وَاذْكُر رِبِّكَ إِذَا نَسِيتَ ),"Dubai, United Arab Emirates",0,0.7842,0.7842,0.2158,,0.2158
_hasanbro,https://x.com/_hasanbro,Hasan Bro,Muslim,,0,0.7849,0.7849,0.2151,,0.2151
ahmadisaye35320,https://x.com/ahmadisaye35320,sayed Ahmadi,,,0,0.7853,0.7853,0.2147,,0.2147
ajgerimsag41079,https://x.com/ajgerimsag41079,Айгерим Сагындыкова,,,0,0.7855,0.7855,0.2145,,0.2145
_freeeagle_,https://x.com/_freeeagle_,Free eagle,سجل انا عربي,,0,0.7857,0.7857,0.2143,,0.2143
alaneyre1,https://x.com/alaneyre1,Alan Eyre,MEI Distinguished Diplomatic Fellow; Former State Dept. Iran SME & senior policymaker for Iran/MENA. RTs ≠ endorsements. Fiat justitia ruat caelum.,terra nullius,0,0.786,0.786,0.214,,0.214
al_firas999,https://x.com/al_firas999,Firas Al Mashhadani,,"Sulaymaniyah, Iraq",0,0.7864,0.7864,0.2136,,0.2136
alpeeoqiw49588,https://x.com/alpeeoqiw49588,Kelly Poe,,,0,0.7866,0.7866,0.2134,,0.2134
_aespect,https://x.com/_aespect,ٍ,THIS IS FOR SEEING TWICE FEB. 18 2026  backup:  @__aespect 19 || MLM || he/him ||  Follow to become an aengel,aespect city,0,0.7891,0.7891,0.2109,,0.2109
akhavan_mina,https://x.com/akhavan_mina,Mina Akhavan,,,0,0.7892,0.7892,0.2108,,0.2108
almww10,https://x.com/almww10,almomo,,,0,0.7894,0.7894,0.2106,,0.2106
ahmed_rami,https://x.com/ahmed_rami,Ahmed Rami - احمد رامي,"OFFICER IN MOROCCO, JOURNALIST IN SWEDEN! ضابط في المغر ب، صحافي في  السويد ـ  Téléphone+46708121240  rami.tv","Stockholm, Sweden",0,0.7902,0.7902,0.2098,,0.2098
acsparta_en,https://x.com/acsparta_en,AC Sparta Prague,The most successful Czech club.  Follow  @ACSparta_CZ  for tweets in Czech.,Prague,0,0.7904,0.7904,0.2096,,0.2096
_ellrose,https://x.com/_ellrose,ell,,"Manchester, England",0,0.7907,0.7907,0.2093,,0.2093
ahllam_music,https://x.com/ahllam_music,ahllam,artist,,0,0.7917,0.7917,0.2083,,0.2083
aboalfazlm79456,https://x.com/aboalfazlm79456,aliiii,,,0,0.7932,0.7932,0.2068,,0.2068
42potatoesss,https://x.com/42potatoesss,Ishita Dasgupta,,,0,0.794,0.794,0.206,,0.206
_sihelvi,https://x.com/_sihelvi,İbn Kusay el Kerhani,sex felsefesi etik iyi sikiş felsefesi oncul anal kusay aşığı,,0,0.7943,0.7943,0.2057,,0.2057
aldo369369369,https://x.com/aldo369369369,Alireza Dolatshahi-Pirouz,"Assoc. Prof at DTU Health (Denmark), CTO & co-founder OuroBionics, CEO & co-founder Cybosense, co-founder #TeamBioEngine.lCyborganicsl&lLivingMaterialsl",DTU (Kgs. Lyngby 2800),0,0.7958,0.7958,0.2042,,0.2042
0x778899,https://x.com/0x778899,Parth,Thanks Crypto and Bitcoin,Howrah,0,0.7961,0.7961,0.2039,,0.2039
alirezapunteha,https://x.com/alirezapunteha,alireza punteha,,,0,0.7963,0.7963,0.2037,,0.2037
ahmdlkarim,https://x.com/ahmdlkarim,Ahmd Abd Lkarim,,,0,0.797,0.797,0.203,,0.203
adaneabel3426,https://x.com/adaneabel3426,Abel Adane,,,0,0.7971,0.7971,0.2029,,0.2029
alfa12365770,https://x.com/alfa12365770,Alfa,,,0,0.7974,0.7974,0.2026,,0.2026
ajos,https://x.com/ajos,Alex Josephson,"Lucky dad of 2. Lesser-half of  @rls2882 . Buy the ticket, take the ride.",NJ / NYC,0,0.7989,0.7989,0.2011,,0.2011
akbarkhan025,https://x.com/akbarkhan025,Akbar kakar,pashtoonkhwa S O,جنوبی پښتونخوا کوټه,0,0.7995,0.7995,0.2005,,0.2005
alimotie1318,https://x.com/alimotie1318,Parsi,"lran, land of Aryans and Everlasting Kingdom",,0,0.8003,0.8003,0.1997,,0.1997
3303losangelesr,https://x.com/3303losangelesr,3303losangelesr,.....,"Sanfrancisco , Texas",0,0.8008,0.8008,0.1992,,0.1992
adoniarostami49,https://x.com/adoniarostami49,Eros Gheemah,,"California, USA",0,0.8009,0.8009,0.1991,,0.1991
abdulbaset22,https://x.com/abdulbaset22,‏عبدالباسط الحمادي,,,0,0.8017,0.8017,0.1983,,0.1983
alpacinoih,https://x.com/alpacinoih,alpacino,alpacino,,0,0.8029,0.8029,0.1971,,0.1971
alpaolucci,https://x.com/alpaolucci,Aaliyah🌸,Writer/Illustrator   Author of whimsical fantasy and emotional romantasy  Dubbed the Canva Angel  Rep: ???,Lavender Forest,0,0.803,0.803,0.197,,0.197
afrasimoha50416,https://x.com/afrasimoha50416,Mohammad Afrasi,,,0,0.8032,0.8032,0.1968,,0.1968
alawamiaqe84264,https://x.com/alawamiaqe84264,Aqeela Alawami,,,0,0.8037,0.8037,0.1963,,0.1963
a_f_cebeci,https://x.com/a_f_cebeci,Ali Fuat Cebeci,konu vatansa gerisi teferruat,Türkiye,0,0.8052,0.8052,0.1948,,0.1948
al_bayynat2,https://x.com/al_bayynat2,شبكة البينات الثقافية (احتياطي),حساب احتياطي : #مقتطفات_خطابات_محاضرات_حوارات,Yemen,0,0.806,0.806,0.194,,0.194
abina310186,https://x.com/abina310186,H,,,0,0.806,0.806,0.194,,0.194
addems92997,https://x.com/addems92997,herry Addems,,,0,0.8061,0.8061,0.1939,,0.1939
absleil,https://x.com/absleil,sleil_adb,,,0,0.8064,0.8064,0.1936,,0.1936
aj1p8cn3ma859xl,https://x.com/aj1p8cn3ma859xl,GabrielleBenjamin,,,0,0.8066,0.8066,0.1934,,0.1934
1mhyar,https://x.com/1mhyar,Mahyar,Official twitter account of Mahyar,,0,0.8075,0.8075,0.1925,,0.1925
ahmedna00921321,https://x.com/ahmedna00921321,Ahmed Nawaz Baloch,,Bolan Balochistan,0,0.8077,0.8077,0.1923,,0.1923
alexkrodriguez,https://x.com/alexkrodriguez,"Alex Rodriguez, MPH","PhD Candidate, Public Health - SBS | @UFPHHP ,  @UFCAM , &  @HPRScholars | Passionate about #ArtsinPublicHealth | No longer on X, find me elsewhere on link below!","Gainesville, FL",0,0.808,0.808,0.192,,0.192
agriculture666,https://x.com/agriculture666,Agriculture Music,Ecstatic Black Metal,Los Angeles,0,0.8087,0.8087,0.1913,,0.1913
afterdinnercon,https://x.com/afterdinnercon,After Dinner Conversation,"Philosophy | Ethics Short Story Literary Fiction Publisher. Rated ""Most Popular Fiction LitMag 2024"" (#Chillsubs). $ subscriptions (& Patreon) pay writers.","Tempe, Arizona",0,0.8089,0.8089,0.1911,,0.1911
8nilsjxeqhj1v,https://x.com/8nilsjxeqhj1v,DaisyJennings,,,0,0.8107,0.8107,0.1893,,0.1893
adamfnward,https://x.com/adamfnward,Adam Ward,,,0,0.8112,0.8112,0.1888,,0.1888
altendprod,https://x.com/altendprod,Alt Ending Productions,,,0,0.8113,0.8113,0.1887,,0.1887
4xasw2m9126jd,https://x.com/4xasw2m9126jd,VernaAckermann,,,0,0.8116,0.8116,0.1884,,0.1884
0s5lud2qs9dy01o,https://x.com/0s5lud2qs9dy01o,OliviaShaw,,,0,0.8121,0.8121,0.1879,,0.1879
___cfilm,https://x.com/___cfilm,🎞️,,,0,0.8126,0.8126,0.1874,,0.1874
1bl51ilj2fkkt,https://x.com/1bl51ilj2fkkt,MavisColclough,,,0,0.8129,0.8129,0.1871,,0.1871
ai_risks,https://x.com/ai_risks,Center for AI Safety,Reducing societal-scale risks from AI. safe.ai ai-frontiers.org,San Francisco,0,0.814,0.814,0.186,,0.186
alirezaroashan,https://x.com/alirezaroashan,علیرضا روشن,مفتخور و بیکار و بیعار,,0,0.8141,0.8141,0.1859,,0.1859
aidinism,https://x.com/aidinism,Aidinism,Evolve!  Freemason |  R&D Engineer  @helloVERSES   Founder of  @Sunagiri_ai   California   youtube.com/c/aidineslami,"Los Angeles, CA",0,0.8142,0.8142,0.1858,,0.1858
ajmalzamani4,https://x.com/ajmalzamani4,Ajmal Zamani,,,0,0.8146,0.8146,0.1854,,0.1854
addyperry20,https://x.com/addyperry20,LilyPerry,Okay but... I’m kinda close to stunning?  Come say hi in DMs.,where the vibes are,0,0.8148,0.8148,0.1852,,0.1852
alcuiqieh23641,https://x.com/alcuiqieh23641,Alcuiqieh,,,0,0.8154,0.8154,0.1846,,0.1846
27484b,https://x.com/27484b,xcxcxc,,,0,0.8165,0.8165,0.1835,,0.1835
4m2dvxbg7uptwhz,https://x.com/4m2dvxbg7uptwhz,.,,,0,0.8171,0.8171,0.1829,,0.1829
alejandrareyesc,https://x.com/alejandrareyesc,Alejandra Reyes,"PhD & Asst Professor, Wanderer Immigrant, Partner, Writer, Houser...","Irvine, CA",0,0.8172,0.8172,0.1828,,0.1828
aliscorban,https://x.com/aliscorban,Ali Sina,GardenState Rookies Podcast,"New Jersey, USA",0,0.8183,0.8183,0.1817,,0.1817
aaction414,https://x.com/aaction414,dominika janik,innovationtechinvest.com the best platform where you can be making steady income from bitcoin       build your own empire so that you will grow,Poland,0,0.8184,0.8184,0.1816,,0.1816
677krzych,https://x.com/677krzych,Wojtek,,"Warszawa, Polska",0,0.8199,0.8199,0.1801,,0.1801
abdulqa15628102,https://x.com/abdulqa15628102,ABDUL QADIR,,Allahabad India,0,0.8203,0.8203,0.1797,,0.1797
alpsina89,https://x.com/alpsina89,Sina alp,,,0,0.8208,0.8208,0.1792,,0.1792
ahmedjoia15116,https://x.com/ahmedjoia15116,Ahmed kahlid Joia,,,0,0.8231,0.8231,0.1769,,0.1769
abuzar42172607,https://x.com/abuzar42172607,abuzar,,,0,0.8234,0.8234,0.1766,,0.1766
alooupi61211,https://x.com/alooupi61211,Alooupi,,,0,0.8244,0.8244,0.1756,,0.1756
afghanlgbt,https://x.com/afghanlgbt,Afghan LGBT Organization (ALO),The first official organization for Afghan #LGBTQ+ people based in Czech Republic,Česká republika & Afghanistan,0,0.825,0.825,0.175,,0.175
abdullahhemyari,https://x.com/abdullahhemyari,Abid Ali,مهتم في الاقتصاد,اليمن,0,0.8258,0.8258,0.1742,,0.1742
advanceuk_wales,https://x.com/advanceuk_wales,Advance UK Wales 🏴󠁧󠁢󠁷󠁬󠁳󠁿,"Official X account for Advance UK Wales. We stand for nation, freedom, democracy and equality under the law. Account run by Admin.","Wales, United Kingdom",0,0.8258,0.8258,0.1742,,0.1742
akvanian,https://x.com/akvanian,Reza Akvanian,,"Brussels, Belgium",0,0.8259,0.8259,0.1741,,0.1741
_hannahritchie,https://x.com/_hannahritchie,Hannah Ritchie,Deputy Editor  @OurWorldinData  / Researcher at  @UniofOxford  / Honorary Fellow at  @EdinburghUni  @EdCentreCC  / Not the End of the World:  amzn.to/3MdaOci,"Edinburgh, UK",0,0.8264,0.8264,0.1736,,0.1736
alexcurran95,https://x.com/alexcurran95,𝐀𝐥𝐞𝐱 𝐂𝐮𝐫𝐫𝐚𝐧,,Contae Lú,0,0.8269,0.8269,0.1731,,0.1731
acrvir,https://x.com/acrvir,acrvir,,,0,0.8272,0.8272,0.1728,,0.1728
_uselessgothdm,https://x.com/_uselessgothdm,Definitely Not a Mimic,@ useless_goth_thembo_ in Twitch chat | Avantris brainrot still going strong | D&D/RPG/TTRPG things | Maker and collector of many math rocks (dice) |,,0,0.828,0.828,0.172,,0.172
999qol9196,https://x.com/999qol9196,あああ,,,0,0.8298,0.8298,0.1702,,0.1702
akiali43488770,https://x.com/akiali43488770,Aki Ali,,,0,0.8298,0.8298,0.1702,,0.1702
alrob844287,https://x.com/alrob844287,Rob,I never reply to DMs and delete them unread.,"Texas, USA",0,0.831,0.831,0.169,,0.169
alessandrobanfi,https://x.com/alessandrobanfi,Alessandro Banfi,Giornalista libero professionista,Milano,0,0.831,0.831,0.169,,0.169
advisorbecki,https://x.com/advisorbecki,"Rebecca Iacopelli, CFP®, MT","Helping women control and maximize their wealth  Senior Advisor at Barron’s Top 25 Firm  CFP®, Masters in Taxation  CFA Level III Candidate","Philadelphia, PA",0,0.8316,0.8316,0.1684,,0.1684
al3mlaa81,https://x.com/al3mlaa81,د/العملاق,د / العملاق ..,,0,0.8317,0.8317,0.1683,,0.1683
alinezhadi5,https://x.com/alinezhadi5,Ali Nezhadi,,,0,0.8321,0.8321,0.1679,,0.1679
ali_94355,https://x.com/ali_94355,a‌,,,0,0.8329,0.8329,0.1671,,0.1671
aditya_shrinath,https://x.com/aditya_shrinath,Aditya Shrinath,,"Jaipur, India",0,0.8339,0.8339,0.1661,,0.1661
4genderjustice,https://x.com/4genderjustice,Women's Initiatives for Gender Justice,"We advance gender justice and advocate for accountability. Women’s Initiatives for Gender Justice has left X. Stay updated via LinkedIn, Bluesky + Mailing List.","The Hague, The Netherlands",0,0.8339,0.8339,0.1661,,0.1661
ahmad76905530,https://x.com/ahmad76905530,ahmad,,,0,0.8339,0.8339,0.1661,,0.1661
_jkaplan,https://x.com/_jkaplan,Josh Kaplan,digital editor  @thefp  kaplan@thefp.com,UK,0,0.8339,0.8339,0.1661,,0.1661
ajdarbekbosynov,https://x.com/ajdarbekbosynov,Айдар Бекбосынов,"Живу, не тужу",,0,0.836,0.836,0.164,,0.164
2447mo1789,https://x.com/2447mo1789,Mo,À quoi bon tweeter encore ?  @i24NEWS_FR,מארה נוסטרום,0,0.8364,0.8364,0.1636,,0.1636
88sparber,https://x.com/88sparber,Daniel Sparber,"1050 Wien, Jg 1988, sozial","Wien, Österreich",0,0.8367,0.8367,0.1633,,0.1633
akt,https://x.com/akt,AKT,Entertainment Merchandising.,"Orlando, Florida",0,0.8383,0.8383,0.1617,,0.1617
abdulzahraa_,https://x.com/abdulzahraa_,عبدالزهراء عبدالحسين,Earnestly striving to achieve the honour of becoming one of the sincere slaves of Sayeda Fatima al-Zahraa (as).,جنة الخدام بين الحرمين,0,0.839,0.839,0.161,,0.161
alzindiana,https://x.com/alzindiana,Alzheimer's Association Greater Indiana Chapter,The Alzheimer's Association Greater Indiana Chapter serves 73 Indiana counties. Free 24/7 Helpline: 800.272.3900. #ENDALZ,"Indianapolis, IN",0,0.8392,0.8392,0.1608,,0.1608
ajik38933950,https://x.com/ajik38933950,Ajik,palestine free is a must !!!,,0,0.8397,0.8397,0.1603,,0.1603
1573cigars,https://x.com/1573cigars,1573 Cigars,Exclusive U.K. Distributor of Foundation Cigar Company.,,0,0.8401,0.8401,0.1599,,0.1599
abkoga,https://x.com/abkoga,A.B. Koga,SFF Author on Submission | Agent  @BookFairyAngus  | Doctor Husband and Dance Dad | Jiu Jitsu | Retired Gamer | Dark Academia WIP,Scottsdale,0,0.8407,0.8407,0.1593,,0.1593
,,,,,0,0.8409,0.8409,0.1591,,0.1591
afcmediatv,https://x.com/afcmediatv,AFC Media and Broadcast Operations,The AFC Media and Broadcast Operations Department is based out of the AFC house in KL. It handles all Media & TV related operational matters for all AFC events.,Kuala Lumpur,0,0.8417,0.8417,0.1583,,0.1583
ahali73975790a,https://x.com/ahali73975790a,Şahəli,,Azerbaijan,0,0.8428,0.8428,0.1572,,0.1572
akash551788875,https://x.com/akash551788875,Akash55,,,0,0.8432,0.8432,0.1568,,0.1568
academyjp6,https://x.com/academyjp6,JP6 Football Academy,Official Football Academy of Charlton Athletic Captain Jason Pearce.,,0,0.8433,0.8433,0.1567,,0.1567
abdelkarimslp,https://x.com/abdelkarimslp,Abdelkarim💎,,,0,0.8434,0.8434,0.1566,,0.1566
altaf_awan12,https://x.com/altaf_awan12,Altaf K Awan,"Consultant Pancreaticobiliary, Obesity, Laparoscopic and Robotic Surgeon, UHDBTrust. Director of Education - Laparoscopic & Robotic surgery, ALSGBI.","Derby, England",0,0.8439,0.8439,0.1561,,0.1561
6shahriar68408,https://x.com/6shahriar68408,60 shahriar,,,0,0.8447,0.8447,0.1553,,0.1553
319u9xc85rz97,https://x.com/319u9xc85rz97,KatherineRalph,,,0,0.8448,0.8448,0.1552,,0.1552
aliyu_hass50470,https://x.com/aliyu_hass50470,Aliyu Adam Hassan,,,0,0.8453,0.8453,0.1547,,0.1547
ali12793587,https://x.com/ali12793587,Ali,,,0,0.8457,0.8457,0.1543,,0.1543
abikhosh88210,https://x.com/abikhosh88210,Abikhosh,,,0,0.8462,0.8462,0.1538,,0.1538
aishaabbass3176,https://x.com/aishaabbass3176,Maryam shahab,Account auditor,"New York, USA",0,0.8464,0.8464,0.1536,,0.1536
ajmanclub_en,https://x.com/ajmanclub_en,Ajman club - En,Official English account of ajman club,"Ajman, United Arab Emirates",0,0.8467,0.8467,0.1533,,0.1533
_shahaf_,https://x.com/_shahaf_,Shahaf,"✡︎ • mentally in the 22nd century • data scientist in finance •  @bualumni  • talking about tech, consumer apps, quantum computing, culture, and shit like that",nyc,0,0.8468,0.8468,0.1532,,0.1532
8mathieu8,https://x.com/8mathieu8,Trees,My retweets are not endorsements. No DMs,,0,0.847,0.847,0.153,,0.153
ahmedstv1,https://x.com/ahmedstv1,ahmedstv _احمد سبورت تيفي,Scout كشاف اللاعبين  اعلامي رياضي sports analyst To advertise products Garipadam2015@outlook.com My youtube channel,Iraq,0,0.8472,0.8472,0.1528,,0.1528
abdullah9th,https://x.com/abdullah9th,Md Masum,,,0,0.8475,0.8475,0.1525,,0.1525
alihamedanii,https://x.com/alihamedanii,Ali Hamedani,Director  @persianmixradio |  @manotonews | Ex-senior Journalist  @BBCNews  | Film Maker | Doctor of Veterinary Medicine |,"London,United kingdom",0,0.8479,0.8479,0.1521,,0.1521
10190celine,https://x.com/10190celine,Céline,,,0,0.8486,0.8486,0.1514,,0.1514
alrfat13271,https://x.com/alrfat13271,احمد صالح,,,0,0.8492,0.8492,0.1508,,0.1508
alexanderklee,https://x.com/alexanderklee,Alexander K Lee,the other other man that Cameron Poe trusts --- MMA person  @MMAFighting  --- Centennial College Sports Journalism alum ---,,0,0.8497,0.8497,0.1503,,0.1503
akhgar_maryam,https://x.com/akhgar_maryam,Maryam Akhgar,PhD candidate at  @unifau,"Erlangen, Germany",0,0.8499,0.8499,0.1501,,0.1501
a_bindoff,https://x.com/a_bindoff,A Bindoff,(The Dark Blue Bird by Edward Lear),,0,0.8505,0.8505,0.1495,,0.1495
alanbro79651597,https://x.com/alanbro79651597,Alan Brown,,,0,0.851,0.851,0.149,,0.149
alanciwanc41267,https://x.com/alanciwanc41267,alanciwan ciwan,,,0,0.8511,0.8511,0.1489,,0.1489
_joy_net,https://x.com/_joy_net,jøy,ZERO JOY UNTO DEATH  :::: any pronoun無性 :  horror rpg solo game dev  @HEAVY_AS_STONE  |  industrial music as Thegn  thegn.bandcamp.com | eng/jp →,Amagasaki　尼崎市,0,0.8519,0.8519,0.1481,,0.1481
110_m_ah_b,https://x.com/110_m_ah_b,A.B.110,,,0,0.8521,0.8521,0.1479,,0.1479
acjindia,https://x.com/acjindia,ACJ,Asia's premier J-school,"Chennai, India",0,0.8524,0.8524,0.1476,,0.1476
aanandlrai,https://x.com/aanandlrai,Aanand L Rai,Director of Zero,,0,0.8528,0.8528,0.1472,,0.1472
actingandvoice,https://x.com/actingandvoice,Acting & Voice Studios,Presenting  @actorssum  Founders  @iamkatmoran  &  @kentmoran   Acting & Voice-Over |  Top Agents & Casting Directors |  Online |NYC & LA,"New York, New York",0,0.8528,0.8528,0.1472,,0.1472
aalabadi78525,https://x.com/aalabadi78525,Abood Alabadi,,,0,0.8532,0.8532,0.1468,,0.1468
ahaactors,https://x.com/ahaactors,AHA Actors,The Actors Department at AHA Talent.,London,0,0.8532,0.8532,0.1468,,0.1468
_amiir_75,https://x.com/_amiir_75,amiir,just be real,istanbull,0,0.8533,0.8533,0.1467,,0.1467
abramscomicarts,https://x.com/abramscomicarts,ABRAMS ComicArts,Visit us at  @abramsbooks .,"New York, NY",0,0.8536,0.8536,0.1464,,0.1464
aldesjonqueres,https://x.com/aldesjonqueres,Anne-Laure Desjonquères,Consule Générale de France à Atlanta Consul General of France in Atlanta Follow  @FranceAtlanta,"Atlanta, GA",0,0.8539,0.8539,0.1461,,0.1461
affgnl,https://x.com/affgnl,AFFG,Great players need a Great Management,"Gelderland, Nederland",0,0.8539,0.8539,0.1461,,0.1461
abusamiyildiz,https://x.com/abusamiyildiz,Murat C. Yıldız مراد جهان ييلديز,"Historian of sports and intercommunality in the late Ottoman Empire | Associate Professor  @SkidmoreCollege   | ""The Ottoman World of Sports""  @UTexasPress","Niskayuna, NY",0,0.8544,0.8544,0.1456,,0.1456
32kennocha,https://x.com/32kennocha,Isis,Every moment is a fresh beginning.,"Buffalo, NY.",0,0.8544,0.8544,0.1456,,0.1456
agencythebook,https://x.com/agencythebook,Agency The Book,By  @rickwebb . Published by  @palgraveUSA .,,0,0.8547,0.8547,0.1453,,0.1453
alahmdii9,https://x.com/alahmdii9,Ahmed,,"Al Batinah, Oman",0,0.8548,0.8548,0.1452,,0.1452
alastairmurra18,https://x.com/alastairmurra18,Alastair Murray,,,0,0.8549,0.8549,0.1451,,0.1451
aishaabbas20560,https://x.com/aishaabbas20560,Abbass Aisha,,,0,0.8555,0.8555,0.1445,,0.1445
433_uae2,https://x.com/433_uae2,عميد الرياضة,منصة رياضية إماراتية  تغطي الحدث محلياً وعالمياً,الامارات العربية المتحدة,0,0.8556,0.8556,0.1444,,0.1444
ainurastom,https://x.com/ainurastom,Tassi,,Almaty,0,0.8559,0.8559,0.1441,,0.1441
alinhotornado1,https://x.com/alinhotornado1,Alinho Tornado,"Sila Just Wonderful, Manchester Is My Heaven, Literature Is My Utopia",Earth,0,0.856,0.856,0.144,,0.144
9122432itw,https://x.com/9122432itw,Amara,"Für Freiheit und Völkerrecht. Frieden wird nicht durch Krieg erreicht. Fokus auf das, was uns verbindet. Gegen Spaltung.",,0,0.8561,0.8561,0.1439,,0.1439
akbrohi09,https://x.com/akbrohi09,Ak Brohi,,"Sindh, Pakistan",0,0.8563,0.8563,0.1437,,0.1437
ahlulbayt28,https://x.com/ahlulbayt28,خادمة الحُسين💚⚑,-أشهَدُ أنَ علياً وَليُ الله . -نِذَرت لخِدمَة حسين عمري . -السَلامُ على آلِ بَيتِ رَسولِ الله . -السَلامُ عَليكَ يا أبا عبدِالله الحُسَين.,حَيثُ الحُسَين وَ العَبَاس,0,0.8564,0.8564,0.1436,,0.1436
actorssum,https://x.com/actorssum,Actors Summit,"The World’s Largest Online Actors Event Presented by  @actingandvoice   May 20-22, 2022  150+ Speakers  Celebrities  100% Online Tickets",,0,0.8566,0.8566,0.1434,,0.1434
_zelenska_,https://x.com/_zelenska_,Zelenska,a linguist,United Kingdom,0,0.8568,0.8568,0.1432,,0.1432
acovertcovfefe,https://x.com/acovertcovfefe,The Doctor,"…and then, as the tale goes, there was a Question. The Oldest Question in the Universe: Who are you when there is No Grey Area?",United States,0,0.8574,0.8574,0.1426,,0.1426
almghdmi,https://x.com/almghdmi,Ali,"Developer, Gamer",,0,0.8576,0.8576,0.1424,,0.1424
__mareux__,https://x.com/__mareux__,mareux,linktr.ee/mareux,"Los Angeles, CA",0,0.8577,0.8577,0.1423,,0.1423
alsenysalifouc8,https://x.com/alsenysalifouc8,Alseny Salifou Camara,,,0,0.8578,0.8578,0.1422,,0.1422
2025_samuel,https://x.com/2025_samuel,Dr . Samuel 2025 Samuel arockiasamy (Sam),,,0,0.858,0.858,0.142,,0.142
adamant_85,https://x.com/adamant_85,AdamAnt,Up yours!,United States,0,0.8589,0.8589,0.1411,,0.1411
adakuskowski,https://x.com/adakuskowski,Ada Kuskowski,"Medievalist, legal historian, French historian  @Penn . Author of Vernacular Law: The Reinvention of Customary Law in Medieval France (Cambridge, 2023)",,0,0.859,0.859,0.141,,0.141
aarnapatel68,https://x.com/aarnapatel68,Aarna Patel 🦋,"As a financial analyst & representative at Stratos Finance Ltd, I believe the right connections build strong finances. If we become friends, it’s not just frien",Jakarta Indonesia,0,0.8591,0.8591,0.1409,,0.1409
aliciasummerstv,https://x.com/aliciasummerstv,Alicia Summers,"Raising Giants  | Fire Wife  | Emmy Winner | OAN | NBC/CBS Alum | UCSD | eSummers Ins. | Once a NFL Raiderette, Always One | Mainly on IG & TikTok",San Diego,0,0.8593,0.8593,0.1407,,0.1407
adveith,https://x.com/adveith,Adveith Nair,I run Bloomberg’s coverage of Money & Power in the Middle East. Bangalore  London  Dubai. Will mostly tweet aboutbut there will be some  and,"Dubai, United Arab Emirates",0,0.8596,0.8596,0.1404,,0.1404
2_ncqr,https://x.com/2_ncqr,Cotton Headed Ninny Muggins,,,0,0.8598,0.8598,0.1402,,0.1402
alghadtv,https://x.com/alghadtv,قناة الغد,"أهلا بكم على قناة ""الغد"" في إكس.  التردد: نايل سات HD 11900 - V 27500",Egypt مصر,0,0.8599,0.8599,0.1401,,0.1401
afzalab90,https://x.com/afzalab90,Afzal Patel,,India,0,0.8599,0.8599,0.1401,,0.1401
_agentfootball,https://x.com/_agentfootball,Agent Football,OFFICIAL FOOTBALL AGENTS - CORPORATE NETWORK LTD,"London, England",0,0.8604,0.8604,0.1396,,0.1396
afg01a,https://x.com/afg01a,afg01 afg01,,,0,0.8605,0.8605,0.1395,,0.1395
abdul_ix,https://x.com/abdul_ix,ABDUL,@notawhitepaper,,0,0.8606,0.8606,0.1394,,0.1394
almaharel,https://x.com/almaharel,Alma Har'el🌪 עלמה,Born.,Bon Bon Club,0,0.8608,0.8608,0.1392,,0.1392
alijumadaaltha,https://x.com/alijumadaaltha,The Uncovering Journal,Brings you from the darkness towards the light,in God's Earth,0,0.861,0.861,0.139,,0.139
afshin_ashiyani,https://x.com/afshin_ashiyani,afshin ashiyani افشین آشیانی,"football coach,AFC B coaching license, Translator of football coaching books, Investment consultant","Gotha, Germany",0,0.8615,0.8615,0.1385,,0.1385
_pia_,https://x.com/_pia_,Pia Strietmann,Film&tv director,"Berlin, London",0,0.8618,0.8618,0.1382,,0.1382
_danielsantini,https://x.com/_danielsantini,Daniel Santini,coordenador  @frosaluxemburgo  | doutorando/PhD Student em Planejamento Urbano e Regional  @usponline  | Mestre em Ciências/M.Sc.  @FAUUSPoficial  | jornalista,"São Paulo, Brasil",0,0.8622,0.8622,0.1378,,0.1378
aesdigitallyart,https://x.com/aesdigitallyart,Aes Digitally Art Prints,"Greetings! I'm Serdar. I'm the founder of this small shop, born from the question: 'Why shouldn't everyone have easy access to striking art pieces?",Turkey,0,0.8625,0.8625,0.1375,,0.1375
aircenteraz,https://x.com/aircenteraz,AIR Center,"AIR Center is a think-tank based in Baku, Azerbaijan. Beynəlxalq Münasibətlərin Təhlili Mərkəzi Azərbaycanda fəaliyyət göstərən beyin mərkəzidir.",Baku,0,0.8627,0.8627,0.1373,,0.1373
aliceciottolina,https://x.com/aliceciottolina,_soloalice,"Il segreto, cara Alice, è circondarsi di persone che ti facciano sorridere il cuore. È allora, solo allora, che troverai il Paese delle Meraviglie.",,0,0.8629,0.8629,0.1371,,0.1371
ajaykum78488191,https://x.com/ajaykum78488191,Ajaykumar Singh,I am property dealer,,0,0.863,0.863,0.137,,0.137
ahmedovzaur78,https://x.com/ahmedovzaur78,Zaur Ahmadov,businessman,Azerbaijan,0,0.8634,0.8634,0.1366,,0.1366
_sarahdavies,https://x.com/_sarahdavies,Sarah Davies,"Just a council estate kid. Mostly tired, fat & sweary","Essex, UK",0,0.8637,0.8637,0.1363,,0.1363
_miaswart,https://x.com/_miaswart,Mia Swart,"Former Producer Al Jazeera, Visiting Prof Wits Law School, International Criminal Law, Transitional Justice",Doha,0,0.8638,0.8638,0.1362,,0.1362
adelphiedizioni,https://x.com/adelphiedizioni,Adelphi Edizioni,Casa editrice fondata nel 1962.,Milano,0,0.864,0.864,0.136,,0.136
acpreventiontdl,https://x.com/acpreventiontdl,The Alliance for the Prevention of Atrocity Crimes,Empowering civil society to create change after atrocity.   Email us: preventingac@thedutylegacy.org.uk,"England, United Kingdom",0,0.8642,0.8642,0.1358,,0.1358
ahsan2026bs,https://x.com/ahsan2026bs,Muhammad Hassan (Ahsan),An Ordinary Caliph of Allah,"Piplan, Pakistan",0,0.865,0.865,0.135,,0.135
abaruleoflaw,https://x.com/abaruleoflaw,ABA Rule of Law,"Our mission is to promote justice, economic opportunity, and human dignity through the rule of law.","Global | HQ in Washington, DC",0,0.8656,0.8656,0.1344,,0.1344
_alonso11,https://x.com/_alonso11,Alonso Martínez,Jugador de New York city,"Puntarenas, Costa Rica",0,0.8656,0.8656,0.1344,,0.1344
ahmadnoorollahi,https://x.com/ahmadnoorollahi,Ahmad Noorollahi,,,0,0.8657,0.8657,0.1343,,0.1343
acsyaorg,https://x.com/acsyaorg,ACSYA Inc.,Assyrian Cultural & Social Youth Association Inc.,Australia,0,0.8658,0.8658,0.1342,,0.1342
_atscale,https://x.com/_atscale,ATscale,Global partnership aiming to reach 500 million people in LMICs with the life-changing AT they need by 2030. ATscale is hosted by  @UNOPS,Geneva,0,0.867,0.867,0.133,,0.133
alhumma,https://x.com/alhumma,Al Humma,Application gestion de la communauté musulmane,Abidjan,0,0.8671,0.8671,0.1329,,0.1329
almaaward,https://x.com/almaaward,Astrid Lindgren Memorial Award,"The Astrid Lindgren Memorial Award is a global award created in 2002 by the Swedish government, to promote every child’s right to great stories.",Stockholm,0,0.8676,0.8676,0.1324,,0.1324
1wlxeue6p5b8ws,https://x.com/1wlxeue6p5b8ws,ModestyYale,,,0,0.868,0.868,0.132,,0.132
altynay1989,https://x.com/altynay1989,Алтынай Аскаровна,I am very simple Kazakh,Kazakhstan,0,0.8681,0.8681,0.1319,,0.1319
35pmrc4xezu0tvd,https://x.com/35pmrc4xezu0tvd,Максат,,,0,0.8681,0.8681,0.1319,,0.1319
a8484aviv,https://x.com/a8484aviv,אביב AVIV 🇮🇱,LIVE AND LET LIVE,ישראל,0,0.8682,0.8682,0.1318,,0.1318
alexferra,https://x.com/alexferra,Alex Ferra,Music Video Director/Producer.  alexferra.com  facebook.com/alexferra  youtube.com/alexferraprodu …,Los Angeles,0,0.8684,0.8684,0.1316,,0.1316
al3a6eeb,https://x.com/al3a6eeb,طلال عبدالله الرشيد,( رَبِّ اجْعَلْ هَـَذَا بَلَداً آمِناً وَارْزُقْ أَهْلَهُ مِنَ الثَّمَرَاتِ ),SAUDIA,0,0.8686,0.8686,0.1314,,0.1314
abdullahisom1,https://x.com/abdullahisom1,Abdullahi Hassan,Researcher  @amnesty  | Lawyer | Human Rights | Protection of Civilians.,"Nairobi, Kenya",0,0.8687,0.8687,0.1313,,0.1313
aajavoices,https://x.com/aajavoices,AAJA Voices,@AAJA 's multimedia journalism training fellowship for college and graduate students. Meet our #AAJA22 class:  aajavoices.org/losangeles2022/,"Los Angeles, CA",0,0.8687,0.8687,0.1313,,0.1313
ahmedsamehcccpa,https://x.com/ahmedsamehcccpa,Ahmed KHALIL,tweets or likes are my reading list not endorsements,"Cairo, Egypt",0,0.8687,0.8687,0.1313,,0.1313
5x2i530x3rcidcw,https://x.com/5x2i530x3rcidcw,GailNewton,,,0,0.8691,0.8691,0.1309,,0.1309
_infogirl,https://x.com/_infogirl,🌻hopeful wanderer🌻,"books, music, travel, nature, art",,0,0.8692,0.8692,0.1308,,0.1308
adeeb_alomari,https://x.com/adeeb_alomari,اديب العُمري,مخطط مالي معتمد. نائب رئيس الاتحاد السعودي للبلياردو والسنوكر سابقا رئيس الخدمات الخاصه المكلف بساب سابقا تويتر عالم من الاختلاف خاطب المفردات وليس الشخص. عالمي,Riyadh,0,0.8692,0.8692,0.1308,,0.1308
aghatac8,https://x.com/aghatac8,Aghata,"Art, skin and attitude   Each image tells a story...  Do you dare to see it completely?",,0,0.8697,0.8697,0.1303,,0.1303
06numerosix,https://x.com/06numerosix,komagome,▶︎  ｸｷｰｯ／ｾﾚちゃん,のば,0,0.8699,0.8699,0.1301,,0.1301
alainfcae,https://x.com/alainfcae,نادي العين,الحساب الرسمي لنادي العين لكرة القدم,"Al Ain, U.A.E",0,0.8701,0.8701,0.1299,,0.1299
abogadasmx,https://x.com/abogadasmx,Abogadas MX,Red de Liderazgo y Desarrollo Profesional para abogadas en México.,Mexico,0,0.8701,0.8701,0.1299,,0.1299
aardavann,https://x.com/aardavann,Ardavan Jafarian,Vice-President of Executive Board of Int’l Music Council | Music Producer | Musician,Neverland,0,0.8705,0.8705,0.1295,,0.1295
ahlulbayt__313,https://x.com/ahlulbayt__313,Ahlul•Bayt ♡ 📚,Student of Ahlulbayt (A.S)   This Page Is For All tiktok.com/@the_great_muh …,,0,0.8706,0.8706,0.1294,,0.1294
ainohuilaja,https://x.com/ainohuilaja,Aino Huilaja,"Lapin noita maailmalla // Writer, executive producer, host @ Van Life documentary series on YLE",traveling around,0,0.8707,0.8707,0.1293,,0.1293
ajamiamin,https://x.com/ajamiamin,amin ajami,Likes and retweets not endorsement,"London, England",0,0.871,0.871,0.129,,0.129
54hz_whale,https://x.com/54hz_whale,54hzwhale,Gamification Enthusiast Crypto Enthusiast,,0,0.8713,0.8713,0.1287,,0.1287
albayannews,https://x.com/albayannews,صحيفة البيان,صحيفة إماراتية يومية شاملة تصدر عن دبي للإعلام,"Dubai , UAE",0,0.8718,0.8718,0.1282,,0.1282
almirasalsa918,https://x.com/almirasalsa918,mariaanderson ❥❥❥,be a good one honey,USA,0,0.872,0.872,0.128,,0.128
akshayk11339456,https://x.com/akshayk11339456,akshay kumar,पंडितो ka शान शौकत और वफ़ा को देखकर छोरियां bhi कहती है ना दर्द चाही ना दर्द की दवा चाही हमें तो पंडित जैसा यार चाही jai parshu ram.akshay ब्राह्मण,,0,0.8725,0.8725,0.1275,,0.1275
alexbozmorty,https://x.com/alexbozmorty,Novak Djokovic Fans Australia,soccer fan,,0,0.8728,0.8728,0.1272,,0.1272
_carneosso,https://x.com/_carneosso,♡ *ೃ°༄ 𝓢𝓪𝓫𝓻𝓲𝓷𝓪 𝓢𝓾𝓻𝓽𝓸 ¸.•°*°⋆.ೃ࿔*,"/ perto do osso a carne é mais gostosa / ˚ ༘✶ videomaker, mama snake na  @MAMBANEGRAHHHH  y kweeng em  @TETOPRETOOO","São Paulo, Brasil",0,0.873,0.873,0.127,,0.127
4zk79e91ywvxni2,https://x.com/4zk79e91ywvxni2,Мадина,Халық ушін болашақ үшін аянбай еңбек етем!,Kazakhstan,0,0.8732,0.8732,0.1268,,0.1268
agakeruka71284,https://x.com/agakeruka71284,あがけるか,,,0,0.8733,0.8733,0.1267,,0.1267
_uzbekfootball,https://x.com/_uzbekfootball,Conor 🏴󠁧󠁢󠁳󠁣󠁴󠁿🇺🇿,Follows Pakhtakor and all things Uzbek football related. Back up account  @Uzbek_football,"Newcastle Upon Tyne, England",0,0.8734,0.8734,0.1266,,0.1266
0l8o0xgtjkorcjb,https://x.com/0l8o0xgtjkorcjb,SaraThoreau,,,0,0.8734,0.8734,0.1266,,0.1266
al_kascom,https://x.com/al_kascom,صحيفة الكأس,الحساب الرسمي لــ #صحيفة_الكأس الرياضية لتغطية آخر مستجدات الرياضة المحلية والعربية والعالمية,المملكة العربية السعودية,0,0.8735,0.8735,0.1265,,0.1265
agencecapa,https://x.com/agencecapa,CAPA,"Témoigner, décrypter, faire rêver, inventer : depuis plus de 30 ans, CAPA raconte le monde... avec un pas de côté. #CAPApresse #CAPAdrama  @CAPAcorporate","Paris, France",0,0.8738,0.8738,0.1262,,0.1262
alexmarlow,https://x.com/alexmarlow,Alex Marlow,"**BREAKING THE LAW** OUT NOW! 'The Alex Marlow Show,'  @BreitbartNews  EIC, 3x-NYT bestseller. “Alex knows it all.” -President Trump","Chappaquiddick, MA",0,0.8738,0.8738,0.1262,,0.1262
0dybbxx0o1b5xa,https://x.com/0dybbxx0o1b5xa,CathyBryce,,,0,0.8741,0.8741,0.1259,,0.1259
aadianjana6567,https://x.com/aadianjana6567,Aadi Anjana,A business consultant and sells women's clothes .,"West New York, NJ",0,0.8744,0.8744,0.1256,,0.1256
agudaojo,https://x.com/agudaojo,Dennise,May God bless my way,Africa,0,0.8745,0.8745,0.1255,,0.1255
afterpay_au,https://x.com/afterpay_au,Afterpay,Don’t just pay later. #PayBetter Afterpay it in 4.,Australia,0,0.8746,0.8746,0.1254,,0.1254
afintl_,https://x.com/afintl_,Afghanistan International - افغانستان اینترنشنال,اولین شبکه خبری بین‌المللی ۲۴ ساعته افغانستان The First 24/7 International News Channel for Afghanistan,"UK, London",0,0.8749,0.8749,0.1251,,0.1251
ahmedkroy,https://x.com/ahmedkroy,Ahmed Roy,Screenwriter | Film Director | MAMI Festival Award Winner,,0,0.8749,0.8749,0.1251,,0.1251
alexanderm18395,https://x.com/alexanderm18395,Alexander McPhail,"He/him. Twin  Woke is an informal adjective that means being aware of and attentive to important issues, especially social and racial injustice.",,0,0.8753,0.8753,0.1247,,0.1247
_ganeshp,https://x.com/_ganeshp,Ganesh💰Padmanabhan ⚕️🦾,"Founder & CEO  @AutonomizeAI . #Data, #AI, #metaverse. 2x startups pod  @StoriesinAI , super long on AI, open source, people, love and crypto","Austin, TX",0,0.8754,0.8754,0.1246,,0.1246
algroonahmed,https://x.com/algroonahmed,أحمد القرون,ما دامَ في السمّاء من يحميك، فَليسَ في الأرض من يكسرك.,Al Khobar,0,0.8756,0.8756,0.1244,,0.1244
abn0029,https://x.com/abn0029,N.P.L,"Les petites filles obéissantes vont au paradis, les autres vont ou elles veulent",Dimension,0,0.8759,0.8759,0.1241,,0.1241
adeliatorp64676,https://x.com/adeliatorp64676,Adelia Torphy,,,0,0.876,0.876,0.124,,0.124
alhassanhu41917,https://x.com/alhassanhu41917,Alhassan Hussaini,"""Proud Nigerian Technologist  | GIS Expert @ MAU | I love humanity  | Elon Musk is my hero & motive  | Building the future with innovation & heart""",,0,0.876,0.876,0.124,,0.124
_celestraa,https://x.com/_celestraa,Gem - Komaeda Brain rot ✌🏻️,Just a weenus,Melbourne,0,0.8762,0.8762,0.1238,,0.1238
_advanceuk,https://x.com/_advanceuk,Advance UK,"Striving for a proud, independent and prosperous United Kingdom. We stand for nation, freedom, democracy and equality under the law.  Led by  @benhabib6",http://www.advanceuk.org.uk,0,0.8763,0.8763,0.1237,,0.1237
aljadyf,https://x.com/aljadyf,Aljady Franco,Submission to the one who holds my soul in his hands.,Pereira Risaralda Colombi,0,0.8766,0.8766,0.1234,,0.1234
allysonjsmith,https://x.com/allysonjsmith,Allyson June Smith,"Comedian. Podcaster  @WTB_Podcast , and  @HorrorMotel  All opinions expressed here are truly my own..... because my Mom isn't on twitter.",Toronto/Manchester,0,0.8766,0.8766,0.1234,,0.1234
albionroar,https://x.com/albionroar,Albion Roar BHAFC,Est 2007. The original Brighton & Hove Albion fans' radio show/podcast. Join Ady & Al every Wed @ 8pm on  @radioreverb  or subscribe to the podcast on AudioBoom.,Brighton,0,0.8771,0.8771,0.1229,,0.1229
alexnguyen15895,https://x.com/alexnguyen15895,Dr tuyan,dentist doctor,Madrid Spain,0,0.8771,0.8771,0.1229,,0.1229
aadilsultanx,https://x.com/aadilsultanx,A@dil $ultan,,Pakistan,0,0.8772,0.8772,0.1228,,0.1228
alterfutbol,https://x.com/alterfutbol,AlterFútbol Podcast,"La casa del otro fútbol. Podcast, transmisiones en vivo, notas y mucho más.  Por  @nahuelzn ,  @fglamas  y  @ienzoduarte Youtube:  youtube.com/alterfutbol",Argentina,0,0.8773,0.8773,0.1227,,0.1227
_sethnall,https://x.com/_sethnall,Seth Nall,"Christian, Husband, Father",,0,0.8774,0.8774,0.1226,,0.1226
1dish4theroad,https://x.com/1dish4theroad,Aaron Vallance,'Friday Night Chicken' - due 2027!  Shortlisted for Jane Grigson Trust award 2025. My blog (shortlisted Guild Food Writers award '20 '21 '23).,"London, England",0,0.8774,0.8774,0.1226,,0.1226
adamczarni22933,https://x.com/adamczarni22933,Adam Czarniecki,"There are bright stars in this universe, each shines with unique light, here a faint flame glows with tender sheen, fragile and vulnerable, yet gentle caress","Lesser Poland, Poland",0,0.8774,0.8774,0.1226,,0.1226
alwahda_int,https://x.com/alwahda_int,Al Wahda FC - EN,Official Account of  @alwahdafcc  in English | #WHDFC,Abu Dhabi,0,0.8776,0.8776,0.1224,,0.1224
ahmedabdswe,https://x.com/ahmedabdswe,ahmed Abdulsalam,,,0,0.8779,0.8779,0.1221,,0.1221
aaknopf,https://x.com/aaknopf,Alfred A. Knopf,Dedicated to publishing distinguished fiction and nonfiction since 1915.,"New York, NY",0,0.8782,0.8782,0.1218,,0.1218
aboodmatar17,https://x.com/aboodmatar17,aboodmatar,from Gaza .,,0,0.8786,0.8786,0.1214,,0.1214
aaravtyagi_x,https://x.com/aaravtyagi_x,Aarav Tyagi,"Add $10,000+ to your average client value using our AI Pricing Recommendations and Market Benchmarks.  Generate flawless PDF Quotes that actually CONVERT.","London, United Kingdom",0,0.8786,0.8786,0.1214,,0.1214
aggholamyy,https://x.com/aggholamyy,Pontius Pilate,"Δεν ελπίζω τίποτα, δε φοβάμαι τίποτα, είμαι ελεύθερος.",Planet B612,0,0.8788,0.8788,0.1212,,0.1212
aishaguzma28258,https://x.com/aishaguzma28258,Aisha Guzman,I’m strong I’ll never quit,"Rochester,mn",0,0.8789,0.8789,0.1211,,0.1211
aliazimimusic,https://x.com/aliazimimusic,Ali Azimi,youtube.com/@aliazimimusic | aliazimimusic.com,"London, UK",0,0.8792,0.8792,0.1208,,0.1208
albankaldawli,https://x.com/albankaldawli,مجموعة البنك الدولي,الحساب الرسمي لمجموعة البنك الدولي. رؤيتنا هي خلق عالم خال من الفقر على كوكب صالح للعيش. للاشتراك   wrld.bg/uSI950Lziwe,,0,0.8795,0.8795,0.1205,,0.1205
adaacademy,https://x.com/adaacademy,Ada Dev Academy,"A nonprofit, cost-free software developer academy for women and gender expansive folks, changing the face of tech.","Seattle, Washington",0,0.8796,0.8796,0.1204,,0.1204
alphawings,https://x.com/alphawings,Luke ✍️ megahertz.sol,Creative Micro-Writer.  I write stories in #SixWords. ©  Web3 | Degen #TheGoonsClub,Malta,0,0.8796,0.8796,0.1204,,0.1204
alecknowsads,https://x.com/alecknowsads,Alec Lopez,Head of Production  @markhamyard,"St Petersburg, FL",0,0.8797,0.8797,0.1203,,0.1203
_3pehr__,https://x.com/_3pehr__,Joker,Not everyone likes us.But not everyone matters Nothing is permanent!,,0,0.8797,0.8797,0.1203,,0.1203
aek_official,https://x.com/aek_official,AEK Athletic Club,Το επίσημο Twitter account του ΑΘΛΗΤΙΚΟΥ ΣΩΜΑΤΕΙΟΥ ΑΕΚ - The Official Twitter account of AEK Athletic Club,Ελλάς,0,0.8799,0.8799,0.1201,,0.1201
aleahmikul20525,https://x.com/aleahmikul20525,Princess Queen Aalieyaah Aleah Alal,,,0,0.8799,0.8799,0.1201,,0.1201
abdelra07745930,https://x.com/abdelra07745930,عبدالرزاق الحيالي,منشق من منظمة بدر وصاحب قناة على اليوتيوب ( قناة الأسير العراقي )  youtube.com/channel/UCbIAj …,,0,0.8805,0.8805,0.1195,,0.1195
abilovafzalshoh,https://x.com/abilovafzalshoh,Afzalshoh Abilov,Interventional Cardiologist,Tajikistan,0,0.8807,0.8807,0.1193,,0.1193
abearfromsea,https://x.com/abearfromsea,Bear,"Football is dead? Nah mate, is been dead since 2007.",,0,0.8807,0.8807,0.1193,,0.1193
albertcamus7700,https://x.com/albertcamus7700,Albert camus,I have always loved everything about you. Even what i didn't understand. - Albert Camus,,0,0.8808,0.8808,0.1192,,0.1192
akram1445449,https://x.com/akram1445449,Akram,,,0,0.881,0.881,0.119,,0.119
ahmadmuaffaq,https://x.com/ahmadmuaffaq,د ـ أحمد موفق زيدان,أحمد موفق زيدان ـ مستشار الرئيس السوري للشؤون الإعلامية,"Damas, Syria",0,0.881,0.881,0.119,,0.119
afrash,https://x.com/afrash,Iman Afrash,"Asset Manager Advisor; IT, Fintech & Crypto Solution & Technology Provider Business & Marketing Strategist and Advisor. #bitcoin #startup #fintech #trading",,0,0.881,0.881,0.119,,0.119
af_ghost,https://x.com/af_ghost,AF_Ghost,|27| just going through life,"Los Angeles, CA",0,0.8812,0.8812,0.1188,,0.1188
ainslielab,https://x.com/ainslielab,Kristy Ainslie,Researcher in vaccine & drug delivery infectious & autoimmune diseases & cancer.  Ally. Mom 2 boys. She/her.  @kristy -ainslie-lab.bsky.social. My views.,"Chapel Hill, NC",0,0.8813,0.8813,0.1187,,0.1187
424xh,https://x.com/424xh,Muchacho,“in-betweenness is a fundamental condition of our times.” ==BUILDING mode==,,0,0.8814,0.8814,0.1186,,0.1186
ahmadmullatalal,https://x.com/ahmadmullatalal,احمد ملا طلال,مقدم برامج حوارية منذ عام ٢٠٠٤,Iraq _ Baghdad,0,0.8814,0.8814,0.1186,,0.1186
a_baronca,https://x.com/a_baronca,Andrea Baronchelli,I study decentralized networks of humans and machines,"London, UK",0,0.8815,0.8815,0.1185,,0.1185
ain4or,https://x.com/ain4or,Jason Miller,Never understood anyone but then against all odds it's hard to understand me.,"West Union, IA",0,0.8815,0.8815,0.1185,,0.1185
acharya_pa1,https://x.com/acharya_pa1,Pawan Acharya,Postdoctoral Scholar at UAB,,0,0.8821,0.8821,0.1179,,0.1179
_____zhang____,https://x.com/_____zhang____,Mr. Zhang Wei / credit manager SINOPAC BANK,= 永豐銀行 Bank SinoPac 士東分行 bank.sinopac.com/sinopacBT/en/i …  永丰金控有限公司 惠誉评级中的实体。全球资本市场的信用评级、研究和分析。SinoPac FinancialHoldings Limited,hong kong,0,0.8822,0.8822,0.1178,,0.1178
abajournal,https://x.com/abajournal,ABA Journal,"We're the flagship magazine of the ABA, covering the trends, people and finances of the legal profession from Wall Street to Main Street to Pennsylvania Avenue.",ABAJournal.com,0,0.8823,0.8823,0.1177,,0.1177
alighadimiai,https://x.com/alighadimiai,Ali Ghadimi,Data Scientist | Ex-BBC Journalist | OSINT & Forensic Journalism | AI & Python Developer,"London, UK",0,0.8827,0.8827,0.1173,,0.1173
alexholiga,https://x.com/alexholiga,Aleksandar Holiga,"Against the darkness, against the force. Independent football writer - the Guardian, The Blizzard etc.; chief editor  @Telesport_hr","Zagreb, Croatia",0,0.8828,0.8828,0.1172,,0.1172
alaina32h,https://x.com/alaina32h,Alaina,Dare to be yourself and don't let anyone make you feel bad.,,0,0.8828,0.8828,0.1172,,0.1172
acbowen,https://x.com/acbowen,Andrew Bowen (he/him),"KPBS metro reporter. Creator/host of Freeway Exit, a podcast about freeways.  @WeMakeKPBS  steward. Gaily homosexual.  I no longer post here, follow me on Bluesky","San Diego, CA",0,0.883,0.883,0.117,,0.117
alnassr_sg,https://x.com/alnassr_sg,ألعاب النصر المختلفة و الفئات السنية,الحساب الرسمي لألعاب النصر المختلفة و الفئات السنية لكرة القدم @AlNassrFC  | official account of AlNassr SG and Academy teams  @AlNassrFC_EN,الرياض، السعودية,0,0.8832,0.8832,0.1168,,0.1168
akguitarman49,https://x.com/akguitarman49,john kelly,"This is my music page, guitar and guitar shit related... more or less insane...... than my original profile  @johnkelly720 ......","anchorage, Alaska",0,0.8833,0.8833,0.1167,,0.1167
adellenaz,https://x.com/adellenaz,Adelle Nazarian,American Media Personality | Veteran Journalist | Geopolitical Mastermind | Visionary Entrepreneur,,0,0.8834,0.8834,0.1166,,0.1166
adamssmith66981,https://x.com/adamssmith66981,Adam's Smith,MD. Orthopedic surgeon Humanitarian.|||Saving lives D/B Certified | Traveler||Car lover,Houston Texas,0,0.8835,0.8835,0.1165,,0.1165
ajatashatru,https://x.com/ajatashatru,daniel mabsout,I believe in the presence of a truth behind all appearances and illusions without which these will not even appear to exist .,Lebanon,0,0.8836,0.8836,0.1164,,0.1164
airwallex,https://x.com/airwallex,Airwallex,Empowering modern businesses to grow beyond borders,"Melbourne, Victoria",0,0.8837,0.8837,0.1163,,0.1163
adamlawschool,https://x.com/adamlawschool,Amsterdam Law School,"Welcome to the Amsterdam Law School!  We draw students worldwide, bringing a truly international atmosphere.  bsky.app/profile/uvalaw …",Amsterdam,0,0.8838,0.8838,0.1162,,0.1162
abaerbockarchiv,https://x.com/abaerbockarchiv,Annalena Baerbock,Außenministerin a. D.,Berlin,0,0.884,0.884,0.116,,0.116
aleborghi_,https://x.com/aleborghi_,Alessandro Borghi,Ridete.,,0,0.8841,0.8841,0.1159,,0.1159
adsbynimbus,https://x.com/adsbynimbus,Nimbus,Get the most out of your mobile & CTV advertising with competitive programmatic auctions and comprehensive reporting. Built by  @Timehop,"New York, USA",0,0.8845,0.8845,0.1155,,0.1155
aalejandrabm,https://x.com/aalejandrabm,Alejandra Bonilla Mena,Urban and economic geographer. PhD candidate at  @penn_state . Studying real estate markets and finance in Latin America.,,0,0.8847,0.8847,0.1153,,0.1153
aframalhameli,https://x.com/aframalhameli,Afra Al Hameli,Director of Strategic Communications  @MOFAUAE,Abu Dhabi,0,0.885,0.885,0.115,,0.115
abcnews,https://x.com/abcnews,ABC News,Latest news updates from the Australian Broadcasting Corp. This is an official  @abcaustralia  account.,Australia,0,0.885,0.885,0.115,,0.115
alghadeer_tv,https://x.com/alghadeer_tv,قناة الغدير,الصفحة الرسمية لقناة الغدير على منصة اكس ( تويتر سابقا )... تصلك الاخبار اولا باول رابط القناة على التليكرام :  t.me/alghadeertv,العراق,0,0.8852,0.8852,0.1148,,0.1148
abdulndadi,https://x.com/abdulndadi,Abdul Ndadi,I'm a writer and artist of Ghanaian descent living in NYC,,0,0.8852,0.8852,0.1148,,0.1148
alisaberi1987,https://x.com/alisaberi1987,Alex,All religions are human made. Be free of them. Keep your humanity up and spread out kindness.,"Paris, France",0,0.8853,0.8853,0.1147,,0.1147
abbydphillip,https://x.com/abbydphillip,Abby D. Phillip,"Mom, rule breaker, anchor of CNN Newsnight with Abby Phillip at 10pm ET","Washington, DC",0,0.8854,0.8854,0.1146,,0.1146
alexerventure,https://x.com/alexerventure,alexerventure,Entrepreneur,,0,0.8854,0.8854,0.1146,,0.1146
aliyuhy00700404,https://x.com/aliyuhy00700404,Aliyu Hydar,To have is better than knowing how to use,"Kado, Nigeria",0,0.8856,0.8856,0.1144,,0.1144
_aj_johnstone,https://x.com/_aj_johnstone,Al Johnstone (AJ),Documentary filmmaker - shooting producer/director |  @BAFTA  Connect |  @NFTSFilmTV,"London, England",0,0.8858,0.8858,0.1142,,0.1142
ajbends,https://x.com/ajbends,big boy synthetique,@issues  //  @badwolves  // FEWDFWM //,"Pasadena, CA",0,0.8861,0.8861,0.1139,,0.1139
alsreaei,https://x.com/alsreaei,Mohammed Alsreaei,Athlete I love football. linkjar.com/Alsreaei,Saudi Arabia,0,0.8863,0.8863,0.1137,,0.1137
_x_wolverine,https://x.com/_x_wolverine,Logan,"I may be wicked, but still I gave an onion. (Real name is Rhys)",,0,0.8865,0.8865,0.1135,,0.1135
alexpombo489762,https://x.com/alexpombo489762,Alex Pombo,"Conseiller en communication, Essayiste, Sociologue, Apôtre du numérique, Spécialiste du cinéma, Passionné d'histoire, Entrepreneur, Trader.",,0,0.8865,0.8865,0.1135,,0.1135
30for30,https://x.com/30for30,30 for 30,"Check out the ENTIRE 30 for 30 collection on  @ESPNPlus , a part of The Disney Bundle.",,0,0.8867,0.8867,0.1133,,0.1133
a16zcrypto,https://x.com/a16zcrypto,a16z crypto,We back bold entrepreneurs building the next internet.  Posts are not investment advice or an advertisement for investment services. See  a16z.com/disclosures,,0,0.8869,0.8869,0.1131,,0.1131
al_thawaq,https://x.com/al_thawaq,احمد الذواق,مهتم بالأخبار السياسية والتطورات العسكرية في العراق . Journalist and writer,Iraq,0,0.8871,0.8871,0.1129,,0.1129
abdolrezakahani,https://x.com/abdolrezakahani,Abdolreza Kahani,"Writer,Director,Producer //  agiff.arkgate.ca",,0,0.8874,0.8874,0.1126,,0.1126
all_kapped,https://x.com/all_kapped,.,⏁⊑⟒⍀⟒ ⏃⍀⟒ ⍜/⋏⌰⊬ ⏁⍙⍜ ☌⟒⋏⎅⟒⍀⌇,nowhere,0,0.8878,0.8878,0.1122,,0.1122
09escargot1012,https://x.com/09escargot1012,クラウス32,楽天イーグルス、AS Roma、Galatasaray 、國學院大學と京都産業大学(駅伝)を応援しています。アマガミ等ラブコメについて話すことも多いです。よろしくお願いします(スパム垢は全て24＆ブロックします),,0,0.8878,0.8878,0.1122,,0.1122
alcides,https://x.com/alcides,Alcides Fonseca,Typing types. Associate Professor at the University of Lisbon.,"Lisbon, Portugal",0,0.8878,0.8878,0.1122,,0.1122
afnan_alostaz,https://x.com/afnan_alostaz,Afnan,PhD candidate: ultrafast Terahertz spintronics  @fz_juelich  @physikFUBerlin  |  @cheveningfcdo  awardee 18’ | MSc. Physics and Business Management  @UniversityLeeds,Germany,0,0.8879,0.8879,0.1121,,0.1121
allawati,https://x.com/allawati,Abbas Al Lawati,"Middle East Editor  @CNN . Ex- @business . Usual caveats apply. Pic in banner is Muttrah, Oman.",The Gulf,0,0.8879,0.8879,0.1121,,0.1121
advhassanfarooq,https://x.com/advhassanfarooq,Muhammad Hassan Farooq,LLM Graduate | University of Bradford  Advocate High Court  Law | Justice | Continuous Learning,"Macclesfield, England",0,0.888,0.888,0.112,,0.112
alhilal_fc,https://x.com/alhilal_fc,نادي الهلال السعودي,الحساب الرسمي لنادي الهلال السعودي | English account  @Alhilal_EN  | ألعاب الهلال المختلفة  @Alhilal_SG  | الفئات السنية  @Alhilal_YT,المملكة العربية السعودية,0,0.8884,0.8884,0.1116,,0.1116
allytheluminus,https://x.com/allytheluminus,Vicar~keepitDoPe🥂,Spontaneously hilarious/mwana waMwari/hala madrid,"Harare, Zimbabwe",0,0.8885,0.8885,0.1115,,0.1115
akumafeelings,https://x.com/akumafeelings,👹 AKUMA 👹,"eu minto muito bastante   (⁠◕⁠ᴗ⁠◕⁠✿⁠) mutual pra mim é irmã    ele/dele  filho do silêncio, da doença e da cura","Salvador, Brasil",0,0.8886,0.8886,0.1114,,0.1114
6njeli,https://x.com/6njeli,اونجلیناجیلی,ماه پشت ابر نمیمونه تو خوب بمون، بلاخره آدم بدا یه جا رسوا میشن,İstanbul-Turkey,0,0.8889,0.8889,0.1111,,0.1111
abc7ny,https://x.com/abc7ny,Eyewitness News,"New York's #1 news, Channel 7 Eyewitness News. WABC-TV. Comments & photos shared here or using #abc7NY could be used on any ABC platforms.",New York City,0,0.889,0.889,0.111,,0.111
alialjabiri,https://x.com/alialjabiri,د. علي الجابري,رئيس اتحاد الصحفيين العرب في السويد رئيس تحرير صحيفة يورو تايمز  @eurotimesarabia  ..مذيع اول ومقدم برامج سياسية في قناة ابوظبي سابقاً..,"Stockholm, Sweden",0,0.889,0.889,0.111,,0.111
28minutes,https://x.com/28minutes,28 minutes,"#28min est le rendez-vous quotidien d'actualité sur  @ARTEfr , du lundi au samedi dès 20h05. Retrouvez-nous aussi sur Facebook, Youtube et Instagram  !",,0,0.889,0.889,0.111,,0.111
_gpaolo,https://x.com/_gpaolo,Giuseppe Paolo,Research scientist  @CognizantAILab  | PhD in AI and Robotics | Hobbist photographer |   Opinions are my own,"Parigi, Francia",0,0.8893,0.8893,0.1107,,0.1107
acegid_igh,https://x.com/acegid_igh,ACEGID,"#PathogenHunters  We are using genomics to help Africa and the world beat infectious diseases. @IGHupdates ,  @RedeemersUni .","Ede, Nigeria",0,0.8893,0.8893,0.1107,,0.1107
ajnlive,https://x.com/ajnlive,Alex Jones Network,Follow for exclusive news + reports from Alex Jones & others. Support:  TheAlexJonesStore.com &  fightforalex.com   @alexjonesstore,,0,0.8896,0.8896,0.1104,,0.1104
abtc,https://x.com/abtc,American Bitcoin,Nasdaq: ABTC | Building America's Bitcoin infrastructure backbone,USA,0,0.8897,0.8897,0.1103,,0.1103
abdusalamsalah,https://x.com/abdusalamsalah,محمد عبدالسلام,الناطق الرسمي لأنصار الله ورئيس مجلس الإدارة لشبكة المسيرة الإعلامية ورئيس الوفد الوطني .  t.me/abdulsalamsalah,,0,0.8898,0.8898,0.1102,,0.1102
14sm_,https://x.com/14sm_,14 Sports Management,FA Licensed Football intermediary & consultancy business with offices in Harrogate  and Glasgow,Offices in Glasgow & Yorkshire,0,0.8898,0.8898,0.1102,,0.1102
alahly,https://x.com/alahly,‏النادي الأهلي,مرحبًا بكم في الحساب الرسمي للنادي الأهلي نادي القرن الإفريقي، Welcome |   @AlAhlyEnglish  Bienvenue |   @AlAhlyFrancais,"Cairo, Egypt",0,0.8899,0.8899,0.1101,,0.1101
ahmedmohammed,https://x.com/ahmedmohammed,Ahmed bin Mohammed,"النائب الثاني لحاكم دبي، رئيس مجلس دبي للإعلام   Second Deputy Ruler of Dubai, Chairman of the Dubai Media Council",,0,0.8899,0.8899,0.1101,,0.1101
alecbaldwln____,https://x.com/alecbaldwln____,AlecBaldwin,this is a social media phantom limb...,New York,0,0.8899,0.8899,0.1101,,0.1101
4viewers,https://x.com/4viewers,4Viewers,Your source of info for all things  @Channel4  (and sister channels). Want to know more? Click our website link below.,UK,0,0.89,0.89,0.11,,0.11
a16z,https://x.com/a16z,a16z,"we invest in software eating the world  a16z.com/portfolio a16z.com/podcasts  Watch ""The Ben & Marc Show"":  youtube.com/@a16z",The Cloud,0,0.8902,0.8902,0.1098,,0.1098
adan_galindo,https://x.com/adan_galindo,Adán Galindo Vaca,"life is rough and we must fight to make it better, make it happy and live in harmony","La Huacana, Michoacán, México",0,0.8903,0.8903,0.1097,,0.1097
alotlikebirds,https://x.com/alotlikebirds,A Lot Like Birds,A Lot Like Birds and Nothing Like Fish,Sacramento,0,0.8906,0.8906,0.1094,,0.1094
alhilal_sg,https://x.com/alhilal_sg,ألعاب الهلال المختلفة,الحساب الرسمي لألعاب الهلال المختلفة | The official account of Al-Hilal’s Sports Games  @Alhilal_FC  @Alhilal_EN,المملكة العربية السعودية,0,0.8909,0.8909,0.1091,,0.1091
ajarabic,https://x.com/ajarabic,قناة الجزيرة,الجزيرة.. الرأي والرأي الآخر.. تابع أخبارنا العاجلة على  @AJABreaking,Qatar,0,0.892,0.892,0.108,,0.108
abcsharktank,https://x.com/abcsharktank,Shark Tank,"The official X for #SharkTank. New episodes return Wednesday, January 7 on ABC and Stream on Hulu!",The Shark Tank,0,0.8925,0.8925,0.1075,,0.1075
2012bb6656,https://x.com/2012bb6656,Yves St-Laurent,Avide de vérité et confiant en un avenir meilleur. Hungry for truth and confident in a better future. The best yet to come!,,0,0.8926,0.8926,0.1074,,0.1074
alexphillips8,https://x.com/alexphillips8,Alex Phillips,"Formerly: FIFA advisor, World Football Remission Fund, UEFA/AFC/Deloitte, MESGO/FIMBA, trailing spouse  @lost_food , legacy fan, etc. Personal views, etc.","London, Nyon, KL, Amsterdam",0,0.8927,0.8927,0.1073,,0.1073
ahmet_k_han,https://x.com/ahmet_k_han,Ahmet Kasım Han,"Prof. Dr., Uluslararası İlişkiler, Strateji, Ekonomik - Siyasi Risk Analizi; YK Üyesi/MB  @EdamOrg ; RT not endors.; fav  to self","Istanbul, TR",0,0.8932,0.8932,0.1068,,0.1068
_dinken_,https://x.com/_dinken_,Ajmal Hussain A,It’s okay to get run over by a bus than never cross the road. I’m at least getting somewhere. Views and Opinions expressed are personal.,"Kollam, India",0,0.8932,0.8932,0.1068,,0.1068
_nam11,https://x.com/_nam11,Nathan,"@charltonlive  contributor  | Certified in  @FA  Talent ID &  @ThePFSA  Data Analytics, Oppo Scouting & Set-Pieces  | Living the dream",,0,0.8933,0.8933,0.1067,,0.1067
afintlradio,https://x.com/afintlradio,رادیو افغانستان اینترنشنال,The First 24/7 International News Channel for Afghanistan اولین شبکه خبری بین‌المللی ۲۴ ساعته افغانستان Email: info@afintl.com  00447771112080,"London, UK",0,0.8934,0.8934,0.1066,,0.1066
alarabiya_eng,https://x.com/alarabiya_eng,Al Arabiya English,The Arab world’s leading source of global news and opinion.,Riyadh,0,0.8938,0.8938,0.1062,,0.1062
aliceparkny,https://x.com/aliceparkny,Alice Park,"Health and medicine (and occasional Olympics) national correspondent for  @TIME . Author of The Stem Cell Hope, How Stem Cell Medicine Can Change Our Lives.",New York NY,0,0.8938,0.8938,0.1062,,0.1062
alan_pez_perrie,https://x.com/alan_pez_perrie,Alan Perrie 🦁,"Take a wild guess if you think this shit is the views of my employer... ""Hard, massive and very funny...""","Birmingham, UK",0,0.894,0.894,0.106,,0.106
ainajkhan,https://x.com/ainajkhan,Aina J. Khan,Currently:  @ajplus . Freelance foreign correspondent.  . RT do not = endorsement.,,0,0.894,0.894,0.106,,0.106
airdropcomet,https://x.com/airdropcomet,Airdrop Comet | DeFi,Stay Up-To-Date About Crypto Airdrops With Airdrop Comet  Contact:  t.me/AirdropCometAd …,DeFi,0,0.8941,0.8941,0.1059,,0.1059
alybor11,https://x.com/alybor11,Aly Borromeo,Perseverance is what makes us.. KayaFC  @alybor11,Philippines,0,0.8941,0.8941,0.1059,,0.1059
alexp_ecb,https://x.com/alexp_ecb,Alex pr 🇳🇱,sou sofredor de  @ecbahia  e  @chelseaFC #forarezende,"Salvador, Brasil",0,0.8945,0.8945,0.1055,,0.1055
ahlulbayt_says,https://x.com/ahlulbayt_says,أهـلُ البـيت,"أحيوا أمرنا رحم الله من أحيا أمرنا""التعليقات المنشورة لا تعبر عن رأي صفحتنا تابعونا على منصة X  @imam_ali_says  @ahlulbayt_says",Kuwait,0,0.8945,0.8945,0.1055,,0.1055
abc,https://x.com/abc,ABC News,The only official ABC News account. Download our mobile app for the latest updates:  abcnews.go.com/devices,,0,0.8945,0.8945,0.1055,,0.1055
ahejlsberg,https://x.com/ahejlsberg,Anders Hejlsberg,Technical Fellow at Microsoft,Seattle,0,0.8946,0.8946,0.1054,,0.1054
adresansoso,https://x.com/adresansoso,Lili Adresan🌺🇫🇷,"Je suis un clone d'humoriste iel non-binaire, non genré. Suivez moi pour de nouvelles aventures. #PoilAGratterPolitique #Parodique #Satirique",,0,0.8946,0.8946,0.1054,,0.1054
aaihs,https://x.com/aaihs,AAIHS,AAIHS was founded to foster dialogue about #Black thought & culture. We publish the blog  @BlkPerspectives  (President:  @robgreeneII ):  bit.ly/2iEQ4uU,,0,0.8947,0.8947,0.1053,,0.1053
ajmanclub,https://x.com/ajmanclub,نادي عجمان,الصفحة الرسمية لنادي عجمان الثقافي الرياضي- Ajman club official account |  @ajmanclub_en  - Instagram: ajmanclub,United Arab Emirates - Ajman,0,0.8949,0.8949,0.1051,,0.1051
50uses,https://x.com/50uses,50 Uses For The Word Love Podcast,Comedian  @StephenTrumble  invites guests to chat about the varied multitudes of human feeling that in English all fall under the one umbrella term; Love.,"London, England",0,0.8951,0.8951,0.1049,,0.1049
aaronjmate,https://x.com/aaronjmate,Aaron Maté,Journalist w/  @TheGrayzoneNews  / Writing:  mate.substack.com / Co-host:  @UsefulIdiotpod . Email: aaronmate@protonmail.com,,0,0.8952,0.8952,0.1048,,0.1048
afintlbrk,https://x.com/afintlbrk,افغانستان اینترنشنال,The First 24/7 International News Channel for Afghanistan اولین شبکه خبری بین‌المللی ۲۴ ساعته افغانستان Email: info@afintl.com WhatsApp: +447340006000,"London, UK",0,0.8953,0.8953,0.1047,,0.1047
aibuzznews,https://x.com/aibuzznews,Patrick's AIBuzzNews,Dive into AI with daily insights!  Trending AI news  IT-Specialist at  @desy  Join our tribe!  DM for collab,,0,0.8955,0.8955,0.1045,,0.1045
_sgtslaughter,https://x.com/_sgtslaughter,SGT SLAUGHTER,"WWE Hall of Famer, WWE Ambassador & former World Heavyweight Champion. For bookings contact PVT Paul Incerto @ 203-256-0004.",,0,0.8959,0.8959,0.1041,,0.1041
afintl_en,https://x.com/afintl_en,Afghanistan International English,The first 24/7 hours Afghanistan News Channel | Official English account of  @AFIntlBrk,"London, UK",0,0.8959,0.8959,0.1041,,0.1041
abingdon_arms,https://x.com/abingdon_arms,The Abingdon Arms,"A destination village pub in Beckley, Oxford. Serving sensational locally sourced produced at a fair price! Pop in to see us","Beckley, Oxford",0,0.8963,0.8963,0.1037,,0.1037
alfrewoodard,https://x.com/alfrewoodard,Alfre Woodard,Good triumphs,Present,0,0.8965,0.8965,0.1035,,0.1035
alahlyenglish,https://x.com/alahlyenglish,Al Ahly SC 🇬🇧,"The Official English Account of Al Ahly, the African Club of the 20th Century. @AlAhly  : العربية -  @AlAhlyfrancais","Cairo, Egypt",0,0.8966,0.8966,0.1034,,0.1034
abazarhassan,https://x.com/abazarhassan,Abazar Hassan,"Independent, i believe health, free speech and education a fundamental human right.",Sudan,0,0.8969,0.8969,0.1031,,0.1031
abhistoria,https://x.com/abhistoria,Ahab Bdaiwi איהאבּ ܐܝܗܐܒ,"Assistant Professor in Islamic Philosophy & History, Leiden University| Series Editor, Islamic Thought & History| Editor in Chief, Taḥqīq Journal, Brill.",Leiden/London,0,0.8969,0.8969,0.1031,,0.1031
aischannel,https://x.com/aischannel,AIS Channel,"AIS Channel is the leading online platform for surgical training, sharing, and discussion.",,0,0.8969,0.8969,0.1031,,0.1031
_iamnaaz_,https://x.com/_iamnaaz_,Elnaaz Norouzi,Let me act and I'll be happy,India,0,0.8971,0.8971,0.1029,,0.1029
4refugeewomen,https://x.com/4refugeewomen,Women for Refugee Women 🧡,We support women seeking safety in the UK to rebuild their lives on their own terms.     @4refugeewomen .bsky.social  #WelcomeEveryWoman #SetHerFree,UK,0,0.8974,0.8974,0.1026,,0.1026
alexkennedynba,https://x.com/alexkennedynba,Alex Kennedy,"NFL/NBA Deputy Editor at  @PFSN365  | Past:  @ESPN ,  @USATODAYSports ,  @HoopsHype ,  @NBAalumni ,  @basketbllnews  | AlexKennedyNBA@gmail.com",Florida,0,0.8974,0.8974,0.1026,,0.1026
agoldmund,https://x.com/agoldmund,Alex Goldman,Journalist. host of  @hyperfixedpod . ex/  @westernkabuki . Ex/ @replyall . Chill dude with a cool 'tude. alex@hyperfixedpod.com,,0,0.8974,0.8974,0.1026,,0.1026
afghanistanihrc,https://x.com/afghanistanihrc,AIHRC,Official account of Afghanistan Independent Human Rights Commission,"Kabul, Afghanistan",0,0.8976,0.8976,0.1024,,0.1024
alahlyfrancais,https://x.com/alahlyfrancais,Al Ahly SC 🇫🇷,Le compte français officiel d'   @Alahly  |   @AlahlyEnglish  | Club africain du 20ème siècle.,"Cairo, Egypt",0,0.8977,0.8977,0.1023,,0.1023
altitudesr,https://x.com/altitudesr,92.5 FM - Denver's Altitude Sports Radio,"Denver's EXCLUSIVE HOME of  @Nuggets ,  @Avalanche ,  @ColoradoRapids  & Primetime NFL Football Games | Twitch:  twitch.tv/altitudesr |  bit.ly/ASR925app","Denver, CO",0,0.8977,0.8977,0.1023,,0.1023
7negiashish,https://x.com/7negiashish,Ashish Negi,"#ProudIndian | Working at the backend of  @KhelNow  | #IndianFootball, #IndianSports & #MUFC Fan | Technology lover |",India,0,0.8977,0.8977,0.1023,,0.1023
4noura,https://x.com/4noura,Noura Erakat,"Human Rights attorney | Professor| Author, Justice For Some | Justicia, Paz, Amor",,0,0.8979,0.8979,0.1021,,0.1021
aekbcgr,https://x.com/aekbcgr,AEK BC,Επίσημο X της ΑΕΚ BC - Official AEK BC X Account,"Athens, Greece",0,0.898,0.898,0.102,,0.102
alexlaughs,https://x.com/alexlaughs,alex sujong laughlin,on here less frequently |  @defectormedia  | Normal Gossip co-creator/producer | writer ( @harpersbazaarus  @poynter  @catapultstory  +) | she/her,,0,0.8982,0.8982,0.1018,,0.1018
500womensci,https://x.com/500womensci,500 Women Scientists,"We aim to serve society by making science open, inclusive, and accessible. Also  @500womensci  on Instagram and Facebook.","Washington, DC",0,0.8982,0.8982,0.1018,,0.1018
ahmadshuja,https://x.com/ahmadshuja,Shuja Jamal,"Lawyer • Author • Father • Former Afghan civil servant (national security) • Advisory Committee  @KaldorCentre  • Trustee, Australian Refugee Foundation",Melbourne | Naarm,0,0.8985,0.8985,0.1015,,0.1015
aesthetic993,https://x.com/aesthetic993,私はいつもここにいます,ほう… 向かってくるのか…  逃げずにこのDIOに近づいてくるのか...  近づかなきゃてめーをブチのめせないんでな.,きょと、 ジャパン,0,0.8986,0.8986,0.1014,,0.1014
alanwake,https://x.com/alanwake,Alan Wake 2,"Alan Wake 2 out now on the Epic Games Store, PS5, and Xbox Series X|S. By  @remedygames , presented by  @EpicPublishing . Alan Wake Remastered available now.",Bright Falls,0,0.899,0.899,0.101,,0.101
90ndstoppage,https://x.com/90ndstoppage,90ndstoppage,Get the latest on #IndianFootball  here  | Business Queries / Contact (DM)  : stoppage90nd@gmail.com | FB & IG :  @90ndstoppage,,0,0.8992,0.8992,0.1008,,0.1008
adamhimmelsbach,https://x.com/adamhimmelsbach,Adam Himmelsbach,Celtics writer for The Boston Globe.    adam.himmelsbach@globe.com,Boston,0,0.8992,0.8992,0.1008,,0.1008
abdullahagar2,https://x.com/abdullahagar2,Abdullah Ağar,"Gazi/Yazar/Güney Doğu, Orta Doğu, Balkanlar ve Kafkaslar'da görev. 9 Kitap.","Ankara, Türkiye",0,0.8992,0.8992,0.1008,,0.1008
_thebemagugu_,https://x.com/_thebemagugu_,Thebe Magugu,"Afro-encycopaedic Fashion 52 Bompas Road, Dunkeld, Johannesburg  Tuesday - Friday: 09:00 to 17:00 Saturdays: 09:00 to 15:00",,0,0.8993,0.8993,0.1007,,0.1007
alexkaplan0,https://x.com/alexkaplan0,Alex Kaplan,"Coffee guy  @cometeer , physics  @princetonphys , supporter of  @BrosForDecarb , and your favorite source of superconductor disinformation",NY,0,0.8994,0.8994,0.1006,,0.1006
10downingstreet,https://x.com/10downingstreet,UK Prime Minister,"Official page for Prime Minister  @Keir_Starmer ’s office, based at 10 Downing Street.","10 Downing Street, London",0,0.8995,0.8995,0.1005,,0.1005
ajstream,https://x.com/ajstream,The Stream,The Stream is where Al Jazeera's global audience becomes a community. We are here to amplify your voice.,,0,0.8995,0.8995,0.1005,,0.1005
99piorg,https://x.com/99piorg,99 Percent Invisible,A radio show about design with host  @romanmars . Also find us on Bluesky!  bsky.app/profile/99pi.o …,"Oakland, CA",0,0.8996,0.8996,0.1004,,0.1004
alexvespi,https://x.com/alexvespi,Alessandro Vespignani,"Network & Data Science, Computational Epidemiology, Complex Systems",@northeastern,0,0.8996,0.8996,0.1004,,0.1004
adnanime,https://x.com/adnanime,Animation Digital Network,"Evangelion, Utena, Sailor Moon... c'est Noël avant l'heure",Paris,0,0.8996,0.8996,0.1004,,0.1004
ajenews,https://x.com/ajenews,Al Jazeera Breaking News,"Breaking news from around the world. Follow  @AJEnglish  for analysis, videos and more. Join us on Telegram for real-time updates:  t.me/AJENews_Offici …","Doha, Qatar",0,0.8997,0.8997,0.1003,,0.1003
730no,https://x.com/730no,730.no,730.no ble startet i 2008 og er Norges største frittstående nettsted og plattform for popkultur - og mer  Sjekk ut forsiden:  730.no,"Oslo, Norway",0,0.8999,0.8999,0.1001,,0.1001
abeirami,https://x.com/abeirami,Ahmad Beirami,stealth // ex Gemini RL+Inference  @GoogleDeepMind  // Chat AI  @AIatMeta  // RL Agents  @EA  // ML+Information Theory  @MIT + @Harvard + @GeorgiaTech,"{NYC, SFO, YYZ}",0,0.9,0.9,0.1,,0.1
afgmboard,https://x.com/afgmboard,Anti-FGM Board Kenya,"Established to spearhead the eradication of FGM and enhance the empowerment of girls and women through the implementation of the Prohibition of FGM Act, 2011.",Nairobi-Kenya,0,0.9,0.9,0.1,,0.1
adskulubu,https://x.com/adskulubu,Adana Demirspor,Adana Demirspor Kulübü Resmi X Hesabı / Official X Account Of Adana Demirspor Club,Adana / TÜRKİYE,0,0.9002,0.9002,0.0998,,0.0998
abhijitmajumder,https://x.com/abhijitmajumder,Abhijit Majumder,"Editor, journalist, media entrepreneur. Author of India’s New Right.","New Delhi, India",0,0.9002,0.9002,0.0998,,0.0998
alandersh,https://x.com/alandersh,Alan Dershowitz,"Professor at Harvard Law School for 50 years, now emeritus. Active in litigation, writing, and defense of civil liberties and human rights.","Cambridge, MA",0,0.9004,0.9004,0.0996,,0.0996
actforamerica,https://x.com/actforamerica,ACT For America,"The nation’s premier grassroots movement dedicated to preserving America’s culture, sovereignty & security.  SUBSCRIBE:  actforamerica.substack.com","Washington, DC",0,0.9005,0.9005,0.0995,,0.0995
alialahmed_en,https://x.com/alialahmed_en,Ali AlAhmed,"investigations, opinions, ideas, articles- EMAIL--  @alialahmedx  - @Gmail -",Washington DC,0,0.9008,0.9008,0.0992,,0.0992
alexcallens06,https://x.com/alexcallens06,alexander,futbolista profesional e internacional actualmente jugador del  @AEK_FC_OFFICIAL,"Girona, España",0,0.9008,0.9008,0.0992,,0.0992
alisongopnik,https://x.com/alisongopnik,Alison Gopnik,"Cognitive scientist, psychologist, philosopher, author of Scientist in the Crib, Philosophical Baby, The Gardener & The Carpenter, WSJ Mind And Matter columnist",Berkeley,0,0.9008,0.9008,0.0992,,0.0992
alchemyamerican,https://x.com/alchemyamerican,Jesse Michels,Exploring the nature of reality @  YouTube.com/jessemichels &  open.spotify.com/show/1WqA0m5xT …,"Austin, TX",0,0.9008,0.9008,0.0992,,0.0992
4sylvestermccoy,https://x.com/4sylvestermccoy,Sylvester McCoy,Sylvester’s page is run by his manager  @execcer  but also with personal input & photos from him. NB: Personal replies not possible. Manager:  clareeden.com,"London, England",0,0.9009,0.9009,0.0991,,0.0991
ahlulbayttv,https://x.com/ahlulbayttv,Ahlulbayt TV,• World’s Premier Islamic English TV Network • The Holy Household for Every Household,"London, UK",0,0.9009,0.9009,0.0991,,0.0991
aguilasmonu,https://x.com/aguilasmonu,Águilas Monumental,"¡Fanáticos a morir de EL MÁS GRANDE y más ganador  de México, el  @ClubAmerica  ! Nuestro amor es MONUMENTAL  Telegram:  t.me/aguilasmonumen …",México,0,0.9011,0.9011,0.0989,,0.0989
alexeygorboot,https://x.com/alexeygorboot,Alexey Gorboot,"Cartoonist, comic book artist. Much love to the classical comics. Contact me for commissions.",,0,0.9011,0.9011,0.0989,,0.0989
adv_project,https://x.com/adv_project,Advancement Project,"Next generation racial justice, civil rights org. Supporting, inspiring nat'l and local movements toward a just democracy. #PoliceFreeSchools #MovementLawyering","Washington, DC",0,0.9012,0.9012,0.0988,,0.0988
adidas,https://x.com/adidas,adidas,Through sport we have the power to change lives.,"Herzogenaurach, Deutschland",0,0.9013,0.9013,0.0987,,0.0987
adhdukcharity,https://x.com/adhdukcharity,ADHD UK,We are the charity ADHD UK. Helping everyone with ADHD thrive. Find us at:  adhduk.co.uk. Charity Commission registration number 1188365.,"London, UK",0,0.9013,0.9013,0.0987,,0.0987
ajturk,https://x.com/ajturk,Al Jazeera Türk,"Haber, analiz, görüş yazıları, belgeseller. Son dakika haberler ve canlı anlatım adresi:  @AJTCanli . İletişim için:  @AlJazeeraTurk .","Istanbul, Türkiye",0,0.9014,0.9014,0.0986,,0.0986
1inch,https://x.com/1inch,1inch,Simple experience. Smart execution. Trading built to scale. It's time to bring the world onchain. t.me/OneInchNetwork …,Cross-Chain,0,0.9016,0.9016,0.0984,,0.0984
ahammoudmi,https://x.com/ahammoudmi,Abdullah H. Hammoud,Fatima's Husband. Girl Dad. Son of Immigrants. Dearborn Mayor. Epidemiologist. Policy Nerd. #GoBlue. Personal Account. World Views.,"Dearborn, MI",0,0.9016,0.9016,0.0984,,0.0984
aiatmeta,https://x.com/aiatmeta,AI at Meta,"Together with the AI community, we are pushing the boundaries of what’s possible through open science to create a more connected world.",,0,0.9017,0.9017,0.0983,,0.0983
alexvizorek,https://x.com/alexvizorek,Alex Vizorek,"Humoriste belge...(c'est déjà drôle comme locution, je crois) Sur scène surtout, sur  @RTLFrance  et  @telematin  parfois, ailleurs occasionnellement.",,0,0.9019,0.9019,0.0981,,0.0981
ajplus,https://x.com/ajplus,AJ+,"AJ+ is a unique digital news and storytelling project promoting human rights and equality, holding power to account, and amplifying the voices of the powerless.","Washington, DC",0,0.902,0.902,0.098,,0.098
agnescallamard,https://x.com/agnescallamard,Agnes Callamard,"Secretary General, Amnesty International. Ex UN Special Rapporteur and Columbia Univ. Tweets on human rights. Views my own.  @agnescallamard .bsky.socia",London,0,0.9023,0.9023,0.0977,,0.0977
2dopequeens,https://x.com/2dopequeens,2 Dope Queens Podcast,Podcast hosted by Phoebe Robinson  @dopequeenpheebs  & Jessica Williams  @msjwilly  from  @WNYCStudios . New episodes every Tuesday.,"Brooklyn, NY",0,0.9023,0.9023,0.0977,,0.0977
akaleditor,https://x.com/akaleditor,EDICIONES AKAL,Editorial independiente  Desde 1972  50 años sembrando futuro  Compromiso con la calidad y rigor de los libros.,España,0,0.9023,0.9023,0.0977,,0.0977
alexanderdecroo,https://x.com/alexanderdecroo,Alexander De Croo 🇺🇳,@UNDP  Administrator &  @UN  Under-Secretary-General  | Former Prime Minister of Belgium  | Former Minister of Finance and Development,"New York, USA",0,0.9024,0.9024,0.0976,,0.0976
ahahistorians,https://x.com/ahahistorians,American Historical Association,The American Historical Association is the largest professional organization serving historians in all fields and all professions.  historians.org/join,"Washington, D.C.",0,0.9024,0.9024,0.0976,,0.0976
18thcent_kitty,https://x.com/18thcent_kitty,Kitty Pridden,"I live in a glorious Georgian bubble, masquerades, coffee houses, highwaymen, rakes, taffeta & Tyburn, decadence & debauchery! Creator of #FridayNightFrills",An 18th Century Bubble,0,0.9024,0.9024,0.0976,,0.0976
alhilal_en,https://x.com/alhilal_en,AlHilal Saudi Club,The official English account of #Alhilal Saudi Club - Arabic account :  @Alhilal_FC  - Sports Games account :  @Alhilal_SG,Kingdom of Saudi Arabia,0,0.9024,0.9024,0.0976,,0.0976
aleaguewomen,https://x.com/aleaguewomen,Ninja A-League,"Official account of the Ninja A-League  Catch live game coverage, as well as news, ticketing and so much more here.",Australia,0,0.9025,0.9025,0.0975,,0.0975
akbarsahmed,https://x.com/akbarsahmed,Akbar Shahid Ahmed,Senior Diplomatic Correspondent  @HuffPost . Writing a book on the Biden administration & Gaza  @WWNorton . He/him.   akbar.ahmed@huffpost.com or akbar.58 on Signal,"D.C., via Karachi & New Haven.",0,0.9026,0.9026,0.0974,,0.0974
