iteration,target_column,#classes,#class_0,#class_1,#class_2,min_class_size,training_type,K,algorithm,feature_set,Features_count,balanced,accuracy,precision,recall,F1,AUC
6,target_population,3,253,183,164,164,K-Fold,5.0,LogReg,desc,300,True,0.425,0.4905039058484941,0.425,0.4072172201580613,0.5948040438045883
6,target_population,3,253,183,164,164,LOOCV,,LogReg,desc,300,True,0.4533333333333333,0.5288863910050001,0.4533333333333333,0.4419535262269837,0.495044066510269
6,target_population,3,253,183,164,164,K-Fold,5.0,DecisionTree,desc,300,True,0.385,0.4790303934571176,0.385,0.3450046646371403,0.5471224487506735
6,target_population,3,253,183,164,164,LOOCV,,DecisionTree,desc,300,True,0.395,0.4942677555468899,0.395,0.3619587887400992,0.4633519237672813
6,target_population,3,253,183,164,164,K-Fold,5.0,RandomForest,desc,300,True,0.4133333333333333,0.5008350662526726,0.4133333333333333,0.3897295794900856,0.5906053797868033
6,target_population,3,253,183,164,164,LOOCV,,RandomForest,desc,300,True,0.4183333333333333,0.5080229824985908,0.4183333333333333,0.3962777152713558,0.5273264046140874
6,target_population,3,253,183,164,164,K-Fold,5.0,SVM,desc,300,True,0.42,0.5077709779288092,0.42,0.3941129938128818,0.589097881848396
6,target_population,3,253,183,164,164,LOOCV,,SVM,desc,300,True,0.4033333333333333,0.500516799139372,0.4033333333333333,0.3751122699391866,
6,target_population,3,253,183,164,164,K-Fold,5.0,AdaBoost,desc,300,True,0.3316666666666666,0.3601937380744939,0.3316666666666666,0.3195144510176609,0.517042285929076
6,target_population,3,253,183,164,164,LOOCV,,AdaBoost,desc,300,True,0.3316666666666666,0.6164727184934814,0.3316666666666666,0.2367229115451656,0.2641516900431483
6,target_population,3,253,183,164,164,K-Fold,5.0,XGBoost,desc,300,True,0.3683333333333333,0.4666005438141144,0.3683333333333333,0.3208261971455248,0.5360519178449378
6,target_population,3,253,183,164,164,LOOCV,,XGBoost,desc,300,True,0.3916666666666666,0.5156450999979987,0.3916666666666666,0.3581422764499627,0.3724086521967684
6,target_population,3,253,183,164,164,K-Fold,5.0,LogReg,username,300,True,0.4216666666666667,0.1778027777777777,0.4216666666666667,0.2501328644001563,0.4976437198864761
6,target_population,3,253,183,164,164,LOOCV,,LogReg,username,300,True,0.4216666666666667,0.1778027777777777,0.4216666666666667,0.2501328644001563,0.2493312217476105
6,target_population,3,253,183,164,164,K-Fold,5.0,DecisionTree,username,300,True,0.3016666666666667,0.2502916666666667,0.3016666666666667,0.2242481918749549,0.4976437198864761
6,target_population,3,253,183,164,164,LOOCV,,DecisionTree,username,300,True,0.2733333333333333,0.0747111111111111,0.2733333333333333,0.1173472949389179,0.5
6,target_population,3,253,183,164,164,K-Fold,5.0,RandomForest,username,300,True,0.3316666666666666,0.2518587962962963,0.3316666666666666,0.2750113290907308,0.4976437198864761
6,target_population,3,253,183,164,164,LOOCV,,RandomForest,username,300,True,0.2733333333333333,0.0747111111111111,0.2733333333333333,0.1173472949389179,0.6502208053772194
6,target_population,3,253,183,164,164,K-Fold,5.0,SVM,username,300,True,0.4216666666666667,0.1778027777777777,0.4216666666666667,0.2501328644001563,0.5010977866042835
6,target_population,3,253,183,164,164,LOOCV,,SVM,username,300,True,0.4216666666666667,0.1778027777777777,0.4216666666666667,0.2501328644001563,
6,target_population,3,253,183,164,164,K-Fold,5.0,AdaBoost,username,300,True,0.305,0.093025,0.305,0.1425670498084291,0.4990825688073394
6,target_population,3,253,183,164,164,LOOCV,,AdaBoost,username,300,True,0.305,0.093025,0.305,0.1425670498084291,0.2915318696051804
6,target_population,3,253,183,164,164,K-Fold,5.0,XGBoost,username,300,True,0.4216666666666667,0.1778027777777777,0.4216666666666667,0.2501328644001563,0.5
6,target_population,3,253,183,164,164,LOOCV,,XGBoost,username,300,True,0.4216666666666667,0.1778027777777777,0.4216666666666667,0.2501328644001563,0.5
6,target_population,3,253,183,164,164,K-Fold,5.0,LogReg,fullname,300,True,0.465,0.4337106315015118,0.465,0.4050134101280233,0.5708071839199977
6,target_population,3,253,183,164,164,LOOCV,,LogReg,fullname,300,True,0.465,0.4339922772039059,0.465,0.4044867540044235,0.4262997317293034
6,target_population,3,253,183,164,164,K-Fold,5.0,DecisionTree,fullname,300,True,0.375,0.4575220915378177,0.375,0.3058261258925939,0.570404474611887
6,target_population,3,253,183,164,164,LOOCV,,DecisionTree,fullname,300,True,0.3783333333333333,0.4826310514489385,0.3783333333333333,0.3191534214801368,0.4898219811639782
6,target_population,3,253,183,164,164,K-Fold,5.0,RandomForest,fullname,300,True,0.385,0.4517881488430269,0.385,0.3213141116417139,0.5752225888564457
6,target_population,3,253,183,164,164,LOOCV,,RandomForest,fullname,300,True,0.385,0.4596677502443746,0.385,0.3300878028931936,0.5409550666053098
6,target_population,3,253,183,164,164,K-Fold,5.0,SVM,fullname,300,True,0.4766666666666667,0.4561467662644448,0.4766666666666667,0.4137733173620239,0.5860952358199103
6,target_population,3,253,183,164,164,LOOCV,,SVM,fullname,300,True,0.4666666666666667,0.4397179608428738,0.4666666666666667,0.4042346206459408,
6,target_population,3,253,183,164,164,K-Fold,5.0,AdaBoost,fullname,300,True,0.3316666666666666,0.4204758223471583,0.3316666666666666,0.3186632819563759,0.537548419253123
6,target_population,3,253,183,164,164,LOOCV,,AdaBoost,fullname,300,True,0.345,0.4252037037037037,0.345,0.2406422931895973,0.5276311060450215
6,target_population,3,253,183,164,164,K-Fold,5.0,XGBoost,fullname,300,True,0.405,0.3997771736953822,0.405,0.3706668019384529,0.5514145951567541
6,target_population,3,253,183,164,164,LOOCV,,XGBoost,fullname,300,True,0.455,0.4145009045284781,0.455,0.3763913784065611,0.3525550461991404
6,target_population,3,253,183,164,164,K-Fold,5.0,LogReg,desc_user,300,True,0.4283333333333333,0.4905871393492939,0.4283333333333333,0.411207630696342,0.5971932821376349
6,target_population,3,253,183,164,164,LOOCV,,LogReg,desc_user,300,True,0.45,0.5231026954133507,0.45,0.4385691965118208,0.494731649231021
6,target_population,3,253,183,164,164,K-Fold,5.0,DecisionTree,desc_user,300,True,0.3783333333333333,0.4594064844652952,0.3783333333333333,0.3375369147659063,0.5486842402449561
6,target_population,3,253,183,164,164,LOOCV,,DecisionTree,desc_user,300,True,0.3766666666666666,0.4687783738988065,0.3766666666666666,0.3372954830538781,0.448141991060405
6,target_population,3,253,183,164,164,K-Fold,5.0,RandomForest,desc_user,300,True,0.42,0.5079640103107899,0.42,0.398113231578806,0.595473786478577
6,target_population,3,253,183,164,164,LOOCV,,RandomForest,desc_user,300,True,0.4183333333333333,0.5108591243952746,0.4183333333333333,0.4005802597117315,0.5365132264545025
6,target_population,3,253,183,164,164,K-Fold,5.0,SVM,desc_user,300,True,0.425,0.5150619885582788,0.425,0.3997162195372208,0.5920668862551605
6,target_population,3,253,183,164,164,LOOCV,,SVM,desc_user,300,True,0.4133333333333333,0.5067278555169699,0.4133333333333333,0.3875627762048357,
6,target_population,3,253,183,164,164,K-Fold,5.0,AdaBoost,desc_user,300,True,0.3283333333333333,0.4075306683733215,0.3283333333333333,0.2759726587069041,0.5147878694770435
6,target_population,3,253,183,164,164,LOOCV,,AdaBoost,desc_user,300,True,0.3216666666666666,0.5954972776769509,0.3216666666666666,0.2206722260967544,0.8069876055372819
6,target_population,3,253,183,164,164,K-Fold,5.0,XGBoost,desc_user,300,True,0.3733333333333333,0.4807495050730017,0.3733333333333333,0.3296133216449777,0.538294196002424
6,target_population,3,253,183,164,164,LOOCV,,XGBoost,desc_user,300,True,0.3916666666666666,0.5137896503292089,0.3916666666666666,0.3568315693328465,0.3730543797518895
6,target_population,3,253,183,164,164,K-Fold,5.0,LogReg,desc_fullname,300,True,0.4216666666666667,0.4535431011025099,0.4216666666666667,0.4292234569185369,0.6231030257094062
6,target_population,3,253,183,164,164,LOOCV,,LogReg,desc_fullname,300,True,0.475,0.5288851131409181,0.475,0.4797971879316234,0.5979095247715849
6,target_population,3,253,183,164,164,K-Fold,5.0,DecisionTree,desc_fullname,300,True,0.38,0.4514408268128926,0.38,0.3657776226576866,0.5506945199993668
6,target_population,3,253,183,164,164,LOOCV,,DecisionTree,desc_fullname,300,True,0.3933333333333333,0.4669716254874593,0.3933333333333333,0.3834752402379867,0.5147140618547121
6,target_population,3,253,183,164,164,K-Fold,5.0,RandomForest,desc_fullname,300,True,0.4266666666666667,0.4861410256410256,0.4266666666666667,0.4255717430681753,0.6208064394134166
6,target_population,3,253,183,164,164,LOOCV,,RandomForest,desc_fullname,300,True,0.4483333333333333,0.5173347338935573,0.4483333333333333,0.4524606591704724,0.5925120134439997
6,target_population,3,253,183,164,164,K-Fold,5.0,SVM,desc_fullname,300,True,0.4166666666666667,0.4543566256799291,0.4166666666666667,0.4228216647992605,0.6190690574473768
6,target_population,3,253,183,164,164,LOOCV,,SVM,desc_fullname,300,True,0.4366666666666666,0.5002496505376344,0.4366666666666666,0.4380110501500876,
6,target_population,3,253,183,164,164,K-Fold,5.0,AdaBoost,desc_fullname,300,True,0.38,0.4008306800268452,0.38,0.3654629785801465,0.5695725061676592
6,target_population,3,253,183,164,164,LOOCV,,AdaBoost,desc_fullname,300,True,0.4583333333333333,0.457603089473495,0.4583333333333333,0.3733983813464643,0.5373970323780634
6,target_population,3,253,183,164,164,K-Fold,5.0,XGBoost,desc_fullname,300,True,0.385,0.4514742549591941,0.385,0.3637396169179407,0.5695726039399557
6,target_population,3,253,183,164,164,LOOCV,,XGBoost,desc_fullname,300,True,0.4066666666666667,0.4810235677413895,0.4066666666666667,0.3936831146213156,0.5166196579790341
6,target_population,3,253,183,164,164,K-Fold,5.0,LogReg,user_fullname,300,True,0.4633333333333333,0.4238951960475139,0.4633333333333333,0.3967754407962713,0.5701064530418337
6,target_population,3,253,183,164,164,LOOCV,,LogReg,user_fullname,300,True,0.46,0.4247619935402611,0.46,0.3988065676716053,0.4169731254364089
6,target_population,3,253,183,164,164,K-Fold,5.0,DecisionTree,user_fullname,300,True,0.3483333333333333,0.3988263125763126,0.3483333333333333,0.280772718352653,0.5504141353125891
6,target_population,3,253,183,164,164,LOOCV,,DecisionTree,user_fullname,300,True,0.3666666666666666,0.4168003337041157,0.3666666666666666,0.3050401577122812,0.4716374372674877
6,target_population,3,253,183,164,164,K-Fold,5.0,RandomForest,user_fullname,300,True,0.3683333333333333,0.417415058513524,0.3683333333333333,0.3070962454957313,0.5664347051164293
6,target_population,3,253,183,164,164,LOOCV,,RandomForest,user_fullname,300,True,0.385,0.4439165661674123,0.385,0.3326912005591106,0.5470790636084317
6,target_population,3,253,183,164,164,K-Fold,5.0,SVM,user_fullname,300,True,0.47,0.4406636983873825,0.47,0.4040790324426409,0.588011246569463
6,target_population,3,253,183,164,164,LOOCV,,SVM,user_fullname,300,True,0.4633333333333333,0.4326952929507341,0.4633333333333333,0.3983245160002603,
6,target_population,3,253,183,164,164,K-Fold,5.0,AdaBoost,user_fullname,300,True,0.3366666666666666,0.4235713593887984,0.3366666666666666,0.3248277484868456,0.5443128833659404
6,target_population,3,253,183,164,164,LOOCV,,AdaBoost,user_fullname,300,True,0.33,0.5257400211469226,0.33,0.291397349159812,0.3909360010075117
6,target_population,3,253,183,164,164,K-Fold,5.0,XGBoost,user_fullname,300,True,0.3883333333333333,0.374412615567011,0.3883333333333333,0.3483358018212901,0.5356831966676877
6,target_population,3,253,183,164,164,LOOCV,,XGBoost,user_fullname,300,True,0.45,0.4034901072581484,0.45,0.3674876992386436,0.3540317834567182
6,target_population,3,253,183,164,164,K-Fold,5.0,LogReg,desc_user_fullname,300,True,0.4216666666666667,0.4522116848892627,0.4216666666666667,0.4285470095199971,0.6200985316894146
6,target_population,3,253,183,164,164,LOOCV,,LogReg,desc_user_fullname,300,True,0.4616666666666666,0.5144024226738365,0.4616666666666666,0.4649911191456082,0.5955469970585147
6,target_population,3,253,183,164,164,K-Fold,5.0,DecisionTree,desc_user_fullname,300,True,0.4066666666666667,0.4871135149391067,0.4066666666666667,0.3983571444411931,0.5827897003973639
6,target_population,3,253,183,164,164,LOOCV,,DecisionTree,desc_user_fullname,300,True,0.39,0.461022681011922,0.39,0.3808879870236477,0.512167328572697
6,target_population,3,253,183,164,164,K-Fold,5.0,RandomForest,desc_user_fullname,300,True,0.4366666666666666,0.5008759294276501,0.4366666666666666,0.4372046445329208,0.6185428982383192
6,target_population,3,253,183,164,164,LOOCV,,RandomForest,desc_user_fullname,300,True,0.4383333333333333,0.4993392266335814,0.4383333333333333,0.4386510328828817,0.5876104220132343
6,target_population,3,253,183,164,164,K-Fold,5.0,SVM,desc_user_fullname,300,True,0.41,0.4460932972500137,0.41,0.414841756743359,0.6139162195875851
6,target_population,3,253,183,164,164,LOOCV,,SVM,desc_user_fullname,300,True,0.435,0.4945571574209432,0.435,0.4360225821890827,
6,target_population,3,253,183,164,164,K-Fold,5.0,AdaBoost,desc_user_fullname,300,True,0.3816666666666666,0.4017363866367661,0.3816666666666666,0.366601977543154,0.5670081304414206
6,target_population,3,253,183,164,164,LOOCV,,AdaBoost,desc_user_fullname,300,True,0.6666666666666666,0.652963270059797,0.6666666666666666,0.6150259594312812,0.6004502692164541
6,target_population,3,253,183,164,164,K-Fold,5.0,XGBoost,desc_user_fullname,300,True,0.3866666666666666,0.4552795944794125,0.3866666666666666,0.3658671653263289,0.5733610578686669
6,target_population,3,253,183,164,164,LOOCV,,XGBoost,desc_user_fullname,300,True,0.41,0.4884358281358282,0.41,0.3981515620858329,0.5186270218682152
6,target_population,3,253,183,164,164,K-Fold,5.0,LogReg,numeric,11,True,0.5316666666666666,0.5510953026196928,0.5316666666666666,0.5261393164335544,0.7220306657933575
6,target_population,3,253,183,164,164,LOOCV,,LogReg,numeric,11,True,0.5483333333333333,0.5702585034013606,0.5483333333333333,0.5442414879832478,0.7244018115492007
6,target_population,3,253,183,164,164,K-Fold,5.0,DecisionTree,numeric,11,True,0.4716666666666667,0.4727390793010753,0.4716666666666667,0.4720862610581307,0.5947836923861751
6,target_population,3,253,183,164,164,LOOCV,,DecisionTree,numeric,11,True,0.4983333333333333,0.4971726935675,0.4983333333333333,0.4974174053967715,0.614575988523091
6,target_population,3,253,183,164,164,K-Fold,5.0,RandomForest,numeric,11,True,0.5516666666666666,0.5507406243080544,0.5516666666666666,0.550080578555267,0.7067498828053334
6,target_population,3,253,183,164,164,LOOCV,,RandomForest,numeric,11,True,0.5716666666666667,0.5696961613506131,0.5716666666666667,0.5701449345612535,0.7133597603713819
6,target_population,3,253,183,164,164,K-Fold,5.0,SVM,numeric,11,True,0.5383333333333333,0.5586897176186564,0.5383333333333333,0.53574752112227,0.7132035517449667
6,target_population,3,253,183,164,164,LOOCV,,SVM,numeric,11,True,0.5466666666666666,0.5697446276193885,0.5466666666666666,0.5396628882171525,
6,target_population,3,253,183,164,164,K-Fold,5.0,AdaBoost,numeric,11,True,0.5666666666666667,0.5702016027050849,0.5666666666666667,0.5662290921161001,0.7205622016808994
6,target_population,3,253,183,164,164,LOOCV,,AdaBoost,numeric,11,True,0.5583333333333333,0.5629248688519839,0.5583333333333333,0.5553688874145524,0.7415038472090952
6,target_population,3,253,183,164,164,K-Fold,5.0,XGBoost,numeric,11,True,0.5533333333333333,0.5517702946409192,0.5533333333333333,0.5514054251556665,0.7117133587104881
6,target_population,3,253,183,164,164,LOOCV,,XGBoost,numeric,11,True,0.5416666666666666,0.5388761959248775,0.5416666666666666,0.5396463017203619,0.7113753154470843
6,target_population,3,253,183,164,164,K-Fold,5.0,LogReg,desc+numeric,311,True,0.5583333333333333,0.5704206764058385,0.5583333333333333,0.5539120313364343,0.736945999317195
6,target_population,3,253,183,164,164,LOOCV,,LogReg,desc+numeric,311,True,0.5716666666666667,0.5897935444219883,0.5716666666666667,0.5698755381298387,0.7389249224050947
6,target_population,3,253,183,164,164,K-Fold,5.0,DecisionTree,desc+numeric,311,True,0.485,0.4863893138840302,0.485,0.4855287304695281,0.6045462707115327
6,target_population,3,253,183,164,164,LOOCV,,DecisionTree,desc+numeric,311,True,0.5233333333333333,0.5217593579720445,0.5233333333333333,0.5218885265211365,0.6339083850176553
6,target_population,3,253,183,164,164,K-Fold,5.0,RandomForest,desc+numeric,311,True,0.5716666666666667,0.5686936090225564,0.5716666666666667,0.5689932350475728,0.7193303841446844
6,target_population,3,253,183,164,164,LOOCV,,RandomForest,desc+numeric,311,True,0.5766666666666667,0.5765075060675636,0.5766666666666667,0.5760408011659782,0.7308272714773743
6,target_population,3,253,183,164,164,K-Fold,5.0,SVM,desc+numeric,311,True,0.5566666666666666,0.5753634430775663,0.5566666666666666,0.5533243614993473,0.7289407780810754
6,target_population,3,253,183,164,164,LOOCV,,SVM,desc+numeric,311,True,0.5483333333333333,0.5675412355675513,0.5483333333333333,0.543253782494029,
6,target_population,3,253,183,164,164,K-Fold,5.0,AdaBoost,desc+numeric,311,True,0.5466666666666666,0.544991621728907,0.5466666666666666,0.5442824339568318,0.7089193343788869
6,target_population,3,253,183,164,164,LOOCV,,AdaBoost,desc+numeric,311,True,0.5733333333333334,0.5806188012636583,0.5733333333333334,0.5715448121388911,0.7369248256842269
6,target_population,3,253,183,164,164,K-Fold,5.0,XGBoost,desc+numeric,311,True,0.5816666666666667,0.5793956003582599,0.5816666666666667,0.5793996833949104,0.7147718907601359
6,target_population,3,253,183,164,164,LOOCV,,XGBoost,desc+numeric,311,True,0.5533333333333333,0.5507893598521931,0.5533333333333333,0.5512293448325376,0.7126667585108076
6,target_population,2,253,183,0,183,K-Fold,5.0,LogReg,desc,300,True,0.5779816513761468,0.5792773212262285,0.5779816513761468,0.578581483636493,0.6456186958681613
6,target_population,2,253,183,0,183,LOOCV,,LogReg,desc,300,True,0.378440366972477,0.388949361509644,0.378440366972477,0.3822737918554497,0.5469448584202683
6,target_population,2,253,183,0,183,K-Fold,5.0,DecisionTree,desc,300,True,0.5160550458715596,0.6153723063793471,0.5160550458715596,0.4770578370442583,0.5722477807296054
6,target_population,2,253,183,0,183,LOOCV,,DecisionTree,desc,300,True,0.5091743119266054,0.6000307273605197,0.5091743119266054,0.4717497683681445,0.4172228341864835
6,target_population,2,253,183,0,183,K-Fold,5.0,RandomForest,desc,300,True,0.555045871559633,0.6317963459553697,0.555045871559633,0.536436130858305,0.6169679690706062
6,target_population,2,253,183,0,183,LOOCV,,RandomForest,desc,300,True,0.5527522935779816,0.6276378992419241,0.5527522935779816,0.5345115182192056,0.5396876822393573
6,target_population,2,253,183,0,183,K-Fold,5.0,SVM,desc,300,True,0.573394495412844,0.573394495412844,0.573394495412844,0.573394495412844,0.6314067258472106
6,target_population,2,253,183,0,183,LOOCV,,SVM,desc,300,True,0.3532110091743119,0.3635254628103217,0.3532110091743119,0.357143442239281,
6,target_population,2,253,183,0,183,K-Fold,5.0,AdaBoost,desc,300,True,0.5642201834862385,0.5400182754137388,0.5642201834862385,0.5316943161810531,0.5206375947644658
6,target_population,2,253,183,0,183,LOOCV,,AdaBoost,desc,300,True,0.5940366972477065,0.5962839517331767,0.5940366972477065,0.495359216596232,0.2271107367329748
6,target_population,2,253,183,0,183,K-Fold,5.0,XGBoost,desc,300,True,0.5573394495412844,0.5343211623182917,0.5573394495412844,0.5301009278684076,0.546383291215793
6,target_population,2,253,183,0,183,LOOCV,,XGBoost,desc,300,True,0.6009174311926605,0.5928109740328572,0.6009174311926605,0.5379479291906314,0.3413464653664225
6,target_population,2,253,183,0,183,K-Fold,5.0,LogReg,username,300,True,0.5802752293577982,0.3367193418062453,0.5802752293577982,0.426152780921692,0.5
6,target_population,2,253,183,0,183,LOOCV,,LogReg,username,300,True,0.5802752293577982,0.3367193418062453,0.5802752293577982,0.426152780921692,0.2598760232402428
6,target_population,2,253,183,0,183,K-Fold,5.0,DecisionTree,username,300,True,0.5504587155963303,0.5160276253660977,0.5504587155963303,0.5063840883768342,0.5
6,target_population,2,253,183,0,183,LOOCV,,DecisionTree,username,300,True,0.5802752293577982,0.3367193418062453,0.5802752293577982,0.426152780921692,0.5136612021857924
6,target_population,2,253,183,0,183,K-Fold,5.0,RandomForest,username,300,True,0.518348623853211,0.5154216819069715,0.518348623853211,0.5167153039680101,0.5011015356703168
6,target_population,2,253,183,0,183,LOOCV,,RandomForest,username,300,True,0.536697247706422,0.3256220711504191,0.536697247706422,0.4053265781185814,0.3457526080476901
6,target_population,2,253,183,0,183,K-Fold,5.0,SVM,username,300,True,0.5802752293577982,0.3367193418062453,0.5802752293577982,0.426152780921692,0.4973217564094256
6,target_population,2,253,183,0,183,LOOCV,,SVM,username,300,True,0.5802752293577982,0.3367193418062453,0.5802752293577982,0.426152780921692,
6,target_population,2,253,183,0,183,K-Fold,5.0,AdaBoost,username,300,True,0.5802752293577982,0.3367193418062453,0.5802752293577982,0.426152780921692,0.4943411304779801
6,target_population,2,253,183,0,183,LOOCV,,AdaBoost,username,300,True,0.5802752293577982,0.3367193418062453,0.5802752293577982,0.426152780921692,0.0
6,target_population,2,253,183,0,183,K-Fold,5.0,XGBoost,username,300,True,0.5802752293577982,0.3367193418062453,0.5802752293577982,0.426152780921692,0.5
6,target_population,2,253,183,0,183,LOOCV,,XGBoost,username,300,True,0.5802752293577982,0.3367193418062453,0.5802752293577982,0.426152780921692,0.0
6,target_population,2,253,183,0,183,K-Fold,5.0,LogReg,fullname,300,True,0.6444954128440367,0.6636788316243929,0.6444954128440367,0.5959722103769767,0.6528866714183893
6,target_population,2,253,183,0,183,LOOCV,,LogReg,fullname,300,True,0.6444954128440367,0.6519809092897335,0.6444954128440367,0.6063248883047272,0.4846756949394155
6,target_population,2,253,183,0,183,K-Fold,5.0,DecisionTree,fullname,300,True,0.5389908256880734,0.7052096985583223,0.5389908256880734,0.48523020990144,0.6452839154193395
6,target_population,2,253,183,0,183,LOOCV,,DecisionTree,fullname,300,True,0.5298165137614679,0.6922569012646942,0.5298165137614679,0.4732603023434017,0.508423508067129
6,target_population,2,253,183,0,183,K-Fold,5.0,RandomForest,fullname,300,True,0.5481651376146789,0.6898431188867945,0.5481651376146789,0.5047862782341687,0.6550573446510725
6,target_population,2,253,183,0,183,LOOCV,,RandomForest,fullname,300,True,0.5481651376146789,0.6948433151221522,0.5481651376146789,0.5033081540289929,0.6156720447525865
6,target_population,2,253,183,0,183,K-Fold,5.0,SVM,fullname,300,True,0.6422018348623854,0.6608406464730127,0.6422018348623854,0.5925564765922299,0.6570552279746862
6,target_population,2,253,183,0,183,LOOCV,,SVM,fullname,300,True,0.6422018348623854,0.6492311668174183,0.6422018348623854,0.6030944098151969,
6,target_population,2,253,183,0,183,K-Fold,5.0,AdaBoost,fullname,300,True,0.5229357798165137,0.5586768552183176,0.5229357798165137,0.5194779186335572,0.5949912525108534
6,target_population,2,253,183,0,183,LOOCV,,AdaBoost,fullname,300,True,0.4908256880733945,0.7522442537239815,0.4908256880733945,0.3905682100096103,0.2963778915311346
6,target_population,2,253,183,0,183,K-Fold,5.0,XGBoost,fullname,300,True,0.6399082568807339,0.6739590171371237,0.6399082568807339,0.578484853195464,0.6069461543445862
6,target_population,2,253,183,0,183,LOOCV,,XGBoost,fullname,300,True,0.6490825688073395,0.6853054923681308,0.6490825688073395,0.5928350766140803,0.3694464243288192
6,target_population,2,253,183,0,183,K-Fold,5.0,LogReg,desc_user,300,True,0.573394495412844,0.5740439185484691,0.573394495412844,0.5737073100081675,0.634776129074062
6,target_population,2,253,183,0,183,LOOCV,,LogReg,desc_user,300,True,0.6169724770642202,0.6071633910146441,0.6169724770642202,0.592335346439059,0.545108965636407
6,target_population,2,253,183,0,183,K-Fold,5.0,DecisionTree,desc_user,300,True,0.5252293577981652,0.6485321669808208,0.5252293577981652,0.4796485258602686,0.5832955355407244
6,target_population,2,253,183,0,183,LOOCV,,DecisionTree,desc_user,300,True,0.4977064220183486,0.5828526151412103,0.4977064220183486,0.4586892329308318,0.4009805827339683
6,target_population,2,253,183,0,183,K-Fold,5.0,RandomForest,desc_user,300,True,0.5527522935779816,0.6371989678899083,0.5527522935779816,0.5306341261745556,0.6042895094926455
6,target_population,2,253,183,0,183,LOOCV,,RandomForest,desc_user,300,True,0.536697247706422,0.6075617119567743,0.536697247706422,0.5173200950174104,0.5216959329575153
6,target_population,2,253,183,0,183,K-Fold,5.0,SVM,desc_user,300,True,0.5688073394495413,0.5688073394495413,0.5688073394495413,0.5688073394495413,0.6232963994902697
6,target_population,2,253,183,0,183,LOOCV,,SVM,desc_user,300,True,0.3486238532110092,0.3589609317757842,0.3486238532110092,0.3525841758721837,
6,target_population,2,253,183,0,183,K-Fold,5.0,AdaBoost,desc_user,300,True,0.5642201834862385,0.5400182754137388,0.5642201834862385,0.5316943161810531,0.5237154150197628
6,target_population,2,253,183,0,183,LOOCV,,AdaBoost,desc_user,300,True,0.6032110091743119,0.6230349884185665,0.6032110091743119,0.5094709970484117,0.2112140650985982
6,target_population,2,253,183,0,183,K-Fold,5.0,XGBoost,desc_user,300,True,0.5573394495412844,0.5336422515601302,0.5573394495412844,0.5288665979804694,0.5501738698460009
6,target_population,2,253,183,0,183,LOOCV,,XGBoost,desc_user,300,True,0.6032110091743119,0.5975879560583768,0.6032110091743119,0.5396109036224569,0.3713903108058489
6,target_population,2,253,183,0,183,K-Fold,5.0,LogReg,desc_fullname,300,True,0.6834862385321101,0.6833790035294615,0.6834862385321101,0.6692318253848691,0.7211494848700836
6,target_population,2,253,183,0,183,LOOCV,,LogReg,desc_fullname,300,True,0.6674311926605505,0.6628236690163296,0.6674311926605505,0.6583183568551605,0.685781550357459
6,target_population,2,253,183,0,183,K-Fold,5.0,DecisionTree,desc_fullname,300,True,0.5848623853211009,0.6337244105540094,0.5848623853211009,0.5796586769179025,0.6471954037884189
6,target_population,2,253,183,0,183,LOOCV,,DecisionTree,desc_fullname,300,True,0.5848623853211009,0.669812273772395,0.5848623853211009,0.5679312040906472,0.5932525540508433
6,target_population,2,253,183,0,183,K-Fold,5.0,RandomForest,desc_fullname,300,True,0.6353211009174312,0.6640161463179093,0.6353211009174312,0.6361673305053511,0.7123587982461823
6,target_population,2,253,183,0,183,LOOCV,,RandomForest,desc_fullname,300,True,0.6307339449541285,0.6835572895891504,0.6307339449541285,0.6265672909914497,0.6747877923929242
6,target_population,2,253,183,0,183,K-Fold,5.0,SVM,desc_fullname,300,True,0.6743119266055045,0.6719750404852195,0.6743119266055045,0.6611213913864049,0.7127259768029547
6,target_population,2,253,183,0,183,LOOCV,,SVM,desc_fullname,300,True,0.6536697247706422,0.6481327227456815,0.6536697247706422,0.646562131908214,
6,target_population,2,253,183,0,183,K-Fold,5.0,AdaBoost,desc_fullname,300,True,0.5986238532110092,0.5881079955989001,0.5986238532110092,0.5868801441822084,0.6074105272252099
6,target_population,2,253,183,0,183,LOOCV,,AdaBoost,desc_fullname,300,True,0.6422018348623854,0.656911887309783,0.6422018348623854,0.5957390402355401,0.3809153545432946
6,target_population,2,253,183,0,183,K-Fold,5.0,XGBoost,desc_fullname,300,True,0.6353211009174312,0.6420304871505982,0.6353211009174312,0.5918192795708997,0.6212661180587055
6,target_population,2,253,183,0,183,LOOCV,,XGBoost,desc_fullname,300,True,0.6238532110091743,0.6204780728256173,0.6238532110091743,0.5855953237034948,0.4827534072010194
6,target_population,2,253,183,0,183,K-Fold,5.0,LogReg,user_fullname,300,True,0.6444954128440367,0.6636788316243929,0.6444954128440367,0.5959722103769767,0.6558564979805179
6,target_population,2,253,183,0,183,LOOCV,,LogReg,user_fullname,300,True,0.6467889908256881,0.6546954509829217,0.6467889908256881,0.609538766527546,0.4894490161774553
6,target_population,2,253,183,0,183,K-Fold,5.0,DecisionTree,user_fullname,300,True,0.5435779816513762,0.6040090393955748,0.5435779816513762,0.5302196083796805,0.6222704594051708
6,target_population,2,253,183,0,183,LOOCV,,DecisionTree,user_fullname,300,True,0.5344036697247706,0.6899535543457562,0.5344036697247706,0.4817849332794907,0.5099030216635347
6,target_population,2,253,183,0,183,K-Fold,5.0,RandomForest,user_fullname,300,True,0.5825688073394495,0.6065106477265296,0.5825688073394495,0.5840983101090532,0.6577895850882308
6,target_population,2,253,183,0,183,LOOCV,,RandomForest,user_fullname,300,True,0.5435779816513762,0.6769778386750864,0.5435779816513762,0.5012229702035222,0.6115034881962893
6,target_population,2,253,183,0,183,K-Fold,5.0,SVM,user_fullname,300,True,0.6399082568807339,0.6559295736643281,0.6399082568807339,0.5907589485753892,0.6567312468951814
6,target_population,2,253,183,0,183,LOOCV,,SVM,user_fullname,300,True,0.6376146788990825,0.6412939227346269,0.6376146788990825,0.5993969163074823,
6,target_population,2,253,183,0,183,K-Fold,5.0,AdaBoost,user_fullname,300,True,0.5619266055045872,0.5656786583321153,0.5619266055045872,0.5634501145099057,0.6100671720771507
6,target_population,2,253,183,0,183,LOOCV,,AdaBoost,user_fullname,300,True,0.5022935779816514,0.7191829713536791,0.5022935779816514,0.4176273840653577,0.3141104559493725
6,target_population,2,253,183,0,183,K-Fold,5.0,XGBoost,user_fullname,300,True,0.6399082568807339,0.6774655963302753,0.6399082568807339,0.5765689623947899,0.6061146029071903
6,target_population,2,253,183,0,183,LOOCV,,XGBoost,user_fullname,300,True,0.6467889908256881,0.6860448011137892,0.6467889908256881,0.5874632491262357,0.3665305946132745
6,target_population,2,253,183,0,183,K-Fold,5.0,LogReg,desc_user_fullname,300,True,0.6834862385321101,0.6833790035294615,0.6834862385321101,0.6692318253848691,0.721257478563252
6,target_population,2,253,183,0,183,LOOCV,,LogReg,desc_user_fullname,300,True,0.6628440366972477,0.657950021818104,0.6628440366972477,0.652979321113055,0.6762997040972807
6,target_population,2,253,183,0,183,K-Fold,5.0,DecisionTree,desc_user_fullname,300,True,0.5848623853211009,0.6273973570121464,0.5848623853211009,0.5816275808507174,0.6371951878010325
6,target_population,2,253,183,0,183,LOOCV,,DecisionTree,desc_user_fullname,300,True,0.5825688073394495,0.6737693427731408,0.5825688073394495,0.5633220874025846,0.6010928961748634
6,target_population,2,253,183,0,183,K-Fold,5.0,RandomForest,desc_user_fullname,300,True,0.6490825688073395,0.6769160932721712,0.6490825688073395,0.6500964554464194,0.7178664765977667
6,target_population,2,253,183,0,183,LOOCV,,RandomForest,desc_user_fullname,300,True,0.6399082568807339,0.6918473502632748,0.6399082568807339,0.6362799037073353,0.6797123048013995
6,target_population,2,253,183,0,183,K-Fold,5.0,SVM,desc_user_fullname,300,True,0.6720183486238532,0.6692025720838795,0.6720183486238532,0.6590942875867123,0.7114840493315191
6,target_population,2,253,183,0,183,LOOCV,,SVM,desc_user_fullname,300,True,0.6444954128440367,0.638294085017313,0.6444954128440367,0.6366170680604666,
6,target_population,2,253,183,0,183,K-Fold,5.0,AdaBoost,desc_user_fullname,300,True,0.5986238532110092,0.5881079955989001,0.5986238532110092,0.5868801441822084,0.6074537247024773
6,target_population,2,253,183,0,183,LOOCV,,AdaBoost,desc_user_fullname,300,True,0.6422018348623854,0.656911887309783,0.6422018348623854,0.5957390402355401,0.3809801507591956
6,target_population,2,253,183,0,183,K-Fold,5.0,XGBoost,desc_user_fullname,300,True,0.6284403669724771,0.6344076523992516,0.6284403669724771,0.580190541783061,0.6168491760081212
6,target_population,2,253,183,0,183,LOOCV,,XGBoost,desc_user_fullname,300,True,0.6169724770642202,0.6108596821756226,0.6169724770642202,0.5773003720328738,0.4778720922698114
6,target_population,2,253,183,0,183,K-Fold,5.0,LogReg,numeric,11,True,0.676605504587156,0.6810516116371486,0.676605504587156,0.6780317035101082,0.7150046437288061
6,target_population,2,253,183,0,183,LOOCV,,LogReg,numeric,11,True,0.6880733944954128,0.6914374064779486,0.6880733944954128,0.689236028202711,0.7373161407373808
6,target_population,2,253,183,0,183,K-Fold,5.0,DecisionTree,numeric,11,True,0.6651376146788991,0.6686363276983399,0.6651376146788991,0.6663857361587926,0.6608134084969439
6,target_population,2,253,183,0,183,LOOCV,,DecisionTree,numeric,11,True,0.6720183486238532,0.6713045919342508,0.6720183486238532,0.671629599650003,0.6622065271388151
6,target_population,2,253,183,0,183,K-Fold,5.0,RandomForest,numeric,11,True,0.658256880733945,0.6590591891092039,0.658256880733945,0.6586269657359787,0.7189464135294499
6,target_population,2,253,183,0,183,LOOCV,,RandomForest,numeric,11,True,0.6788990825688074,0.6759157923027108,0.6788990825688074,0.6764807198847059,0.7120132184280438
6,target_population,2,253,183,0,183,K-Fold,5.0,SVM,numeric,11,True,0.6674311926605505,0.6803194175574447,0.6674311926605505,0.6695882034721141,0.7225534028812717
6,target_population,2,253,183,0,183,LOOCV,,SVM,numeric,11,True,0.6651376146788991,0.6775397214714189,0.6651376146788991,0.6673085445498367,
6,target_population,2,253,183,0,183,K-Fold,5.0,AdaBoost,numeric,11,True,0.6857798165137615,0.688835412672072,0.6857798165137615,0.6868725952243826,0.7609775589105595
6,target_population,2,253,183,0,183,LOOCV,,AdaBoost,numeric,11,True,0.7454128440366973,0.7436706539386946,0.7454128440366973,0.7436378298252957,0.7803192293570055
6,target_population,2,253,183,0,183,K-Fold,5.0,XGBoost,numeric,11,True,0.6972477064220184,0.6956681379712065,0.6972477064220184,0.6962210482084634,0.7436013736797771
6,target_population,2,253,183,0,183,LOOCV,,XGBoost,numeric,11,True,0.694954128440367,0.6928872413057393,0.694954128440367,0.6934732344879349,0.7287846389770837
6,target_population,2,253,183,0,183,K-Fold,5.0,LogReg,desc+numeric,311,True,0.6903669724770642,0.6933967739439223,0.6903669724770642,0.6914437982138076,0.7365601848852027
6,target_population,2,253,183,0,183,LOOCV,,LogReg,desc+numeric,311,True,0.694954128440367,0.6979581352157725,0.694954128440367,0.6960150012032328,0.7555238774055595
6,target_population,2,253,183,0,183,K-Fold,5.0,DecisionTree,desc+numeric,311,True,0.6605504587155964,0.6640761119424182,0.6605504587155964,0.6618156777500089,0.6561048834748051
6,target_population,2,253,183,0,183,LOOCV,,DecisionTree,desc+numeric,311,True,0.6972477064220184,0.6963949499105264,0.6972477064220184,0.6967623057129995,0.687725436834489
6,target_population,2,253,183,0,183,K-Fold,5.0,RandomForest,desc+numeric,311,True,0.6720183486238532,0.6751513288565214,0.6720183486238532,0.6731589862561075,0.7269595455625392
6,target_population,2,253,183,0,183,LOOCV,,RandomForest,desc+numeric,311,True,0.6926605504587156,0.6922111274435265,0.6926605504587156,0.692421210228044,0.7239897190004103
6,target_population,2,253,183,0,183,K-Fold,5.0,SVM,desc+numeric,311,True,0.6788990825688074,0.6922913424634368,0.6788990825688074,0.6809792536439412,0.7439685522365495
6,target_population,2,253,183,0,183,LOOCV,,SVM,desc+numeric,311,True,0.6788990825688074,0.6893869904745459,0.6788990825688074,0.6809432697182292,
6,target_population,2,253,183,0,183,K-Fold,5.0,AdaBoost,desc+numeric,311,True,0.6720183486238532,0.6772061110247241,0.6720183486238532,0.6735962022276266,0.7446921099807771
6,target_population,2,253,183,0,183,LOOCV,,AdaBoost,desc+numeric,311,True,0.7591743119266054,0.7579707721249678,0.7591743119266054,0.7582429961385106,0.7818527397999957
6,target_population,2,253,183,0,183,K-Fold,5.0,XGBoost,desc+numeric,311,True,0.6834862385321101,0.6830221064045264,0.6834862385321101,0.6832397538169408,0.7429318127821336
6,target_population,2,253,183,0,183,LOOCV,,XGBoost,desc+numeric,311,True,0.6834862385321101,0.6821804255329368,0.6834862385321101,0.682703196674312,0.7156094084105489
6,locals_vs_diaspora,3,31,59,510,31,K-Fold,5.0,LogReg,desc,300,True,0.7433333333333333,0.7683867958331149,0.7433333333333333,0.7552509019379249,0.5565929317659889
6,locals_vs_diaspora,3,31,59,510,31,LOOCV,,LogReg,desc,300,True,0.7333333333333333,0.765067310521856,0.7333333333333333,0.7483258019639103,0.5006654873803794
6,locals_vs_diaspora,3,31,59,510,31,K-Fold,5.0,DecisionTree,desc,300,True,0.8066666666666666,0.766632900101937,0.8066666666666666,0.784666949042593,0.4705047495705588
6,locals_vs_diaspora,3,31,59,510,31,LOOCV,,DecisionTree,desc,300,True,0.8233333333333334,0.7907392425320058,0.8233333333333334,0.8042534498207885,0.4747285931234307
6,locals_vs_diaspora,3,31,59,510,31,K-Fold,5.0,RandomForest,desc,300,True,0.7833333333333333,0.7711256105006105,0.7833333333333333,0.7770796525832405,0.5009952202900528
6,locals_vs_diaspora,3,31,59,510,31,LOOCV,,RandomForest,desc,300,True,0.7733333333333333,0.7695790249555652,0.7733333333333333,0.7713962049913377,0.4466379301735945
6,locals_vs_diaspora,3,31,59,510,31,K-Fold,5.0,SVM,desc,300,True,0.79,0.7625721299755858,0.79,0.7751460727969349,0.5139219969468378
6,locals_vs_diaspora,3,31,59,510,31,LOOCV,,SVM,desc,300,True,0.775,0.7587900849033165,0.775,0.7664996088358422,
6,locals_vs_diaspora,3,31,59,510,31,K-Fold,5.0,AdaBoost,desc,300,True,0.8283333333333334,0.7860314644835856,0.8283333333333334,0.8015851279332191,0.5340671222226192
6,locals_vs_diaspora,3,31,59,510,31,LOOCV,,AdaBoost,desc,300,True,0.84,0.7858150183150184,0.84,0.8006343272691897,0.4791276459645765
6,locals_vs_diaspora,3,31,59,510,31,K-Fold,5.0,XGBoost,desc,300,True,0.7916666666666666,0.763628765673343,0.7916666666666666,0.7768011848417529,0.5137061875261915
6,locals_vs_diaspora,3,31,59,510,31,LOOCV,,XGBoost,desc,300,True,0.8083333333333333,0.7798560606060606,0.8083333333333333,0.7929040141801273,0.4809175710588719
6,locals_vs_diaspora,3,31,59,510,31,K-Fold,5.0,LogReg,username,300,True,0.85,0.7225,0.85,0.7810810810810812,0.5010726734648133
6,locals_vs_diaspora,3,31,59,510,31,LOOCV,,LogReg,username,300,True,0.85,0.7225,0.85,0.7810810810810812,0.5206448962826041
6,locals_vs_diaspora,3,31,59,510,31,K-Fold,5.0,DecisionTree,username,300,True,0.5316666666666666,0.7252986111111112,0.5316666666666666,0.6028879840522543,0.5010726734648133
6,locals_vs_diaspora,3,31,59,510,31,LOOCV,,DecisionTree,username,300,True,0.025,0.0013270547945205,0.025,0.002520325203252,0.5222222222222221
6,locals_vs_diaspora,3,31,59,510,31,K-Fold,5.0,RandomForest,username,300,True,0.5316666666666666,0.7252986111111112,0.5316666666666666,0.6028879840522543,0.5010726734648133
6,locals_vs_diaspora,3,31,59,510,31,LOOCV,,RandomForest,username,300,True,0.025,0.0013270547945205,0.025,0.002520325203252,0.4898342233175875
6,locals_vs_diaspora,3,31,59,510,31,K-Fold,5.0,SVM,username,300,True,0.85,0.7225,0.85,0.7810810810810812,0.4985576407680888
6,locals_vs_diaspora,3,31,59,510,31,LOOCV,,SVM,username,300,True,0.85,0.7225,0.85,0.7810810810810812,
6,locals_vs_diaspora,3,31,59,510,31,K-Fold,5.0,AdaBoost,username,300,True,0.85,0.7225,0.85,0.7810810810810812,0.5014423592319113
6,locals_vs_diaspora,3,31,59,510,31,LOOCV,,AdaBoost,username,300,True,0.85,0.7225,0.85,0.7810810810810812,0.279774782638461
6,locals_vs_diaspora,3,31,59,510,31,K-Fold,5.0,XGBoost,username,300,True,0.85,0.7225,0.85,0.7810810810810812,0.5010726734648133
6,locals_vs_diaspora,3,31,59,510,31,LOOCV,,XGBoost,username,300,True,0.85,0.7225,0.85,0.7810810810810812,0.5206448962826041
6,locals_vs_diaspora,3,31,59,510,31,K-Fold,5.0,LogReg,fullname,300,True,0.755,0.7573787865406694,0.755,0.7561197733764106,0.5793055534800887
6,locals_vs_diaspora,3,31,59,510,31,LOOCV,,LogReg,fullname,300,True,0.7516666666666667,0.7616816152630465,0.7516666666666667,0.7560907623352007,0.5305216713030791
6,locals_vs_diaspora,3,31,59,510,31,K-Fold,5.0,DecisionTree,fullname,300,True,0.3633333333333333,0.7547676378635267,0.3633333333333333,0.4641633368323724,0.5457590976134779
6,locals_vs_diaspora,3,31,59,510,31,LOOCV,,DecisionTree,fullname,300,True,0.2516666666666666,0.7183832079178035,0.2516666666666666,0.3517057059394431,0.5286522079117278
6,locals_vs_diaspora,3,31,59,510,31,K-Fold,5.0,RandomForest,fullname,300,True,0.3866666666666666,0.7462349127288207,0.3866666666666666,0.4908586966950076,0.5298466077787536
6,locals_vs_diaspora,3,31,59,510,31,LOOCV,,RandomForest,fullname,300,True,0.27,0.7292031480036696,0.27,0.3763207118836288,0.478243324065321
6,locals_vs_diaspora,3,31,59,510,31,K-Fold,5.0,SVM,fullname,300,True,0.7683333333333333,0.7491162273140457,0.7683333333333333,0.7586028557599227,0.5272266436584623
6,locals_vs_diaspora,3,31,59,510,31,LOOCV,,SVM,fullname,300,True,0.76,0.7445320512820514,0.76,0.752170111702683,
6,locals_vs_diaspora,3,31,59,510,31,K-Fold,5.0,AdaBoost,fullname,300,True,0.7883333333333333,0.7292089851584437,0.7883333333333333,0.7569570696403932,0.5109201303802268
6,locals_vs_diaspora,3,31,59,510,31,LOOCV,,AdaBoost,fullname,300,True,0.77,0.7593278201865988,0.77,0.7624759774106096,0.8330947890982765
6,locals_vs_diaspora,3,31,59,510,31,K-Fold,5.0,XGBoost,fullname,300,True,0.775,0.7591792482673339,0.775,0.7669441744951949,0.5543231097339637
6,locals_vs_diaspora,3,31,59,510,31,LOOCV,,XGBoost,fullname,300,True,0.7683333333333333,0.7591294459363184,0.7683333333333333,0.7635640024038461,0.5355249439232918
6,locals_vs_diaspora,3,31,59,510,31,K-Fold,5.0,LogReg,desc_user,300,True,0.7483333333333333,0.771992160533408,0.7483333333333333,0.7595970695970696,0.5611034146182411
6,locals_vs_diaspora,3,31,59,510,31,LOOCV,,LogReg,desc_user,300,True,0.74,0.7719578359351086,0.74,0.7551003513873743,0.5071020581652897
6,locals_vs_diaspora,3,31,59,510,31,K-Fold,5.0,DecisionTree,desc_user,300,True,0.7966666666666666,0.7617127729644829,0.7966666666666666,0.7778381185807657,0.4465605257572656
6,locals_vs_diaspora,3,31,59,510,31,LOOCV,,DecisionTree,desc_user,300,True,0.81,0.7780868603567309,0.81,0.7920252661800528,0.4393427286108701
6,locals_vs_diaspora,3,31,59,510,31,K-Fold,5.0,RandomForest,desc_user,300,True,0.7766666666666666,0.7749664038659079,0.7766666666666666,0.7758100057522191,0.5001247173304371
6,locals_vs_diaspora,3,31,59,510,31,LOOCV,,RandomForest,desc_user,300,True,0.7716666666666666,0.7688714529454024,0.7716666666666666,0.7702642965862143,0.4599110418205972
6,locals_vs_diaspora,3,31,59,510,31,K-Fold,5.0,SVM,desc_user,300,True,0.7933333333333333,0.7653630038463984,0.7933333333333333,0.7780113628508551,0.5606101234896769
6,locals_vs_diaspora,3,31,59,510,31,LOOCV,,SVM,desc_user,300,True,0.7816666666666666,0.7632205777004138,0.7816666666666666,0.7720077783411117,
6,locals_vs_diaspora,3,31,59,510,31,K-Fold,5.0,AdaBoost,desc_user,300,True,0.8233333333333334,0.7845207228686998,0.8233333333333334,0.7997306621181924,0.5360699519863301
6,locals_vs_diaspora,3,31,59,510,31,LOOCV,,AdaBoost,desc_user,300,True,0.84,0.7858150183150184,0.84,0.8006343272691897,0.4685752886733773
6,locals_vs_diaspora,3,31,59,510,31,K-Fold,5.0,XGBoost,desc_user,300,True,0.785,0.7616126504825391,0.785,0.7728379095168316,0.5030376007218053
6,locals_vs_diaspora,3,31,59,510,31,LOOCV,,XGBoost,desc_user,300,True,0.7983333333333333,0.7671538674008536,0.7983333333333333,0.7816173013974277,0.4281205297000511
6,locals_vs_diaspora,3,31,59,510,31,K-Fold,5.0,LogReg,desc_fullname,300,True,0.71,0.7733614220389384,0.71,0.7375907558244748,0.6073755387942055
6,locals_vs_diaspora,3,31,59,510,31,LOOCV,,LogReg,desc_fullname,300,True,0.7216666666666667,0.7827833172188015,0.7216666666666667,0.7479475999970234,0.6211634361573759
6,locals_vs_diaspora,3,31,59,510,31,K-Fold,5.0,DecisionTree,desc_fullname,300,True,0.645,0.745321225071225,0.645,0.6886429589919885,0.4973357154278656
6,locals_vs_diaspora,3,31,59,510,31,LOOCV,,DecisionTree,desc_fullname,300,True,0.74,0.7714001399702562,0.74,0.7545717816926276,0.5409439548448195
6,locals_vs_diaspora,3,31,59,510,31,K-Fold,5.0,RandomForest,desc_fullname,300,True,0.7283333333333334,0.7660911330049262,0.7283333333333334,0.7449518087276708,0.519447174856459
6,locals_vs_diaspora,3,31,59,510,31,LOOCV,,RandomForest,desc_fullname,300,True,0.7283333333333334,0.7603242308860286,0.7283333333333334,0.7426878392014618,0.5293644821204847
6,locals_vs_diaspora,3,31,59,510,31,K-Fold,5.0,SVM,desc_fullname,300,True,0.73,0.7631270720861405,0.73,0.7449899951491633,0.5586544559130532
6,locals_vs_diaspora,3,31,59,510,31,LOOCV,,SVM,desc_fullname,300,True,0.73,0.7644056798758294,0.73,0.7452633330296659,
6,locals_vs_diaspora,3,31,59,510,31,K-Fold,5.0,AdaBoost,desc_fullname,300,True,0.79,0.7707212015888779,0.79,0.7783349923023836,0.5516840843756088
6,locals_vs_diaspora,3,31,59,510,31,LOOCV,,AdaBoost,desc_fullname,300,True,0.7783333333333333,0.7754001743279201,0.7783333333333333,0.7724576231591539,0.8362706363068577
6,locals_vs_diaspora,3,31,59,510,31,K-Fold,5.0,XGBoost,desc_fullname,300,True,0.7083333333333334,0.7436417282430213,0.7083333333333334,0.7245242424242424,0.4865172309470036
6,locals_vs_diaspora,3,31,59,510,31,LOOCV,,XGBoost,desc_fullname,300,True,0.7216666666666667,0.7486294826572604,0.7216666666666667,0.7340831858904148,0.4272193088683316
6,locals_vs_diaspora,3,31,59,510,31,K-Fold,5.0,LogReg,user_fullname,300,True,0.75,0.7600432022084196,0.75,0.7547908172749387,0.575284434100799
6,locals_vs_diaspora,3,31,59,510,31,LOOCV,,LogReg,user_fullname,300,True,0.745,0.7742875525651808,0.745,0.7591397701453088,0.5048038422125415
6,locals_vs_diaspora,3,31,59,510,31,K-Fold,5.0,DecisionTree,user_fullname,300,True,0.2383333333333333,0.7363362425954654,0.2383333333333333,0.3155626442731922,0.5174649235572468
6,locals_vs_diaspora,3,31,59,510,31,LOOCV,,DecisionTree,user_fullname,300,True,0.2433333333333333,0.7419726247987118,0.2433333333333333,0.3306268812336227,0.454100811441369
6,locals_vs_diaspora,3,31,59,510,31,K-Fold,5.0,RandomForest,user_fullname,300,True,0.285,0.7619677917192089,0.285,0.3793638764604753,0.5281116667346457
6,locals_vs_diaspora,3,31,59,510,31,LOOCV,,RandomForest,user_fullname,300,True,0.2766666666666666,0.7657194907700038,0.2766666666666666,0.3734092995479065,0.4493570699364955
6,locals_vs_diaspora,3,31,59,510,31,K-Fold,5.0,SVM,user_fullname,300,True,0.7733333333333333,0.7577635013719126,0.7733333333333333,0.7651277904564164,0.5255586025815439
6,locals_vs_diaspora,3,31,59,510,31,LOOCV,,SVM,user_fullname,300,True,0.7766666666666666,0.7743211640383443,0.7766666666666666,0.7750871080139373,
6,locals_vs_diaspora,3,31,59,510,31,K-Fold,5.0,AdaBoost,user_fullname,300,True,0.6333333333333333,0.743828179594689,0.6333333333333333,0.6802217354325454,0.5133052648698778
6,locals_vs_diaspora,3,31,59,510,31,LOOCV,,AdaBoost,user_fullname,300,True,0.7583333333333333,0.7392261778303844,0.7583333333333333,0.7486552510328557,0.5904042508328637
6,locals_vs_diaspora,3,31,59,510,31,K-Fold,5.0,XGBoost,user_fullname,300,True,0.7766666666666666,0.7576922671467263,0.7766666666666666,0.7663578334234071,0.5070682868904008
6,locals_vs_diaspora,3,31,59,510,31,LOOCV,,XGBoost,user_fullname,300,True,0.775,0.755583490863264,0.775,0.7640197885309797,0.4696493610630144
6,locals_vs_diaspora,3,31,59,510,31,K-Fold,5.0,LogReg,desc_user_fullname,300,True,0.7116666666666667,0.7764933998927901,0.7116666666666667,0.7395911653969364,0.6032785687712864
6,locals_vs_diaspora,3,31,59,510,31,LOOCV,,LogReg,desc_user_fullname,300,True,0.7166666666666667,0.7825316980511516,0.7166666666666667,0.7448260972435822,0.6111411041339331
6,locals_vs_diaspora,3,31,59,510,31,K-Fold,5.0,DecisionTree,desc_user_fullname,300,True,0.65,0.740262333459058,0.65,0.6894066019561236,0.482594975499264
6,locals_vs_diaspora,3,31,59,510,31,LOOCV,,DecisionTree,desc_user_fullname,300,True,0.7266666666666667,0.7657713350718413,0.7266666666666667,0.7447337611167398,0.529500317817143
6,locals_vs_diaspora,3,31,59,510,31,K-Fold,5.0,RandomForest,desc_user_fullname,300,True,0.7283333333333334,0.7566528808533102,0.7283333333333334,0.7413877757518496,0.5122037096593911
6,locals_vs_diaspora,3,31,59,510,31,LOOCV,,RandomForest,desc_user_fullname,300,True,0.73,0.7581847011339611,0.73,0.7427236522583779,0.5131235457444326
6,locals_vs_diaspora,3,31,59,510,31,K-Fold,5.0,SVM,desc_user_fullname,300,True,0.7333333333333333,0.7640808063611945,0.7333333333333333,0.7473890750529897,0.5565931127827943
6,locals_vs_diaspora,3,31,59,510,31,LOOCV,,SVM,desc_user_fullname,300,True,0.73,0.7675434477734006,0.73,0.7468398964313857,
6,locals_vs_diaspora,3,31,59,510,31,K-Fold,5.0,AdaBoost,desc_user_fullname,300,True,0.79,0.7661532101156413,0.79,0.776027873310554,0.5590371866210473
6,locals_vs_diaspora,3,31,59,510,31,LOOCV,,AdaBoost,desc_user_fullname,300,True,0.78,0.7788932283548724,0.78,0.7748095598027571,0.8400893540822267
6,locals_vs_diaspora,3,31,59,510,31,K-Fold,5.0,XGBoost,desc_user_fullname,300,True,0.72,0.7448339237485083,0.72,0.7313807017165446,0.4898990524501157
6,locals_vs_diaspora,3,31,59,510,31,LOOCV,,XGBoost,desc_user_fullname,300,True,0.72,0.7493274750611707,0.72,0.7332170773646821,0.4218035122433896
6,locals_vs_diaspora,3,31,59,510,31,K-Fold,5.0,LogReg,numeric,11,True,0.625,0.8457649762023417,0.625,0.6995079884975329,0.76736099593774
6,locals_vs_diaspora,3,31,59,510,31,LOOCV,,LogReg,numeric,11,True,0.6416666666666667,0.8442226693494299,0.6416666666666667,0.711505678765502,0.7678533018512081
6,locals_vs_diaspora,3,31,59,510,31,K-Fold,5.0,DecisionTree,numeric,11,True,0.7916666666666666,0.7973962829210935,0.7916666666666666,0.7943392506314904,0.6128158634970859
6,locals_vs_diaspora,3,31,59,510,31,LOOCV,,DecisionTree,numeric,11,True,0.825,0.8163146403795043,0.825,0.8202947597263467,0.6447848571050089
6,locals_vs_diaspora,3,31,59,510,31,K-Fold,5.0,RandomForest,numeric,11,True,0.8383333333333334,0.8250682548304492,0.8383333333333334,0.8310164926831592,0.7403215601723563
6,locals_vs_diaspora,3,31,59,510,31,LOOCV,,RandomForest,numeric,11,True,0.8483333333333334,0.8295265839386603,0.8483333333333334,0.8379279086566517,0.7395584983570122
6,locals_vs_diaspora,3,31,59,510,31,K-Fold,5.0,SVM,numeric,11,True,0.5983333333333334,0.8528686800604712,0.5983333333333334,0.6843214548328767,0.73955590495589
6,locals_vs_diaspora,3,31,59,510,31,LOOCV,,SVM,numeric,11,True,0.6066666666666667,0.8659268454524135,0.6066666666666667,0.6948562427865472,
6,locals_vs_diaspora,3,31,59,510,31,K-Fold,5.0,AdaBoost,numeric,11,True,0.66,0.8363181863811276,0.66,0.7259093409426892,0.7467528582788205
6,locals_vs_diaspora,3,31,59,510,31,LOOCV,,AdaBoost,numeric,11,True,0.69,0.848191670400956,0.69,0.7457783415310297,0.7622211701710774
6,locals_vs_diaspora,3,31,59,510,31,K-Fold,5.0,XGBoost,numeric,11,True,0.8433333333333334,0.816684748935941,0.8433333333333334,0.8282263767398573,0.7171635974422067
6,locals_vs_diaspora,3,31,59,510,31,LOOCV,,XGBoost,numeric,11,True,0.8633333333333333,0.8379993053875041,0.8633333333333333,0.8485428996428293,0.7204576841182749
6,locals_vs_diaspora,3,31,59,510,31,K-Fold,5.0,LogReg,desc+numeric,311,True,0.73,0.8373427672955974,0.73,0.7730146329910497,0.7513437326254849
6,locals_vs_diaspora,3,31,59,510,31,LOOCV,,LogReg,desc+numeric,311,True,0.7283333333333334,0.8393317269296656,0.7283333333333334,0.7722799169818805,0.7562166161155128
6,locals_vs_diaspora,3,31,59,510,31,K-Fold,5.0,DecisionTree,desc+numeric,311,True,0.7783333333333333,0.7968912485510845,0.7783333333333333,0.7872230514096186,0.6241294318887723
6,locals_vs_diaspora,3,31,59,510,31,LOOCV,,DecisionTree,desc+numeric,311,True,0.8016666666666666,0.8184033657426496,0.8016666666666666,0.8098021416447376,0.6556847578796453
6,locals_vs_diaspora,3,31,59,510,31,K-Fold,5.0,RandomForest,desc+numeric,311,True,0.8583333333333333,0.8333277136218313,0.8583333333333333,0.8415656565656565,0.7623521537871615
6,locals_vs_diaspora,3,31,59,510,31,LOOCV,,RandomForest,desc+numeric,311,True,0.865,0.834011124149539,0.865,0.8465969489305697,0.7638277742103812
6,locals_vs_diaspora,3,31,59,510,31,K-Fold,5.0,SVM,desc+numeric,311,True,0.74,0.8469163327005553,0.74,0.7843433875234584,0.7029675697774969
6,locals_vs_diaspora,3,31,59,510,31,LOOCV,,SVM,desc+numeric,311,True,0.7583333333333333,0.8497458317504537,0.7583333333333333,0.7976640333979436,
6,locals_vs_diaspora,3,31,59,510,31,K-Fold,5.0,AdaBoost,desc+numeric,311,True,0.65,0.8181774208465504,0.65,0.7136496163869417,0.7337619228953834
6,locals_vs_diaspora,3,31,59,510,31,LOOCV,,AdaBoost,desc+numeric,311,True,0.6866666666666666,0.8122360709626256,0.6866666666666666,0.7336612076880994,0.7231458346944184
6,locals_vs_diaspora,3,31,59,510,31,K-Fold,5.0,XGBoost,desc+numeric,311,True,0.8566666666666667,0.8296064814814814,0.8566666666666667,0.8402355595574462,0.7231439403646781
6,locals_vs_diaspora,3,31,59,510,31,LOOCV,,XGBoost,desc+numeric,311,True,0.8683333333333333,0.8372863802863804,0.8683333333333333,0.8489390396386312,0.736400100380406
6,locals_vs_diaspora,2,31,59,0,31,K-Fold,5.0,LogReg,desc,300,True,0.5888888888888889,0.5590760546642899,0.5888888888888889,0.5685501576453886,0.5363586659376709
6,locals_vs_diaspora,2,31,59,0,31,LOOCV,,LogReg,desc,300,True,0.3333333333333333,0.3588305286418494,0.3333333333333333,0.3448879551820728,0.430289775833789
6,locals_vs_diaspora,2,31,59,0,31,K-Fold,5.0,DecisionTree,desc,300,True,0.4,0.5421434327155521,0.4,0.3553643724696356,0.4723892837616184
6,locals_vs_diaspora,2,31,59,0,31,LOOCV,,DecisionTree,desc,300,True,0.4444444444444444,0.5930526800092017,0.4444444444444444,0.4180555555555555,0.4059595407326408
6,locals_vs_diaspora,2,31,59,0,31,K-Fold,5.0,RandomForest,desc,300,True,0.4777777777777778,0.680246913580247,0.4777777777777778,0.4426820213227981,0.5511208310552214
6,locals_vs_diaspora,2,31,59,0,31,LOOCV,,RandomForest,desc,300,True,0.4555555555555555,0.577630876068376,0.4555555555555555,0.4444306845545235,0.4537998906506287
6,locals_vs_diaspora,2,31,59,0,31,K-Fold,5.0,SVM,desc,300,True,0.5777777777777777,0.5503208594707621,0.5777777777777777,0.5599059376837154,0.4510661563696008
6,locals_vs_diaspora,2,31,59,0,31,LOOCV,,SVM,desc,300,True,0.5666666666666667,0.5024774774774774,0.5666666666666667,0.5219538207220178,
6,locals_vs_diaspora,2,31,59,0,31,K-Fold,5.0,AdaBoost,desc,300,True,0.4444444444444444,0.5179896878010086,0.4444444444444444,0.4535383597883597,0.4792236194641881
6,locals_vs_diaspora,2,31,59,0,31,LOOCV,,AdaBoost,desc,300,True,0.4333333333333333,0.6419799498746867,0.4333333333333333,0.3778346775914308,0.2832148715144887
6,locals_vs_diaspora,2,31,59,0,31,K-Fold,5.0,XGBoost,desc,300,True,0.6,0.5682539682539682,0.6,0.5771634615384615,0.5401858939311099
6,locals_vs_diaspora,2,31,59,0,31,LOOCV,,XGBoost,desc,300,True,0.6555555555555556,0.6119241192411925,0.6555555555555556,0.5820815905922289,0.3324220885729907
6,locals_vs_diaspora,2,31,59,0,31,K-Fold,5.0,LogReg,username,300,True,0.6555555555555556,0.429753086419753,0.6555555555555556,0.5191648023862789,0.5
6,locals_vs_diaspora,2,31,59,0,31,LOOCV,,LogReg,username,300,True,0.6555555555555556,0.429753086419753,0.6555555555555556,0.5191648023862789,0.2624384909786769
6,locals_vs_diaspora,2,31,59,0,31,K-Fold,5.0,DecisionTree,username,300,True,0.3444444444444444,0.1186419753086419,0.3444444444444444,0.1764921946740128,0.5098414434117003
6,locals_vs_diaspora,2,31,59,0,31,LOOCV,,DecisionTree,username,300,True,0.3444444444444444,0.1186419753086419,0.3444444444444444,0.1764921946740128,0.4838709677419355
6,locals_vs_diaspora,2,31,59,0,31,K-Fold,5.0,RandomForest,username,300,True,0.3444444444444444,0.1186419753086419,0.3444444444444444,0.1764921946740128,0.5098414434117003
6,locals_vs_diaspora,2,31,59,0,31,LOOCV,,RandomForest,username,300,True,0.3444444444444444,0.1186419753086419,0.3444444444444444,0.1764921946740128,0.5314379442318207
6,locals_vs_diaspora,2,31,59,0,31,K-Fold,5.0,SVM,username,300,True,0.6555555555555556,0.429753086419753,0.6555555555555556,0.5191648023862789,0.4803171131765992
6,locals_vs_diaspora,2,31,59,0,31,LOOCV,,SVM,username,300,True,0.6555555555555556,0.429753086419753,0.6555555555555556,0.5191648023862789,
6,locals_vs_diaspora,2,31,59,0,31,K-Fold,5.0,AdaBoost,username,300,True,0.6555555555555556,0.429753086419753,0.6555555555555556,0.5191648023862789,0.4803171131765992
6,locals_vs_diaspora,2,31,59,0,31,LOOCV,,AdaBoost,username,300,True,0.6555555555555556,0.429753086419753,0.6555555555555556,0.5191648023862789,0.0
6,locals_vs_diaspora,2,31,59,0,31,K-Fold,5.0,XGBoost,username,300,True,0.3444444444444444,0.1186419753086419,0.3444444444444444,0.1764921946740128,0.5
6,locals_vs_diaspora,2,31,59,0,31,LOOCV,,XGBoost,username,300,True,0.3444444444444444,0.1186419753086419,0.3444444444444444,0.1764921946740128,0.5
6,locals_vs_diaspora,2,31,59,0,31,K-Fold,5.0,LogReg,fullname,300,True,0.5888888888888889,0.4136243386243386,0.5888888888888889,0.4859362859362859,0.4732094040459268
6,locals_vs_diaspora,2,31,59,0,31,LOOCV,,LogReg,fullname,300,True,0.5666666666666667,0.4077235772357723,0.5666666666666667,0.4742316784869977,0.1765992345544013
6,locals_vs_diaspora,2,31,59,0,31,K-Fold,5.0,DecisionTree,fullname,300,True,0.5,0.5449604743083003,0.5,0.5123809523809524,0.4961727720065609
6,locals_vs_diaspora,2,31,59,0,31,LOOCV,,DecisionTree,fullname,300,True,0.4444444444444444,0.5676581196581197,0.4444444444444444,0.4303902116402117,0.51175505740842
6,locals_vs_diaspora,2,31,59,0,31,K-Fold,5.0,RandomForest,fullname,300,True,0.4777777777777778,0.5505173189383716,0.4777777777777778,0.4873128251838971,0.5
6,locals_vs_diaspora,2,31,59,0,31,LOOCV,,RandomForest,fullname,300,True,0.4444444444444444,0.5676581196581197,0.4444444444444444,0.4303902116402117,0.5133952979770366
6,locals_vs_diaspora,2,31,59,0,31,K-Fold,5.0,SVM,fullname,300,True,0.6111111111111112,0.4192506459948321,0.6111111111111112,0.4973180076628352,0.5453799890650628
6,locals_vs_diaspora,2,31,59,0,31,LOOCV,,SVM,fullname,300,True,0.5777777777777777,0.4107095046854083,0.5777777777777777,0.4801251956181534,
6,locals_vs_diaspora,2,31,59,0,31,K-Fold,5.0,AdaBoost,fullname,300,True,0.6444444444444445,0.4272159800249688,0.6444444444444445,0.5138138138138137,0.5002733734281027
6,locals_vs_diaspora,2,31,59,0,31,LOOCV,,AdaBoost,fullname,300,True,0.6444444444444445,0.4272159800249688,0.6444444444444445,0.5138138138138137,0.1148168398031711
6,locals_vs_diaspora,2,31,59,0,31,K-Fold,5.0,XGBoost,fullname,300,True,0.5555555555555556,0.4941355537648849,0.5555555555555556,0.5143097643097643,0.4106068890103882
6,locals_vs_diaspora,2,31,59,0,31,LOOCV,,XGBoost,fullname,300,True,0.3444444444444444,0.4348348348348348,0.3444444444444444,0.2907513227513227,0.1093493712411153
6,locals_vs_diaspora,2,31,59,0,31,K-Fold,5.0,LogReg,desc_user,300,True,0.5888888888888889,0.5590760546642899,0.5888888888888889,0.5685501576453886,0.549207217058502
6,locals_vs_diaspora,2,31,59,0,31,LOOCV,,LogReg,desc_user,300,True,0.3888888888888889,0.4289021164021164,0.3888888888888889,0.4035192534744449,0.4439584472389284
6,locals_vs_diaspora,2,31,59,0,31,K-Fold,5.0,DecisionTree,desc_user,300,True,0.4222222222222222,0.5854239412660042,0.4222222222222222,0.3792397660818714,0.520776380535812
6,locals_vs_diaspora,2,31,59,0,31,LOOCV,,DecisionTree,desc_user,300,True,0.4,0.5206349206349207,0.4,0.3715,0.3127392017495899
6,locals_vs_diaspora,2,31,59,0,31,K-Fold,5.0,RandomForest,desc_user,300,True,0.4555555555555555,0.6390432098765433,0.4555555555555555,0.418966362655683,0.5120284308365226
6,locals_vs_diaspora,2,31,59,0,31,LOOCV,,RandomForest,desc_user,300,True,0.4888888888888889,0.6467084865527436,0.4888888888888889,0.4705713179580775,0.4636413340623291
6,locals_vs_diaspora,2,31,59,0,31,K-Fold,5.0,SVM,desc_user,300,True,0.6,0.5682539682539682,0.6,0.5771634615384615,0.4300164024056861
6,locals_vs_diaspora,2,31,59,0,31,LOOCV,,SVM,desc_user,300,True,0.5666666666666667,0.5024774774774774,0.5666666666666667,0.5219538207220178,
6,locals_vs_diaspora,2,31,59,0,31,K-Fold,5.0,AdaBoost,desc_user,300,True,0.4444444444444444,0.5179896878010086,0.4444444444444444,0.4535383597883597,0.4721159103335156
6,locals_vs_diaspora,2,31,59,0,31,LOOCV,,AdaBoost,desc_user,300,True,0.4333333333333333,0.6419799498746867,0.4333333333333333,0.3778346775914308,0.2864953526517222
6,locals_vs_diaspora,2,31,59,0,31,K-Fold,5.0,XGBoost,desc_user,300,True,0.6,0.5682539682539682,0.6,0.5771634615384615,0.5401858939311099
6,locals_vs_diaspora,2,31,59,0,31,LOOCV,,XGBoost,desc_user,300,True,0.6555555555555556,0.6119241192411925,0.6555555555555556,0.5820815905922289,0.3324220885729907
6,locals_vs_diaspora,2,31,59,0,31,K-Fold,5.0,LogReg,desc_fullname,300,True,0.5111111111111111,0.5033980277620752,0.5111111111111111,0.5070370370370371,0.4644614543466375
6,locals_vs_diaspora,2,31,59,0,31,LOOCV,,LogReg,desc_fullname,300,True,0.5,0.4690656565656566,0.5,0.4821818181818181,0.4144341170038272
6,locals_vs_diaspora,2,31,59,0,31,K-Fold,5.0,DecisionTree,desc_fullname,300,True,0.4555555555555555,0.5896043771043772,0.4555555555555555,0.4389875653818021,0.5144887916894477
6,locals_vs_diaspora,2,31,59,0,31,LOOCV,,DecisionTree,desc_fullname,300,True,0.4555555555555555,0.567063492063492,0.4555555555555555,0.4492975734355045,0.4999999999999999
6,locals_vs_diaspora,2,31,59,0,31,K-Fold,5.0,RandomForest,desc_fullname,300,True,0.5111111111111111,0.6328371333458953,0.5111111111111111,0.5074879227053141,0.5366320393657736
6,locals_vs_diaspora,2,31,59,0,31,LOOCV,,RandomForest,desc_fullname,300,True,0.5222222222222223,0.61734360410831,0.5222222222222223,0.5266510114118568,0.5221432476763258
6,locals_vs_diaspora,2,31,59,0,31,K-Fold,5.0,SVM,desc_fullname,300,True,0.5444444444444444,0.5084818775995246,0.5444444444444444,0.5219069314448902,0.4814106068890104
6,locals_vs_diaspora,2,31,59,0,31,LOOCV,,SVM,desc_fullname,300,True,0.4555555555555555,0.442153097798259,0.4555555555555555,0.4484630589407168,
6,locals_vs_diaspora,2,31,59,0,31,K-Fold,5.0,AdaBoost,desc_fullname,300,True,0.4333333333333333,0.5027665317139002,0.4333333333333333,0.4436798741357181,0.4789502460360853
6,locals_vs_diaspora,2,31,59,0,31,LOOCV,,AdaBoost,desc_fullname,300,True,0.4222222222222222,0.6047407407407407,0.4222222222222222,0.3703665930081024,0.3329688354291963
6,locals_vs_diaspora,2,31,59,0,31,K-Fold,5.0,XGBoost,desc_fullname,300,True,0.6333333333333333,0.6096702317290553,0.6333333333333333,0.6151933838458872,0.5344450519409514
6,locals_vs_diaspora,2,31,59,0,31,LOOCV,,XGBoost,desc_fullname,300,True,0.6888888888888889,0.6717060717060717,0.6888888888888889,0.6458407605466429,0.3717878622197922
6,locals_vs_diaspora,2,31,59,0,31,K-Fold,5.0,LogReg,user_fullname,300,True,0.4888888888888889,0.5239533211658648,0.4888888888888889,0.5007201646090534,0.4737561509021323
6,locals_vs_diaspora,2,31,59,0,31,LOOCV,,LogReg,user_fullname,300,True,0.1666666666666666,0.2172619047619048,0.1666666666666666,0.1861971007227305,0.2416621104428649
6,locals_vs_diaspora,2,31,59,0,31,K-Fold,5.0,DecisionTree,user_fullname,300,True,0.4555555555555555,0.6034016636957814,0.4555555555555555,0.4329467514652699,0.510388190267906
6,locals_vs_diaspora,2,31,59,0,31,LOOCV,,DecisionTree,user_fullname,300,True,0.4333333333333333,0.557070707070707,0.4333333333333333,0.416089098662692,0.4067796610169492
6,locals_vs_diaspora,2,31,59,0,31,K-Fold,5.0,RandomForest,user_fullname,300,True,0.4444444444444444,0.5794217319201096,0.4444444444444444,0.4245340412587799,0.5185893931109897
6,locals_vs_diaspora,2,31,59,0,31,LOOCV,,RandomForest,user_fullname,300,True,0.4666666666666667,0.6130651092364265,0.4666666666666667,0.4475526796084287,0.4849644614543466
6,locals_vs_diaspora,2,31,59,0,31,K-Fold,5.0,SVM,user_fullname,300,True,0.5777777777777777,0.5114074074074074,0.5777777777777777,0.5295551229360443,0.5344450519409513
6,locals_vs_diaspora,2,31,59,0,31,LOOCV,,SVM,user_fullname,300,True,0.5333333333333333,0.448,0.5333333333333333,0.4800346095608913,
6,locals_vs_diaspora,2,31,59,0,31,K-Fold,5.0,AdaBoost,user_fullname,300,True,0.6444444444444445,0.4272159800249688,0.6444444444444445,0.5138138138138137,0.505194095133953
6,locals_vs_diaspora,2,31,59,0,31,LOOCV,,AdaBoost,user_fullname,300,True,0.6444444444444445,0.4272159800249688,0.6444444444444445,0.5138138138138137,0.1148168398031711
6,locals_vs_diaspora,2,31,59,0,31,K-Fold,5.0,XGBoost,user_fullname,300,True,0.5555555555555556,0.5164481251437772,0.5555555555555556,0.5301816239316239,0.4496992892290869
6,locals_vs_diaspora,2,31,59,0,31,LOOCV,,XGBoost,user_fullname,300,True,0.4,0.5746253746253747,0.4,0.3361111111111111,0.135593220338983
6,locals_vs_diaspora,2,31,59,0,31,K-Fold,5.0,LogReg,desc_user_fullname,300,True,0.5222222222222223,0.5107782898105478,0.5222222222222223,0.5159981945806291,0.4650082012028431
6,locals_vs_diaspora,2,31,59,0,31,LOOCV,,LogReg,desc_user_fullname,300,True,0.5111111111111111,0.4760400894080323,0.5111111111111111,0.4904174015285126,0.4242755604155276
6,locals_vs_diaspora,2,31,59,0,31,K-Fold,5.0,DecisionTree,desc_user_fullname,300,True,0.4444444444444444,0.5676581196581197,0.4444444444444444,0.4303902116402117,0.4825041006014215
6,locals_vs_diaspora,2,31,59,0,31,LOOCV,,DecisionTree,desc_user_fullname,300,True,0.4777777777777778,0.596031746031746,0.4777777777777778,0.4717752234993614,0.5292509568069984
6,locals_vs_diaspora,2,31,59,0,31,K-Fold,5.0,RandomForest,desc_user_fullname,300,True,0.5111111111111111,0.6465608465608466,0.5111111111111111,0.5033701687833306,0.55686167304538
6,locals_vs_diaspora,2,31,59,0,31,LOOCV,,RandomForest,desc_user_fullname,300,True,0.5888888888888889,0.6936391223155929,0.5888888888888889,0.5926997074939233,0.5571350464734828
6,locals_vs_diaspora,2,31,59,0,31,K-Fold,5.0,SVM,desc_user_fullname,300,True,0.5444444444444444,0.5084818775995246,0.5444444444444444,0.5219069314448902,0.4496992892290869
6,locals_vs_diaspora,2,31,59,0,31,LOOCV,,SVM,desc_user_fullname,300,True,0.5,0.4789663461538461,0.5,0.4882327770646127,
6,locals_vs_diaspora,2,31,59,0,31,K-Fold,5.0,AdaBoost,desc_user_fullname,300,True,0.4777777777777778,0.5031264057579847,0.4777777777777778,0.4878008443225834,0.4425915800984144
6,locals_vs_diaspora,2,31,59,0,31,LOOCV,,AdaBoost,desc_user_fullname,300,True,0.4222222222222222,0.6047407407407407,0.4222222222222222,0.3703665930081024,0.3231273920174959
6,locals_vs_diaspora,2,31,59,0,31,K-Fold,5.0,XGBoost,desc_user_fullname,300,True,0.6555555555555556,0.6311111111111111,0.6555555555555556,0.6330952019050514,0.580098414434117
6,locals_vs_diaspora,2,31,59,0,31,LOOCV,,XGBoost,desc_user_fullname,300,True,0.7111111111111111,0.7067155067155068,0.7111111111111111,0.6711378490790256,0.452159650082012
6,locals_vs_diaspora,2,31,59,0,31,K-Fold,5.0,LogReg,numeric,11,True,0.7555555555555555,0.7853105469830208,0.7555555555555555,0.7612139917695474,0.8288682340076544
6,locals_vs_diaspora,2,31,59,0,31,LOOCV,,LogReg,numeric,11,True,0.7444444444444445,0.7704444444444445,0.7444444444444445,0.7500911688274398,0.8042646254784035
6,locals_vs_diaspora,2,31,59,0,31,K-Fold,5.0,DecisionTree,numeric,11,True,0.6777777777777778,0.6709037378392216,0.6777777777777778,0.6735801777404243,0.6317659923455441
6,locals_vs_diaspora,2,31,59,0,31,LOOCV,,DecisionTree,numeric,11,True,0.6777777777777778,0.6709037378392216,0.6777777777777778,0.6735801777404243,0.6317659923455441
6,locals_vs_diaspora,2,31,59,0,31,K-Fold,5.0,RandomForest,numeric,11,True,0.7,0.7198380566801619,0.7,0.7057579318448884,0.8083652268999454
6,locals_vs_diaspora,2,31,59,0,31,LOOCV,,RandomForest,numeric,11,True,0.7222222222222222,0.7244372605363986,0.7222222222222222,0.7232397232397233,0.7722799343903773
6,locals_vs_diaspora,2,31,59,0,31,K-Fold,5.0,SVM,numeric,11,True,0.7555555555555555,0.7707178876990198,0.7555555555555555,0.7597922502334268,0.7851284855112083
6,locals_vs_diaspora,2,31,59,0,31,LOOCV,,SVM,numeric,11,True,0.7666666666666667,0.7784979423868312,0.7666666666666667,0.7702108924404526,
6,locals_vs_diaspora,2,31,59,0,31,K-Fold,5.0,AdaBoost,numeric,11,True,0.7222222222222222,0.7201851851851852,0.7222222222222222,0.7211124887113316,0.8004373974849643
6,locals_vs_diaspora,2,31,59,0,31,LOOCV,,AdaBoost,numeric,11,True,0.7555555555555555,0.7555555555555555,0.7555555555555555,0.7555555555555555,0.7927829414980865
6,locals_vs_diaspora,2,31,59,0,31,K-Fold,5.0,XGBoost,numeric,11,True,0.6666666666666666,0.6617674769172791,0.6666666666666666,0.6638888888888889,0.7042099507927829
6,locals_vs_diaspora,2,31,59,0,31,LOOCV,,XGBoost,numeric,11,True,0.6777777777777778,0.6668936965811966,0.6777777777777778,0.6701944563305282,0.7129579004920721
6,locals_vs_diaspora,2,31,59,0,31,K-Fold,5.0,LogReg,desc+numeric,311,True,0.7666666666666667,0.7921666666666667,0.7666666666666667,0.7718223715380971,0.8343357025697101
6,locals_vs_diaspora,2,31,59,0,31,LOOCV,,LogReg,desc+numeric,311,True,0.7555555555555555,0.7707178876990198,0.7555555555555555,0.7597922502334268,0.8102788408966648
6,locals_vs_diaspora,2,31,59,0,31,K-Fold,5.0,DecisionTree,desc+numeric,311,True,0.7555555555555555,0.7597377281587807,0.7555555555555555,0.7572677203065135,0.7370147621651176
6,locals_vs_diaspora,2,31,59,0,31,LOOCV,,DecisionTree,desc+numeric,311,True,0.7777777777777778,0.7865512265512266,0.7777777777777778,0.7806131490342018,0.7692728266812466
6,locals_vs_diaspora,2,31,59,0,31,K-Fold,5.0,RandomForest,desc+numeric,311,True,0.6777777777777778,0.6753703703703704,0.6777777777777778,0.6764904869051446,0.7443958447238929
6,locals_vs_diaspora,2,31,59,0,31,LOOCV,,RandomForest,desc+numeric,311,True,0.6888888888888889,0.6939216728690412,0.6888888888888889,0.6910680076628352,0.74412247129579
6,locals_vs_diaspora,2,31,59,0,31,K-Fold,5.0,SVM,desc+numeric,311,True,0.7666666666666667,0.7730742296918768,0.7666666666666667,0.7690078037904124,0.7862219792236194
6,locals_vs_diaspora,2,31,59,0,31,LOOCV,,SVM,desc+numeric,311,True,0.7888888888888889,0.7949112978524743,0.7888888888888889,0.791007060572278,
6,locals_vs_diaspora,2,31,59,0,31,K-Fold,5.0,AdaBoost,desc+numeric,311,True,0.7,0.7023706896551724,0.7,0.701098901098901,0.7605248769819573
6,locals_vs_diaspora,2,31,59,0,31,LOOCV,,AdaBoost,desc+numeric,311,True,0.7222222222222222,0.7350823045267489,0.7222222222222222,0.7264415386195864,0.7818480043739747
6,locals_vs_diaspora,2,31,59,0,31,K-Fold,5.0,XGBoost,desc+numeric,311,True,0.6888888888888889,0.6843916839394509,0.6888888888888889,0.6862962962962963,0.7184253690541279
6,locals_vs_diaspora,2,31,59,0,31,LOOCV,,XGBoost,desc+numeric,311,True,0.6888888888888889,0.6804232804232805,0.6888888888888889,0.6832611016895924,0.7266265718972116
6,person_vs_organization,3,77,334,189,77,K-Fold,5.0,LogReg,desc,300,True,0.4716666666666667,0.5758117843986199,0.4716666666666667,0.4582523071797434,0.6106918865325891
6,person_vs_organization,3,77,334,189,77,LOOCV,,LogReg,desc,300,True,0.4733333333333333,0.5720835713372947,0.4733333333333333,0.46160333226292,0.5017513494848387
6,person_vs_organization,3,77,334,189,77,K-Fold,5.0,DecisionTree,desc,300,True,0.4233333333333333,0.529103124494091,0.4233333333333333,0.390842517314062,0.5449029272407128
6,person_vs_organization,3,77,334,189,77,LOOCV,,DecisionTree,desc,300,True,0.42,0.5267978048072222,0.42,0.3786585938571233,0.4584033418035652
6,person_vs_organization,3,77,334,189,77,K-Fold,5.0,RandomForest,desc,300,True,0.4533333333333333,0.5714331068871658,0.4533333333333333,0.4325798234169968,0.5994601240246643
6,person_vs_organization,3,77,334,189,77,LOOCV,,RandomForest,desc,300,True,0.4466666666666666,0.5584743317707327,0.4466666666666666,0.4246224162223567,0.5647450879190271
6,person_vs_organization,3,77,334,189,77,K-Fold,5.0,SVM,desc,300,True,0.4633333333333333,0.5901741173675458,0.4633333333333333,0.441118828044112,0.6078160784218529
6,person_vs_organization,3,77,334,189,77,LOOCV,,SVM,desc,300,True,0.445,0.5908199373835031,0.445,0.4187420310227305,
6,person_vs_organization,3,77,334,189,77,K-Fold,5.0,AdaBoost,desc,300,True,0.39,0.4890124074749743,0.39,0.3584391861648514,0.5382764250486557
6,person_vs_organization,3,77,334,189,77,LOOCV,,AdaBoost,desc,300,True,0.0333333333333333,0.057037037037037,0.0333333333333333,0.0420765027322404,0.162250983099447
6,person_vs_organization,3,77,334,189,77,K-Fold,5.0,XGBoost,desc,300,True,0.4133333333333333,0.5455124156545209,0.4133333333333333,0.370074625724232,0.5513142319553752
6,person_vs_organization,3,77,334,189,77,LOOCV,,XGBoost,desc,300,True,0.41,0.5217386960808912,0.41,0.3702728980054987,0.3812523043884618
6,person_vs_organization,3,77,334,189,77,K-Fold,5.0,LogReg,username,300,True,0.5566666666666666,0.3098777777777777,0.5566666666666666,0.3981299072091363,0.5
6,person_vs_organization,3,77,334,189,77,LOOCV,,LogReg,username,300,True,0.5566666666666666,0.3098777777777777,0.5566666666666666,0.3981299072091363,0.2962707102305642
6,person_vs_organization,3,77,334,189,77,K-Fold,5.0,DecisionTree,username,300,True,0.1666666666666666,0.1163263888888889,0.1666666666666666,0.1060454468866384,0.5004866180048662
6,person_vs_organization,3,77,334,189,77,LOOCV,,DecisionTree,username,300,True,0.1283333333333333,0.0164694444444444,0.1283333333333333,0.0291925160019694,0.4935842495533237
6,person_vs_organization,3,77,334,189,77,K-Fold,5.0,RandomForest,username,300,True,0.1283333333333333,0.0164694444444444,0.1283333333333333,0.0291925160019694,0.5008690271826864
6,person_vs_organization,3,77,334,189,77,LOOCV,,RandomForest,username,300,True,0.1283333333333333,0.0164694444444444,0.1283333333333333,0.0291925160019694,0.4390234088825177
6,person_vs_organization,3,77,334,189,77,K-Fold,5.0,SVM,username,300,True,0.5566666666666666,0.3098777777777777,0.5566666666666666,0.3981299072091363,0.4986314161560549
6,person_vs_organization,3,77,334,189,77,LOOCV,,SVM,username,300,True,0.5566666666666666,0.3098777777777777,0.5566666666666666,0.3981299072091363,
6,person_vs_organization,3,77,334,189,77,K-Fold,5.0,AdaBoost,username,300,True,0.5566666666666666,0.3098777777777777,0.5566666666666666,0.3981299072091363,0.4963757770583106
6,person_vs_organization,3,77,334,189,77,LOOCV,,AdaBoost,username,300,True,0.8716666666666667,0.7804824561403508,0.8716666666666667,0.8183589743589743,0.8659854014598539
6,person_vs_organization,3,77,334,189,77,K-Fold,5.0,XGBoost,username,300,True,0.3616666666666667,0.4052604166666667,0.3616666666666667,0.3040475296813575,0.5002652616943819
6,person_vs_organization,3,77,334,189,77,LOOCV,,XGBoost,username,300,True,0.8716666666666667,0.759960820130772,0.8716666666666667,0.811948060981311,0.4537485593545908
6,person_vs_organization,3,77,334,189,77,K-Fold,5.0,LogReg,fullname,300,True,0.5366666666666666,0.4727583333333333,0.5366666666666666,0.4676787158472171,0.5431494097409905
6,person_vs_organization,3,77,334,189,77,LOOCV,,LogReg,fullname,300,True,0.5183333333333333,0.4558948515049832,0.5183333333333333,0.4576354689972671,0.3670967145735081
6,person_vs_organization,3,77,334,189,77,K-Fold,5.0,DecisionTree,fullname,300,True,0.3016666666666667,0.4901726013079208,0.3016666666666667,0.30515000571023,0.5550974635744526
6,person_vs_organization,3,77,334,189,77,LOOCV,,DecisionTree,fullname,300,True,0.3033333333333333,0.4991379774438165,0.3033333333333333,0.3105079756776233,0.4594990258522097
6,person_vs_organization,3,77,334,189,77,K-Fold,5.0,RandomForest,fullname,300,True,0.3116666666666666,0.4897385643427941,0.3116666666666666,0.3180493827160493,0.5521474595944486
6,person_vs_organization,3,77,334,189,77,LOOCV,,RandomForest,fullname,300,True,0.3116666666666666,0.4783566176470589,0.3116666666666666,0.3184005367131546,0.5125302194201176
6,person_vs_organization,3,77,334,189,77,K-Fold,5.0,SVM,fullname,300,True,0.445,0.4901108343224016,0.445,0.4495652252643778,0.5396357950843996
6,person_vs_organization,3,77,334,189,77,LOOCV,,SVM,fullname,300,True,0.5283333333333333,0.4710688888888889,0.5283333333333333,0.4621109396897738,
6,person_vs_organization,3,77,334,189,77,K-Fold,5.0,AdaBoost,fullname,300,True,0.4333333333333333,0.5105075135143291,0.4333333333333333,0.4195993895016623,0.51234241414341
6,person_vs_organization,3,77,334,189,77,LOOCV,,AdaBoost,fullname,300,True,0.3683333333333333,0.5833791666666667,0.3683333333333333,0.2957717509114198,0.7579356194168086
6,person_vs_organization,3,77,334,189,77,K-Fold,5.0,XGBoost,fullname,300,True,0.39,0.534583451536643,0.39,0.3530318331182442,0.5423951722377451
6,person_vs_organization,3,77,334,189,77,LOOCV,,XGBoost,fullname,300,True,0.4,0.5470468256538991,0.4,0.3646120363944791,0.3123261767534261
6,person_vs_organization,3,77,334,189,77,K-Fold,5.0,LogReg,desc_user,300,True,0.4716666666666667,0.5728881503623541,0.4716666666666667,0.4574451168559865,0.6082426551933654
6,person_vs_organization,3,77,334,189,77,LOOCV,,LogReg,desc_user,300,True,0.475,0.5747983935456233,0.475,0.4628541678519757,0.5015972472830715
6,person_vs_organization,3,77,334,189,77,K-Fold,5.0,DecisionTree,desc_user,300,True,0.4283333333333333,0.5441400598183549,0.4283333333333333,0.3951396209908476,0.5486949144749216
6,person_vs_organization,3,77,334,189,77,LOOCV,,DecisionTree,desc_user,300,True,0.4166666666666667,0.5268394607843137,0.4166666666666667,0.3740708079140153,0.4652384838670859
6,person_vs_organization,3,77,334,189,77,K-Fold,5.0,RandomForest,desc_user,300,True,0.44,0.5438003220611916,0.44,0.416072075490581,0.5914246636850041
6,person_vs_organization,3,77,334,189,77,LOOCV,,RandomForest,desc_user,300,True,0.4366666666666666,0.5399631175784563,0.4366666666666666,0.4142339177637736,0.5582305924205825
6,person_vs_organization,3,77,334,189,77,K-Fold,5.0,SVM,desc_user,300,True,0.4566666666666666,0.5769326409755244,0.4566666666666666,0.4333844559995032,0.6062058920451537
6,person_vs_organization,3,77,334,189,77,LOOCV,,SVM,desc_user,300,True,0.4533333333333333,0.5890062894169462,0.4533333333333333,0.4280504246954546,
6,person_vs_organization,3,77,334,189,77,K-Fold,5.0,AdaBoost,desc_user,300,True,0.335,0.357900238948626,0.335,0.2029406036430992,0.5276811274311677
6,person_vs_organization,3,77,334,189,77,LOOCV,,AdaBoost,desc_user,300,True,0.5583333333333333,0.4049346405228758,0.5583333333333333,0.4586585819161788,0.890446370586788
6,person_vs_organization,3,77,334,189,77,K-Fold,5.0,XGBoost,desc_user,300,True,0.41,0.5377288663809895,0.41,0.366829355484315,0.5460131102623624
6,person_vs_organization,3,77,334,189,77,LOOCV,,XGBoost,desc_user,300,True,0.41,0.520568613053966,0.41,0.368616153256705,0.3848267737540154
6,person_vs_organization,3,77,334,189,77,K-Fold,5.0,LogReg,desc_fullname,300,True,0.4716666666666667,0.5399070971996214,0.4716666666666667,0.4699766500926197,0.5909083651520859
6,person_vs_organization,3,77,334,189,77,LOOCV,,LogReg,desc_fullname,300,True,0.455,0.5209318390450165,0.455,0.4535191637630661,0.53241304737865
6,person_vs_organization,3,77,334,189,77,K-Fold,5.0,DecisionTree,desc_fullname,300,True,0.4566666666666666,0.5415444359562006,0.4566666666666666,0.4422681364235914,0.5607667439674725
6,person_vs_organization,3,77,334,189,77,LOOCV,,DecisionTree,desc_fullname,300,True,0.4383333333333333,0.5155867616033755,0.4383333333333333,0.4249530069768782,0.4769140325389311
6,person_vs_organization,3,77,334,189,77,K-Fold,5.0,RandomForest,desc_fullname,300,True,0.47,0.5494657851337217,0.47,0.4659912005598756,0.6017540972149569
6,person_vs_organization,3,77,334,189,77,LOOCV,,RandomForest,desc_fullname,300,True,0.4683333333333333,0.5424419501292689,0.4683333333333333,0.4650352015059658,0.5453858898594456
6,person_vs_organization,3,77,334,189,77,K-Fold,5.0,SVM,desc_fullname,300,True,0.4466666666666666,0.526756315713371,0.4466666666666666,0.4364892183176024,0.5261802085003208
6,person_vs_organization,3,77,334,189,77,LOOCV,,SVM,desc_fullname,300,True,0.42,0.5025515699568883,0.42,0.4094599236757227,
6,person_vs_organization,3,77,334,189,77,K-Fold,5.0,AdaBoost,desc_fullname,300,True,0.5233333333333333,0.491415725047081,0.5233333333333333,0.4914025889964433,0.5686074451584666
6,person_vs_organization,3,77,334,189,77,LOOCV,,AdaBoost,desc_fullname,300,True,0.8516666666666667,0.8353956418021248,0.8516666666666667,0.8365790504436185,0.7918996998026508
6,person_vs_organization,3,77,334,189,77,K-Fold,5.0,XGBoost,desc_fullname,300,True,0.455,0.5719207741401723,0.455,0.4309875749029642,0.5976562133761083
6,person_vs_organization,3,77,334,189,77,LOOCV,,XGBoost,desc_fullname,300,True,0.455,0.5578164679831347,0.455,0.4328838908861113,0.5016362123202149
6,person_vs_organization,3,77,334,189,77,K-Fold,5.0,LogReg,user_fullname,300,True,0.4666666666666667,0.4667760607067686,0.4666666666666667,0.4624252261707098,0.5453196278659599
6,person_vs_organization,3,77,334,189,77,LOOCV,,LogReg,user_fullname,300,True,0.5233333333333333,0.462683256958588,0.5233333333333333,0.4601318300611243,0.3761003761771224
6,person_vs_organization,3,77,334,189,77,K-Fold,5.0,DecisionTree,user_fullname,300,True,0.3433333333333333,0.4693825488931872,0.3433333333333333,0.3489853203816532,0.5414774279880756
6,person_vs_organization,3,77,334,189,77,LOOCV,,DecisionTree,user_fullname,300,True,0.1883333333333333,0.3509392394008265,0.1883333333333333,0.2121632935535452,0.4243162941477432
6,person_vs_organization,3,77,334,189,77,K-Fold,5.0,RandomForest,user_fullname,300,True,0.3133333333333333,0.4504392234866398,0.3133333333333333,0.3256430654507051,0.5416740849112821
6,person_vs_organization,3,77,334,189,77,LOOCV,,RandomForest,user_fullname,300,True,0.2183333333333333,0.3809016122766123,0.2183333333333333,0.2380976692827675,0.5228700723024525
6,person_vs_organization,3,77,334,189,77,K-Fold,5.0,SVM,user_fullname,300,True,0.4433333333333333,0.4829805639885643,0.4433333333333333,0.4488067235241108,0.5375945518229335
6,person_vs_organization,3,77,334,189,77,LOOCV,,SVM,user_fullname,300,True,0.5183333333333333,0.4585097194050034,0.5183333333333333,0.4559794611460896,
6,person_vs_organization,3,77,334,189,77,K-Fold,5.0,AdaBoost,user_fullname,300,True,0.395,0.5202829192801214,0.395,0.3682062347183011,0.5146289333378433
6,person_vs_organization,3,77,334,189,77,LOOCV,,AdaBoost,user_fullname,300,True,0.3733333333333333,0.5925300223022817,0.3733333333333333,0.3038511579700538,0.7596469364282664
6,person_vs_organization,3,77,334,189,77,K-Fold,5.0,XGBoost,user_fullname,300,True,0.3666666666666666,0.5084928055781408,0.3666666666666666,0.3135728585273374,0.5314584696413264
6,person_vs_organization,3,77,334,189,77,LOOCV,,XGBoost,user_fullname,300,True,0.3583333333333333,0.4867536095966418,0.3583333333333333,0.3092874658971816,0.3143726666738723
6,person_vs_organization,3,77,334,189,77,K-Fold,5.0,LogReg,desc_user_fullname,300,True,0.4683333333333333,0.5329081267506278,0.4683333333333333,0.4657936151807604,0.5930590108192562
6,person_vs_organization,3,77,334,189,77,LOOCV,,LogReg,desc_user_fullname,300,True,0.455,0.5203690639990797,0.455,0.4533636070726292,0.533493184154368
6,person_vs_organization,3,77,334,189,77,K-Fold,5.0,DecisionTree,desc_user_fullname,300,True,0.4483333333333333,0.5416925064599483,0.4483333333333333,0.4348400482093664,0.5576315639939334
6,person_vs_organization,3,77,334,189,77,LOOCV,,DecisionTree,desc_user_fullname,300,True,0.4483333333333333,0.5325477620654331,0.4483333333333333,0.4364172277420893,0.4974809344286686
6,person_vs_organization,3,77,334,189,77,K-Fold,5.0,RandomForest,desc_user_fullname,300,True,0.4716666666666667,0.5490119883040935,0.4716666666666667,0.4672260330203823,0.5961111169992084
6,person_vs_organization,3,77,334,189,77,LOOCV,,RandomForest,desc_user_fullname,300,True,0.4716666666666667,0.5421289855072463,0.4716666666666667,0.4675843847146831,0.5464701548617372
6,person_vs_organization,3,77,334,189,77,K-Fold,5.0,SVM,desc_user_fullname,300,True,0.4466666666666666,0.5298606997249239,0.4466666666666666,0.4359567531222729,0.525538179591209
6,person_vs_organization,3,77,334,189,77,LOOCV,,SVM,desc_user_fullname,300,True,0.42,0.5025515699568883,0.42,0.4094599236757227,
6,person_vs_organization,3,77,334,189,77,K-Fold,5.0,AdaBoost,desc_user_fullname,300,True,0.5216666666666666,0.4880936724970114,0.5216666666666666,0.4881165733271874,0.5684862752884592
6,person_vs_organization,3,77,334,189,77,LOOCV,,AdaBoost,desc_user_fullname,300,True,0.85,0.8507719082666115,0.85,0.839294638798205,0.8078605281924018
6,person_vs_organization,3,77,334,189,77,K-Fold,5.0,XGBoost,desc_user_fullname,300,True,0.4566666666666666,0.5722228243964471,0.4566666666666666,0.4345080592571433,0.5982210953570114
6,person_vs_organization,3,77,334,189,77,LOOCV,,XGBoost,desc_user_fullname,300,True,0.4583333333333333,0.560039089366208,0.4583333333333333,0.4378854235806104,0.4984321268890312
6,person_vs_organization,3,77,334,189,77,K-Fold,5.0,LogReg,numeric,11,True,0.4266666666666667,0.519584850067325,0.4266666666666667,0.4176685804232433,0.6333322207744498
6,person_vs_organization,3,77,334,189,77,LOOCV,,LogReg,numeric,11,True,0.4083333333333333,0.4906026478862503,0.4083333333333333,0.3932527067141534,0.649044226716601
6,person_vs_organization,3,77,334,189,77,K-Fold,5.0,DecisionTree,numeric,11,True,0.51,0.5147968105334912,0.51,0.5122867391362286,0.577441207728257
6,person_vs_organization,3,77,334,189,77,LOOCV,,DecisionTree,numeric,11,True,0.5366666666666666,0.5329841067723072,0.5366666666666666,0.5347236794937982,0.5919323105043875
6,person_vs_organization,3,77,334,189,77,K-Fold,5.0,RandomForest,numeric,11,True,0.5566666666666666,0.5591690074906367,0.5566666666666666,0.5575682712685438,0.6779053039653233
6,person_vs_organization,3,77,334,189,77,LOOCV,,RandomForest,numeric,11,True,0.57,0.5688231489668272,0.57,0.5681202256885005,0.6782854999764651
6,person_vs_organization,3,77,334,189,77,K-Fold,5.0,SVM,numeric,11,True,0.42,0.5145848925725139,0.42,0.4128695693240415,0.6184123516562406
6,person_vs_organization,3,77,334,189,77,LOOCV,,SVM,numeric,11,True,0.41,0.4933207512405414,0.41,0.3937723427834532,
6,person_vs_organization,3,77,334,189,77,K-Fold,5.0,AdaBoost,numeric,11,True,0.4866666666666667,0.5549707293238956,0.4866666666666667,0.4941780636997283,0.6467932525367468
6,person_vs_organization,3,77,334,189,77,LOOCV,,AdaBoost,numeric,11,True,0.4866666666666667,0.5565457703370894,0.4866666666666667,0.4952888049946356,0.6778503365082537
6,person_vs_organization,3,77,334,189,77,K-Fold,5.0,XGBoost,numeric,11,True,0.5516666666666666,0.5445600014644297,0.5516666666666666,0.5474483376556856,0.659498357349133
6,person_vs_organization,3,77,334,189,77,LOOCV,,XGBoost,numeric,11,True,0.5633333333333334,0.5555805243445693,0.5633333333333334,0.5586935035242109,0.6714817683173195
6,person_vs_organization,3,77,334,189,77,K-Fold,5.0,LogReg,desc+numeric,311,True,0.5133333333333333,0.5560591926202001,0.5133333333333333,0.5164812738362721,0.6726695040066285
6,person_vs_organization,3,77,334,189,77,LOOCV,,LogReg,desc+numeric,311,True,0.5,0.5535895164267257,0.5,0.5030448041986133,0.6841420286526003
6,person_vs_organization,3,77,334,189,77,K-Fold,5.0,DecisionTree,desc+numeric,311,True,0.5183333333333333,0.5313347778754189,0.5183333333333333,0.5230774628661954,0.5890185943428304
6,person_vs_organization,3,77,334,189,77,LOOCV,,DecisionTree,desc+numeric,311,True,0.5366666666666666,0.5387358807253436,0.5366666666666666,0.5373458363105944,0.5937322668438552
6,person_vs_organization,3,77,334,189,77,K-Fold,5.0,RandomForest,desc+numeric,311,True,0.5966666666666667,0.5913506968792366,0.5966666666666667,0.5932378803461522,0.69871510658208
6,person_vs_organization,3,77,334,189,77,LOOCV,,RandomForest,desc+numeric,311,True,0.59,0.5859218950064021,0.59,0.5868738094831459,0.6946446238343623
6,person_vs_organization,3,77,334,189,77,K-Fold,5.0,SVM,desc+numeric,311,True,0.5183333333333333,0.549659895781473,0.5183333333333333,0.520275941890166,0.663299085915465
6,person_vs_organization,3,77,334,189,77,LOOCV,,SVM,desc+numeric,311,True,0.5166666666666667,0.5588478573839488,0.5166666666666667,0.5182382451779219,
6,person_vs_organization,3,77,334,189,77,K-Fold,5.0,AdaBoost,desc+numeric,311,True,0.51,0.5635832307060755,0.51,0.5176501106249108,0.662325679311233
6,person_vs_organization,3,77,334,189,77,LOOCV,,AdaBoost,desc+numeric,311,True,0.53,0.5666488631727309,0.53,0.5384058166206408,0.6976409102114496
6,person_vs_organization,3,77,334,189,77,K-Fold,5.0,XGBoost,desc+numeric,311,True,0.5583333333333333,0.5480714242465526,0.5583333333333333,0.5520109323274706,0.662662206701198
6,person_vs_organization,3,77,334,189,77,LOOCV,,XGBoost,desc+numeric,311,True,0.5666666666666667,0.5559114397698213,0.5666666666666667,0.5599042990496392,0.6769198759507339
6,person_vs_organization,2,77,334,0,77,K-Fold,5.0,LogReg,desc,300,True,0.829683698296837,0.8097081636219435,0.829683698296837,0.8141855673947292,0.6958161598880163
6,person_vs_organization,2,77,334,0,77,LOOCV,,LogReg,desc,300,True,0.8321167883211679,0.8166957952092114,0.8321167883211679,0.821421302984666,0.6864064079632942
6,person_vs_organization,2,77,334,0,77,K-Fold,5.0,DecisionTree,desc,300,True,0.7956204379562044,0.7693136459774501,0.7956204379562044,0.7786915742863754,0.5407885527646006
6,person_vs_organization,2,77,334,0,77,LOOCV,,DecisionTree,desc,300,True,0.8150851581508516,0.7961754011864731,0.8150851581508516,0.8026235057653656,0.6399797806983436
6,person_vs_organization,2,77,334,0,77,K-Fold,5.0,RandomForest,desc,300,True,0.8199513381995134,0.7989679245583068,0.8199513381995134,0.8050378154427593,0.6858620421494673
6,person_vs_organization,2,77,334,0,77,LOOCV,,RandomForest,desc,300,True,0.8223844282238443,0.8054264761317296,0.8223844282238443,0.811068914751893,0.7000155533089665
6,person_vs_organization,2,77,334,0,77,K-Fold,5.0,SVM,desc,300,True,0.8394160583941606,0.822691347422992,0.8394160583941606,0.8261148083678663,0.699179562952018
6,person_vs_organization,2,77,334,0,77,LOOCV,,SVM,desc,300,True,0.8418491484184915,0.8279651142866934,0.8418491484184915,0.8317736912174389,
6,person_vs_organization,2,77,334,0,77,K-Fold,5.0,AdaBoost,desc,300,True,0.8394160583941606,0.8198059311216587,0.8394160583941606,0.810390498454045,0.6083093553153432
6,person_vs_organization,2,77,334,0,77,LOOCV,,AdaBoost,desc,300,True,0.8467153284671532,0.8343418269139143,0.8467153284671532,0.8161866658522433,0.3327241620654794
6,person_vs_organization,2,77,334,0,77,K-Fold,5.0,XGBoost,desc,300,True,0.8223844282238443,0.7986965071608781,0.8223844282238443,0.8039405208437598,0.6362275449101796
6,person_vs_organization,2,77,334,0,77,LOOCV,,XGBoost,desc,300,True,0.8321167883211679,0.8112949574607757,0.8321167883211679,0.8146835060030059,0.4879850688233922
6,person_vs_organization,2,77,334,0,77,K-Fold,5.0,LogReg,username,300,True,0.8126520681265207,0.6604033838303112,0.8126520681265207,0.728659840951028,0.4916206547943074
6,person_vs_organization,2,77,334,0,77,LOOCV,,LogReg,username,300,True,0.8126520681265207,0.6604033838303112,0.8126520681265207,0.728659840951028,0.4155844155844156
6,person_vs_organization,2,77,334,0,77,K-Fold,5.0,DecisionTree,username,300,True,0.1873479318734793,0.0350992475772698,0.1873479318734793,0.0591220932551553,0.4916206547943074
6,person_vs_organization,2,77,334,0,77,LOOCV,,DecisionTree,username,300,True,0.1873479318734793,0.0350992475772698,0.1873479318734793,0.0591220932551553,0.4155844155844156
6,person_vs_organization,2,77,334,0,77,K-Fold,5.0,RandomForest,username,300,True,0.1873479318734793,0.0350992475772698,0.1873479318734793,0.0591220932551553,0.4916206547943074
6,person_vs_organization,2,77,334,0,77,LOOCV,,RandomForest,username,300,True,0.1873479318734793,0.0350992475772698,0.1873479318734793,0.0591220932551553,0.3880161754413251
6,person_vs_organization,2,77,334,0,77,K-Fold,5.0,SVM,username,300,True,0.8126520681265207,0.6604033838303112,0.8126520681265207,0.728659840951028,0.4916206547943074
6,person_vs_organization,2,77,334,0,77,LOOCV,,SVM,username,300,True,0.8126520681265207,0.6604033838303112,0.8126520681265207,0.728659840951028,
6,person_vs_organization,2,77,334,0,77,K-Fold,5.0,AdaBoost,username,300,True,0.8126520681265207,0.6604033838303112,0.8126520681265207,0.728659840951028,0.4909985224356481
6,person_vs_organization,2,77,334,0,77,LOOCV,,AdaBoost,username,300,True,0.8126520681265207,0.6604033838303112,0.8126520681265207,0.728659840951028,0.0
6,person_vs_organization,2,77,334,0,77,K-Fold,5.0,XGBoost,username,300,True,0.1873479318734793,0.0350992475772698,0.1873479318734793,0.0591220932551553,0.5
6,person_vs_organization,2,77,334,0,77,LOOCV,,XGBoost,username,300,True,0.1873479318734793,0.0350992475772698,0.1873479318734793,0.0591220932551553,0.5
6,person_vs_organization,2,77,334,0,77,K-Fold,5.0,LogReg,fullname,300,True,0.8248175182481752,0.794835031752286,0.8248175182481752,0.7910255986101611,0.6928610311843845
6,person_vs_organization,2,77,334,0,77,LOOCV,,LogReg,fullname,300,True,0.8126520681265207,0.7784687753446877,0.8126520681265207,0.7840811402132167,0.5405163698576874
6,person_vs_organization,2,77,334,0,77,K-Fold,5.0,DecisionTree,fullname,300,True,0.4428223844282238,0.7858034850095266,0.4428223844282238,0.4774741911182923,0.6434598335795941
6,person_vs_organization,2,77,334,0,77,LOOCV,,DecisionTree,fullname,300,True,0.4501216545012165,0.7878926296621181,0.4501216545012165,0.4859124743789668,0.5973831557663893
6,person_vs_organization,2,77,334,0,77,K-Fold,5.0,RandomForest,fullname,300,True,0.4695863746958637,0.7985430084442536,0.4695863746958637,0.5070397836102915,0.6744303600591027
6,person_vs_organization,2,77,334,0,77,LOOCV,,RandomForest,fullname,300,True,0.4720194647201946,0.7991457545243044,0.4720194647201946,0.509768631051195,0.681662648728517
6,person_vs_organization,2,77,334,0,77,K-Fold,5.0,SVM,fullname,300,True,0.8272506082725061,0.8014110055320129,0.8272506082725061,0.783285181850342,0.6850260517925189
6,person_vs_organization,2,77,334,0,77,LOOCV,,SVM,fullname,300,True,0.8369829683698297,0.8178181915408193,0.8369829683698297,0.8024059326696702,
6,person_vs_organization,2,77,334,0,77,K-Fold,5.0,AdaBoost,fullname,300,True,0.8272506082725061,0.8575350695383137,0.8272506082725061,0.7616623363558835,0.6043821448013066
6,person_vs_organization,2,77,334,0,77,LOOCV,,AdaBoost,fullname,300,True,0.8369829683698297,0.864220228018761,0.8369829683698297,0.7816420703695525,0.3069445524535346
6,person_vs_organization,2,77,334,0,77,K-Fold,5.0,XGBoost,fullname,300,True,0.5888077858880778,0.7076732246332933,0.5888077858880778,0.6309406284512485,0.5612411540555253
6,person_vs_organization,2,77,334,0,77,LOOCV,,XGBoost,fullname,300,True,0.8223844282238443,0.7902778042474256,0.8223844282238443,0.78700994614625,0.3973870440936309
6,person_vs_organization,2,77,334,0,77,K-Fold,5.0,LogReg,desc_user,300,True,0.829683698296837,0.8097081636219435,0.829683698296837,0.8141855673947292,0.6879811804961505
6,person_vs_organization,2,77,334,0,77,LOOCV,,LogReg,desc_user,300,True,0.8321167883211679,0.8166957952092114,0.8321167883211679,0.821421302984666,0.6769188894937398
6,person_vs_organization,2,77,334,0,77,K-Fold,5.0,DecisionTree,desc_user,300,True,0.7883211678832117,0.763780505443594,0.7883211678832117,0.7732615499069175,0.5337117971848511
6,person_vs_organization,2,77,334,0,77,LOOCV,,DecisionTree,desc_user,300,True,0.7980535279805353,0.7792269680589493,0.7980535279805353,0.7866350439730947,0.6313476942219457
6,person_vs_organization,2,77,334,0,77,K-Fold,5.0,RandomForest,desc_user,300,True,0.8150851581508516,0.7945945751863801,0.8150851581508516,0.8012227115809243,0.683742903802784
6,person_vs_organization,2,77,334,0,77,LOOCV,,RandomForest,desc_user,300,True,0.8272506082725061,0.8097464452123104,0.8272506082725061,0.8149605752113925,0.676568940041994
6,person_vs_organization,2,77,334,0,77,K-Fold,5.0,SVM,desc_user,300,True,0.8369829683698297,0.819258480430812,0.8369829683698297,0.822820904147996,0.6868341239598724
6,person_vs_organization,2,77,334,0,77,LOOCV,,SVM,desc_user,300,True,0.8369829683698297,0.8234851061473253,0.8369829683698297,0.8277656379059921,
6,person_vs_organization,2,77,334,0,77,K-Fold,5.0,AdaBoost,desc_user,300,True,0.8394160583941606,0.8198059311216587,0.8394160583941606,0.810390498454045,0.6096897114861187
6,person_vs_organization,2,77,334,0,77,LOOCV,,AdaBoost,desc_user,300,True,0.8442822384428224,0.8291855715433452,0.8442822384428224,0.8142449765423655,0.3324908624309822
6,person_vs_organization,2,77,334,0,77,K-Fold,5.0,XGBoost,desc_user,300,True,0.8126520681265207,0.7876743546949253,0.8126520681265207,0.7948171901126483,0.6383466832568628
6,person_vs_organization,2,77,334,0,77,LOOCV,,XGBoost,desc_user,300,True,0.829683698296837,0.8086494444624589,0.829683698296837,0.8127410123084804,0.487946185550976
6,person_vs_organization,2,77,334,0,77,K-Fold,5.0,LogReg,desc_fullname,300,True,0.8369829683698297,0.8234851061473253,0.8369829683698297,0.8277656379059921,0.7533439614277937
6,person_vs_organization,2,77,334,0,77,LOOCV,,LogReg,desc_fullname,300,True,0.8223844282238443,0.8146970988603992,0.8223844282238443,0.818052826544711,0.7435648184151178
6,person_vs_organization,2,77,334,0,77,K-Fold,5.0,DecisionTree,desc_fullname,300,True,0.7907542579075426,0.7565899512052439,0.7907542579075426,0.768094953190083,0.5749475075822381
6,person_vs_organization,2,77,334,0,77,LOOCV,,DecisionTree,desc_fullname,300,True,0.8077858880778589,0.7956696300230688,0.8077858880778589,0.8007595966119638,0.6833540710786219
6,person_vs_organization,2,77,334,0,77,K-Fold,5.0,RandomForest,desc_fullname,300,True,0.7980535279805353,0.7851311335605152,0.7980535279805353,0.7906714749214303,0.709328097052648
6,person_vs_organization,2,77,334,0,77,LOOCV,,RandomForest,desc_fullname,300,True,0.8248175182481752,0.8164598413466533,0.8248175182481752,0.8200266993949573,0.7412707053425617
6,person_vs_organization,2,77,334,0,77,K-Fold,5.0,SVM,desc_fullname,300,True,0.8102189781021898,0.7904863446239646,0.8102189781021898,0.797429387496033,0.7058091608989813
6,person_vs_organization,2,77,334,0,77,LOOCV,,SVM,desc_fullname,300,True,0.8126520681265207,0.8044483695459415,0.8126520681265207,0.8080831184101746,
6,person_vs_organization,2,77,334,0,77,K-Fold,5.0,AdaBoost,desc_fullname,300,True,0.8321167883211679,0.8079535009462018,0.8321167883211679,0.8065142685027527,0.6571273038338906
6,person_vs_organization,2,77,334,0,77,LOOCV,,AdaBoost,desc_fullname,300,True,0.8345498783454988,0.8115416472537144,0.8345498783454988,0.8084215756828073,0.4294268605645851
6,person_vs_organization,2,77,334,0,77,K-Fold,5.0,XGBoost,desc_fullname,300,True,0.8248175182481752,0.8089441923088889,0.8248175182481752,0.8142904557166636,0.6806711252819037
6,person_vs_organization,2,77,334,0,77,LOOCV,,XGBoost,desc_fullname,300,True,0.8150851581508516,0.8010559724667657,0.8150851581508516,0.8065282038623834,0.5834046193327631
6,person_vs_organization,2,77,334,0,77,K-Fold,5.0,LogReg,user_fullname,300,True,0.8223844282238443,0.7915274380653403,0.8223844282238443,0.7913256428816674,0.6966910335173808
6,person_vs_organization,2,77,334,0,77,LOOCV,,LogReg,user_fullname,300,True,0.8126520681265207,0.7784687753446877,0.8126520681265207,0.7840811402132167,0.4973948207481141
6,person_vs_organization,2,77,334,0,77,K-Fold,5.0,DecisionTree,user_fullname,300,True,0.4330900243309002,0.7887745727184667,0.4330900243309002,0.4649077342567666,0.6433431837623454
6,person_vs_organization,2,77,334,0,77,LOOCV,,DecisionTree,user_fullname,300,True,0.4330900243309002,0.7887745727184667,0.4330900243309002,0.4649077342567666,0.5821020297068202
6,person_vs_organization,2,77,334,0,77,K-Fold,5.0,RandomForest,user_fullname,300,True,0.4501216545012165,0.7935180826734758,0.4501216545012165,0.4848560333961794,0.671494672991679
6,person_vs_organization,2,77,334,0,77,LOOCV,,RandomForest,user_fullname,300,True,0.4476885644768856,0.792861996008081,0.4476885644768856,0.4820377353006653,0.7132358659304768
6,person_vs_organization,2,77,334,0,77,K-Fold,5.0,SVM,user_fullname,300,True,0.8223844282238443,0.7896461645825082,0.8223844282238443,0.7823104956455739,0.6843844777976515
6,person_vs_organization,2,77,334,0,77,LOOCV,,SVM,user_fullname,300,True,0.829683698296837,0.8034226667000508,0.829683698296837,0.7968304430932123,
6,person_vs_organization,2,77,334,0,77,K-Fold,5.0,AdaBoost,user_fullname,300,True,0.8248175182481752,0.8304184433041845,0.8248175182481752,0.7601329297964513,0.608251030406719
6,person_vs_organization,2,77,334,0,77,LOOCV,,AdaBoost,user_fullname,300,True,0.8369829683698297,0.864220228018761,0.8369829683698297,0.7816420703695525,0.3069445524535345
6,person_vs_organization,2,77,334,0,77,K-Fold,5.0,XGBoost,user_fullname,300,True,0.5888077858880778,0.710450905010398,0.5888077858880778,0.6313026657632423,0.572109028695855
6,person_vs_organization,2,77,334,0,77,LOOCV,,XGBoost,user_fullname,300,True,0.8223844282238443,0.7898687687008854,0.8223844282238443,0.7847109415654614,0.38591647873085
6,person_vs_organization,2,77,334,0,77,K-Fold,5.0,LogReg,desc_user_fullname,300,True,0.8321167883211679,0.8192602297225168,0.8321167883211679,0.8237838989823645,0.7513997978069835
6,person_vs_organization,2,77,334,0,77,LOOCV,,LogReg,desc_user_fullname,300,True,0.8223844282238443,0.816353076324821,0.8223844282238443,0.8190764556701297,0.7372268450112761
6,person_vs_organization,2,77,334,0,77,K-Fold,5.0,DecisionTree,desc_user_fullname,300,True,0.7956204379562044,0.7651186366048922,0.7956204379562044,0.7752892147701765,0.5862430982191461
6,person_vs_organization,2,77,334,0,77,LOOCV,,DecisionTree,desc_user_fullname,300,True,0.8150851581508516,0.8044241344355264,0.8150851581508516,0.8089034565198547,0.686931332140913
6,person_vs_organization,2,77,334,0,77,K-Fold,5.0,RandomForest,desc_user_fullname,300,True,0.8077858880778589,0.7938640433642805,0.8077858880778589,0.7995253197363027,0.7128275915701066
6,person_vs_organization,2,77,334,0,77,LOOCV,,RandomForest,desc_user_fullname,300,True,0.8077858880778589,0.8011744475601315,0.8077858880778589,0.8042060273690443,0.7466754802084143
6,person_vs_organization,2,77,334,0,77,K-Fold,5.0,SVM,desc_user_fullname,300,True,0.8150851581508516,0.7961754011864731,0.8150851581508516,0.8026235057653656,0.7040788552764601
6,person_vs_organization,2,77,334,0,77,LOOCV,,SVM,desc_user_fullname,300,True,0.8126520681265207,0.8044483695459415,0.8126520681265207,0.8080831184101746,
6,person_vs_organization,2,77,334,0,77,K-Fold,5.0,AdaBoost,desc_user_fullname,300,True,0.8321167883211679,0.8079535009462018,0.8321167883211679,0.8065142685027527,0.6571273038338906
6,person_vs_organization,2,77,334,0,77,LOOCV,,AdaBoost,desc_user_fullname,300,True,0.8345498783454988,0.8115416472537144,0.8345498783454988,0.8084215756828073,0.3971148611867174
6,person_vs_organization,2,77,334,0,77,K-Fold,5.0,XGBoost,desc_user_fullname,300,True,0.8248175182481752,0.8089441923088889,0.8248175182481752,0.8142904557166636,0.6836068123493274
6,person_vs_organization,2,77,334,0,77,LOOCV,,XGBoost,desc_user_fullname,300,True,0.8150851581508516,0.8010559724667657,0.8150851581508516,0.8065282038623834,0.5570028773621588
6,person_vs_organization,2,77,334,0,77,K-Fold,5.0,LogReg,numeric,11,True,0.6472019464720195,0.7938093774811809,0.6472019464720195,0.6856477474291509,0.7259118127381602
6,person_vs_organization,2,77,334,0,77,LOOCV,,LogReg,numeric,11,True,0.6423357664233577,0.7767103933980534,0.6423357664233577,0.6807451654060083,0.7216735360447935
6,person_vs_organization,2,77,334,0,77,K-Fold,5.0,DecisionTree,numeric,11,True,0.7445255474452555,0.745798858937545,0.7445255474452555,0.745158148498155,0.5829963449723929
6,person_vs_organization,2,77,334,0,77,LOOCV,,DecisionTree,numeric,11,True,0.7858880778588808,0.7773360726475025,0.7858880778588808,0.7812889322507592,0.6284314487907303
6,person_vs_organization,2,77,334,0,77,K-Fold,5.0,RandomForest,numeric,11,True,0.8004866180048662,0.8004866180048662,0.8004866180048662,0.8004866180048662,0.7697527023874329
6,person_vs_organization,2,77,334,0,77,LOOCV,,RandomForest,numeric,11,True,0.7980535279805353,0.793042905640606,0.7980535279805353,0.7954153369861348,0.7679640718562875
6,person_vs_organization,2,77,334,0,77,K-Fold,5.0,SVM,numeric,11,True,0.6472019464720195,0.7938093774811809,0.6472019464720195,0.6856477474291509,0.7162298779065247
6,person_vs_organization,2,77,334,0,77,LOOCV,,SVM,numeric,11,True,0.6472019464720195,0.7781157069478237,0.6472019464720195,0.6849012878690673,
6,person_vs_organization,2,77,334,0,77,K-Fold,5.0,AdaBoost,numeric,11,True,0.7055961070559611,0.7816870350610645,0.7055961070559611,0.7316291379784798,0.7339412084921068
6,person_vs_organization,2,77,334,0,77,LOOCV,,AdaBoost,numeric,11,True,0.6982968369829684,0.7765486951036513,0.6982968369829684,0.7252242875516551,0.7366047126526167
6,person_vs_organization,2,77,334,0,77,K-Fold,5.0,XGBoost,numeric,11,True,0.7931873479318735,0.7736947007979023,0.7931873479318735,0.7814937197314826,0.7423594369702153
6,person_vs_organization,2,77,334,0,77,LOOCV,,XGBoost,numeric,11,True,0.781021897810219,0.7655657167361168,0.781021897810219,0.7723205685296574,0.7518858387121862
6,person_vs_organization,2,77,334,0,77,K-Fold,5.0,LogReg,desc+numeric,311,True,0.7299270072992701,0.7900319471256202,0.7299270072992701,0.7512825519428494,0.7542966016019907
6,person_vs_organization,2,77,334,0,77,LOOCV,,LogReg,desc+numeric,311,True,0.7372262773722628,0.8004786579121836,0.7372262773722628,0.7587989344983264,0.7606734582782487
6,person_vs_organization,2,77,334,0,77,K-Fold,5.0,DecisionTree,desc+numeric,311,True,0.7566909975669099,0.7782080397334461,0.7566909975669099,0.7660533886981009,0.6454428804728206
6,person_vs_organization,2,77,334,0,77,LOOCV,,DecisionTree,desc+numeric,311,True,0.7518248175182481,0.7760726389768273,0.7518248175182481,0.7622578951130005,0.6424488684967726
6,person_vs_organization,2,77,334,0,77,K-Fold,5.0,RandomForest,desc+numeric,311,True,0.8272506082725061,0.8152650705290256,0.8272506082725061,0.8198265531807275,0.7827980402830702
6,person_vs_organization,2,77,334,0,77,LOOCV,,RandomForest,desc+numeric,311,True,0.8199513381995134,0.8033617591754553,0.8199513381995134,0.8091318572643488,0.7983513492495529
6,person_vs_organization,2,77,334,0,77,K-Fold,5.0,SVM,desc+numeric,311,True,0.7956204379562044,0.7915545723534156,0.7956204379562044,0.7935036496350365,0.7429232444202504
6,person_vs_organization,2,77,334,0,77,LOOCV,,SVM,desc+numeric,311,True,0.8077858880778589,0.8087486700625386,0.8077858880778589,0.8082618450605166,
6,person_vs_organization,2,77,334,0,77,K-Fold,5.0,AdaBoost,desc+numeric,311,True,0.7177615571776156,0.7857901603319243,0.7177615571776156,0.7414712233647816,0.7590403608367681
6,person_vs_organization,2,77,334,0,77,LOOCV,,AdaBoost,desc+numeric,311,True,0.7104622871046229,0.799869802345608,0.7104622871046229,0.7382125305537623,0.7412318220701455
6,person_vs_organization,2,77,334,0,77,K-Fold,5.0,XGBoost,desc+numeric,311,True,0.7956204379562044,0.781492668102283,0.7956204379562044,0.7874991972943469,0.7534022863364181
6,person_vs_organization,2,77,334,0,77,LOOCV,,XGBoost,desc+numeric,311,True,0.805352798053528,0.7939621718871539,0.805352798053528,0.7988457437051102,0.7587292946574384
6,target_population,3,253,183,164,164,K-Fold,5,LogReg,desc,300,False,0.44666666666666666,0.42361058953976755,0.44666666666666666,0.3579238393641299,0.5952101862517601
6,target_population,3,253,183,164,164,LOOCV,,LogReg,desc,300,False,0.44333333333333336,0.41560201885251985,0.44333333333333336,0.35578103537689565,0.4940881970678646
6,target_population,3,253,183,164,164,K-Fold,5,DecisionTree,desc,300,False,0.39666666666666667,0.4569649864619265,0.39666666666666667,0.38198613618727234,0.564149612018605
6,target_population,3,253,183,164,164,LOOCV,,DecisionTree,desc,300,False,0.38666666666666666,0.4870601109924026,0.38666666666666666,0.3505143627794115,0.34509272905816746
6,target_population,3,253,183,164,164,K-Fold,5,RandomForest,desc,300,False,0.4066666666666667,0.4364591032415043,0.4066666666666667,0.39368600444364604,0.5885426558549581
6,target_population,3,253,183,164,164,LOOCV,,RandomForest,desc,300,False,0.445,0.5107816574218935,0.445,0.4310576123527036,0.5279792306598365
6,target_population,3,253,183,164,164,K-Fold,5,SVM,desc,300,False,0.4483333333333333,0.4552060014923782,0.4483333333333333,0.3448890330143357,0.5740268976025588
6,target_population,3,253,183,164,164,LOOCV,,SVM,desc,300,False,0.44333333333333336,0.4203613231552163,0.44333333333333336,0.3435376328709662,
6,target_population,3,253,183,164,164,K-Fold,5,AdaBoost,desc,300,False,0.4216666666666667,0.31618022328548645,0.4216666666666667,0.2641143652406723,0.5154530199571935
6,target_population,3,253,183,164,164,LOOCV,,AdaBoost,desc,300,False,0.4166666666666667,0.2600097751710655,0.4166666666666667,0.25682412191558307,0.25138697576428454
6,target_population,3,253,183,164,164,K-Fold,5,XGBoost,desc,300,False,0.4166666666666667,0.3558057524536532,0.4166666666666667,0.313672955811395,0.5333409132620404
6,target_population,3,253,183,164,164,LOOCV,,XGBoost,desc,300,False,0.435,0.3984677723488016,0.435,0.3438714213609849,0.34368844136281806
6,target_population,3,253,183,164,164,K-Fold,5,LogReg,username,300,False,0.4216666666666667,0.17780277777777778,0.4216666666666667,0.2501328644001563,0.4964909821343148
6,target_population,3,253,183,164,164,LOOCV,,LogReg,username,300,False,0.4216666666666667,0.17780277777777778,0.4216666666666667,0.2501328644001563,0.0
6,target_population,3,253,183,164,164,K-Fold,5,DecisionTree,username,300,False,0.4216666666666667,0.17780277777777778,0.4216666666666667,0.2501328644001563,0.4976437198864761
6,target_population,3,253,183,164,164,LOOCV,,DecisionTree,username,300,False,0.4216666666666667,0.17780277777777778,0.4216666666666667,0.2501328644001563,0.12466561087380525
6,target_population,3,253,183,164,164,K-Fold,5,RandomForest,username,300,False,0.4216666666666667,0.17780277777777778,0.4216666666666667,0.2501328644001563,0.4976437198864761
6,target_population,3,253,183,164,164,LOOCV,,RandomForest,username,300,False,0.4216666666666667,0.17780277777777778,0.4216666666666667,0.2501328644001563,0.28274981598413734
6,target_population,3,253,183,164,164,K-Fold,5,SVM,username,300,False,0.4216666666666667,0.17780277777777778,0.4216666666666667,0.2501328644001563,0.49591461325823405
6,target_population,3,253,183,164,164,LOOCV,,SVM,username,300,False,0.4216666666666667,0.17780277777777778,0.4216666666666667,0.2501328644001563,
6,target_population,3,253,183,164,164,K-Fold,5,AdaBoost,username,300,False,0.4216666666666667,0.17780277777777778,0.4216666666666667,0.2501328644001563,0.49591461325823405
6,target_population,3,253,183,164,164,LOOCV,,AdaBoost,username,300,False,0.4216666666666667,0.17780277777777778,0.4216666666666667,0.2501328644001563,0.0
6,target_population,3,253,183,164,164,K-Fold,5,XGBoost,username,300,False,0.4216666666666667,0.17780277777777778,0.4216666666666667,0.2501328644001563,0.49591461325823405
6,target_population,3,253,183,164,164,LOOCV,,XGBoost,username,300,False,0.4216666666666667,0.17780277777777778,0.4216666666666667,0.2501328644001563,0.0
6,target_population,3,253,183,164,164,K-Fold,5,LogReg,fullname,300,False,0.48,0.4650868056336788,0.48,0.4044284552750336,0.5711054406745604
6,target_population,3,253,183,164,164,LOOCV,,LogReg,fullname,300,False,0.475,0.4476256501182034,0.475,0.39938971941437745,0.4259727795586548
6,target_population,3,253,183,164,164,K-Fold,5,DecisionTree,fullname,300,False,0.465,0.4309495533443654,0.465,0.38807858176478605,0.5647093200964701
6,target_population,3,253,183,164,164,LOOCV,,DecisionTree,fullname,300,False,0.47,0.433452636968766,0.47,0.39507724380757286,0.421809812718791
6,target_population,3,253,183,164,164,K-Fold,5,RandomForest,fullname,300,False,0.4583333333333333,0.4227807120673702,0.4583333333333333,0.3898710398833588,0.5733658415387566
6,target_population,3,253,183,164,164,LOOCV,,RandomForest,fullname,300,False,0.4666666666666667,0.438635191358151,0.4666666666666667,0.39874269062651774,0.48079705364281133
6,target_population,3,253,183,164,164,K-Fold,5,SVM,fullname,300,False,0.4816666666666667,0.4754544510111737,0.4816666666666667,0.4049626041192687,0.5842137075179769
6,target_population,3,253,183,164,164,LOOCV,,SVM,fullname,300,False,0.48333333333333334,0.47936266870384525,0.48333333333333334,0.40589430080761846,
6,target_population,3,253,183,164,164,K-Fold,5,AdaBoost,fullname,300,False,0.45166666666666666,0.3368202478925132,0.45166666666666666,0.3319639197451133,0.5374388574300383
6,target_population,3,253,183,164,164,LOOCV,,AdaBoost,fullname,300,False,0.45,0.33336560251469866,0.45,0.32761461651088397,0.41756108232415734
6,target_population,3,253,183,164,164,K-Fold,5,XGBoost,fullname,300,False,0.4633333333333333,0.41057712367768695,0.4633333333333333,0.368462962962963,0.5524822270254018
6,target_population,3,253,183,164,164,LOOCV,,XGBoost,fullname,300,False,0.4666666666666667,0.42448517127332863,0.4666666666666667,0.3739883394184653,0.313072344123485
6,target_population,3,253,183,164,164,K-Fold,5,LogReg,desc_user,300,False,0.45,0.4439864790897291,0.45,0.3652066408223619,0.5964351105504829
6,target_population,3,253,183,164,164,LOOCV,,LogReg,desc_user,300,False,0.44333333333333336,0.43335175205947357,0.44333333333333336,0.35729685133568834,0.4942221192509017
6,target_population,3,253,183,164,164,K-Fold,5,DecisionTree,desc_user,300,False,0.39666666666666667,0.457738416003266,0.39666666666666667,0.38021138142525424,0.5665265244774805
6,target_population,3,253,183,164,164,LOOCV,,DecisionTree,desc_user,300,False,0.37666666666666665,0.46352981432136364,0.37666666666666665,0.34049827966378826,0.34151462321668985
6,target_population,3,253,183,164,164,K-Fold,5,RandomForest,desc_user,300,False,0.41333333333333333,0.43687913006872064,0.41333333333333333,0.3982751925105613,0.5896440972833134
6,target_population,3,253,183,164,164,LOOCV,,RandomForest,desc_user,300,False,0.45,0.5119853697629342,0.45,0.43538038307802074,0.5228695169343731
6,target_population,3,253,183,164,164,K-Fold,5,SVM,desc_user,300,False,0.45166666666666666,0.4810147966069019,0.45166666666666666,0.3505201347166383,0.5780262748397903
6,target_population,3,253,183,164,164,LOOCV,,SVM,desc_user,300,False,0.44,0.4279528209751334,0.44,0.3435281708548684,
6,target_population,3,253,183,164,164,K-Fold,5,AdaBoost,desc_user,300,False,0.4216666666666667,0.31618022328548645,0.4216666666666667,0.2641143652406723,0.5157890900747398
6,target_population,3,253,183,164,164,LOOCV,,AdaBoost,desc_user,300,False,0.41833333333333333,0.27860970107163,0.41833333333333333,0.2573353574249605,0.45449194447683267
6,target_population,3,253,183,164,164,K-Fold,5,XGBoost,desc_user,300,False,0.41833333333333333,0.3584265455304929,0.41833333333333333,0.314495929543339,0.5349261102579217
6,target_population,3,253,183,164,164,LOOCV,,XGBoost,desc_user,300,False,0.43666666666666665,0.3976684563533879,0.43666666666666665,0.34523194879147545,0.3500009886863531
6,target_population,3,253,183,164,164,K-Fold,5,LogReg,desc_fullname,300,False,0.4533333333333333,0.4001681877325124,0.4533333333333333,0.39509582821629263,0.623337513633965
6,target_population,3,253,183,164,164,LOOCV,,LogReg,desc_fullname,300,False,0.4683333333333333,0.41553032761760517,0.4683333333333333,0.41191491516629386,0.5959467393168985
6,target_population,3,253,183,164,164,K-Fold,5,DecisionTree,desc_fullname,300,False,0.41333333333333333,0.43754979831564905,0.41333333333333333,0.40758229845275695,0.5907706372115115
6,target_population,3,253,183,164,164,LOOCV,,DecisionTree,desc_fullname,300,False,0.33166666666666667,0.3436108192370542,0.33166666666666667,0.3220713035028477,0.49036763490352525
6,target_population,3,253,183,164,164,K-Fold,5,RandomForest,desc_fullname,300,False,0.43666666666666665,0.46094198291601457,0.43666666666666665,0.4346888166908496,0.6187376832531807
6,target_population,3,253,183,164,164,LOOCV,,RandomForest,desc_fullname,300,False,0.4216666666666667,0.45890090894657465,0.4216666666666667,0.428814889260474,0.5946117511511242
6,target_population,3,253,183,164,164,K-Fold,5,SVM,desc_fullname,300,False,0.4716666666666667,0.436723043338941,0.4716666666666667,0.41304956012353,0.6130942887336748
6,target_population,3,253,183,164,164,LOOCV,,SVM,desc_fullname,300,False,0.46166666666666667,0.4020697837502854,0.46166666666666667,0.3979700892580362,
6,target_population,3,253,183,164,164,K-Fold,5,AdaBoost,desc_fullname,300,False,0.4166666666666667,0.29956803220717043,0.4166666666666667,0.283466049382716,0.5604397982816718
6,target_population,3,253,183,164,164,LOOCV,,AdaBoost,desc_fullname,300,False,0.45,0.47075273271507606,0.45,0.3390279125790462,0.8641767483350918
6,target_population,3,253,183,164,164,K-Fold,5,XGBoost,desc_fullname,300,False,0.43333333333333335,0.4201663530329231,0.43333333333333335,0.3791362824128782,0.5754618277326425
6,target_population,3,253,183,164,164,LOOCV,,XGBoost,desc_fullname,300,False,0.465,0.4570569996602107,0.465,0.4178143272780945,0.5104454402794556
6,target_population,3,253,183,164,164,K-Fold,5,LogReg,user_fullname,300,False,0.475,0.4458402978095133,0.475,0.3953849947439309,0.5731356782617161
6,target_population,3,253,183,164,164,LOOCV,,LogReg,user_fullname,300,False,0.4716666666666667,0.4341122157244965,0.4716666666666667,0.3910711692244084,0.4206599527505933
6,target_population,3,253,183,164,164,K-Fold,5,DecisionTree,user_fullname,300,False,0.4633333333333333,0.43234378670425183,0.4633333333333333,0.387968553759479,0.5468987441778591
6,target_population,3,253,183,164,164,LOOCV,,DecisionTree,user_fullname,300,False,0.4683333333333333,0.4241880713783403,0.4683333333333333,0.38991455212177245,0.40606010480196864
6,target_population,3,253,183,164,164,K-Fold,5,RandomForest,user_fullname,300,False,0.465,0.4350571268943362,0.465,0.3905797519230355,0.561895240344752
6,target_population,3,253,183,164,164,LOOCV,,RandomForest,user_fullname,300,False,0.44666666666666666,0.40464193489725403,0.44666666666666666,0.37238324955055,0.46551775594303935
6,target_population,3,253,183,164,164,K-Fold,5,SVM,user_fullname,300,False,0.475,0.4598888888888889,0.475,0.395507399268131,0.5867255518351889
6,target_population,3,253,183,164,164,LOOCV,,SVM,user_fullname,300,False,0.47,0.4340787945182827,0.47,0.38658965195305833,
6,target_population,3,253,183,164,164,K-Fold,5,AdaBoost,user_fullname,300,False,0.4483333333333333,0.32964082214082213,0.4483333333333333,0.32188458146522814,0.5385821025119465
6,target_population,3,253,183,164,164,LOOCV,,AdaBoost,user_fullname,300,False,0.44333333333333336,0.33193333333333336,0.44333333333333336,0.31698786916730354,0.35142479863767817
6,target_population,3,253,183,164,164,K-Fold,5,XGBoost,user_fullname,300,False,0.4483333333333333,0.372637352221418,0.4483333333333333,0.3477483141270793,0.5420963087420765
6,target_population,3,253,183,164,164,LOOCV,,XGBoost,user_fullname,300,False,0.4583333333333333,0.40451226796887835,0.4583333333333333,0.36311439310884364,0.31375787081515816
6,target_population,3,253,183,164,164,K-Fold,5,LogReg,desc_user_fullname,300,False,0.45166666666666666,0.3985405171796763,0.45166666666666666,0.39289067597517374,0.6195683982518134
6,target_population,3,253,183,164,164,LOOCV,,LogReg,desc_user_fullname,300,False,0.47,0.4172748307777317,0.47,0.4138855498966287,0.5931321181058484
6,target_population,3,253,183,164,164,K-Fold,5,DecisionTree,desc_user_fullname,300,False,0.40166666666666667,0.4227867660073455,0.40166666666666667,0.3969877191546942,0.5794739030709177
6,target_population,3,253,183,164,164,LOOCV,,DecisionTree,desc_user_fullname,300,False,0.32166666666666666,0.32762590071912107,0.32166666666666666,0.3103982468928795,0.48326838638810554
6,target_population,3,253,183,164,164,K-Fold,5,RandomForest,desc_user_fullname,300,False,0.43,0.4497144020727693,0.43,0.4274677252537479,0.6161532778509762
6,target_population,3,253,183,164,164,LOOCV,,RandomForest,desc_user_fullname,300,False,0.4216666666666667,0.4570902405088451,0.4216666666666667,0.42754312730108995,0.594873559471435
6,target_population,3,253,183,164,164,K-Fold,5,SVM,desc_user_fullname,300,False,0.4716666666666667,0.43738542785535267,0.4716666666666667,0.41409527196851137,0.6081677908605089
6,target_population,3,253,183,164,164,LOOCV,,SVM,desc_user_fullname,300,False,0.4583333333333333,0.3986315013496498,0.4583333333333333,0.3950074560227316,
6,target_population,3,253,183,164,164,K-Fold,5,AdaBoost,desc_user_fullname,300,False,0.425,0.3553478155017485,0.425,0.3014160492526294,0.5632262785731544
6,target_population,3,253,183,164,164,LOOCV,,AdaBoost,desc_user_fullname,300,False,0.45,0.47075273271507606,0.45,0.3390279125790462,0.8635422784634045
6,target_population,3,253,183,164,164,K-Fold,5,XGBoost,desc_user_fullname,300,False,0.43333333333333335,0.4187835013837179,0.43333333333333335,0.37807957401243936,0.576418145907883
6,target_population,3,253,183,164,164,LOOCV,,XGBoost,desc_user_fullname,300,False,0.4633333333333333,0.4535127291009644,0.4633333333333333,0.412636509606544,0.5083692399384038
6,target_population,3,253,183,164,164,K-Fold,5,LogReg,numeric,11,False,0.5666666666666667,0.5788021549649415,0.5666666666666667,0.554243543054944,0.7215045294753277
6,target_population,3,253,183,164,164,LOOCV,,LogReg,numeric,11,False,0.5633333333333334,0.5723341511176098,0.5633333333333334,0.5501626233004532,0.7207364633106459
6,target_population,3,253,183,164,164,K-Fold,5,DecisionTree,numeric,11,False,0.4583333333333333,0.45966589443276556,0.4583333333333333,0.4587590893645939,0.5861976468583217
6,target_population,3,253,183,164,164,LOOCV,,DecisionTree,numeric,11,False,0.5,0.4995807859375634,0.5,0.49977555556289066,0.6164484217823637
6,target_population,3,253,183,164,164,K-Fold,5,RandomForest,numeric,11,False,0.5733333333333334,0.5717016662126152,0.5733333333333334,0.5663563330968269,0.7050420920963569
6,target_population,3,253,183,164,164,LOOCV,,RandomForest,numeric,11,False,0.57,0.5691448696406737,0.57,0.5633674227664188,0.7113556524766703
6,target_population,3,253,183,164,164,K-Fold,5,SVM,numeric,11,False,0.5583333333333333,0.6013965811965812,0.5583333333333333,0.5380705917868268,0.6900427631086047
6,target_population,3,253,183,164,164,LOOCV,,SVM,numeric,11,False,0.5533333333333333,0.6053155096844417,0.5533333333333333,0.5323186052947145,
6,target_population,3,253,183,164,164,K-Fold,5,AdaBoost,numeric,11,False,0.5416666666666666,0.5438114039987518,0.5416666666666666,0.5289410564108268,0.7049838758794936
6,target_population,3,253,183,164,164,LOOCV,,AdaBoost,numeric,11,False,0.565,0.5636938019756189,0.565,0.5542487269120913,0.7241547843606511
6,target_population,3,253,183,164,164,K-Fold,5,XGBoost,numeric,11,False,0.5733333333333334,0.5716416963581452,0.5733333333333334,0.570056170241202,0.7075395290409134
6,target_population,3,253,183,164,164,LOOCV,,XGBoost,numeric,11,False,0.5583333333333333,0.55566049003549,0.5583333333333333,0.5560852537448153,0.7130218923769056
6,target_population,3,253,183,164,164,K-Fold,5,LogReg,desc+numeric,311,False,0.5716666666666667,0.5763804290947149,0.5716666666666667,0.5603356481481481,0.738250491667053
6,target_population,3,253,183,164,164,LOOCV,,LogReg,desc+numeric,311,False,0.5683333333333334,0.5719322001637921,0.5683333333333334,0.5603519917286844,0.7374412848432621
6,target_population,3,253,183,164,164,K-Fold,5,DecisionTree,desc+numeric,311,False,0.47833333333333333,0.47546194391425634,0.47833333333333333,0.47596041183338655,0.5966056491453849
6,target_population,3,253,183,164,164,LOOCV,,DecisionTree,desc+numeric,311,False,0.5083333333333333,0.5053528261716936,0.5083333333333333,0.5055367592414217,0.6187766493570869
6,target_population,3,253,183,164,164,K-Fold,5,RandomForest,desc+numeric,311,False,0.5633333333333334,0.5635979960539368,0.5633333333333334,0.5578520634178267,0.717146561285197
6,target_population,3,253,183,164,164,LOOCV,,RandomForest,desc+numeric,311,False,0.5833333333333334,0.5870613895888649,0.5833333333333334,0.5735237928749645,0.7238957002179767
6,target_population,3,253,183,164,164,K-Fold,5,SVM,desc+numeric,311,False,0.5816666666666667,0.6052400770335553,0.5816666666666667,0.5717957876320571,0.7259526842212348
6,target_population,3,253,183,164,164,LOOCV,,SVM,desc+numeric,311,False,0.57,0.5945222512418703,0.57,0.5581719841289885,
6,target_population,3,253,183,164,164,K-Fold,5,AdaBoost,desc+numeric,311,False,0.5533333333333333,0.5568585772903022,0.5533333333333333,0.5399844459144081,0.6978042229912761
6,target_population,3,253,183,164,164,LOOCV,,AdaBoost,desc+numeric,311,False,0.5583333333333333,0.556381827039331,0.5583333333333333,0.5458120069097278,0.7194075067788617
6,target_population,3,253,183,164,164,K-Fold,5,XGBoost,desc+numeric,311,False,0.575,0.5728688417608765,0.575,0.5713265323812992,0.7135176054487292
6,target_population,3,253,183,164,164,LOOCV,,XGBoost,desc+numeric,311,False,0.56,0.5571339836427279,0.56,0.5569441369847735,0.7193406561005591
6,target_population,2,253,183,0,183,K-Fold,5,LogReg,desc,300,False,0.5940366972477065,0.5939295406031428,0.5940366972477065,0.4981292859975079,0.6443875677660424
6,target_population,2,253,183,0,183,LOOCV,,LogReg,desc,300,False,0.5986238532110092,0.5958882614764005,0.5986238532110092,0.5189846192502335,0.545864921488585
6,target_population,2,253,183,0,183,K-Fold,5,DecisionTree,desc,300,False,0.6055045871559633,0.6036552770353246,0.6055045871559633,0.5392446678552762,0.5608436467310309
6,target_population,2,253,183,0,183,LOOCV,,DecisionTree,desc,300,False,0.6032110091743119,0.5975879560583768,0.6032110091743119,0.5396109036224569,0.3858830644290373
6,target_population,2,253,183,0,183,K-Fold,5,RandomForest,desc,300,False,0.6169724770642202,0.6127465571689342,0.6169724770642202,0.5728382411596046,0.61698956780924
6,target_population,2,253,183,0,183,LOOCV,,RandomForest,desc,300,False,0.6100917431192661,0.6010893379897426,0.6100917431192661,0.5689713656472911,0.5342555994729907
6,target_population,2,253,183,0,183,K-Fold,5,SVM,desc,300,False,0.6055045871559633,0.6134850821746686,0.6055045871559633,0.5260629234280895,0.6105855418043586
6,target_population,2,253,183,0,183,LOOCV,,SVM,desc,300,False,0.6100917431192661,0.6128096685995985,0.6100917431192661,0.544602287996494,
6,target_population,2,253,183,0,183,K-Fold,5,AdaBoost,desc,300,False,0.5779816513761468,0.5311841519141929,0.5779816513761468,0.4480279273101131,0.5335320417287632
6,target_population,2,253,183,0,183,LOOCV,,AdaBoost,desc,300,False,0.5642201834862385,0.4094598439876368,0.5642201834862385,0.42631534601270504,0.18875137691958785
6,target_population,2,253,183,0,183,K-Fold,5,XGBoost,desc,300,False,0.5940366972477065,0.5901032110091743,0.5940366972477065,0.503482924393962,0.5511458130845159
6,target_population,2,253,183,0,183,LOOCV,,XGBoost,desc,300,False,0.5986238532110092,0.5922068260683557,0.5986238532110092,0.5258387572176991,0.30447741851875854
6,target_population,2,253,183,0,183,K-Fold,5,LogReg,username,300,False,0.5802752293577982,0.3367193418062453,0.5802752293577982,0.42615278092169206,0.4943411304779801
6,target_population,2,253,183,0,183,LOOCV,,LogReg,username,300,False,0.5802752293577982,0.3367193418062453,0.5802752293577982,0.42615278092169206,0.0
6,target_population,2,253,183,0,183,K-Fold,5,DecisionTree,username,300,False,0.5802752293577982,0.3367193418062453,0.5802752293577982,0.42615278092169206,0.5
6,target_population,2,253,183,0,183,LOOCV,,DecisionTree,username,300,False,0.5802752293577982,0.3367193418062453,0.5802752293577982,0.42615278092169206,0.1299380116201214
6,target_population,2,253,183,0,183,K-Fold,5,RandomForest,username,300,False,0.5802752293577982,0.3367193418062453,0.5802752293577982,0.42615278092169206,0.5
6,target_population,2,253,183,0,183,LOOCV,,RandomForest,username,300,False,0.5802752293577982,0.3367193418062453,0.5802752293577982,0.42615278092169206,0.3740793537657401
6,target_population,2,253,183,0,183,K-Fold,5,SVM,username,300,False,0.5802752293577982,0.3367193418062453,0.5802752293577982,0.42615278092169206,0.4943411304779801
6,target_population,2,253,183,0,183,LOOCV,,SVM,username,300,False,0.5802752293577982,0.3367193418062453,0.5802752293577982,0.42615278092169206,
6,target_population,2,253,183,0,183,K-Fold,5,AdaBoost,username,300,False,0.5802752293577982,0.3367193418062453,0.5802752293577982,0.42615278092169206,0.4943411304779801
6,target_population,2,253,183,0,183,LOOCV,,AdaBoost,username,300,False,0.5802752293577982,0.3367193418062453,0.5802752293577982,0.42615278092169206,0.0
6,target_population,2,253,183,0,183,K-Fold,5,XGBoost,username,300,False,0.5802752293577982,0.3367193418062453,0.5802752293577982,0.42615278092169206,0.4943411304779801
6,target_population,2,253,183,0,183,LOOCV,,XGBoost,username,300,False,0.5802752293577982,0.3367193418062453,0.5802752293577982,0.42615278092169206,0.0
6,target_population,2,253,183,0,183,K-Fold,5,LogReg,fullname,300,False,0.6399082568807339,0.6774655963302753,0.6399082568807339,0.5765689623947899,0.6527570789865872
6,target_population,2,253,183,0,183,LOOCV,,LogReg,fullname,300,False,0.658256880733945,0.6926031339400217,0.658256880733945,0.6084680904802586,0.48376854791680163
6,target_population,2,253,183,0,183,K-Fold,5,DecisionTree,fullname,300,False,0.6444954128440367,0.6735567538551629,0.6444954128440367,0.5892812222188009,0.6344953454718245
6,target_population,2,253,183,0,183,LOOCV,,DecisionTree,fullname,300,False,0.6467889908256881,0.6607136140689726,0.6467889908256881,0.6039252656005348,0.4654744162940885
6,target_population,2,253,183,0,183,K-Fold,5,RandomForest,fullname,300,False,0.6444954128440367,0.6636788316243929,0.6444954128440367,0.5959722103769767,0.6568068424803992
6,target_population,2,253,183,0,183,LOOCV,,RandomForest,fullname,300,False,0.6444954128440367,0.6547583611611596,0.6444954128440367,0.6035324992798725,0.5578738201689021
6,target_population,2,253,183,0,183,K-Fold,5,SVM,fullname,300,False,0.6490825688073395,0.6853054923681308,0.6490825688073395,0.5928350766140803,0.653858614656904
6,target_population,2,253,183,0,183,LOOCV,,SVM,fullname,300,False,0.658256880733945,0.6819981432940149,0.658256880733945,0.614617760327333,
6,target_population,2,253,183,0,183,K-Fold,5,AdaBoost,fullname,300,False,0.6307339449541285,0.6776757855379846,0.6307339449541285,0.5552674541166239,0.5939545130564375
6,target_population,2,253,183,0,183,LOOCV,,AdaBoost,fullname,300,False,0.6192660550458715,0.6550602703053422,0.6192660550458715,0.5379583818115928,0.26551329402362894
6,target_population,2,253,183,0,183,K-Fold,5,XGBoost,fullname,300,False,0.6376146788990825,0.6782950574440713,0.6376146788990825,0.570897510677001,0.5997537743795762
6,target_population,2,253,183,0,183,LOOCV,,XGBoost,fullname,300,False,0.6444954128440367,0.6765337387371555,0.6444954128440367,0.587512659314918,0.33856022808267994
6,target_population,2,253,183,0,183,K-Fold,5,LogReg,desc_user,300,False,0.5940366972477065,0.5918864259383063,0.5940366972477065,0.5008366512906227,0.6364176332102205
6,target_population,2,253,183,0,183,LOOCV,,LogReg,desc_user,300,False,0.5986238532110092,0.5945253290785799,0.5986238532110092,0.5213209122560899,0.5398388734097929
6,target_population,2,253,183,0,183,K-Fold,5,DecisionTree,desc_user,300,False,0.591743119266055,0.5749944073357015,0.591743119266055,0.5312983227730685,0.550692239573209
6,target_population,2,253,183,0,183,LOOCV,,DecisionTree,desc_user,300,False,0.591743119266055,0.574796417015562,0.591743119266055,0.5332187018614216,0.3961424652800276
6,target_population,2,253,183,0,183,K-Fold,5,RandomForest,desc_user,300,False,0.6032110091743119,0.5924785916739387,0.6032110091743119,0.5542296419287329,0.6157152422298537
6,target_population,2,253,183,0,183,LOOCV,,RandomForest,desc_user,300,False,0.6055045871559633,0.5947002435954497,0.6055045871559633,0.562386144155217,0.5415451737618523
6,target_population,2,253,183,0,183,K-Fold,5,SVM,desc_user,300,False,0.6077981651376146,0.6179272480468416,0.6077981651376146,0.5299792565245139,0.6098619840601308
6,target_population,2,253,183,0,183,LOOCV,,SVM,desc_user,300,False,0.6055045871559633,0.6025080614440654,0.6055045871559633,0.541274242248287,
6,target_population,2,253,183,0,183,K-Fold,5,AdaBoost,desc_user,300,False,0.5779816513761468,0.5311841519141929,0.5779816513761468,0.4480279273101131,0.5329164776777037
6,target_population,2,253,183,0,183,LOOCV,,AdaBoost,desc_user,300,False,0.5642201834862385,0.4094598439876368,0.5642201834862385,0.42631534601270504,0.93703967688287
6,target_population,2,253,183,0,183,K-Fold,5,XGBoost,desc_user,300,False,0.5940366972477065,0.5918864259383063,0.5940366972477065,0.5008366512906227,0.5539860472148427
6,target_population,2,253,183,0,183,LOOCV,,XGBoost,desc_user,300,False,0.5963302752293578,0.5868321640582838,0.5963302752293578,0.5242336488777488,0.30668048985939217
6,target_population,2,253,183,0,183,K-Fold,5,LogReg,desc_fullname,300,False,0.6605504587155964,0.6823248367175786,0.6605504587155964,0.6193567487589556,0.717456100563727
6,target_population,2,253,183,0,183,LOOCV,,LogReg,desc_fullname,300,False,0.6605504587155964,0.6690190543401552,0.6605504587155964,0.6296740826975877,0.6823257521760729
6,target_population,2,253,183,0,183,K-Fold,5,DecisionTree,desc_fullname,300,False,0.6055045871559633,0.5941134957864586,0.6055045871559633,0.5653804614451287,0.6220220739108836
6,target_population,2,253,183,0,183,LOOCV,,DecisionTree,desc_fullname,300,False,0.6399082568807339,0.6346847543808553,0.6399082568807339,0.6187298740098531,0.5723773731614074
6,target_population,2,253,183,0,183,K-Fold,5,RandomForest,desc_fullname,300,False,0.6559633027522935,0.654342825535486,0.6559633027522935,0.635264251410224,0.7033737229745783
6,target_population,2,253,183,0,183,LOOCV,,RandomForest,desc_fullname,300,False,0.6674311926605505,0.6651595278443289,0.6674311926605505,0.6520638156723784,0.6790427439037561
6,target_population,2,253,183,0,183,K-Fold,5,SVM,desc_fullname,300,False,0.6605504587155964,0.6703239542434052,0.6605504587155964,0.6284857888109372,0.6962245404868356
6,target_population,2,253,183,0,183,LOOCV,,SVM,desc_fullname,300,False,0.6720183486238532,0.6742127897992704,0.6720183486238532,0.6518364387833279,
6,target_population,2,253,183,0,183,K-Fold,5,AdaBoost,desc_fullname,300,False,0.6307339449541285,0.6553755650554247,0.6307339449541285,0.5677456137864314,0.6034039612086654
6,target_population,2,253,183,0,183,LOOCV,,AdaBoost,desc_fullname,300,False,0.6146788990825688,0.6219640601638723,0.6146788990825688,0.5499599081377117,0.3480852718201258
6,target_population,2,253,183,0,183,K-Fold,5,XGBoost,desc_fullname,300,False,0.6307339449541285,0.6458380481520811,0.6307339449541285,0.5751787726196225,0.6125078295427546
6,target_population,2,253,183,0,183,LOOCV,,XGBoost,desc_fullname,300,False,0.6169724770642202,0.6120619008349655,0.6169724770642202,0.5743596577494259,0.45605736624981097
6,target_population,2,253,183,0,183,K-Fold,5,LogReg,user_fullname,300,False,0.6444954128440367,0.6797561564461613,0.6444954128440367,0.5857040476503648,0.6545173761852308
6,target_population,2,253,183,0,183,LOOCV,,LogReg,user_fullname,300,False,0.6490825688073395,0.6791232177985134,0.6490825688073395,0.5962879019304487,0.4887794552798116
6,target_population,2,253,183,0,183,K-Fold,5,DecisionTree,user_fullname,300,False,0.6353211009174312,0.6646672910962742,0.6353211009174312,0.5731152334909478,0.6127670144063586
6,target_population,2,253,183,0,183,LOOCV,,DecisionTree,user_fullname,300,False,0.6353211009174312,0.6564793577981652,0.6353211009174312,0.5786820279534797,0.4275686299920085
6,target_population,2,253,183,0,183,K-Fold,5,RandomForest,user_fullname,300,False,0.6261467889908257,0.6487173054869442,0.6261467889908257,0.5603868845245271,0.6366660187045078
6,target_population,2,253,183,0,183,LOOCV,,RandomForest,user_fullname,300,False,0.6353211009174312,0.6464690358020182,0.6353211009174312,0.5871674746163819,0.47804488217888075
6,target_population,2,253,183,0,183,K-Fold,5,SVM,user_fullname,300,False,0.6399082568807339,0.6650180558266641,0.6399082568807339,0.5839816250861403,0.6633512602863992
6,target_population,2,253,183,0,183,LOOCV,,SVM,user_fullname,300,False,0.6467889908256881,0.6624984290561771,0.6467889908256881,0.6024405103211009,
6,target_population,2,253,183,0,183,K-Fold,5,AdaBoost,user_fullname,300,False,0.6238532110091743,0.6672840943633355,0.6238532110091743,0.5435251482957905,0.6208017451780816
6,target_population,2,253,183,0,183,LOOCV,,AdaBoost,user_fullname,300,False,0.6353211009174312,0.6794240229920326,0.6353211009174312,0.5650858574212475,0.3138944685630358
6,target_population,2,253,183,0,183,K-Fold,5,XGBoost,user_fullname,300,False,0.6399082568807339,0.6854620850279012,0.6399082568807339,0.5726058209491492,0.5974319099764573
6,target_population,2,253,183,0,183,LOOCV,,XGBoost,user_fullname,300,False,0.6444954128440367,0.6870483599447189,0.6444954128440367,0.5819629883515441,0.3388194129462839
6,target_population,2,253,183,0,183,K-Fold,5,LogReg,desc_user_fullname,300,False,0.6628440366972477,0.6848379070765599,0.6628440366972477,0.6226253716787563,0.7189680122680836
6,target_population,2,253,183,0,183,LOOCV,,LogReg,desc_user_fullname,300,False,0.6605504587155964,0.6690190543401552,0.6605504587155964,0.6296740826975877,0.6730166958249638
6,target_population,2,253,183,0,183,K-Fold,5,DecisionTree,desc_user_fullname,300,False,0.6238532110091743,0.6181586319895566,0.6238532110091743,0.590925275001807,0.6326270545800126
6,target_population,2,253,183,0,183,LOOCV,,DecisionTree,desc_user_fullname,300,False,0.6284403669724771,0.6207425313399312,0.6284403669724771,0.6070833591619141,0.5488995442666148
6,target_population,2,253,183,0,183,K-Fold,5,RandomForest,desc_user_fullname,300,False,0.6422018348623854,0.6384980220878798,0.6422018348623854,0.6186793295870744,0.7083522322296377
6,target_population,2,253,183,0,183,LOOCV,,RandomForest,desc_user_fullname,300,False,0.6559633027522935,0.6517811376489941,0.6559633027522935,0.6404693754183362,0.6679193935074191
6,target_population,2,253,183,0,183,K-Fold,5,SVM,desc_user_fullname,300,False,0.6628440366972477,0.6728310441745771,0.6628440366972477,0.6315895817894562,0.693179118339489
6,target_population,2,253,183,0,183,LOOCV,,SVM,desc_user_fullname,300,False,0.6697247706422018,0.6718009146255928,0.6697247706422018,0.6489441090690045,
6,target_population,2,253,183,0,183,K-Fold,5,AdaBoost,desc_user_fullname,300,False,0.6307339449541285,0.6553755650554247,0.6307339449541285,0.5677456137864314,0.604775481111903
6,target_population,2,253,183,0,183,LOOCV,,AdaBoost,desc_user_fullname,300,False,0.6146788990825688,0.6219640601638723,0.6146788990825688,0.5499599081377117,0.3507851141493337
6,target_population,2,253,183,0,183,K-Fold,5,XGBoost,desc_user_fullname,300,False,0.6330275229357798,0.6510825688073394,0.6330275229357798,0.5769298194355168,0.6150348819628936
6,target_population,2,253,183,0,183,LOOCV,,XGBoost,desc_user_fullname,300,False,0.6169724770642202,0.6127465571689342,0.6169724770642202,0.5728382411596046,0.45884360353355363
6,target_population,2,253,183,0,183,K-Fold,5,LogReg,numeric,11,False,0.6743119266055045,0.6703371247955764,0.6743119266055045,0.6650874693714742,0.714896650035638
6,target_population,2,253,183,0,183,LOOCV,,LogReg,numeric,11,False,0.6926605504587156,0.6902306900656845,0.6926605504587156,0.6839557809561799,0.7344651072377373
6,target_population,2,253,183,0,183,K-Fold,5,DecisionTree,numeric,11,False,0.6261467889908257,0.6347070813059467,0.6261467889908257,0.6283830979506618,0.6257046588479233
6,target_population,2,253,183,0,183,LOOCV,,DecisionTree,numeric,11,False,0.6720183486238532,0.6722696291653213,0.6720183486238532,0.6721404558024484,0.6637184388431716
6,target_population,2,253,183,0,183,K-Fold,5,RandomForest,numeric,11,False,0.6674311926605505,0.6629007582306431,0.6674311926605505,0.6621353994002185,0.7184604419101924
6,target_population,2,253,183,0,183,LOOCV,,RandomForest,numeric,11,False,0.6995412844036697,0.6966409500096427,0.6995412844036697,0.6933750945693776,0.7147238601265686
6,target_population,2,253,183,0,183,K-Fold,5,SVM,numeric,11,False,0.676605504587156,0.7429110333172381,0.676605504587156,0.6231243272174286,0.6204885634678934
6,target_population,2,253,183,0,183,LOOCV,,SVM,numeric,11,False,0.676605504587156,0.7429110333172381,0.676605504587156,0.6231243272174286,
6,target_population,2,253,183,0,183,K-Fold,5,AdaBoost,numeric,11,False,0.7087155963302753,0.7092869331899391,0.7087155963302753,0.698470712713132,0.7753947169485302
6,target_population,2,253,183,0,183,LOOCV,,AdaBoost,numeric,11,False,0.7477064220183486,0.7470344705557563,0.7477064220183486,0.7431236568505498,0.7719821162444114
6,target_population,2,253,183,0,183,K-Fold,5,XGBoost,numeric,11,False,0.7018348623853211,0.6999848368479114,0.7018348623853211,0.700536346848283,0.7349186807490442
6,target_population,2,253,183,0,183,LOOCV,,XGBoost,numeric,11,False,0.6926605504587156,0.6901599440631896,0.6926605504587156,0.6906859482260859,0.7412471111687078
6,target_population,2,253,183,0,183,K-Fold,5,LogReg,desc+numeric,311,False,0.6857798165137615,0.6826573624738762,0.6857798165137615,0.677169757856255,0.7359770189420938
6,target_population,2,253,183,0,183,LOOCV,,LogReg,desc+numeric,311,False,0.7018348623853211,0.699343806768705,0.7018348623853211,0.6949769572742948,0.7525000539968467
6,target_population,2,253,183,0,183,K-Fold,5,DecisionTree,desc+numeric,311,False,0.6399082568807339,0.641942445619531,0.6399082568807339,0.6407614402378804,0.6330266312447352
6,target_population,2,253,183,0,183,LOOCV,,DecisionTree,desc+numeric,311,False,0.6697247706422018,0.6692385748460264,0.6697247706422018,0.6694675692002862,0.6602302425538349
6,target_population,2,253,183,0,183,K-Fold,5,RandomForest,desc+numeric,311,False,0.6720183486238532,0.6681001529051986,0.6720183486238532,0.6681519151623269,0.7263007840342124
6,target_population,2,253,183,0,183,LOOCV,,RandomForest,desc+numeric,311,False,0.6857798165137615,0.6822773318042815,0.6857798165137615,0.6820756110296418,0.7257176180911035
6,target_population,2,253,183,0,183,K-Fold,5,SVM,desc+numeric,311,False,0.694954128440367,0.6976215015677623,0.694954128440367,0.6801288640497206,0.7376509211862027
6,target_population,2,253,183,0,183,LOOCV,,SVM,desc+numeric,311,False,0.6995412844036697,0.7215155123792916,0.6995412844036697,0.6727283065312663,
6,target_population,2,253,183,0,183,K-Fold,5,AdaBoost,desc+numeric,311,False,0.6926605504587156,0.6969784292454647,0.6926605504587156,0.6757997514356384,0.7402643685608761
6,target_population,2,253,183,0,183,LOOCV,,AdaBoost,desc+numeric,311,False,0.6995412844036697,0.7089618917978171,0.6995412844036697,0.6802151519971064,0.7372729432601136
6,target_population,2,253,183,0,183,K-Fold,5,XGBoost,desc+numeric,311,False,0.694954128440367,0.6935296641431964,0.694954128440367,0.6940613532701646,0.742067863236787
6,target_population,2,253,183,0,183,LOOCV,,XGBoost,desc+numeric,311,False,0.6628440366972477,0.6597264333639795,0.6628440366972477,0.6604933422010674,0.7154150197628458
6,locals_vs_diaspora,3,31,59,510,31,K-Fold,5,LogReg,desc,300,False,0.8466666666666667,0.7220735785953177,0.8466666666666667,0.7794223826714801,0.5687573547025807
6,locals_vs_diaspora,3,31,59,510,31,LOOCV,,LogReg,desc,300,False,0.8483333333333334,0.7222871452420702,0.8483333333333334,0.7802524797114517,0.5078839854931483
6,locals_vs_diaspora,3,31,59,510,31,K-Fold,5,DecisionTree,desc,300,False,0.81,0.7677045677455514,0.81,0.7857807443420086,0.4673260444741868
6,locals_vs_diaspora,3,31,59,510,31,LOOCV,,DecisionTree,desc,300,False,0.815,0.7740496941358458,0.815,0.7921279891313003,0.34571482646149265
6,locals_vs_diaspora,3,31,59,510,31,K-Fold,5,RandomForest,desc,300,False,0.8283333333333334,0.744449595491319,0.8283333333333334,0.7796906124178852,0.5905221412008086
6,locals_vs_diaspora,3,31,59,510,31,LOOCV,,RandomForest,desc,300,False,0.84,0.750051817149347,0.84,0.7847000141230244,0.519708852515881
6,locals_vs_diaspora,3,31,59,510,31,K-Fold,5,SVM,desc,300,False,0.8416666666666667,0.7214285714285714,0.8416666666666667,0.7769230769230769,0.4497559333085721
6,locals_vs_diaspora,3,31,59,510,31,LOOCV,,SVM,desc,300,False,0.845,0.7566394978452315,0.845,0.7843831043540926,
6,locals_vs_diaspora,3,31,59,510,31,K-Fold,5,AdaBoost,desc,300,False,0.85,0.7726616499442586,0.85,0.784180722416208,0.5367116655856191
6,locals_vs_diaspora,3,31,59,510,31,LOOCV,,AdaBoost,desc,300,False,0.8583333333333333,0.8269047619047618,0.8583333333333333,0.799979967948718,0.6697363806360506
6,locals_vs_diaspora,3,31,59,510,31,K-Fold,5,XGBoost,desc,300,False,0.8133333333333334,0.7584324686940965,0.8133333333333334,0.7815024547921067,0.5421756777121209
6,locals_vs_diaspora,3,31,59,510,31,LOOCV,,XGBoost,desc,300,False,0.8283333333333334,0.7507540191943273,0.8283333333333334,0.7832404516352857,0.40343095072143825
6,locals_vs_diaspora,3,31,59,510,31,K-Fold,5,LogReg,username,300,False,0.85,0.7225,0.85,0.7810810810810812,0.4985576407680888
6,locals_vs_diaspora,3,31,59,510,31,LOOCV,,LogReg,username,300,False,0.85,0.7225,0.85,0.7810810810810812,0.0
6,locals_vs_diaspora,3,31,59,510,31,K-Fold,5,DecisionTree,username,300,False,0.85,0.7225,0.85,0.7810810810810812,0.49961212231466173
6,locals_vs_diaspora,3,31,59,510,31,LOOCV,,DecisionTree,username,300,False,0.85,0.7225,0.85,0.7810810810810812,0.12957294077892934
6,locals_vs_diaspora,3,31,59,510,31,K-Fold,5,RandomForest,username,300,False,0.85,0.7225,0.85,0.7810810810810812,0.49961212231466173
6,locals_vs_diaspora,3,31,59,510,31,LOOCV,,RandomForest,username,300,False,0.85,0.7225,0.85,0.7810810810810812,0.2319179325209776
6,locals_vs_diaspora,3,31,59,510,31,K-Fold,5,SVM,username,300,False,0.85,0.7225,0.85,0.7810810810810812,0.5014423592319113
6,locals_vs_diaspora,3,31,59,510,31,LOOCV,,SVM,username,300,False,0.85,0.7225,0.85,0.7810810810810812,
6,locals_vs_diaspora,3,31,59,510,31,K-Fold,5,AdaBoost,username,300,False,0.85,0.7225,0.85,0.7810810810810812,0.4985576407680888
6,locals_vs_diaspora,3,31,59,510,31,LOOCV,,AdaBoost,username,300,False,0.85,0.7225,0.85,0.7810810810810812,0.34444444444444444
6,locals_vs_diaspora,3,31,59,510,31,K-Fold,5,XGBoost,username,300,False,0.85,0.7225,0.85,0.7810810810810812,0.4985576407680888
6,locals_vs_diaspora,3,31,59,510,31,LOOCV,,XGBoost,username,300,False,0.85,0.7225,0.85,0.7810810810810812,0.0
6,locals_vs_diaspora,3,31,59,510,31,K-Fold,5,LogReg,fullname,300,False,0.85,0.7225,0.85,0.7810810810810812,0.5851907354046854
6,locals_vs_diaspora,3,31,59,510,31,LOOCV,,LogReg,fullname,300,False,0.85,0.7225,0.85,0.7810810810810812,0.48609269329785426
6,locals_vs_diaspora,3,31,59,510,31,K-Fold,5,DecisionTree,fullname,300,False,0.8183333333333334,0.7220588235294118,0.8183333333333334,0.7671875,0.4966049475159549
6,locals_vs_diaspora,3,31,59,510,31,LOOCV,,DecisionTree,fullname,300,False,0.8233333333333334,0.7350980392156863,0.8233333333333334,0.7739254385964912,0.38096914629009393
6,locals_vs_diaspora,3,31,59,510,31,K-Fold,5,RandomForest,fullname,300,False,0.8316666666666667,0.7201188455008488,0.8316666666666667,0.7718835304822566,0.5338063833660416
6,locals_vs_diaspora,3,31,59,510,31,LOOCV,,RandomForest,fullname,300,False,0.8266666666666667,0.7194539249146759,0.8266666666666667,0.7693430656934307,0.47495659789712497
6,locals_vs_diaspora,3,31,59,510,31,K-Fold,5,SVM,fullname,300,False,0.8466666666666667,0.7220735785953177,0.8466666666666667,0.7794223826714801,0.5192193703803567
6,locals_vs_diaspora,3,31,59,510,31,LOOCV,,SVM,fullname,300,False,0.845,0.7218592964824121,0.845,0.778590785907859,
6,locals_vs_diaspora,3,31,59,510,31,K-Fold,5,AdaBoost,fullname,300,False,0.8466666666666667,0.7220735785953177,0.8466666666666667,0.7794223826714801,0.5291379400095026
6,locals_vs_diaspora,3,31,59,510,31,LOOCV,,AdaBoost,fullname,300,False,0.85,0.7225,0.85,0.7810810810810812,0.8609033733615693
6,locals_vs_diaspora,3,31,59,510,31,K-Fold,5,XGBoost,fullname,300,False,0.8383333333333334,0.7406235827664399,0.8383333333333334,0.781222966212576,0.589318323015556
6,locals_vs_diaspora,3,31,59,510,31,LOOCV,,XGBoost,fullname,300,False,0.845,0.7628834260977118,0.845,0.7900176945094978,0.3485145737478347
6,locals_vs_diaspora,3,31,59,510,31,K-Fold,5,LogReg,desc_user,300,False,0.8466666666666667,0.7220735785953177,0.8466666666666667,0.7794223826714801,0.5756572504239066
6,locals_vs_diaspora,3,31,59,510,31,LOOCV,,LogReg,desc_user,300,False,0.8483333333333334,0.7222871452420702,0.8483333333333334,0.7802524797114517,0.5181961740904011
6,locals_vs_diaspora,3,31,59,510,31,K-Fold,5,DecisionTree,desc_user,300,False,0.7916666666666666,0.7602481031340386,0.7916666666666666,0.7747175754396822,0.4407149809183381
6,locals_vs_diaspora,3,31,59,510,31,LOOCV,,DecisionTree,desc_user,300,False,0.7983333333333333,0.7671134079254504,0.7983333333333333,0.7814259192735619,0.32312264751846953
6,locals_vs_diaspora,3,31,59,510,31,K-Fold,5,RandomForest,desc_user,300,False,0.8316666666666667,0.7600061978814514,0.8316666666666667,0.7828207222048646,0.5620545109039012
6,locals_vs_diaspora,3,31,59,510,31,LOOCV,,RandomForest,desc_user,300,False,0.8416666666666667,0.7502636054421769,0.8416666666666667,0.7855411888452757,0.5200971610260289
6,locals_vs_diaspora,3,31,59,510,31,K-Fold,5,SVM,desc_user,300,False,0.8416666666666667,0.7214285714285714,0.8416666666666667,0.7769230769230769,0.4554913733971831
6,locals_vs_diaspora,3,31,59,510,31,LOOCV,,SVM,desc_user,300,False,0.8466666666666667,0.7672273166023166,0.8466666666666667,0.78797750646208,
6,locals_vs_diaspora,3,31,59,510,31,K-Fold,5,AdaBoost,desc_user,300,False,0.8533333333333334,0.7996728187919463,0.8533333333333334,0.7917339762909382,0.5425891246980196
6,locals_vs_diaspora,3,31,59,510,31,LOOCV,,AdaBoost,desc_user,300,False,0.8583333333333333,0.8269047619047618,0.8583333333333333,0.799979967948718,0.6776184477360747
6,locals_vs_diaspora,3,31,59,510,31,K-Fold,5,XGBoost,desc_user,300,False,0.8116666666666666,0.7549542124542123,0.8116666666666666,0.7787954716673793,0.5402796780030472
6,locals_vs_diaspora,3,31,59,510,31,LOOCV,,XGBoost,desc_user,300,False,0.825,0.7480261780104713,0.825,0.7806872611241628,0.38291511190135263
6,locals_vs_diaspora,3,31,59,510,31,K-Fold,5,LogReg,desc_fullname,300,False,0.8516666666666667,0.822039510294936,0.8516666666666667,0.7850631700230437,0.6182378730772004
6,locals_vs_diaspora,3,31,59,510,31,LOOCV,,LogReg,desc_fullname,300,False,0.8516666666666667,0.822039510294936,0.8516666666666667,0.7850631700230437,0.6229823315205183
6,locals_vs_diaspora,3,31,59,510,31,K-Fold,5,DecisionTree,desc_fullname,300,False,0.7866666666666666,0.7581718283107636,0.7866666666666666,0.7711157990254668,0.48712511636150085
6,locals_vs_diaspora,3,31,59,510,31,LOOCV,,DecisionTree,desc_fullname,300,False,0.8066666666666666,0.7641428796143538,0.8066666666666666,0.7831660462182717,0.43729355875550424
6,locals_vs_diaspora,3,31,59,510,31,K-Fold,5,RandomForest,desc_fullname,300,False,0.835,0.749412100456621,0.835,0.7821672631768674,0.590376259522633
6,locals_vs_diaspora,3,31,59,510,31,LOOCV,,RandomForest,desc_fullname,300,False,0.8466666666666667,0.7710381688989499,0.8466666666666667,0.7911864618458849,0.5943307842689959
6,locals_vs_diaspora,3,31,59,510,31,K-Fold,5,SVM,desc_fullname,300,False,0.8483333333333334,0.7560608598548297,0.8483333333333334,0.7832985109420986,0.5204444486856158
6,locals_vs_diaspora,3,31,59,510,31,LOOCV,,SVM,desc_fullname,300,False,0.855,0.824463986599665,0.855,0.7927139610105779,
6,locals_vs_diaspora,3,31,59,510,31,K-Fold,5,AdaBoost,desc_fullname,300,False,0.8483333333333334,0.7222871452420702,0.8483333333333334,0.7802524797114517,0.5429848031308387
6,locals_vs_diaspora,3,31,59,510,31,LOOCV,,AdaBoost,desc_fullname,300,False,0.8583333333333333,0.8269047619047618,0.8583333333333333,0.799979967948718,0.8413072388794982
6,locals_vs_diaspora,3,31,59,510,31,K-Fold,5,XGBoost,desc_fullname,300,False,0.8083333333333333,0.7525779167346717,0.8083333333333333,0.777001858393611,0.5178176926451351
6,locals_vs_diaspora,3,31,59,510,31,LOOCV,,XGBoost,desc_fullname,300,False,0.815,0.7470518493306105,0.815,0.7769639762881897,0.4652288146268799
6,locals_vs_diaspora,3,31,59,510,31,K-Fold,5,LogReg,user_fullname,300,False,0.85,0.7225,0.85,0.7810810810810812,0.5874214000545999
6,locals_vs_diaspora,3,31,59,510,31,LOOCV,,LogReg,user_fullname,300,False,0.85,0.7225,0.85,0.7810810810810812,0.48737436729843875
6,locals_vs_diaspora,3,31,59,510,31,K-Fold,5,DecisionTree,user_fullname,300,False,0.8283333333333334,0.7221367521367521,0.8283333333333334,0.7715981735159817,0.5099531655261225
6,locals_vs_diaspora,3,31,59,510,31,LOOCV,,DecisionTree,user_fullname,300,False,0.8233333333333334,0.7388365410927666,0.8233333333333334,0.7754573868327318,0.3901448440650611
6,locals_vs_diaspora,3,31,59,510,31,K-Fold,5,RandomForest,user_fullname,300,False,0.8316666666666667,0.7201188455008488,0.8316666666666667,0.7718835304822566,0.5374054164331015
6,locals_vs_diaspora,3,31,59,510,31,LOOCV,,RandomForest,user_fullname,300,False,0.8283333333333334,0.7288782051282051,0.8283333333333334,0.7728156151520998,0.444146836994517
6,locals_vs_diaspora,3,31,59,510,31,K-Fold,5,SVM,user_fullname,300,False,0.8483333333333334,0.7234949832775919,0.8483333333333334,0.780956678700361,0.5043420207864323
6,locals_vs_diaspora,3,31,59,510,31,LOOCV,,SVM,user_fullname,300,False,0.8483333333333334,0.7234949832775919,0.8483333333333334,0.780956678700361,
6,locals_vs_diaspora,3,31,59,510,31,K-Fold,5,AdaBoost,user_fullname,300,False,0.8466666666666667,0.7220735785953177,0.8466666666666667,0.7794223826714801,0.5392468188507256
6,locals_vs_diaspora,3,31,59,510,31,LOOCV,,AdaBoost,user_fullname,300,False,0.85,0.7225,0.85,0.7810810810810812,0.36485629076412435
6,locals_vs_diaspora,3,31,59,510,31,K-Fold,5,XGBoost,user_fullname,300,False,0.8433333333333334,0.7482319819819819,0.8433333333333334,0.7833661095610874,0.570111301723191
6,locals_vs_diaspora,3,31,59,510,31,LOOCV,,XGBoost,user_fullname,300,False,0.845,0.7670159535895577,0.845,0.7871410288167782,0.32843678308411484
6,locals_vs_diaspora,3,31,59,510,31,K-Fold,5,LogReg,desc_user_fullname,300,False,0.8516666666666667,0.822039510294936,0.8516666666666667,0.7850631700230437,0.609848648925215
6,locals_vs_diaspora,3,31,59,510,31,LOOCV,,LogReg,desc_user_fullname,300,False,0.8516666666666667,0.822039510294936,0.8516666666666667,0.7850631700230437,0.6100654495166449
6,locals_vs_diaspora,3,31,59,510,31,K-Fold,5,DecisionTree,desc_user_fullname,300,False,0.78,0.7462078796347561,0.78,0.7618080352017568,0.45138681895660443
6,locals_vs_diaspora,3,31,59,510,31,LOOCV,,DecisionTree,desc_user_fullname,300,False,0.81,0.7630515297906603,0.81,0.78346267060372,0.43342149447330236
6,locals_vs_diaspora,3,31,59,510,31,K-Fold,5,RandomForest,desc_user_fullname,300,False,0.8416666666666667,0.7612260595735894,0.8416666666666667,0.7876282502061901,0.566725139516492
6,locals_vs_diaspora,3,31,59,510,31,LOOCV,,RandomForest,desc_user_fullname,300,False,0.8433333333333334,0.7693839758125471,0.8433333333333334,0.7887999571413266,0.5858451662015817
6,locals_vs_diaspora,3,31,59,510,31,K-Fold,5,SVM,desc_user_fullname,300,False,0.8466666666666667,0.747653803131991,0.8466666666666667,0.7824164489987274,0.5097567555243213
6,locals_vs_diaspora,3,31,59,510,31,LOOCV,,SVM,desc_user_fullname,300,False,0.855,0.824463986599665,0.855,0.7927139610105779,
6,locals_vs_diaspora,3,31,59,510,31,K-Fold,5,AdaBoost,desc_user_fullname,300,False,0.855,0.824463986599665,0.855,0.7927139610105779,0.5731861747316903
6,locals_vs_diaspora,3,31,59,510,31,LOOCV,,AdaBoost,desc_user_fullname,300,False,0.8583333333333333,0.8269047619047618,0.8583333333333333,0.799979967948718,0.8390463966706865
6,locals_vs_diaspora,3,31,59,510,31,K-Fold,5,XGBoost,desc_user_fullname,300,False,0.8166666666666667,0.7589882154882155,0.8166666666666667,0.7831308632067059,0.5342337525836555
6,locals_vs_diaspora,3,31,59,510,31,LOOCV,,XGBoost,desc_user_fullname,300,False,0.8116666666666666,0.7439779635258358,0.8116666666666666,0.7742449538731566,0.4512485425109155
6,locals_vs_diaspora,3,31,59,510,31,K-Fold,5,LogReg,numeric,11,False,0.885,0.8634996087636932,0.885,0.8547569480635292,0.7625880191660042
6,locals_vs_diaspora,3,31,59,510,31,LOOCV,,LogReg,numeric,11,False,0.8833333333333333,0.860689964157706,0.8833333333333333,0.8533041182484079,0.7548561016259266
6,locals_vs_diaspora,3,31,59,510,31,K-Fold,5,DecisionTree,numeric,11,False,0.7833333333333333,0.7908389825998877,0.7833333333333333,0.7870038142234184,0.6081038318171598
6,locals_vs_diaspora,3,31,59,510,31,LOOCV,,DecisionTree,numeric,11,False,0.8033333333333333,0.8075100974103112,0.8033333333333333,0.8053929625984252,0.6422146711323493
6,locals_vs_diaspora,3,31,59,510,31,K-Fold,5,RandomForest,numeric,11,False,0.885,0.8365058479532164,0.885,0.8517249271743653,0.7325930773193824
6,locals_vs_diaspora,3,31,59,510,31,LOOCV,,RandomForest,numeric,11,False,0.8883333333333333,0.8397527910685805,0.8883333333333333,0.8592374406807395,0.7282921643425648
6,locals_vs_diaspora,3,31,59,510,31,K-Fold,5,SVM,numeric,11,False,0.8766666666666667,0.83217978491924,0.8766666666666667,0.8444853862843061,0.6193850233468966
6,locals_vs_diaspora,3,31,59,510,31,LOOCV,,SVM,numeric,11,False,0.885,0.8356176643192489,0.885,0.8525726654298083,
6,locals_vs_diaspora,3,31,59,510,31,K-Fold,5,AdaBoost,numeric,11,False,0.8783333333333333,0.8323527568922305,0.8783333333333333,0.8453256704980843,0.7754738405750283
6,locals_vs_diaspora,3,31,59,510,31,LOOCV,,AdaBoost,numeric,11,False,0.8833333333333333,0.8371745230078563,0.8833333333333333,0.84917730587915,0.7668844164081958
6,locals_vs_diaspora,3,31,59,510,31,K-Fold,5,XGBoost,numeric,11,False,0.865,0.8297011344788363,0.865,0.8386217543012606,0.7151895963644078
6,locals_vs_diaspora,3,31,59,510,31,LOOCV,,XGBoost,numeric,11,False,0.8733333333333333,0.8271677390414512,0.8733333333333333,0.847542502105891,0.7176237633977401
6,locals_vs_diaspora,3,31,59,510,31,K-Fold,5,LogReg,desc+numeric,311,False,0.8816666666666667,0.8352845259128386,0.8816666666666667,0.8508930784209594,0.7630418007448341
6,locals_vs_diaspora,3,31,59,510,31,LOOCV,,LogReg,desc+numeric,311,False,0.88,0.8360008818342152,0.88,0.8492081624988264,0.7525237052606047
6,locals_vs_diaspora,3,31,59,510,31,K-Fold,5,DecisionTree,desc+numeric,311,False,0.8033333333333333,0.8007231040564374,0.8033333333333333,0.8019728660260035,0.632770069674325
6,locals_vs_diaspora,3,31,59,510,31,LOOCV,,DecisionTree,desc+numeric,311,False,0.8133333333333334,0.8121180912880325,0.8133333333333334,0.8126655902400105,0.656840720732037
6,locals_vs_diaspora,3,31,59,510,31,K-Fold,5,RandomForest,desc+numeric,311,False,0.88,0.8297398192322404,0.88,0.845573578056233,0.7604717348785395
6,locals_vs_diaspora,3,31,59,510,31,LOOCV,,RandomForest,desc+numeric,311,False,0.8766666666666667,0.8256088811324414,0.8766666666666667,0.840728703644055,0.7583324733079921
6,locals_vs_diaspora,3,31,59,510,31,K-Fold,5,SVM,desc+numeric,311,False,0.8733333333333333,0.8303736647577271,0.8733333333333333,0.842944266080883,0.6621860795008484
6,locals_vs_diaspora,3,31,59,510,31,LOOCV,,SVM,desc+numeric,311,False,0.8783333333333333,0.8331880010638701,0.8783333333333333,0.8477523062095553,
6,locals_vs_diaspora,3,31,59,510,31,K-Fold,5,AdaBoost,desc+numeric,311,False,0.8816666666666667,0.8356885090218423,0.8816666666666667,0.8476061413689836,0.7518469019837011
6,locals_vs_diaspora,3,31,59,510,31,LOOCV,,AdaBoost,desc+numeric,311,False,0.8783333333333333,0.8323527568922305,0.8783333333333333,0.8453256704980843,0.7526400929905409
6,locals_vs_diaspora,3,31,59,510,31,K-Fold,5,XGBoost,desc+numeric,311,False,0.87,0.8408939393939394,0.87,0.8419044241810199,0.7203136717439204
6,locals_vs_diaspora,3,31,59,510,31,LOOCV,,XGBoost,desc+numeric,311,False,0.8716666666666667,0.824648381294964,0.8716666666666667,0.84463073511854,0.7450220504818513
6,locals_vs_diaspora,2,31,59,0,31,K-Fold,5,LogReg,desc,300,False,0.6555555555555556,0.42975308641975307,0.6555555555555556,0.5191648023862789,0.5511208310552215
6,locals_vs_diaspora,2,31,59,0,31,LOOCV,,LogReg,desc,300,False,0.6555555555555556,0.42975308641975307,0.6555555555555556,0.5191648023862789,0.37616183706943684
6,locals_vs_diaspora,2,31,59,0,31,K-Fold,5,DecisionTree,desc,300,False,0.6444444444444445,0.569673202614379,0.6444444444444445,0.5481481481481482,0.5516675779114271
6,locals_vs_diaspora,2,31,59,0,31,LOOCV,,DecisionTree,desc,300,False,0.6444444444444445,0.569673202614379,0.6444444444444445,0.5481481481481482,0.38846364133406236
6,locals_vs_diaspora,2,31,59,0,31,K-Fold,5,RandomForest,desc,300,False,0.6,0.46781411359724606,0.6,0.5074870274277242,0.51175505740842
6,locals_vs_diaspora,2,31,59,0,31,LOOCV,,RandomForest,desc,300,False,0.6111111111111112,0.5098238482384824,0.6111111111111112,0.5281566345396133,0.42591580098414433
6,locals_vs_diaspora,2,31,59,0,31,K-Fold,5,SVM,desc,300,False,0.6555555555555556,0.6042929292929292,0.6555555555555556,0.5381845667559954,0.5030071077091306
6,locals_vs_diaspora,2,31,59,0,31,LOOCV,,SVM,desc,300,False,0.6555555555555556,0.6042929292929292,0.6555555555555556,0.5381845667559954,
6,locals_vs_diaspora,2,31,59,0,31,K-Fold,5,AdaBoost,desc,300,False,0.6444444444444445,0.569673202614379,0.6444444444444445,0.5481481481481482,0.4609075997813013
6,locals_vs_diaspora,2,31,59,0,31,LOOCV,,AdaBoost,desc,300,False,0.6666666666666666,0.6666666666666666,0.6666666666666666,0.561375235025517,0.2154182613449973
6,locals_vs_diaspora,2,31,59,0,31,K-Fold,5,XGBoost,desc,300,False,0.6555555555555556,0.42975308641975307,0.6555555555555556,0.5191648023862789,0.49289229086932757
6,locals_vs_diaspora,2,31,59,0,31,LOOCV,,XGBoost,desc,300,False,0.6555555555555556,0.42975308641975307,0.6555555555555556,0.5191648023862789,0.20010934937124109
6,locals_vs_diaspora,2,31,59,0,31,K-Fold,5,LogReg,username,300,False,0.6555555555555556,0.42975308641975307,0.6555555555555556,0.5191648023862789,0.4803171131765992
6,locals_vs_diaspora,2,31,59,0,31,LOOCV,,LogReg,username,300,False,0.6555555555555556,0.42975308641975307,0.6555555555555556,0.5191648023862789,0.0
6,locals_vs_diaspora,2,31,59,0,31,K-Fold,5,DecisionTree,username,300,False,0.6555555555555556,0.42975308641975307,0.6555555555555556,0.5191648023862789,0.4852378348824494
6,locals_vs_diaspora,2,31,59,0,31,LOOCV,,DecisionTree,username,300,False,0.6555555555555556,0.42975308641975307,0.6555555555555556,0.5191648023862789,0.13121924548933844
6,locals_vs_diaspora,2,31,59,0,31,K-Fold,5,RandomForest,username,300,False,0.6555555555555556,0.42975308641975307,0.6555555555555556,0.5191648023862789,0.4803171131765992
6,locals_vs_diaspora,2,31,59,0,31,LOOCV,,RandomForest,username,300,False,0.6555555555555556,0.42975308641975307,0.6555555555555556,0.5191648023862789,0.15855658829961727
6,locals_vs_diaspora,2,31,59,0,31,K-Fold,5,SVM,username,300,False,0.6555555555555556,0.42975308641975307,0.6555555555555556,0.5191648023862789,0.4901585565882996
6,locals_vs_diaspora,2,31,59,0,31,LOOCV,,SVM,username,300,False,0.6555555555555556,0.42975308641975307,0.6555555555555556,0.5191648023862789,
6,locals_vs_diaspora,2,31,59,0,31,K-Fold,5,AdaBoost,username,300,False,0.6555555555555556,0.42975308641975307,0.6555555555555556,0.5191648023862789,0.4803171131765992
6,locals_vs_diaspora,2,31,59,0,31,LOOCV,,AdaBoost,username,300,False,0.6555555555555556,0.42975308641975307,0.6555555555555556,0.5191648023862789,0.0
6,locals_vs_diaspora,2,31,59,0,31,K-Fold,5,XGBoost,username,300,False,0.6555555555555556,0.42975308641975307,0.6555555555555556,0.5191648023862789,0.4803171131765992
6,locals_vs_diaspora,2,31,59,0,31,LOOCV,,XGBoost,username,300,False,0.6555555555555556,0.42975308641975307,0.6555555555555556,0.5191648023862789,0.0
6,locals_vs_diaspora,2,31,59,0,31,K-Fold,5,LogReg,fullname,300,False,0.6555555555555556,0.42975308641975307,0.6555555555555556,0.5191648023862789,0.45626025150355387
6,locals_vs_diaspora,2,31,59,0,31,LOOCV,,LogReg,fullname,300,False,0.6555555555555556,0.42975308641975307,0.6555555555555556,0.5191648023862789,0.16402405686167304
6,locals_vs_diaspora,2,31,59,0,31,K-Fold,5,DecisionTree,fullname,300,False,0.6444444444444445,0.4272159800249688,0.6444444444444445,0.5138138138138137,0.48469108802624383
6,locals_vs_diaspora,2,31,59,0,31,LOOCV,,DecisionTree,fullname,300,False,0.6444444444444445,0.4272159800249688,0.6444444444444445,0.5138138138138137,0.2982504100601422
6,locals_vs_diaspora,2,31,59,0,31,K-Fold,5,RandomForest,fullname,300,False,0.6444444444444445,0.4272159800249688,0.6444444444444445,0.5138138138138137,0.48906506287588847
6,locals_vs_diaspora,2,31,59,0,31,LOOCV,,RandomForest,fullname,300,False,0.6444444444444445,0.4272159800249688,0.6444444444444445,0.5138138138138137,0.29223619464188083
6,locals_vs_diaspora,2,31,59,0,31,K-Fold,5,SVM,fullname,300,False,0.6555555555555556,0.42975308641975307,0.6555555555555556,0.5191648023862789,0.5043739748496446
6,locals_vs_diaspora,2,31,59,0,31,LOOCV,,SVM,fullname,300,False,0.6555555555555556,0.42975308641975307,0.6555555555555556,0.5191648023862789,
6,locals_vs_diaspora,2,31,59,0,31,K-Fold,5,AdaBoost,fullname,300,False,0.6555555555555556,0.42975308641975307,0.6555555555555556,0.5191648023862789,0.5002733734281027
6,locals_vs_diaspora,2,31,59,0,31,LOOCV,,AdaBoost,fullname,300,False,0.6555555555555556,0.42975308641975307,0.6555555555555556,0.5191648023862789,0.11481683980317114
6,locals_vs_diaspora,2,31,59,0,31,K-Fold,5,XGBoost,fullname,300,False,0.6333333333333333,0.42462121212121207,0.6333333333333333,0.508390022675737,0.37834882449425916
6,locals_vs_diaspora,2,31,59,0,31,LOOCV,,XGBoost,fullname,300,False,0.6333333333333333,0.42462121212121207,0.6333333333333333,0.508390022675737,0.05248769819573537
6,locals_vs_diaspora,2,31,59,0,31,K-Fold,5,LogReg,desc_user,300,False,0.6555555555555556,0.42975308641975307,0.6555555555555556,0.5191648023862789,0.5628758884636413
6,locals_vs_diaspora,2,31,59,0,31,LOOCV,,LogReg,desc_user,300,False,0.6555555555555556,0.42975308641975307,0.6555555555555556,0.5191648023862789,0.3870967741935484
6,locals_vs_diaspora,2,31,59,0,31,K-Fold,5,DecisionTree,desc_user,300,False,0.6555555555555556,0.60671834625323,0.6555555555555556,0.5547673782156541,0.5847457627118644
6,locals_vs_diaspora,2,31,59,0,31,LOOCV,,DecisionTree,desc_user,300,False,0.6333333333333333,0.544047619047619,0.6333333333333333,0.5415107415107415,0.36331328594860585
6,locals_vs_diaspora,2,31,59,0,31,K-Fold,5,RandomForest,desc_user,300,False,0.5888888888888889,0.48680555555555555,0.5888888888888889,0.5146594919186602,0.5246036085292509
6,locals_vs_diaspora,2,31,59,0,31,LOOCV,,RandomForest,desc_user,300,False,0.5666666666666667,0.4692307692307692,0.5666666666666667,0.5009788943586262,0.42263531984691083
6,locals_vs_diaspora,2,31,59,0,31,K-Fold,5,SVM,desc_user,300,False,0.6444444444444445,0.5443167305236271,0.6444444444444445,0.5321335840272181,0.4989065062875888
6,locals_vs_diaspora,2,31,59,0,31,LOOCV,,SVM,desc_user,300,False,0.6555555555555556,0.6042929292929292,0.6555555555555556,0.5381845667559954,
6,locals_vs_diaspora,2,31,59,0,31,K-Fold,5,AdaBoost,desc_user,300,False,0.6555555555555556,0.60671834625323,0.6555555555555556,0.5547673782156541,0.49617277200656096
6,locals_vs_diaspora,2,31,59,0,31,LOOCV,,AdaBoost,desc_user,300,False,0.6666666666666666,0.6666666666666666,0.6666666666666666,0.561375235025517,0.22854018589393116
6,locals_vs_diaspora,2,31,59,0,31,K-Fold,5,XGBoost,desc_user,300,False,0.6555555555555556,0.42975308641975307,0.6555555555555556,0.5191648023862789,0.49289229086932757
6,locals_vs_diaspora,2,31,59,0,31,LOOCV,,XGBoost,desc_user,300,False,0.6555555555555556,0.42975308641975307,0.6555555555555556,0.5191648023862789,0.20010934937124109
6,locals_vs_diaspora,2,31,59,0,31,K-Fold,5,LogReg,desc_fullname,300,False,0.6555555555555556,0.42975308641975307,0.6555555555555556,0.5191648023862789,0.46336796063422636
6,locals_vs_diaspora,2,31,59,0,31,LOOCV,,LogReg,desc_fullname,300,False,0.6555555555555556,0.42975308641975307,0.6555555555555556,0.5191648023862789,0.37834882449425916
6,locals_vs_diaspora,2,31,59,0,31,K-Fold,5,DecisionTree,desc_fullname,300,False,0.5444444444444444,0.5259481837606838,0.5444444444444444,0.5337231968810916,0.48277747402952437
6,locals_vs_diaspora,2,31,59,0,31,LOOCV,,DecisionTree,desc_fullname,300,False,0.5333333333333333,0.4648939027665861,0.5333333333333333,0.49002525252525253,0.46118097320940404
6,locals_vs_diaspora,2,31,59,0,31,K-Fold,5,RandomForest,desc_fullname,300,False,0.5555555555555556,0.5164481251437772,0.5555555555555556,0.5301816239316239,0.5415527610716238
6,locals_vs_diaspora,2,31,59,0,31,LOOCV,,RandomForest,desc_fullname,300,False,0.5,0.41131756756756754,0.5,0.44840825467925133,0.4800437397484964
6,locals_vs_diaspora,2,31,59,0,31,K-Fold,5,SVM,desc_fullname,300,False,0.6555555555555556,0.6042929292929292,0.6555555555555556,0.5381845667559954,0.4294696555494806
6,locals_vs_diaspora,2,31,59,0,31,LOOCV,,SVM,desc_fullname,300,False,0.6555555555555556,0.6042929292929292,0.6555555555555556,0.5381845667559954,
6,locals_vs_diaspora,2,31,59,0,31,K-Fold,5,AdaBoost,desc_fullname,300,False,0.6444444444444445,0.5820233314209218,0.6444444444444445,0.5622106910468659,0.47977036632039366
6,locals_vs_diaspora,2,31,59,0,31,LOOCV,,AdaBoost,desc_fullname,300,False,0.6777777777777778,0.700452196382429,0.6777777777777778,0.5834920634920635,0.266265718972116
6,locals_vs_diaspora,2,31,59,0,31,K-Fold,5,XGBoost,desc_fullname,300,False,0.6666666666666666,0.6364883401920439,0.6666666666666666,0.6011904761904762,0.5667031164570804
6,locals_vs_diaspora,2,31,59,0,31,LOOCV,,XGBoost,desc_fullname,300,False,0.6888888888888889,0.6717060717060717,0.6888888888888889,0.6458407605466429,0.40951339529797703
6,locals_vs_diaspora,2,31,59,0,31,K-Fold,5,LogReg,user_fullname,300,False,0.6555555555555556,0.42975308641975307,0.6555555555555556,0.5191648023862789,0.47320940404592676
6,locals_vs_diaspora,2,31,59,0,31,LOOCV,,LogReg,user_fullname,300,False,0.6555555555555556,0.42975308641975307,0.6555555555555556,0.5191648023862789,0.18808091853471845
6,locals_vs_diaspora,2,31,59,0,31,K-Fold,5,DecisionTree,user_fullname,300,False,0.6222222222222222,0.49307189542483665,0.6222222222222222,0.5199074074074074,0.5071077091306725
6,locals_vs_diaspora,2,31,59,0,31,LOOCV,,DecisionTree,user_fullname,300,False,0.6333333333333333,0.42462121212121207,0.6333333333333333,0.508390022675737,0.26626571897211593
6,locals_vs_diaspora,2,31,59,0,31,K-Fold,5,RandomForest,user_fullname,300,False,0.6444444444444445,0.4272159800249688,0.6444444444444445,0.5138138138138137,0.5142154182613451
6,locals_vs_diaspora,2,31,59,0,31,LOOCV,,RandomForest,user_fullname,300,False,0.6444444444444445,0.4272159800249688,0.6444444444444445,0.5138138138138137,0.3064516129032258
6,locals_vs_diaspora,2,31,59,0,31,K-Fold,5,SVM,user_fullname,300,False,0.6555555555555556,0.42975308641975307,0.6555555555555556,0.5191648023862789,0.5120284308365227
6,locals_vs_diaspora,2,31,59,0,31,LOOCV,,SVM,user_fullname,300,False,0.6555555555555556,0.42975308641975307,0.6555555555555556,0.5191648023862789,
6,locals_vs_diaspora,2,31,59,0,31,K-Fold,5,AdaBoost,user_fullname,300,False,0.6444444444444445,0.4272159800249688,0.6444444444444445,0.5138138138138137,0.5133952979770366
6,locals_vs_diaspora,2,31,59,0,31,LOOCV,,AdaBoost,user_fullname,300,False,0.6555555555555556,0.42975308641975307,0.6555555555555556,0.5191648023862789,0.6254784034991799
6,locals_vs_diaspora,2,31,59,0,31,K-Fold,5,XGBoost,user_fullname,300,False,0.6444444444444445,0.4272159800249688,0.6444444444444445,0.5138138138138137,0.4382176052487698
6,locals_vs_diaspora,2,31,59,0,31,LOOCV,,XGBoost,user_fullname,300,False,0.6444444444444445,0.4272159800249688,0.6444444444444445,0.5138138138138137,0.08529250956807
6,locals_vs_diaspora,2,31,59,0,31,K-Fold,5,LogReg,desc_user_fullname,300,False,0.6555555555555556,0.42975308641975307,0.6555555555555556,0.5191648023862789,0.46282121377802077
6,locals_vs_diaspora,2,31,59,0,31,LOOCV,,LogReg,desc_user_fullname,300,False,0.6555555555555556,0.42975308641975307,0.6555555555555556,0.5191648023862789,0.3980317113176599
6,locals_vs_diaspora,2,31,59,0,31,K-Fold,5,DecisionTree,desc_user_fullname,300,False,0.6,0.5750811161583388,0.6,0.5830687830687832,0.5697102241662111
6,locals_vs_diaspora,2,31,59,0,31,LOOCV,,DecisionTree,desc_user_fullname,300,False,0.5555555555555556,0.47970370370370374,0.5555555555555556,0.5047948662484678,0.48168398031711324
6,locals_vs_diaspora,2,31,59,0,31,K-Fold,5,RandomForest,desc_user_fullname,300,False,0.5888888888888889,0.542746913580247,0.5888888888888889,0.5547523844143255,0.5224166211044287
6,locals_vs_diaspora,2,31,59,0,31,LOOCV,,RandomForest,desc_user_fullname,300,False,0.5444444444444444,0.47209084084084085,0.5444444444444444,0.4974386320410957,0.5213231273920175
6,locals_vs_diaspora,2,31,59,0,31,K-Fold,5,SVM,desc_user_fullname,300,False,0.6555555555555556,0.6042929292929292,0.6555555555555556,0.5381845667559954,0.4196282121377802
6,locals_vs_diaspora,2,31,59,0,31,LOOCV,,SVM,desc_user_fullname,300,False,0.6666666666666666,0.6666666666666666,0.6666666666666666,0.561375235025517,
6,locals_vs_diaspora,2,31,59,0,31,K-Fold,5,AdaBoost,desc_user_fullname,300,False,0.6333333333333333,0.544047619047619,0.6333333333333333,0.5415107415107415,0.46473482777474034
6,locals_vs_diaspora,2,31,59,0,31,LOOCV,,AdaBoost,desc_user_fullname,300,False,0.6666666666666666,0.6462745098039215,0.6666666666666666,0.5763888888888888,0.26626571897211593
6,locals_vs_diaspora,2,31,59,0,31,K-Fold,5,XGBoost,desc_user_fullname,300,False,0.6888888888888889,0.6962325492445974,0.6888888888888889,0.6169343546660078,0.5959540732640788
6,locals_vs_diaspora,2,31,59,0,31,LOOCV,,XGBoost,desc_user_fullname,300,False,0.7,0.6918803418803419,0.7,0.6545238499405873,0.41115363586659376
6,locals_vs_diaspora,2,31,59,0,31,K-Fold,5,LogReg,numeric,11,False,0.7777777777777778,0.7748885120281389,0.7777777777777778,0.775925925925926,0.8277747402952432
6,locals_vs_diaspora,2,31,59,0,31,LOOCV,,LogReg,numeric,11,False,0.8,0.8,0.8,0.8,0.8031711317659923
6,locals_vs_diaspora,2,31,59,0,31,K-Fold,5,DecisionTree,numeric,11,False,0.7,0.6977777777777777,0.7,0.698801487808238,0.6640240568616731
6,locals_vs_diaspora,2,31,59,0,31,LOOCV,,DecisionTree,numeric,11,False,0.6111111111111112,0.6141044061302682,0.6111111111111112,0.6125356125356125,0.5732640787315473
6,locals_vs_diaspora,2,31,59,0,31,K-Fold,5,RandomForest,numeric,11,False,0.7222222222222222,0.7108730158730159,0.7222222222222222,0.7041090337943963,0.7802077638053582
6,locals_vs_diaspora,2,31,59,0,31,LOOCV,,RandomForest,numeric,11,False,0.6888888888888889,0.6741221429086452,0.6888888888888889,0.6757201646090535,0.7536905412793877
6,locals_vs_diaspora,2,31,59,0,31,K-Fold,5,SVM,numeric,11,False,0.8,0.8036150983519406,0.8,0.8014008620689654,0.7692728266812465
6,locals_vs_diaspora,2,31,59,0,31,LOOCV,,SVM,numeric,11,False,0.7666666666666667,0.7649999999999999,0.7666666666666667,0.7657344905175184,
6,locals_vs_diaspora,2,31,59,0,31,K-Fold,5,AdaBoost,numeric,11,False,0.7444444444444445,0.7361556743909685,0.7444444444444445,0.7318014493471335,0.7998906506287589
6,locals_vs_diaspora,2,31,59,0,31,LOOCV,,AdaBoost,numeric,11,False,0.6888888888888889,0.676991452991453,0.6888888888888889,0.6797491039426523,0.7862219792236195
6,locals_vs_diaspora,2,31,59,0,31,K-Fold,5,XGBoost,numeric,11,False,0.6888888888888889,0.6741221429086452,0.6888888888888889,0.6757201646090535,0.7173318753417169
6,locals_vs_diaspora,2,31,59,0,31,LOOCV,,XGBoost,numeric,11,False,0.6222222222222222,0.6165190628729351,0.6222222222222222,0.6190740740740741,0.6960087479496992
6,locals_vs_diaspora,2,31,59,0,31,K-Fold,5,LogReg,desc+numeric,311,False,0.7777777777777778,0.7748885120281389,0.7777777777777778,0.775925925925926,0.8316019682886824
6,locals_vs_diaspora,2,31,59,0,31,LOOCV,,LogReg,desc+numeric,311,False,0.7888888888888889,0.7874074074074074,0.7888888888888889,0.788045491420612,0.8080918534718425
6,locals_vs_diaspora,2,31,59,0,31,K-Fold,5,DecisionTree,desc+numeric,311,False,0.7222222222222222,0.7201851851851852,0.7222222222222222,0.7211124887113316,0.6886276653909239
6,locals_vs_diaspora,2,31,59,0,31,LOOCV,,DecisionTree,desc+numeric,311,False,0.6888888888888889,0.6843916839394509,0.6888888888888889,0.6862962962962963,0.6478950246036086
6,locals_vs_diaspora,2,31,59,0,31,K-Fold,5,RandomForest,desc+numeric,311,False,0.7111111111111111,0.6988271107529769,0.7111111111111111,0.6843013468013467,0.7490431930016404
6,locals_vs_diaspora,2,31,59,0,31,LOOCV,,RandomForest,desc+numeric,311,False,0.7222222222222222,0.7204469507101086,0.7222222222222222,0.6872427983539094,0.709404045926736
6,locals_vs_diaspora,2,31,59,0,31,K-Fold,5,SVM,desc+numeric,311,False,0.7666666666666667,0.7649999999999999,0.7666666666666667,0.7657344905175184,0.799617277200656
6,locals_vs_diaspora,2,31,59,0,31,LOOCV,,SVM,desc+numeric,311,False,0.8,0.8,0.8,0.8,
6,locals_vs_diaspora,2,31,59,0,31,K-Fold,5,AdaBoost,desc+numeric,311,False,0.7111111111111111,0.6988823995962218,0.7111111111111111,0.6988830099941211,0.7566976489885183
6,locals_vs_diaspora,2,31,59,0,31,LOOCV,,AdaBoost,desc+numeric,311,False,0.7222222222222222,0.7166538658474142,0.7222222222222222,0.7186036015003657,0.7834882449425916
6,locals_vs_diaspora,2,31,59,0,31,K-Fold,5,XGBoost,desc+numeric,311,False,0.6888888888888889,0.6741221429086452,0.6888888888888889,0.6757201646090535,0.7173318753417169
6,locals_vs_diaspora,2,31,59,0,31,LOOCV,,XGBoost,desc+numeric,311,False,0.6555555555555556,0.6434027777777778,0.6555555555555556,0.6474492464222887,0.6905412793876434
6,person_vs_organization,3,77,334,189,77,K-Fold,5,LogReg,desc,300,False,0.5533333333333333,0.4388382265717675,0.5533333333333333,0.4318769024402827,0.6001392711488238
6,person_vs_organization,3,77,334,189,77,LOOCV,,LogReg,desc,300,False,0.55,0.4360841380279711,0.55,0.4332768032110322,0.4852892144738477
6,person_vs_organization,3,77,334,189,77,K-Fold,5,DecisionTree,desc,300,False,0.5583333333333333,0.46257118524914254,0.5583333333333333,0.46826868229809404,0.5725982548822498
6,person_vs_organization,3,77,334,189,77,LOOCV,,DecisionTree,desc,300,False,0.5283333333333333,0.4295320512820513,0.5283333333333333,0.44544832885132535,0.3559470336273429
6,person_vs_organization,3,77,334,189,77,K-Fold,5,RandomForest,desc,300,False,0.5416666666666666,0.4552707362377575,0.5416666666666666,0.4531091127729217,0.5935014836751571
6,person_vs_organization,3,77,334,189,77,LOOCV,,RandomForest,desc,300,False,0.5383333333333333,0.45431781798245613,0.5383333333333333,0.45790457664923045,0.5697870504640362
6,person_vs_organization,3,77,334,189,77,K-Fold,5,SVM,desc,300,False,0.5733333333333334,0.501723784417106,0.5733333333333334,0.44764930590511987,0.5712548347107924
6,person_vs_organization,3,77,334,189,77,LOOCV,,SVM,desc,300,False,0.5683333333333334,0.4765184099055067,0.5683333333333334,0.45050145878314796,
6,person_vs_organization,3,77,334,189,77,K-Fold,5,AdaBoost,desc,300,False,0.5683333333333334,0.5051272941385594,0.5683333333333334,0.4364196730434238,0.5364017586953526
6,person_vs_organization,3,77,334,189,77,LOOCV,,AdaBoost,desc,300,False,0.57,0.5556357388316151,0.57,0.43698456019962567,0.17670478224376546
6,person_vs_organization,3,77,334,189,77,K-Fold,5,XGBoost,desc,300,False,0.555,0.4522704320153205,0.555,0.4511281702573715,0.5422390395169092
6,person_vs_organization,3,77,334,189,77,LOOCV,,XGBoost,desc,300,False,0.5483333333333333,0.4302395061728395,0.5483333333333333,0.4430757581428174,0.3494005473097126
6,person_vs_organization,3,77,334,189,77,K-Fold,5,LogReg,username,300,False,0.5566666666666666,0.30987777777777775,0.5566666666666666,0.3981299072091363,0.4978356310729092
6,person_vs_organization,3,77,334,189,77,LOOCV,,LogReg,username,300,False,0.5566666666666666,0.30987777777777775,0.5566666666666666,0.3981299072091363,0.0
6,person_vs_organization,3,77,334,189,77,K-Fold,5,DecisionTree,username,300,False,0.5566666666666666,0.30987777777777775,0.5566666666666666,0.3981299072091363,0.5000301517215742
6,person_vs_organization,3,77,334,189,77,LOOCV,,DecisionTree,username,300,False,0.5566666666666666,0.30987777777777775,0.5566666666666666,0.3981299072091363,0.11959459595159852
6,person_vs_organization,3,77,334,189,77,K-Fold,5,RandomForest,username,300,False,0.5566666666666666,0.30987777777777775,0.5566666666666666,0.3981299072091363,0.49898285860636993
6,person_vs_organization,3,77,334,189,77,LOOCV,,RandomForest,username,300,False,0.5566666666666666,0.30987777777777775,0.5566666666666666,0.3981299072091363,0.3531309429774862
6,person_vs_organization,3,77,334,189,77,K-Fold,5,SVM,username,300,False,0.5566666666666666,0.30987777777777775,0.5566666666666666,0.3981299072091363,0.5022685777541367
6,person_vs_organization,3,77,334,189,77,LOOCV,,SVM,username,300,False,0.5566666666666666,0.30987777777777775,0.5566666666666666,0.3981299072091363,
6,person_vs_organization,3,77,334,189,77,K-Fold,5,AdaBoost,username,300,False,0.5566666666666666,0.30987777777777775,0.5566666666666666,0.3981299072091363,0.49977864368951574
6,person_vs_organization,3,77,334,189,77,LOOCV,,AdaBoost,username,300,False,0.5566666666666666,0.30987777777777775,0.5566666666666666,0.3981299072091363,0.236140350877193
6,person_vs_organization,3,77,334,189,77,K-Fold,5,XGBoost,username,300,False,0.5566666666666666,0.30987777777777775,0.5566666666666666,0.3981299072091363,0.49637577705831065
6,person_vs_organization,3,77,334,189,77,LOOCV,,XGBoost,username,300,False,0.5566666666666666,0.30987777777777775,0.5566666666666666,0.3981299072091363,0.0
6,person_vs_organization,3,77,334,189,77,K-Fold,5,LogReg,fullname,300,False,0.5566666666666666,0.5260105600909794,0.5566666666666666,0.4372712596239112,0.5307597195403688
6,person_vs_organization,3,77,334,189,77,LOOCV,,LogReg,fullname,300,False,0.5566666666666666,0.530601401179941,0.5566666666666666,0.44120260529128225,0.3381646498709451
6,person_vs_organization,3,77,334,189,77,K-Fold,5,DecisionTree,fullname,300,False,0.5566666666666666,0.5112315872507502,0.5566666666666666,0.45426181412220096,0.5502404940110065
6,person_vs_organization,3,77,334,189,77,LOOCV,,DecisionTree,fullname,300,False,0.55,0.48373504273504275,0.55,0.4542364062329738,0.3922699675053987
6,person_vs_organization,3,77,334,189,77,K-Fold,5,RandomForest,fullname,300,False,0.55,0.5044423830138116,0.55,0.45566465205333845,0.5559865132900126
6,person_vs_organization,3,77,334,189,77,LOOCV,,RandomForest,fullname,300,False,0.5516666666666666,0.5010538563202115,0.5516666666666666,0.46271406958156563,0.46414492055365325
6,person_vs_organization,3,77,334,189,77,K-Fold,5,SVM,fullname,300,False,0.5683333333333334,0.565740579710145,0.5683333333333334,0.44317513273066433,0.49520875471850834
6,person_vs_organization,3,77,334,189,77,LOOCV,,SVM,fullname,300,False,0.575,0.6075551899081311,0.575,0.4574359091136402,
6,person_vs_organization,3,77,334,189,77,K-Fold,5,AdaBoost,fullname,300,False,0.5566666666666666,0.31039510294936,0.5566666666666666,0.39855662736691677,0.5147533040299641
6,person_vs_organization,3,77,334,189,77,LOOCV,,AdaBoost,fullname,300,False,0.5566666666666666,0.31039510294936,0.5566666666666666,0.39855662736691677,0.14774457275715935
6,person_vs_organization,3,77,334,189,77,K-Fold,5,XGBoost,fullname,300,False,0.5383333333333333,0.40504726585223966,0.5383333333333333,0.4072416221051108,0.528657921163322
6,person_vs_organization,3,77,334,189,77,LOOCV,,XGBoost,fullname,300,False,0.5433333333333333,0.43146221441124777,0.5433333333333333,0.4174786971834096,0.2950265429009619
6,person_vs_organization,3,77,334,189,77,K-Fold,5,LogReg,desc_user,300,False,0.5566666666666666,0.4669513003336533,0.5566666666666666,0.4383811441687238,0.6021373124062429
6,person_vs_organization,3,77,334,189,77,LOOCV,,LogReg,desc_user,300,False,0.5533333333333333,0.43917056354916073,0.5533333333333333,0.4385677450159858,0.48329004398431946
6,person_vs_organization,3,77,334,189,77,K-Fold,5,DecisionTree,desc_user,300,False,0.5433333333333333,0.4131965408805031,0.5433333333333333,0.4459316489521407,0.5444823776945726
6,person_vs_organization,3,77,334,189,77,LOOCV,,DecisionTree,desc_user,300,False,0.5383333333333333,0.441536254550853,0.5383333333333333,0.4514540358985094,0.36515723050117843
6,person_vs_organization,3,77,334,189,77,K-Fold,5,RandomForest,desc_user,300,False,0.5466666666666666,0.46090859019387154,0.5466666666666666,0.459333369653342,0.5951808825796002
6,person_vs_organization,3,77,334,189,77,LOOCV,,RandomForest,desc_user,300,False,0.5366666666666666,0.4424000914824979,0.5366666666666666,0.45377016450543467,0.5637390285656314
6,person_vs_organization,3,77,334,189,77,K-Fold,5,SVM,desc_user,300,False,0.575,0.5263348955282171,0.575,0.45111108328649524,0.5634865569843578
6,person_vs_organization,3,77,334,189,77,LOOCV,,SVM,desc_user,300,False,0.57,0.4722989962234148,0.57,0.45093084016878787,
6,person_vs_organization,3,77,334,189,77,K-Fold,5,AdaBoost,desc_user,300,False,0.565,0.5022709014161221,0.565,0.4330818604265206,0.5352831216049363
6,person_vs_organization,3,77,334,189,77,LOOCV,,AdaBoost,desc_user,300,False,0.5516666666666666,0.40579931972789113,0.5516666666666666,0.40548203024009943,0.3082952310190277
6,person_vs_organization,3,77,334,189,77,K-Fold,5,XGBoost,desc_user,300,False,0.5566666666666666,0.4542730682016396,0.5566666666666666,0.45231087332372755,0.549624736800597
6,person_vs_organization,3,77,334,189,77,LOOCV,,XGBoost,desc_user,300,False,0.5433333333333333,0.4139319932224276,0.5433333333333333,0.43616085848423874,0.3480721057142677
6,person_vs_organization,3,77,334,189,77,K-Fold,5,LogReg,desc_fullname,300,False,0.5466666666666666,0.47320272582384104,0.5466666666666666,0.4420775290455339,0.586776265317987
6,person_vs_organization,3,77,334,189,77,LOOCV,,LogReg,desc_fullname,300,False,0.55,0.4724006294116995,0.55,0.4505820811373,0.5129368920328297
6,person_vs_organization,3,77,334,189,77,K-Fold,5,DecisionTree,desc_fullname,300,False,0.515,0.4374923928077455,0.515,0.45143790849673204,0.5516499429548315
6,person_vs_organization,3,77,334,189,77,LOOCV,,DecisionTree,desc_fullname,300,False,0.49,0.42489276499465856,0.49,0.441148130021398,0.460743144400967
6,person_vs_organization,3,77,334,189,77,K-Fold,5,RandomForest,desc_fullname,300,False,0.5283333333333333,0.4736806665257521,0.5283333333333333,0.4755072984076202,0.5896705377291371
6,person_vs_organization,3,77,334,189,77,LOOCV,,RandomForest,desc_fullname,300,False,0.49833333333333335,0.4432054353139292,0.49833333333333335,0.45035,0.5427406646346552
6,person_vs_organization,3,77,334,189,77,K-Fold,5,SVM,desc_fullname,300,False,0.5683333333333334,0.49971566289008146,0.5683333333333334,0.45495435881774077,0.5593091777992805
6,person_vs_organization,3,77,334,189,77,LOOCV,,SVM,desc_fullname,300,False,0.57,0.5101653055051422,0.57,0.46347257810291154,
6,person_vs_organization,3,77,334,189,77,K-Fold,5,AdaBoost,desc_fullname,300,False,0.5666666666666667,0.48300265251989394,0.5666666666666667,0.42903975682032097,0.5667505858248642
6,person_vs_organization,3,77,334,189,77,LOOCV,,AdaBoost,desc_fullname,300,False,0.5616666666666666,0.44776421751764217,0.5616666666666666,0.4183137529447189,0.2518642253577914
6,person_vs_organization,3,77,334,189,77,K-Fold,5,XGBoost,desc_fullname,300,False,0.545,0.48469318267816985,0.545,0.4695345661203938,0.5842301027815756
6,person_vs_organization,3,77,334,189,77,LOOCV,,XGBoost,desc_fullname,300,False,0.5266666666666666,0.44764315181518155,0.5266666666666666,0.4530648695498048,0.48209357213683374
6,person_vs_organization,3,77,334,189,77,K-Fold,5,LogReg,user_fullname,300,False,0.545,0.47735720562390155,0.545,0.4190770477010787,0.5298659279681436
6,person_vs_organization,3,77,334,189,77,LOOCV,,LogReg,user_fullname,300,False,0.5533333333333333,0.5036766431924883,0.5533333333333333,0.43262357117357414,0.3352268445126204
6,person_vs_organization,3,77,334,189,77,K-Fold,5,DecisionTree,user_fullname,300,False,0.545,0.44454850973236015,0.545,0.437518235772589,0.5140113073561444
6,person_vs_organization,3,77,334,189,77,LOOCV,,DecisionTree,user_fullname,300,False,0.5383333333333333,0.42991765025950107,0.5383333333333333,0.4344166748796055,0.33796874146480954
6,person_vs_organization,3,77,334,189,77,K-Fold,5,RandomForest,user_fullname,300,False,0.5333333333333333,0.4484756925501606,0.5333333333333333,0.4326304182629669,0.5289460689005081
6,person_vs_organization,3,77,334,189,77,LOOCV,,RandomForest,user_fullname,300,False,0.5466666666666666,0.48496100628930816,0.5466666666666666,0.45949513993631647,0.4552390921046131
6,person_vs_organization,3,77,334,189,77,K-Fold,5,SVM,user_fullname,300,False,0.5483333333333333,0.4288744962579159,0.5483333333333333,0.4123027952982253,0.48903302934836357
6,person_vs_organization,3,77,334,189,77,LOOCV,,SVM,user_fullname,300,False,0.56,0.46794755789064024,0.56,0.43456432833307107,
6,person_vs_organization,3,77,334,189,77,K-Fold,5,AdaBoost,user_fullname,300,False,0.5566666666666666,0.31039510294936,0.5566666666666666,0.39855662736691677,0.5122353433804794
6,person_vs_organization,3,77,334,189,77,LOOCV,,AdaBoost,user_fullname,300,False,0.5566666666666666,0.31039510294936,0.5566666666666666,0.39855662736691677,0.1495741466919964
6,person_vs_organization,3,77,334,189,77,K-Fold,5,XGBoost,user_fullname,300,False,0.5366666666666666,0.3955594202898551,0.5366666666666666,0.4034456567180038,0.5121377935978707
6,person_vs_organization,3,77,334,189,77,LOOCV,,XGBoost,user_fullname,300,False,0.5416666666666666,0.42506387921022065,0.5416666666666666,0.4111207604282855,0.27476816159391937
6,person_vs_organization,3,77,334,189,77,K-Fold,5,LogReg,desc_user_fullname,300,False,0.5466666666666666,0.47464626614261657,0.5466666666666666,0.4417540279269603,0.5852219435170108
6,person_vs_organization,3,77,334,189,77,LOOCV,,LogReg,desc_user_fullname,300,False,0.5483333333333333,0.4709215686274509,0.5483333333333333,0.44750686737273865,0.5195336604853422
6,person_vs_organization,3,77,334,189,77,K-Fold,5,DecisionTree,desc_user_fullname,300,False,0.52,0.444195654856337,0.52,0.4549321048278102,0.5514348534161696
6,person_vs_organization,3,77,334,189,77,LOOCV,,DecisionTree,desc_user_fullname,300,False,0.49,0.4223555798687089,0.49,0.4396863621822412,0.45037678980520157
6,person_vs_organization,3,77,334,189,77,K-Fold,5,RandomForest,desc_user_fullname,300,False,0.5266666666666666,0.482352349047596,0.5266666666666666,0.47514018226545907,0.5892151840338776
6,person_vs_organization,3,77,334,189,77,LOOCV,,RandomForest,desc_user_fullname,300,False,0.49833333333333335,0.441233676046176,0.49833333333333335,0.45134479278110984,0.5428297396527098
6,person_vs_organization,3,77,334,189,77,K-Fold,5,SVM,desc_user_fullname,300,False,0.5683333333333334,0.5018197923507521,0.5683333333333334,0.45339427927466375,0.5570751363004143
6,person_vs_organization,3,77,334,189,77,LOOCV,,SVM,desc_user_fullname,300,False,0.57,0.507760133091349,0.57,0.46378719397363466,
6,person_vs_organization,3,77,334,189,77,K-Fold,5,AdaBoost,desc_user_fullname,300,False,0.5683333333333334,0.515588122605364,0.5683333333333334,0.4322811838919854,0.5600679073522943
6,person_vs_organization,3,77,334,189,77,LOOCV,,AdaBoost,desc_user_fullname,300,False,0.56,0.40201674277016747,0.56,0.4150129056531135,0.5762994136842667
6,person_vs_organization,3,77,334,189,77,K-Fold,5,XGBoost,desc_user_fullname,300,False,0.555,0.49570237926750643,0.555,0.47545644358098305,0.5885385704675874
6,person_vs_organization,3,77,334,189,77,LOOCV,,XGBoost,desc_user_fullname,300,False,0.53,0.4598684210526316,0.53,0.4601281683405069,0.4868848675400242
6,person_vs_organization,3,77,334,189,77,K-Fold,5,LogReg,numeric,11,False,0.5733333333333334,0.5474988178629512,0.5733333333333334,0.5396938766001417,0.6417971638364915
6,person_vs_organization,3,77,334,189,77,LOOCV,,LogReg,numeric,11,False,0.6,0.586093163679552,0.6,0.5655906798977736,0.6529537802615987
6,person_vs_organization,3,77,334,189,77,K-Fold,5,DecisionTree,numeric,11,False,0.49666666666666665,0.5010410477529746,0.49666666666666665,0.49872108732304127,0.5629483560123599
6,person_vs_organization,3,77,334,189,77,LOOCV,,DecisionTree,numeric,11,False,0.5333333333333333,0.5266281067154841,0.5333333333333333,0.5296367775108702,0.5880545000412574
6,person_vs_organization,3,77,334,189,77,K-Fold,5,RandomForest,numeric,11,False,0.6283333333333333,0.6065550682261208,0.6283333333333333,0.6004310459000265,0.6802894933131446
6,person_vs_organization,3,77,334,189,77,LOOCV,,RandomForest,numeric,11,False,0.6166666666666667,0.5958513290990356,0.6166666666666667,0.5885158470272681,0.6783957726691714
6,person_vs_organization,3,77,334,189,77,K-Fold,5,SVM,numeric,11,False,0.53,0.44505927922073785,0.53,0.46586004291046823,0.5812192581132762
6,person_vs_organization,3,77,334,189,77,LOOCV,,SVM,numeric,11,False,0.5433333333333333,0.3065427927927928,0.5433333333333333,0.3919510439164867,
6,person_vs_organization,3,77,334,189,77,K-Fold,5,AdaBoost,numeric,11,False,0.6133333333333333,0.5932409544710504,0.6133333333333333,0.5918600093907027,0.6802479174295689
6,person_vs_organization,3,77,334,189,77,LOOCV,,AdaBoost,numeric,11,False,0.63,0.6168117404188727,0.63,0.6079567249810763,0.6961758373022899
6,person_vs_organization,3,77,334,189,77,K-Fold,5,XGBoost,numeric,11,False,0.5766666666666667,0.5575434093258458,0.5766666666666667,0.5623462171755615,0.6537922073528528
6,person_vs_organization,3,77,334,189,77,LOOCV,,XGBoost,numeric,11,False,0.5866666666666667,0.568881468831292,0.5866666666666667,0.5709847564192838,0.6696936785633164
6,person_vs_organization,3,77,334,189,77,K-Fold,5,LogReg,desc+numeric,311,False,0.6,0.6005776388623782,0.6,0.5834938343663434,0.6743141052913275
6,person_vs_organization,3,77,334,189,77,LOOCV,,LogReg,desc+numeric,311,False,0.61,0.6039103684074585,0.61,0.5941928215585015,0.6811912438584377
6,person_vs_organization,3,77,334,189,77,K-Fold,5,DecisionTree,desc+numeric,311,False,0.5416666666666666,0.5398175899131873,0.5416666666666666,0.5396596129652257,0.5940661307005773
6,person_vs_organization,3,77,334,189,77,LOOCV,,DecisionTree,desc+numeric,311,False,0.5566666666666666,0.5492532133843614,0.5566666666666666,0.5524201831034992,0.604162453908004
6,person_vs_organization,3,77,334,189,77,K-Fold,5,RandomForest,desc+numeric,311,False,0.6316666666666667,0.6201532763532763,0.6316666666666667,0.6003604441776711,0.7003844523767024
6,person_vs_organization,3,77,334,189,77,LOOCV,,RandomForest,desc+numeric,311,False,0.6416666666666667,0.6340103244837758,0.6416666666666667,0.6108476392891046,0.7028476277649178
6,person_vs_organization,3,77,334,189,77,K-Fold,5,SVM,desc+numeric,311,False,0.56,0.5614715000747048,0.56,0.5464137103022831,0.6481393618342657
6,person_vs_organization,3,77,334,189,77,LOOCV,,SVM,desc+numeric,311,False,0.57,0.566201690821256,0.57,0.559708584403109,
6,person_vs_organization,3,77,334,189,77,K-Fold,5,AdaBoost,desc+numeric,311,False,0.62,0.6051789335684461,0.62,0.6010585698900395,0.6926132460943523
6,person_vs_organization,3,77,334,189,77,LOOCV,,AdaBoost,desc+numeric,311,False,0.6533333333333333,0.6447330955520921,0.6533333333333333,0.6255965839848511,0.7015173762062832
6,person_vs_organization,3,77,334,189,77,K-Fold,5,XGBoost,desc+numeric,311,False,0.5633333333333334,0.5461959675079778,0.5633333333333334,0.5509426612703885,0.6507552252461274
6,person_vs_organization,3,77,334,189,77,LOOCV,,XGBoost,desc+numeric,311,False,0.5816666666666667,0.5634246337781041,0.5816666666666667,0.567531297655779,0.6782464623874704
6,person_vs_organization,2,77,334,0,77,K-Fold,5,LogReg,desc,300,False,0.8199513381995134,0.852607222937837,0.8199513381995134,0.7456569998885108,0.694455245353449
6,person_vs_organization,2,77,334,0,77,LOOCV,,LogReg,desc,300,False,0.829683698296837,0.8591939485919394,0.829683698296837,0.7667959039687721,0.685239909790808
6,person_vs_organization,2,77,334,0,77,K-Fold,5,DecisionTree,desc,300,False,0.8102189781021898,0.7821245440726117,0.8102189781021898,0.7896675156840288,0.5444824636441403
6,person_vs_organization,2,77,334,0,77,LOOCV,,DecisionTree,desc,300,False,0.8345498783454988,0.8167604917068206,0.8345498783454988,0.8208455601365895,0.5315926588381679
6,person_vs_organization,2,77,334,0,77,K-Fold,5,RandomForest,desc,300,False,0.8369829683698297,0.8155239088008525,0.8369829683698297,0.808476959905092,0.7018430671125282
6,person_vs_organization,2,77,334,0,77,LOOCV,,RandomForest,desc,300,False,0.829683698296837,0.8034418516269481,0.829683698296837,0.798899013511866,0.672058480441714
6,person_vs_organization,2,77,334,0,77,K-Fold,5,SVM,desc,300,False,0.8394160583941606,0.8254587808812127,0.8394160583941606,0.8020636108134339,0.6856093008787619
6,person_vs_organization,2,77,334,0,77,LOOCV,,SVM,desc,300,False,0.8394160583941606,0.821745178877174,0.8394160583941606,0.8064055122235794,
6,person_vs_organization,2,77,334,0,77,K-Fold,5,AdaBoost,desc,300,False,0.8321167883211679,0.8194354615171394,0.8321167883211679,0.7840822360526901,0.630453378956373
6,person_vs_organization,2,77,334,0,77,LOOCV,,AdaBoost,desc,300,False,0.8223844282238443,0.7938952116543174,0.8223844282238443,0.7685558639056996,0.8185317676335641
6,person_vs_organization,2,77,334,0,77,K-Fold,5,XGBoost,desc,300,False,0.8369829683698297,0.8167162178473188,0.8369829683698297,0.804515977969846,0.6480480597247065
6,person_vs_organization,2,77,334,0,77,LOOCV,,XGBoost,desc,300,False,0.8369829683698297,0.8167162178473188,0.8369829683698297,0.804515977969846,0.3398398009176452
6,person_vs_organization,2,77,334,0,77,K-Fold,5,LogReg,username,300,False,0.8126520681265207,0.6604033838303112,0.8126520681265207,0.728659840951028,0.4909985224356481
6,person_vs_organization,2,77,334,0,77,LOOCV,,LogReg,username,300,False,0.8126520681265207,0.6604033838303112,0.8126520681265207,0.728659840951028,0.0
6,person_vs_organization,2,77,334,0,77,K-Fold,5,DecisionTree,username,300,False,0.8126520681265207,0.6604033838303112,0.8126520681265207,0.728659840951028,0.49162065479430744
6,person_vs_organization,2,77,334,0,77,LOOCV,,DecisionTree,username,300,False,0.8126520681265207,0.6604033838303112,0.8126520681265207,0.728659840951028,0.11136169220001554
6,person_vs_organization,2,77,334,0,77,K-Fold,5,RandomForest,username,300,False,0.8126520681265207,0.6604033838303112,0.8126520681265207,0.728659840951028,0.49162065479430744
6,person_vs_organization,2,77,334,0,77,LOOCV,,RandomForest,username,300,False,0.8126520681265207,0.6604033838303112,0.8126520681265207,0.728659840951028,0.22464810638463334
6,person_vs_organization,2,77,334,0,77,K-Fold,5,SVM,username,300,False,0.8126520681265207,0.6604033838303112,0.8126520681265207,0.728659840951028,0.5028968037950075
6,person_vs_organization,2,77,334,0,77,LOOCV,,SVM,username,300,False,0.8126520681265207,0.6604033838303112,0.8126520681265207,0.728659840951028,
6,person_vs_organization,2,77,334,0,77,K-Fold,5,AdaBoost,username,300,False,0.8126520681265207,0.6604033838303112,0.8126520681265207,0.728659840951028,0.5083793452056926
6,person_vs_organization,2,77,334,0,77,LOOCV,,AdaBoost,username,300,False,0.8126520681265207,0.6604033838303112,0.8126520681265207,0.728659840951028,1.0
6,person_vs_organization,2,77,334,0,77,K-Fold,5,XGBoost,username,300,False,0.8126520681265207,0.6604033838303112,0.8126520681265207,0.728659840951028,0.4909985224356481
6,person_vs_organization,2,77,334,0,77,LOOCV,,XGBoost,username,300,False,0.8126520681265207,0.6604033838303112,0.8126520681265207,0.728659840951028,0.0
6,person_vs_organization,2,77,334,0,77,K-Fold,5,LogReg,fullname,300,False,0.8126520681265207,0.6604033838303112,0.8126520681265207,0.728659840951028,0.6930943308188817
6,person_vs_organization,2,77,334,0,77,LOOCV,,LogReg,fullname,300,False,0.8223844282238443,0.8542417666505259,0.8223844282238443,0.7510967268511982,0.4885683179096352
6,person_vs_organization,2,77,334,0,77,K-Fold,5,DecisionTree,fullname,300,False,0.829683698296837,0.8145985401459854,0.829683698296837,0.7795271197517929,0.64268216813127
6,person_vs_organization,2,77,334,0,77,LOOCV,,DecisionTree,fullname,300,False,0.8345498783454988,0.8239137368237894,0.8345498783454988,0.7885646475489619,0.4615444435803717
6,person_vs_organization,2,77,334,0,77,K-Fold,5,RandomForest,fullname,300,False,0.829683698296837,0.8145985401459854,0.829683698296837,0.7795271197517929,0.6779298545765612
6,person_vs_organization,2,77,334,0,77,LOOCV,,RandomForest,fullname,300,False,0.8345498783454988,0.8239137368237894,0.8345498783454988,0.7885646475489619,0.5404580449490629
6,person_vs_organization,2,77,334,0,77,K-Fold,5,SVM,fullname,300,False,0.829683698296837,0.8591939485919394,0.829683698296837,0.7667959039687721,0.610681234932732
6,person_vs_organization,2,77,334,0,77,LOOCV,,SVM,fullname,300,False,0.8321167883211679,0.843458871070499,0.8321167883211679,0.7751239232164046,
6,person_vs_organization,2,77,334,0,77,K-Fold,5,AdaBoost,fullname,300,False,0.8126520681265207,0.6604033838303112,0.8126520681265207,0.728659840951028,0.6164942841589548
6,person_vs_organization,2,77,334,0,77,LOOCV,,AdaBoost,fullname,300,False,0.8126520681265207,0.6604033838303112,0.8126520681265207,0.728659840951028,0.9664048526323975
6,person_vs_organization,2,77,334,0,77,K-Fold,5,XGBoost,fullname,300,False,0.8077858880778589,0.6596588914865643,0.8077858880778589,0.7262462627671733,0.5319426082899137
6,person_vs_organization,2,77,334,0,77,LOOCV,,XGBoost,fullname,300,False,0.8102189781021898,0.6600320455759303,0.8102189781021898,0.72745467388745,0.21708530989968117
6,person_vs_organization,2,77,334,0,77,K-Fold,5,LogReg,desc_user,300,False,0.8175182481751825,0.8509806721039388,0.8175182481751825,0.7401072114878227,0.6868535655960806
6,person_vs_organization,2,77,334,0,77,LOOCV,,LogReg,desc_user,300,False,0.829683698296837,0.8591939485919394,0.829683698296837,0.7667959039687721,0.6771133058558209
6,person_vs_organization,2,77,334,0,77,K-Fold,5,DecisionTree,desc_user,300,False,0.7956204379562044,0.7629735994220858,0.7956204379562044,0.7734880938135695,0.5028968037950073
6,person_vs_organization,2,77,334,0,77,LOOCV,,DecisionTree,desc_user,300,False,0.829683698296837,0.8086494444624589,0.829683698296837,0.8127410123084804,0.4940703009565286
6,person_vs_organization,2,77,334,0,77,K-Fold,5,RandomForest,desc_user,300,False,0.8369829683698297,0.8167162178473188,0.8369829683698297,0.804515977969846,0.6914612333774011
6,person_vs_organization,2,77,334,0,77,LOOCV,,RandomForest,desc_user,300,False,0.8248175182481752,0.7965134337630068,0.8248175182481752,0.7971522566053254,0.6721751302589627
6,person_vs_organization,2,77,334,0,77,K-Fold,5,SVM,desc_user,300,False,0.8369829683698297,0.8214712376234528,0.8369829683698297,0.7979009690855104,0.6668481219379423
6,person_vs_organization,2,77,334,0,77,LOOCV,,SVM,desc_user,300,False,0.8394160583941606,0.821745178877174,0.8394160583941606,0.8064055122235794,
6,person_vs_organization,2,77,334,0,77,K-Fold,5,AdaBoost,desc_user,300,False,0.8321167883211679,0.8194354615171394,0.8321167883211679,0.7840822360526901,0.6253013453612256
6,person_vs_organization,2,77,334,0,77,LOOCV,,AdaBoost,desc_user,300,False,0.8223844282238443,0.7938952116543174,0.8223844282238443,0.7685558639056996,0.7184462244342484
6,person_vs_organization,2,77,334,0,77,K-Fold,5,XGBoost,desc_user,300,False,0.8369829683698297,0.8159728209156336,0.8369829683698297,0.8065380647957905,0.6441791741192939
6,person_vs_organization,2,77,334,0,77,LOOCV,,XGBoost,desc_user,300,False,0.8369829683698297,0.8159728209156336,0.8369829683698297,0.8065380647957905,0.3393343183762345
6,person_vs_organization,2,77,334,0,77,K-Fold,5,LogReg,desc_fullname,300,False,0.8175182481751825,0.8509806721039388,0.8175182481751825,0.7401072114878227,0.7548604090520258
6,person_vs_organization,2,77,334,0,77,LOOCV,,LogReg,desc_fullname,300,False,0.8248175182481752,0.8558843623026859,0.8248175182481752,0.7564305270198096,0.7433315187806208
6,person_vs_organization,2,77,334,0,77,K-Fold,5,DecisionTree,desc_fullname,300,False,0.805352798053528,0.7757408958557697,0.805352798053528,0.7842743750605423,0.5852321331363248
6,person_vs_organization,2,77,334,0,77,LOOCV,,DecisionTree,desc_fullname,300,False,0.8126520681265207,0.7908796399840053,0.8126520681265207,0.7978774904593949,0.564565673847111
6,person_vs_organization,2,77,334,0,77,K-Fold,5,RandomForest,desc_fullname,300,False,0.8321167883211679,0.8075949447924847,0.8321167883211679,0.8007630816553664,0.7122832257562797
6,person_vs_organization,2,77,334,0,77,LOOCV,,RandomForest,desc_fullname,300,False,0.8321167883211679,0.8076547236835061,0.8321167883211679,0.8046755061445997,0.7155299790030328
6,person_vs_organization,2,77,334,0,77,K-Fold,5,SVM,desc_fullname,300,False,0.8321167883211679,0.8156186219093668,0.8321167883211679,0.7867969505083807,0.7061007854421028
6,person_vs_organization,2,77,334,0,77,LOOCV,,SVM,desc_fullname,300,False,0.8418491484184915,0.8292703244748737,0.8418491484184915,0.8061668796844151,
6,person_vs_organization,2,77,334,0,77,K-Fold,5,AdaBoost,desc_fullname,300,False,0.8272506082725061,0.8146659227143284,0.8272506082725061,0.7718273857322843,0.6616183217979625
6,person_vs_organization,2,77,334,0,77,LOOCV,,AdaBoost,desc_fullname,300,False,0.8199513381995134,0.7870561867920927,0.8199513381995134,0.7638050159768479,0.7977292168908934
6,person_vs_organization,2,77,334,0,77,K-Fold,5,XGBoost,desc_fullname,300,False,0.8418491484184915,0.8235227323793566,0.8418491484184915,0.8141940655795669,0.6850843767011432
6,person_vs_organization,2,77,334,0,77,LOOCV,,XGBoost,desc_fullname,300,False,0.8418491484184915,0.8226958637469586,0.8418491484184915,0.8177308326475207,0.5113927988179485
6,person_vs_organization,2,77,334,0,77,K-Fold,5,LogReg,user_fullname,300,False,0.8126520681265207,0.6604033838303112,0.8126520681265207,0.728659840951028,0.6990629131347694
6,person_vs_organization,2,77,334,0,77,LOOCV,,LogReg,user_fullname,300,False,0.8126520681265207,0.6604033838303112,0.8126520681265207,0.728659840951028,0.4929232444202504
6,person_vs_organization,2,77,334,0,77,K-Fold,5,DecisionTree,user_fullname,300,False,0.8223844282238443,0.7919022760171239,0.8223844282238443,0.7715652642296578,0.6473287191850066
6,person_vs_organization,2,77,334,0,77,LOOCV,,DecisionTree,user_fullname,300,False,0.8248175182481752,0.7952710711834801,0.8248175182481752,0.781540393711221,0.4452912357103974
6,person_vs_organization,2,77,334,0,77,K-Fold,5,RandomForest,user_fullname,300,False,0.8223844282238443,0.7919022760171239,0.8223844282238443,0.7715652642296578,0.6757523913212536
6,person_vs_organization,2,77,334,0,77,LOOCV,,RandomForest,user_fullname,300,False,0.829683698296837,0.8062761245242996,0.829683698296837,0.7876087161081313,0.547437592347772
6,person_vs_organization,2,77,334,0,77,K-Fold,5,SVM,user_fullname,300,False,0.8248175182481752,0.8304184433041845,0.8248175182481752,0.7601329297964513,0.6152500194416362
6,person_vs_organization,2,77,334,0,77,LOOCV,,SVM,user_fullname,300,False,0.8321167883211679,0.8323149723457062,0.8321167883211679,0.7782547833172904,
6,person_vs_organization,2,77,334,0,77,K-Fold,5,AdaBoost,user_fullname,300,False,0.8126520681265207,0.6604033838303112,0.8126520681265207,0.728659840951028,0.6241542888249475
6,person_vs_organization,2,77,334,0,77,LOOCV,,AdaBoost,user_fullname,300,False,0.8126520681265207,0.6604033838303112,0.8126520681265207,0.728659840951028,0.9664048526323976
6,person_vs_organization,2,77,334,0,77,K-Fold,5,XGBoost,user_fullname,300,False,0.8102189781021898,0.6600320455759303,0.8102189781021898,0.72745467388745,0.5439380978303134
6,person_vs_organization,2,77,334,0,77,LOOCV,,XGBoost,user_fullname,300,False,0.8102189781021898,0.6600320455759303,0.8102189781021898,0.72745467388745,0.21140835212691503
6,person_vs_organization,2,77,334,0,77,K-Fold,5,LogReg,desc_user_fullname,300,False,0.8175182481751825,0.8509806721039388,0.8175182481751825,0.7401072114878227,0.7535772610622911
6,person_vs_organization,2,77,334,0,77,LOOCV,,LogReg,desc_user_fullname,300,False,0.8248175182481752,0.8558843623026859,0.8248175182481752,0.7564305270198096,0.7373434948285247
6,person_vs_organization,2,77,334,0,77,K-Fold,5,DecisionTree,desc_user_fullname,300,False,0.805352798053528,0.7739179022778545,0.805352798053528,0.7824914564573933,0.5944863519713819
6,person_vs_organization,2,77,334,0,77,LOOCV,,DecisionTree,desc_user_fullname,300,False,0.8150851581508516,0.7915031964312119,0.8150851581508516,0.7982586160285631,0.5536200326619488
6,person_vs_organization,2,77,334,0,77,K-Fold,5,RandomForest,desc_user_fullname,300,False,0.829683698296837,0.8034418516269481,0.829683698296837,0.798899013511866,0.7116610933976203
6,person_vs_organization,2,77,334,0,77,LOOCV,,RandomForest,desc_user_fullname,300,False,0.8272506082725061,0.7999889146155859,0.8272506082725061,0.7990139266125591,0.7162104362703167
6,person_vs_organization,2,77,334,0,77,K-Fold,5,SVM,desc_user_fullname,300,False,0.829683698296837,0.808159606524131,0.829683698296837,0.7850372504071907,0.7085115483319075
6,person_vs_organization,2,77,334,0,77,LOOCV,,SVM,desc_user_fullname,300,False,0.8418491484184915,0.8292703244748737,0.8418491484184915,0.8061668796844151,
6,person_vs_organization,2,77,334,0,77,K-Fold,5,AdaBoost,desc_user_fullname,300,False,0.8272506082725061,0.8146659227143284,0.8272506082725061,0.7718273857322843,0.659440858542655
6,person_vs_organization,2,77,334,0,77,LOOCV,,AdaBoost,desc_user_fullname,300,False,0.8199513381995134,0.7870561867920927,0.8199513381995134,0.7638050159768479,0.7977292168908934
6,person_vs_organization,2,77,334,0,77,K-Fold,5,XGBoost,desc_user_fullname,300,False,0.8442822384428224,0.8271347468427761,0.8442822384428224,0.8179501899997266,0.6872229566840344
6,person_vs_organization,2,77,334,0,77,LOOCV,,XGBoost,desc_user_fullname,300,False,0.8394160583941606,0.8190557539990683,0.8394160583941606,0.8140562352215482,0.5111206159110351
6,person_vs_organization,2,77,334,0,77,K-Fold,5,LogReg,numeric,11,False,0.8150851581508516,0.7723590780914749,0.8150851581508516,0.7666118718706643,0.7305389221556886
6,person_vs_organization,2,77,334,0,77,LOOCV,,LogReg,numeric,11,False,0.8126520681265207,0.7630372563079544,0.8126520681265207,0.7558739934347792,0.721012520413718
6,person_vs_organization,2,77,334,0,77,K-Fold,5,DecisionTree,numeric,11,False,0.7469586374695864,0.7642534624742654,0.7469586374695864,0.7547936337864684,0.6194688544987947
6,person_vs_organization,2,77,334,0,77,LOOCV,,DecisionTree,numeric,11,False,0.7274939172749392,0.7432997482348678,0.7274939172749392,0.734851101039372,0.5825103040671903
6,person_vs_organization,2,77,334,0,77,K-Fold,5,RandomForest,numeric,11,False,0.8369829683698297,0.8153246823465802,0.8369829683698297,0.8121225505751367,0.7523913212535966
6,person_vs_organization,2,77,334,0,77,LOOCV,,RandomForest,numeric,11,False,0.8321167883211679,0.8076547236835061,0.8321167883211679,0.8046755061445997,0.774282603623921
6,person_vs_organization,2,77,334,0,77,K-Fold,5,SVM,numeric,11,False,0.805352798053528,0.6592839082104861,0.805352798053528,0.7250345944740657,0.5406330196749358
6,person_vs_organization,2,77,334,0,77,LOOCV,,SVM,numeric,11,False,0.8029197080291971,0.6589070822647466,0.8029197080291971,0.7238196558211925,
6,person_vs_organization,2,77,334,0,77,K-Fold,5,AdaBoost,numeric,11,False,0.8199513381995134,0.7900678304285002,0.8199513381995134,0.7934499740629564,0.7372851699199005
6,person_vs_organization,2,77,334,0,77,LOOCV,,AdaBoost,numeric,11,False,0.8126520681265207,0.7799619055073939,0.8126520681265207,0.7860516803822558,0.7351660315732172
6,person_vs_organization,2,77,334,0,77,K-Fold,5,XGBoost,numeric,11,False,0.8175182481751825,0.7952661908324403,0.8175182481751825,0.8016651912104433,0.7545687845089044
6,person_vs_organization,2,77,334,0,77,LOOCV,,XGBoost,numeric,11,False,0.8102189781021898,0.7821245440726117,0.8102189781021898,0.7896675156840288,0.7593125437436814
6,person_vs_organization,2,77,334,0,77,K-Fold,5,LogReg,desc+numeric,311,False,0.8345498783454988,0.813729687480302,0.8345498783454988,0.7983509056501759,0.7598180262850921
6,person_vs_organization,2,77,334,0,77,LOOCV,,LogReg,desc+numeric,311,False,0.8394160583941606,0.8233289209939109,0.8394160583941606,0.804281761366347,0.7573294968504549
6,person_vs_organization,2,77,334,0,77,K-Fold,5,DecisionTree,desc+numeric,311,False,0.7761557177615572,0.7625762842420367,0.7761557177615572,0.7686726052608769,0.6024574228167042
6,person_vs_organization,2,77,334,0,77,LOOCV,,DecisionTree,desc+numeric,311,False,0.7615571776155717,0.759166956320241,0.7615571776155717,0.7603443596462559,0.6034683878995256
6,person_vs_organization,2,77,334,0,77,K-Fold,5,RandomForest,desc+numeric,311,False,0.8442822384428224,0.8392912845467588,0.8442822384428224,0.805813683298863,0.7791041294035307
6,person_vs_organization,2,77,334,0,77,LOOCV,,RandomForest,desc+numeric,311,False,0.8442822384428224,0.8356988072296909,0.8442822384428224,0.8080616832130268,0.7895637296834902
6,person_vs_organization,2,77,334,0,77,K-Fold,5,SVM,desc+numeric,311,False,0.8394160583941606,0.821745178877174,0.8394160583941606,0.8064055122235794,0.7237732327552688
6,person_vs_organization,2,77,334,0,77,LOOCV,,SVM,desc+numeric,311,False,0.8321167883211679,0.8075949447924847,0.8321167883211679,0.8007630816553664,
6,person_vs_organization,2,77,334,0,77,K-Fold,5,AdaBoost,desc+numeric,311,False,0.8345498783454988,0.8115416472537144,0.8345498783454988,0.8084215756828073,0.7381406019130571
6,person_vs_organization,2,77,334,0,77,LOOCV,,AdaBoost,desc+numeric,311,False,0.8418491484184915,0.8235227323793566,0.8418491484184915,0.8141940655795669,0.7555019830468933
6,person_vs_organization,2,77,334,0,77,K-Fold,5,XGBoost,desc+numeric,311,False,0.8102189781021898,0.7854348740343013,0.8102189781021898,0.7929496322398412,0.7469476631153279
6,person_vs_organization,2,77,334,0,77,LOOCV,,XGBoost,desc+numeric,311,False,0.8223844282238443,0.7963226712559097,0.8223844282238443,0.800685931462637,0.7625787386266428
