username,profile_url,display_name,description,location,followers_count,following_count,statuses_count,created_at,predicted_class,confidence_level,prob_0,prob_1,prob_2,uncertainty_score
ahmadi_ahmadii,https://x.com/ahmadi_ahmadii,bəmalu,,,21.0,155.0,173.0,March 2022,1,0.3341,0.3328,0.3341,0.3331,0.6659
0qcgdh3bdamfozf,https://x.com/0qcgdh3bdamfozf,هيثم عبده نعمان الحجري,,,80.0,218.0,3761.0,September 2021,1,0.3341,0.3328,0.3341,0.3331,0.6659
_soommiii_,https://x.com/_soommiii_,soosoo~,,,27.0,85.0,79.0,November 2021,1,0.3341,0.3328,0.3341,0.3331,0.6659
akbarghasemi62,https://x.com/akbarghasemi62,Akbar Ghasemi,,,28.0,122.0,537.0,June 2022,1,0.3341,0.3328,0.3341,0.3331,0.6659
ahimsaaaa,https://x.com/ahimsaaaa,Ahimsa آهیمسا,,,12.0,61.0,128.0,September 2022,1,0.3341,0.3328,0.3341,0.3331,0.6659
acetaminophen69,https://x.com/acetaminophen69,Acetaminophen,,,2.0,54.0,108.0,June 2025,2,0.335,0.3316,0.3334,0.335,0.665
aecp_faecp,https://x.com/aecp_faecp,AECP,,,3686.0,287.0,5127.0,February 2016,1,0.3358,0.335,0.3358,0.3292,0.6642
aboutparhammhb,https://x.com/aboutparhammhb,P4rhumm,,G town,1543.0,498.0,5356.0,December 2021,0,0.336,0.336,0.3354,0.3286,0.664
agha_xavier2,https://x.com/agha_xavier2,خاویر پرز دکوئیار R.I.P,همواره مشروطه‌خواه. وفادار به: شاه، میهن، آزادی,روی در دیوار هجران,5940.0,665.0,1303.0,June 2018,1,0.3366,0.3342,0.3366,0.3292,0.6634
alparsai,https://x.com/alparsai,Ali Parsai,"Soyez réalistes, demandez l'impossible.",Planet Earth,377.0,958.0,5809.0,November 2016,0,0.337,0.337,0.3266,0.3364,0.663
_ali_najjar_,https://x.com/_ali_najjar_,علی نجار,او از پیروان م ح م د بن حسن بود,کهکشان راه شیری ، دست چپ,770.0,890.0,4161.0,December 2018,0,0.337,0.337,0.3266,0.3364,0.663
affgnl,https://x.com/affgnl,AFFG,Great players need a Great Management,"Gelderland, Nederland",150.0,101.0,699.0,January 2017,0,0.3371,0.3371,0.3293,0.3337,0.6629
alecknowsads,https://x.com/alecknowsads,Alec Lopez,Head of Production  @markhamyard,"St Petersburg, FL",81.0,271.0,941.0,September 2015,0,0.3371,0.3371,0.3293,0.3337,0.6629
_angry_n___,https://x.com/_angry_n___,i N !,تا اطلاع ثانوی فقط #زن_زندگی_آزادی,!,149.0,160.0,4797.0,October 2015,0,0.3371,0.3371,0.3293,0.3337,0.6629
9rcl7at9wzomubs,https://x.com/9rcl7at9wzomubs,Мақсат Асылбеков,,,12.0,65.0,6.0,April 2021,2,0.3373,0.3328,0.3299,0.3373,0.6627
4m2dvxbg7uptwhz,https://x.com/4m2dvxbg7uptwhz,.,,,104.0,383.0,8.0,September 2021,2,0.3373,0.3328,0.3299,0.3373,0.6627
ahadisherko,https://x.com/ahadisherko,SH.1990,,,47.0,241.0,34.0,September 2021,2,0.3373,0.3328,0.3299,0.3373,0.6627
80403b7197f4437,https://x.com/80403b7197f4437,@Kaveh_Mesgarian,,,65.0,290.0,526.0,December 2014,0,0.3378,0.3378,0.3285,0.3337,0.6622
alijannatpour,https://x.com/alijannatpour,Ali Jannatpour,,,35.0,249.0,1280.0,December 2014,0,0.3378,0.3378,0.3285,0.3337,0.6622
alireza_didani,https://x.com/alireza_didani,Alireza,,,134.0,58.0,1154.0,May 2017,0,0.3378,0.3378,0.3285,0.3337,0.6622
akbarabasi13481,https://x.com/akbarabasi13481,Akbar.A,,,51.0,91.0,1922.0,November 2016,0,0.3378,0.3378,0.3285,0.3337,0.6622
ahsana30012,https://x.com/ahsana30012,أبو محمد🇵🇸,امت گرا Internationalism#اللهم_عجل_لولیک_الفرج,,148.0,4060.0,757.0,February 2025,0,0.3378,0.3378,0.3245,0.3377,0.6622
alamyn39470,https://x.com/alamyn39470,محمد الامين الضبيبي,,,73.0,919.0,101.0,September 2025,0,0.3379,0.3379,0.3243,0.3377,0.6621
aboarab90547242,https://x.com/aboarab90547242,حبیبی محمد,,,61.0,777.0,175.0,November 2022,0,0.3379,0.3379,0.3243,0.3377,0.6621
__rumi22_,https://x.com/__rumi22_,rumi,,,13.0,491.0,134.0,November 2023,0,0.338,0.338,0.327,0.335,0.662
a_01_2024,https://x.com/a_01_2024,Ali,,,48.0,454.0,159.0,February 2025,0,0.338,0.338,0.327,0.335,0.662
ahoramazda39384,https://x.com/ahoramazda39384,Ahora Mazda,,,28.0,308.0,526.0,March 2024,0,0.338,0.338,0.327,0.335,0.662
_ghazaltaleb,https://x.com/_ghazaltaleb,Ghazal,,,13.0,47.0,3115.0,February 2020,2,0.3388,0.3328,0.3285,0.3388,0.6612
ali_94355,https://x.com/ali_94355,a‌,,,0.0,49.0,12.0,March 2024,2,0.3392,0.3315,0.3292,0.3392,0.6608
alireza_kh29320,https://x.com/alireza_kh29320,Alireza,,,29.0,509.0,15.0,August 2025,2,0.3392,0.3379,0.3229,0.3392,0.6608
akbarkhan025,https://x.com/akbarkhan025,Akbar kakar,pashtoonkhwa S O,جنوبی پښتونخوا کوټه,3.0,141.0,12.0,November 2025,2,0.3392,0.3375,0.3233,0.3392,0.6608
alirostami89168,https://x.com/alirostami89168,Ali Rostami,,,7.0,73.0,14.0,December 2025,2,0.3392,0.3315,0.3292,0.3392,0.6608
ahmed17032001,https://x.com/ahmed17032001,Ahmed1379,,,1.0,137.0,20.0,August 2025,2,0.3392,0.3315,0.3292,0.3392,0.6608
adamfnward,https://x.com/adamfnward,Adam Ward,,,0.0,49.0,35.0,October 2023,2,0.3392,0.3315,0.3292,0.3392,0.6608
ali1427_rad,https://x.com/ali1427_rad,Ali rad 109,,,0.0,119.0,27.0,November 2024,2,0.3392,0.3315,0.3292,0.3392,0.6608
alisoleymaiii,https://x.com/alisoleymaiii,مبارز صلح,,,13.0,244.0,57.0,February 2024,2,0.3392,0.3379,0.3229,0.3392,0.6608
aliyu_hass50470,https://x.com/aliyu_hass50470,Aliyu Adam Hassan,,,6.0,588.0,7.0,July 2023,2,0.3392,0.3315,0.3292,0.3392,0.6608
adaneabel3426,https://x.com/adaneabel3426,Abel Adane,,,6.0,190.0,13.0,December 2024,2,0.3392,0.3315,0.3292,0.3392,0.6608
aliibeyranvand,https://x.com/aliibeyranvand,Alireza Beyranvand,Iran National goalkeeper  @TeamMelliIran @persepolisfc,,0.0,28.0,52.0,April 2020,2,0.3392,0.3316,0.3292,0.3392,0.6608
ali_ghm1993,https://x.com/ali_ghm1993,Ali Ghiamy,,,7.0,669.0,19.0,July 2024,2,0.3392,0.3315,0.3292,0.3392,0.6608
adarehgharibi,https://x.com/adarehgharibi,Amirhosein Zandi darehgharibi,دکترای جامعه شناسی,,5.0,217.0,39.0,August 2025,2,0.3392,0.3315,0.3292,0.3392,0.6608
ahmedjoia15116,https://x.com/ahmedjoia15116,Ahmed kahlid Joia,,,37.0,500.0,14.0,June 2024,2,0.3392,0.3379,0.3229,0.3392,0.6608
_ipesarekhob,https://x.com/_ipesarekhob,پِسَرِ خوبْ,,,899.0,1056.0,3112.0,August 2022,0,0.3395,0.3395,0.3247,0.3358,0.6605
alsynya1,https://x.com/alsynya1,أرض النفاق,,,220.0,1932.0,580.0,December 2021,0,0.3395,0.3395,0.3247,0.3358,0.6605
alastairmurra18,https://x.com/alastairmurra18,Alastair Murray,,,347.0,3178.0,154.0,March 2022,0,0.3395,0.3395,0.3247,0.3358,0.6605
a9b9e3m1,https://x.com/a9b9e3m1,Ali Erfani,,,1.0,83.0,0.0,May 2021,0,0.3401,0.3401,0.3211,0.3389,0.6599
aghdadaash,https://x.com/aghdadaash,آق داداش,,,1.0,161.0,29.0,April 2022,0,0.3402,0.3402,0.3292,0.3306,0.6598
ajmalzamani4,https://x.com/ajmalzamani4,Ajmal Zamani,,,6.0,256.0,5.0,August 2022,0,0.3402,0.3402,0.3292,0.3306,0.6598
_sihelvi,https://x.com/_sihelvi,İbn Kusay el Kerhani,sex felsefesi etik iyi sikiş felsefesi oncul anal kusay aşığı,,16.0,73.0,119.0,August 2025,1,0.3409,0.3248,0.3409,0.3342,0.6591
13virginiawoolf,https://x.com/13virginiawoolf,ویرجینیا وولف مناطق محروم,,El Dorado,4064.0,673.0,2320.0,November 2016,0,0.3411,0.3411,0.3298,0.3291,0.6589
abedimonfared1,https://x.com/abedimonfared1,"Reza Abedi, Psychology Expert",من یک ایرانی مسلمانم و به ایرانی‌بودن و مسلمان‌بودنم افتخار می‌کنم فالو = فالو بک در اسرع وقت,,1598.0,1688.0,2095.0,October 2021,1,0.3414,0.3408,0.3414,0.3178,0.6586
akramsharifi,https://x.com/akramsharifi,akram sharifi,Journalist /Foreign Policy,"Tehran, Iran",0.0,1591.0,1386.0,January 2013,1,0.3414,0.3389,0.3414,0.3197,0.6586
abbasi_j_5,https://x.com/abbasi_j_5,عباسی ۴,مهندس برق_عمران/کارشناس رسمی دادگستری/کنشگر و فعال اجتماعی و صنفی/آرزومند ایرانی آباد، شاد و قدرتمند,,1280.0,4321.0,2241.0,December 2022,1,0.3415,0.3322,0.3415,0.3262,0.6585
about_shaamim,https://x.com/about_shaamim,Shamim,,,1722.0,114.0,339.0,September 2022,1,0.3415,0.3299,0.3415,0.3286,0.6585
__shim__shim,https://x.com/__shim__shim,Sh!m@,,NY,5769.0,523.0,0.0,September 2017,2,0.3415,0.3409,0.3175,0.3415,0.6585
akef1680,https://x.com/akef1680,Akef,,,6.0,50.0,1261.0,August 2025,2,0.3416,0.318,0.3404,0.3416,0.6584
ala_ti_ti,https://x.com/ala_ti_ti,الا‌ تى‌تى,"Hello, I'm still here. All that's left of yesterday!",همه‌جا,2447.0,546.0,1400.0,October 2017,0,0.3416,0.3416,0.3366,0.3218,0.6584
airwallex,https://x.com/airwallex,Airwallex,Empowering modern businesses to grow beyond borders,"Melbourne, Victoria",9375.0,516.0,1755.0,December 2015,0,0.3416,0.3416,0.3366,0.3218,0.6584
alinaghi2018,https://x.com/alinaghi2018,AliNaghi,,,5675.0,1284.0,1150.0,March 2018,0,0.3417,0.3417,0.3264,0.3318,0.6583
alan1234454,https://x.com/alan1234454,ئالان,,,42.0,184.0,435.0,April 2024,2,0.3417,0.3243,0.334,0.3417,0.6583
aliaydinfromaz,https://x.com/aliaydinfromaz,AliAydin,,,30.0,84.0,260.0,December 2024,2,0.3417,0.3243,0.334,0.3417,0.6583
aanahelll,https://x.com/aanahelll,Atefeh,,,62.0,93.0,107.0,November 2022,2,0.3417,0.3243,0.334,0.3417,0.6583
aaaaaaav69,https://x.com/aaaaaaav69,Sasasaa,,,51.0,245.0,405.0,September 2024,2,0.3417,0.3243,0.334,0.3417,0.6583
aghmamrez,https://x.com/aghmamrez,آق‌ممرض,در آغوش کسشر برای دست‌به‌سرکردن اندوه,,3095.0,335.0,1307.0,October 2013,0,0.3417,0.3417,0.3338,0.3245,0.6583
abubakarnu55384,https://x.com/abubakarnu55384,Nura Abubakar,,,14.0,77.0,116.0,February 2025,2,0.3417,0.3243,0.334,0.3417,0.6583
ahmadisaye35320,https://x.com/ahmadisaye35320,sayed Ahmadi,,,80.0,304.0,1615.0,March 2025,2,0.3417,0.3243,0.334,0.3417,0.6583
ahangar_fa44154,https://x.com/ahangar_fa44154,fufu,,Mazandaran,9.0,49.0,507.0,September 2025,2,0.3417,0.3239,0.3344,0.3417,0.6583
_garrulus,https://x.com/_garrulus,Garrulus,,,112.0,475.0,654.0,July 2025,2,0.3417,0.3243,0.334,0.3417,0.6583
_hasanbro,https://x.com/_hasanbro,Hasan Bro,Muslim,,94.0,249.0,173.0,October 2025,2,0.3417,0.3243,0.334,0.3417,0.6583
abedini_farzane,https://x.com/abedini_farzane,Farzane Abedini,,,79.0,177.0,3931.0,January 2023,2,0.3417,0.3243,0.334,0.3417,0.6583
2025_samuel,https://x.com/2025_samuel,Dr . Samuel 2025 Samuel arockiasamy (Sam),,,50.0,786.0,19.0,November 2025,2,0.3419,0.3379,0.3202,0.3419,0.6581
almww10,https://x.com/almww10,almomo,,,19.0,776.0,9.0,October 2025,2,0.3419,0.3379,0.3202,0.3419,0.6581
ali_damghani_84,https://x.com/ali_damghani_84,Alireza Damghani,دانشجوی علوم سیاسی دانشگاه تهران| Student of political science in UT| عضوی از خانواده حزب‌الله؛ یه جادی... از دیار امام رئوف(ع),,14.0,313.0,7.0,November 2024,0,0.3422,0.3422,0.3322,0.3255,0.6578
ahlulbayt__313,https://x.com/ahlulbayt__313,Ahlul•Bayt ♡ 📚,Student of Ahlulbayt (A.S)   This Page Is For All tiktok.com/@the_great_muh …,,8520.0,5043.0,2370.0,October 2016,0,0.3423,0.3423,0.3332,0.3245,0.6577
ahmadsamadi1974,https://x.com/ahmadsamadi1974,Ahmad Samadi,"Senior Journalist  @IranInternational  TV  iranintl.com/en  @IranIntl_En  interested in EU, Germany, international&Iran affaires, Iaea, Iran nuclear",,5188.0,973.0,1979.0,February 2020,1,0.3426,0.3341,0.3426,0.3233,0.6574
ahali73975790a,https://x.com/ahali73975790a,Şahəli,,Azerbaijan,23.0,107.0,19.0,March 2020,2,0.3429,0.3387,0.3184,0.3429,0.6571
akbar50847775,https://x.com/akbar50847775,Akbar,,,8.0,64.0,34.0,April 2020,2,0.343,0.3264,0.3306,0.343,0.657
_fatemeramezani,https://x.com/_fatemeramezani,فاطم‌ه,,,9.0,24.0,540.0,March 2021,2,0.3436,0.3264,0.3301,0.3436,0.6564
acovertcovfefe,https://x.com/acovertcovfefe,The Doctor,"…and then, as the tale goes, there was a Question. The Oldest Question in the Universe: Who are you when there is No Grey Area?",United States,176.0,592.0,2790.0,January 2025,0,0.3436,0.3436,0.3284,0.328,0.6564
abidiparisa,https://x.com/abidiparisa,Parisa Abidi,#Transgender #animal lover #Rebel #worker #Atheist #communist #Revolution,"Vancouver, British Columbia",1.0,0.0,5.0,January 2018,2,0.3436,0.3351,0.3212,0.3436,0.6564
31siye6,https://x.com/31siye6,しろ,,,25.0,45.0,4406.0,October 2021,2,0.3436,0.3327,0.3238,0.3436,0.6564
adadpay,https://x.com/adadpay,Ali Dadpay,Economist & Educator | A man who makes sense of the world through data and ideas Alum:  @UWM  |  @Virginia_Tech  | Sharif Univ. | Niavaran,"Texas, USA",756.0,463.0,1434.0,August 2024,0,0.3436,0.3436,0.3284,0.328,0.6564
a_f_cebeci,https://x.com/a_f_cebeci,Ali Fuat Cebeci,konu vatansa gerisi teferruat,Türkiye,9013.0,5337.0,0.0,May 2021,2,0.3438,0.3357,0.3205,0.3438,0.6562
alahwazireza,https://x.com/alahwazireza,Alahwazi Ridha,,"Wien, Österreich",389.0,397.0,665.0,February 2017,0,0.3439,0.3439,0.3225,0.3336,0.6561
alex99889,https://x.com/alex99889,alex,,iran,750.0,7499.0,3214.0,July 2019,1,0.3439,0.33,0.3439,0.326,0.6561
aditya_shrinath,https://x.com/aditya_shrinath,Aditya Shrinath,,"Jaipur, India",12.0,76.0,109.0,July 2019,0,0.3439,0.3439,0.3225,0.3336,0.6561
alyamaniyeen,https://x.com/alyamaniyeen,313اليماني515,,"Georgia, USA",77.0,989.0,1686.0,February 2024,0,0.344,0.344,0.3184,0.3376,0.656
adamant_85,https://x.com/adamant_85,AdamAnt,Up yours!,United States,32.0,304.0,1028.0,October 2025,0,0.344,0.344,0.3211,0.3349,0.656
akram1445449,https://x.com/akram1445449,Akram,,,71.0,2043.0,14.0,January 2025,0,0.3445,0.3445,0.3137,0.3418,0.6555
1983ms13,https://x.com/1983ms13,Monkey,,"Dubai, United Arab Emirates",226.0,1945.0,2327.0,June 2024,2,0.3445,0.3368,0.3188,0.3445,0.6555
alisajed465625,https://x.com/alisajed465625,ALI SAJED,,,304.0,956.0,77.0,September 2025,2,0.3445,0.3242,0.3312,0.3445,0.6555
aleahmikul20525,https://x.com/aleahmikul20525,Princess Queen Aalieyaah Aleah Alal,,,116.0,1678.0,59.0,December 2023,0,0.3445,0.3445,0.3137,0.3418,0.6555
alrfat13271,https://x.com/alrfat13271,احمد صالح,,,362.0,5657.0,5.0,October 2023,0,0.3445,0.3445,0.3137,0.3418,0.6555
alihashemi78849,https://x.com/alihashemi78849,ali hshemi,,,324.0,3386.0,639.0,April 2025,0,0.3446,0.3446,0.3178,0.3376,0.6554
acharya_pa1,https://x.com/acharya_pa1,Pawan Acharya,Postdoctoral Scholar at UAB,,334.0,639.0,71.0,March 2012,0,0.3446,0.3446,0.3264,0.329,0.6554
ahmedabdal94,https://x.com/ahmedabdal94,Ahmedabdalmohsen,لَنَا حَقٌّ فَإِن أُعْطِينَاهُ وَإِلَّا رَكِبْنَا أَعجَازَ الإِبِلِ وَإِن طَالَ السُّرَى الإمام علي ع,,4.0,276.0,4.0,November 2025,0,0.3449,0.3449,0.3214,0.3337,0.6551
aghatac8,https://x.com/aghatac8,Aghata,"Art, skin and attitude   Each image tells a story...  Do you dare to see it completely?",,0.0,13.0,13.0,December 2025,0,0.3449,0.3449,0.3194,0.3357,0.6551
35pmrc4xezu0tvd,https://x.com/35pmrc4xezu0tvd,Максат,,,0.0,4.0,6.0,July 2019,0,0.3451,0.3451,0.3136,0.3413,0.6549
alikalhamadi,https://x.com/alikalhamadi,Ali Al-Hamadi,,,0.0,27.0,249.0,May 2018,0,0.3452,0.3452,0.3176,0.3372,0.6548
aarabisaeid,https://x.com/aarabisaeid,Saeid Aarabi,,,0.0,25.0,66.0,July 2025,2,0.3455,0.3314,0.3231,0.3455,0.6545
abdolhamidnet,https://x.com/abdolhamidnet,شیخ الاسلام مولانا عبدالحمید,مدیر دارالعلوم و امام جمعه اهل سنت زاهدان و رئیس شورای هماهنگی مدارس علوم دینی اهل سنت سیستان و بلوچستان,iran,0.0,2.0,3668.0,January 2012,0,0.3456,0.3456,0.3406,0.3138,0.6544
1pezeshk_plus,https://x.com/1pezeshk_plus,«یک پزشک» پلاس,اکانت توییتر وابسته به سایت «یک پزشک»، برای بازتاب تازه‌ترین اخبار در زمینه دانش، فرهنگ، پزشکی و ورزش.,Islamic Republic of Iran,233.0,740.0,4.0,July 2016,1,0.3456,0.3248,0.3456,0.3296,0.6544
alinazarij,https://x.com/alinazarij,Ali Nazari Jouybari,علی نظری جویباری  طرفدار و مدیرعامل باشگاه استقلال ایران,,517.0,4.0,7.0,May 2025,2,0.346,0.3312,0.3229,0.346,0.654
alexcurran95,https://x.com/alexcurran95,𝐀𝐥𝐞𝐱 𝐂𝐮𝐫𝐫𝐚𝐧,,Contae Lú,2603.0,7343.0,1376.0,November 2018,0,0.346,0.346,0.3205,0.3335,0.654
7_ndala,https://x.com/7_ndala,معتز بالله الجنوبي,,,15.0,92.0,17.0,November 2025,2,0.346,0.3242,0.3298,0.346,0.654
al_firas999,https://x.com/al_firas999,Firas Al Mashhadani,,"Sulaymaniyah, Iraq",26.0,162.0,43.0,September 2025,2,0.346,0.3301,0.3239,0.346,0.654
alpsina89,https://x.com/alpsina89,Sina alp,,,87.0,651.0,40.0,April 2024,2,0.346,0.3242,0.3298,0.346,0.654
aliabc1500,https://x.com/aliabc1500,Ali,,,58.0,203.0,8.0,September 2025,2,0.346,0.3242,0.3298,0.346,0.654
alexp_ecb,https://x.com/alexp_ecb,Alex pr 🇳🇱,sou sofredor de  @ecbahia  e  @chelseaFC #forarezende,"Salvador, Brasil",184.0,1196.0,2822.0,January 2020,0,0.3461,0.3461,0.32,0.3339,0.6539
ali_geraei,https://x.com/ali_geraei,Mohammad Ali Geraei,"Greco-Roman Wrestler. 77 KG. Fighter Challenger. 2017 World Bronze Medalist. ""To Have Face is to Have Wings"" #Falcon on his way to 2020 Olympics","Iran, Shiraz",221.0,18.0,28.0,March 2018,1,0.3463,0.3248,0.3463,0.3289,0.6537
aliashtiani12,https://x.com/aliashtiani12,Ali Ashtiani,,,26.0,813.0,0.0,September 2022,0,0.3464,0.3464,0.3122,0.3414,0.6536
alijafarifo,https://x.com/alijafarifo,علیج,نظاره گر منفعل.روزنامه نگار و برنامه ساز رادیو و منتقد تیاتر.مدرس پاره وقت برخی دانشگاهها.  هرچی ام که می گم به خودم مربوطه نه محل کارم.والله,tehran,248.0,193.0,2174.0,September 2010,1,0.3464,0.346,0.3464,0.3077,0.6536
34gwr77liku4hw8,https://x.com/34gwr77liku4hw8,احمد رمزي,,,18.0,450.0,4.0,June 2021,0,0.3465,0.3465,0.3148,0.3387,0.6535
alie89700828,https://x.com/alie89700828,alie,,,37.0,549.0,9.0,November 2020,0,0.3466,0.3466,0.3174,0.336,0.6534
afg01a,https://x.com/afg01a,afg01 afg01,,,57.0,737.0,8.0,February 2022,0,0.3466,0.3466,0.3202,0.3332,0.6534
_hqaddomi,https://x.com/_hqaddomi,Hisham Qaddoumi,,,33.0,359.0,247.0,August 2022,0,0.3467,0.3467,0.3269,0.3264,0.6533
alistai73159680,https://x.com/alistai73159680,Alistair Mckenzie,,,12.0,116.0,198.0,April 2022,0,0.3467,0.3467,0.3269,0.3264,0.6533
___tw1tt3r___,https://x.com/___tw1tt3r___,tw1tt3r,,,18.0,558.0,494.0,April 2022,0,0.3467,0.3467,0.3269,0.3264,0.6533
__dokhtarak,https://x.com/__dokhtarak,Emily,,,13.0,184.0,75.0,August 2021,0,0.3467,0.3467,0.3269,0.3264,0.6533
4freedom4iran,https://x.com/4freedom4iran,Freedom,,,18.0,214.0,682.0,September 2022,0,0.3467,0.3467,0.3269,0.3264,0.6533
4bteen,https://x.com/4bteen,Abtinn,,,17.0,391.0,12.0,May 2022,0,0.3467,0.3467,0.3228,0.3305,0.6533
_irani_mohammad,https://x.com/_irani_mohammad,MhmmdShajarian,,,8.0,1774.0,58.0,December 2020,0,0.3468,0.3468,0.3145,0.3387,0.6532
afshinzare1,https://x.com/afshinzare1,Afshin Zare,Actor & Composer,Islamic Republic of Iran,3.0,97.0,13.0,July 2012,1,0.3468,0.3322,0.3468,0.3211,0.6532
alisakhravi80,https://x.com/alisakhravi80,Alisakhravi,لغتي هويتي الاحواز,Spain,18.0,333.0,4.0,May 2024,2,0.3473,0.3437,0.309,0.3473,0.6527
677krzych,https://x.com/677krzych,Wojtek,,"Warszawa, Polska",146.0,807.0,9241.0,June 2019,0,0.3474,0.3474,0.3439,0.3087,0.6526
aliabz429014,https://x.com/aliabz429014,Ali Abz,,,27.0,563.0,0.0,October 2024,2,0.3475,0.3377,0.3148,0.3475,0.6525
3pm_est,https://x.com/3pm_est,R,,"New York, USA",1.0,85.0,0.0,December 2025,2,0.3475,0.3373,0.3152,0.3475,0.6525
3ccmke,https://x.com/3ccmke,Third Coast Cinema,,"Milwaukee, WI",1.0,154.0,0.0,September 2025,2,0.3475,0.3373,0.3152,0.3475,0.6525
aliiiiinaderi8,https://x.com/aliiiiinaderi8,🌋Ali Naderi,,,18.0,645.0,0.0,July 2025,2,0.3475,0.3377,0.3148,0.3475,0.6525
alex4380145476,https://x.com/alex4380145476,abbas,,,48.0,679.0,1.0,August 2024,2,0.3475,0.3377,0.3148,0.3475,0.6525
akramipmp,https://x.com/akramipmp,Saeed Akrami,,,13.0,166.0,0.0,May 2025,2,0.3475,0.3377,0.3148,0.3475,0.6525
adfiranofficial,https://x.com/adfiranofficial,Alliance for Democracy and Freedom in Iran,ما به منشور مهسا به عنوان مبنایی برای همکاری باور داریم. هدف سرنگونی رژیم جمهوری اسلامی در فرآیندی خشونت‌پرهیز و رسیدن به حکومتی سکولار دموکراتیک است.,,7667.0,0.0,13.0,February 2023,0,0.3475,0.3475,0.3149,0.3376,0.6525
aa1915898,https://x.com/aa1915898,احمدعلام صيادالبحار,فنان,مصر,9.0,312.0,4.0,December 2024,2,0.3475,0.3373,0.3152,0.3475,0.6525
abusamer1990528,https://x.com/abusamer1990528,Samer,,,8.0,277.0,0.0,November 2023,2,0.3476,0.3314,0.321,0.3476,0.6524
abdulrahma74533,https://x.com/abdulrahma74533,Abdulrahman iphone,,,2.0,100.0,0.0,November 2025,2,0.3476,0.3314,0.321,0.3476,0.6524
ajmaldashti17,https://x.com/ajmaldashti17,Ajmal Dashti,,,0.0,81.0,0.0,August 2025,2,0.3476,0.3314,0.321,0.3476,0.6524
abuzar42172607,https://x.com/abuzar42172607,abuzar,,,0.0,94.0,0.0,November 2022,2,0.3476,0.3314,0.321,0.3476,0.6524
ahmadiaman84324,https://x.com/ahmadiaman84324,Amanllah Ahmadi,,,5.0,65.0,0.0,November 2025,2,0.3476,0.3314,0.321,0.3476,0.6524
ahsan2026bs,https://x.com/ahsan2026bs,Muhammad Hassan (Ahsan),An Ordinary Caliph of Allah,"Piplan, Pakistan",1.0,72.0,4.0,November 2025,2,0.3476,0.3306,0.3218,0.3476,0.6524
abdullahpa7203,https://x.com/abdullahpa7203,Abdullah palta,,,0.0,85.0,0.0,December 2025,2,0.3476,0.3314,0.321,0.3476,0.6524
abbasali690448,https://x.com/abbasali690448,abbas ali,,,0.0,65.0,0.0,December 2025,2,0.3476,0.3314,0.321,0.3476,0.6524
ahmedjamal41147,https://x.com/ahmedjamal41147,Ahmed Jamal,,,0.0,78.0,0.0,November 2025,2,0.3476,0.3314,0.321,0.3476,0.6524
abrahymahm53406,https://x.com/abrahymahm53406,احمد ابراهيم,,,1.0,70.0,0.0,November 2025,2,0.3476,0.3314,0.321,0.3476,0.6524
aboliparande,https://x.com/aboliparande,aboliparande,,,1.0,53.0,0.0,December 2025,2,0.3476,0.3314,0.321,0.3476,0.6524
ahmadi_abb27030,https://x.com/ahmadi_abb27030,abbas ahmadi,,,9.0,191.0,0.0,April 2025,2,0.3476,0.3314,0.321,0.3476,0.6524
abina310186,https://x.com/abina310186,H,,,0.0,590.0,0.0,September 2024,2,0.3476,0.3314,0.321,0.3476,0.6524
afrasimoha50416,https://x.com/afrasimoha50416,Mohammad Afrasi,,,0.0,59.0,0.0,June 2024,2,0.3476,0.3314,0.321,0.3476,0.6524
afra7172,https://x.com/afra7172,Afra,,,8.0,178.0,1.0,July 2025,2,0.3476,0.3314,0.321,0.3476,0.6524
abdollahia64050,https://x.com/abdollahia64050,Ashoo Abdollahi,,,3.0,64.0,0.0,November 2025,2,0.3476,0.3314,0.321,0.3476,0.6524
adriirov,https://x.com/adriirov,Adri,,,0.0,49.0,0.0,December 2025,2,0.3476,0.3314,0.321,0.3476,0.6524
___cfilm,https://x.com/___cfilm,🎞️,,,0.0,424.0,4.0,March 2023,2,0.3476,0.3314,0.321,0.3476,0.6524
alian2025,https://x.com/alian2025,adele alian,,,1.0,58.0,0.0,May 2025,2,0.3476,0.3314,0.321,0.3476,0.6524
akiali43488770,https://x.com/akiali43488770,Aki Ali,,,0.0,48.0,0.0,November 2022,2,0.3476,0.3314,0.321,0.3476,0.6524
aliazarids,https://x.com/aliazarids,Ali Azari,,,7.0,66.0,0.0,October 2025,2,0.3476,0.3314,0.321,0.3476,0.6524
42potatoesss,https://x.com/42potatoesss,Ishita Dasgupta,,,1.0,77.0,0.0,October 2023,2,0.3476,0.3314,0.321,0.3476,0.6524
alinazari42166,https://x.com/alinazari42166,Ali Nazari,,,4.0,75.0,0.0,December 2025,2,0.3476,0.3314,0.321,0.3476,0.6524
4ltgmlpx61671,https://x.com/4ltgmlpx61671,Payton Brown 4LtgmLpx,,,3.0,195.0,0.0,November 2025,2,0.3476,0.3314,0.321,0.3476,0.6524
alir33al,https://x.com/alir33al,Ali,◉⃤,,0.0,70.0,0.0,March 2025,2,0.3476,0.3314,0.321,0.3476,0.6524
alawamiaqe84264,https://x.com/alawamiaqe84264,Aqeela Alawami,,,8.0,130.0,4.0,January 2024,2,0.3476,0.3314,0.321,0.3476,0.6524
alirezapunteha,https://x.com/alirezapunteha,alireza punteha,,,4.0,311.0,0.0,November 2022,2,0.3476,0.3314,0.321,0.3476,0.6524
alisakar030,https://x.com/alisakar030,Ali Şakar,,,6.0,164.0,0.0,December 2025,2,0.3476,0.3314,0.321,0.3476,0.6524
a_fallahzadeh,https://x.com/a_fallahzadeh,Amir Fallahzadeh,,,1.0,222.0,1.0,June 2023,2,0.3476,0.3314,0.321,0.3476,0.6524
a_nazari99,https://x.com/a_nazari99,A Nazari,"To Achieve Victory, One Must Plan",Islamic Republic of Iran,21.0,276.0,1.0,March 2020,1,0.3476,0.3137,0.3476,0.3388,0.6524
akmalkhan186861,https://x.com/akmalkhan186861,Akmal Khan,,,4.0,49.0,1.0,July 2025,2,0.3476,0.3314,0.321,0.3476,0.6524
27484b,https://x.com/27484b,xcxcxc,,,0.0,495.0,0.0,January 2024,2,0.3476,0.3314,0.321,0.3476,0.6524
almlkzhyr76434,https://x.com/almlkzhyr76434,زهير الملك,,,8.0,116.0,0.0,December 2025,2,0.3476,0.3314,0.321,0.3476,0.6524
_atefehshams_,https://x.com/_atefehshams_,عاطفه شمس,روزنامه‌نگار,,4.0,50.0,0.0,August 2025,2,0.3476,0.3314,0.321,0.3476,0.6524
amaeibahar30792,https://x.com/amaeibahar30792,Bahareh Amaei,,,1.0,83.0,0.0,July 2025,2,0.3476,0.3314,0.321,0.3476,0.6524
ahaactors,https://x.com/ahaactors,AHA Actors,The Actors Department at AHA Talent.,London,7853.0,639.0,3922.0,May 2011,0,0.3478,0.3478,0.3277,0.3244,0.6522
afroninfa,https://x.com/afroninfa,alli,,"Sao Paulo, Brazil",1686.0,1027.0,1315.0,January 2019,0,0.3478,0.3478,0.3205,0.3317,0.6522
aaalirz,https://x.com/aaalirz,AliR Electrical engineering 💚🤍❤️,#FreeIran2024  #no2appeasement  #No2ShahNo2Mullahs  #FreeIran10PointPlan #اری_به_جمهوری_دمکراتیک #نه_به_مماشات #نه_شاه_نه_شیخ  #زن_مقاومت_آزادی,iran,694.0,3790.0,0.0,September 2017,1,0.3481,0.3224,0.3481,0.3296,0.6519
ali_rajabi,https://x.com/ali_rajabi,علی رجبی Ali Rajabi 🇮🇷,فكأن الدنيا لم تكن وكأن الأخرة لم تزل | خبرنگار و سیاست‌پژوه | دانش‌آموخته سیاستگذاری عمومی,Islamic Republic of Iran,0.0,998.0,1332.0,June 2011,1,0.3482,0.3453,0.3482,0.3065,0.6518
ahmdlkarim,https://x.com/ahmdlkarim,Ahmd Abd Lkarim,,,2.0,17.0,8.0,April 2017,2,0.3484,0.3312,0.3204,0.3484,0.6516
abdeekalantari,https://x.com/abdeekalantari,Abdee Kalantari,عبدی کلانتری --- abdee-kalantari.blogspot.com nilgoon.org vimeo.com/user5224333,,5015.0,1583.0,1290.0,October 2014,0,0.3489,0.3489,0.3267,0.3244,0.6511
3tareee,https://x.com/3tareee,سه تا رِ,من بد دهن‌تر از چیزی‌ام که از توئیتام به نظر میرسه ولی حالا باز خود دانی!,شهری عاری از مونوگامی,1206.0,212.0,0.0,May 2016,0,0.3491,0.3491,0.317,0.334,0.6509
alimr70141,https://x.com/alimr70141,MrRezaeiAli,Civil Engineering the Future of Refining.  O&G Infrastructure.,Islamic Republic of Iran,1.0,34.0,0.0,November 2025,1,0.3491,0.3064,0.3491,0.3446,0.6509
abolfazl_1957,https://x.com/abolfazl_1957,a.l.r,,,2.0,28.0,0.0,September 2022,2,0.3492,0.3398,0.311,0.3492,0.6508
aami_r1385,https://x.com/aami_r1385,۵ مارس ۲۰۰۷,,,0.0,8.0,2.0,September 2022,2,0.3492,0.3398,0.311,0.3492,0.6508
19azamat9267,https://x.com/19azamat9267,Азамат Елеманов,,,1.0,17.0,0.0,February 2022,2,0.3492,0.3398,0.311,0.3492,0.6508
alfa12365770,https://x.com/alfa12365770,Alfa,,,2.0,23.0,1.0,August 2022,2,0.3492,0.3398,0.311,0.3492,0.6508
alanbro79651597,https://x.com/alanbro79651597,Alan Brown,,,0.0,11.0,0.0,August 2021,2,0.3492,0.3398,0.311,0.3492,0.6508
alireza_van,https://x.com/alireza_van,Alireza L,,,1.0,43.0,1.0,September 2022,2,0.3492,0.3398,0.311,0.3492,0.6508
ahmadreza_ka,https://x.com/ahmadreza_ka,Ahmadreza,,,3.0,34.0,0.0,October 2021,2,0.3492,0.3398,0.311,0.3492,0.6508
aliramez2,https://x.com/aliramez2,Aliramez,,,7.0,57.0,105.0,July 2014,0,0.3494,0.3494,0.3259,0.3247,0.6506
aghplt,https://x.com/aghplt,Ali Gholhaki,journalist | ثبت است بر جریده عالم دوام ما,هرجا که باید,0.0,3259.0,9934.0,January 2020,0,0.3496,0.3496,0.3433,0.3071,0.6504
alphard1black,https://x.com/alphard1black,Alphard (Taylor's Version),I salute you if you’re much too much to handle.,The Tortured Poets Department,4211.0,920.0,0.0,June 2020,2,0.3496,0.329,0.3214,0.3496,0.6504
__aespect,https://x.com/__aespect,aespect's evil twin ⋆˚꩜｡𝜗ৎ,@_aespect 's evil twin,EVIL aespect city,3.0,40.0,26.0,November 2025,2,0.3496,0.3373,0.3131,0.3496,0.6504
adriyanari3843,https://x.com/adriyanari3843,Adriyan Ariya,,,0.0,20.0,17.0,November 2025,2,0.3497,0.3313,0.319,0.3497,0.6503
abdullahsa83137,https://x.com/abdullahsa83137,King Rahimzoy,,,1.0,17.0,14.0,December 2025,2,0.3497,0.3313,0.319,0.3497,0.6503
alimohammadkhn,https://x.com/alimohammadkhn,A.M,,,1.0,24.0,13.0,December 2025,2,0.3497,0.3313,0.319,0.3497,0.6503
alokobra1643794,https://x.com/alokobra1643794,alokobra,,,0.0,39.0,10.0,September 2025,2,0.3497,0.3313,0.319,0.3497,0.6503
abolfazl20_06,https://x.com/abolfazl20_06,ابوالفضل,,,0.0,31.0,11.0,June 2024,2,0.3497,0.3313,0.319,0.3497,0.6503
ak1980777,https://x.com/ak1980777,五郎人格,,,0.0,46.0,58.0,March 2024,2,0.3497,0.3313,0.319,0.3497,0.6503
akash551788875,https://x.com/akash551788875,Akash55,,,0.0,13.0,31.0,October 2024,2,0.3497,0.3313,0.319,0.3497,0.6503
al3151644276727,https://x.com/al3151644276727,Al,,,1.0,34.0,18.0,September 2023,2,0.3497,0.3313,0.319,0.3497,0.6503
aidin_og,https://x.com/aidin_og,آیـدیـنـم یا شاید یه انسان غمگین ؛,خسته ام ؛,,0.0,8.0,27.0,December 2025,2,0.3497,0.3313,0.319,0.3497,0.6503
ajmanclub_en,https://x.com/ajmanclub_en,Ajman club - En,Official English account of ajman club,"Ajman, United Arab Emirates",1274.0,3.0,1992.0,December 2017,0,0.3498,0.3498,0.3139,0.3362,0.6502
aliahmadolfati,https://x.com/aliahmadolfati,AliAhmad olfati,معلم و مدرس دانشگاه,تهران,197.0,2519.0,27.0,September 2014,0,0.3498,0.3498,0.3306,0.3195,0.6502
ahora9090,https://x.com/ahora9090,Ahora,instagram.com/hoseinshahamatt life style,,3.0,44.0,26.0,October 2025,2,0.3498,0.3247,0.3256,0.3498,0.6502
alaki_,https://x.com/alaki_,Pourya,"Always passionate about discovering new things in the field of software engineering, photography, human-computer interactions and other related goodies...","Tehran, Iran",2705.0,1428.0,1347.0,October 2010,0,0.3499,0.3499,0.3442,0.3059,0.6501
akhbare_fori,https://x.com/akhbare_fori,خبرفوری,. (خبرفوری) Official account of KhabarFoori . Telegram Channel:  t.me/akhbarefori,iran,0.0,34.0,1378.0,July 2017,1,0.3499,0.3258,0.3499,0.3244,0.6501
0s5lud2qs9dy01o,https://x.com/0s5lud2qs9dy01o,OliviaShaw,,,37.0,1247.0,0.0,July 2025,2,0.35,0.3442,0.3057,0.35,0.65
1wlxeue6p5b8ws,https://x.com/1wlxeue6p5b8ws,ModestyYale,,,129.0,3438.0,0.0,September 2023,2,0.35,0.3442,0.3057,0.35,0.65
ahmedabdswe,https://x.com/ahmedabdswe,ahmed Abdulsalam,,,109.0,3948.0,1.0,June 2024,2,0.35,0.3442,0.3057,0.35,0.65
alcuiqieh23641,https://x.com/alcuiqieh23641,Alcuiqieh,,,33.0,1265.0,0.0,November 2025,2,0.35,0.3442,0.3057,0.35,0.65
5x2i530x3rcidcw,https://x.com/5x2i530x3rcidcw,GailNewton,,,123.0,3449.0,0.0,October 2023,2,0.35,0.3442,0.3057,0.35,0.65
4xasw2m9126jd,https://x.com/4xasw2m9126jd,VernaAckermann,,,47.0,2056.0,0.0,July 2025,2,0.35,0.3442,0.3057,0.35,0.65
abbasi_students,https://x.com/abbasi_students,اندیشه‌جویان,حساب رسمی . اندیشه جویان استاد حسن عباسی,انقلاب اسلامی,5752.0,58.0,3161.0,August 2016,0,0.35,0.35,0.324,0.3261,0.65
almergaw41256,https://x.com/almergaw41256,Almergaw,,,22.0,1563.0,0.0,July 2025,2,0.35,0.3442,0.3057,0.35,0.65
0dybbxx0o1b5xa,https://x.com/0dybbxx0o1b5xa,CathyBryce,,,112.0,4623.0,0.0,September 2023,2,0.35,0.3442,0.3057,0.35,0.65
8nilsjxeqhj1v,https://x.com/8nilsjxeqhj1v,DaisyJennings,,,36.0,1285.0,0.0,July 2025,2,0.35,0.3442,0.3057,0.35,0.65
adeliatorp64676,https://x.com/adeliatorp64676,Adelia Torphy,,,84.0,3362.0,1.0,February 2025,2,0.35,0.3442,0.3057,0.35,0.65
alooupi61211,https://x.com/alooupi61211,Alooupi,,,88.0,2288.0,0.0,April 2025,2,0.35,0.3442,0.3057,0.35,0.65
alpeeoqiw49588,https://x.com/alpeeoqiw49588,Kelly Poe,,,27.0,1048.0,0.0,October 2025,2,0.35,0.3442,0.3057,0.35,0.65
aj1p8cn3ma859xl,https://x.com/aj1p8cn3ma859xl,GabrielleBenjamin,,,49.0,1270.0,0.0,July 2025,2,0.35,0.3442,0.3057,0.35,0.65
1bl51ilj2fkkt,https://x.com/1bl51ilj2fkkt,MavisColclough,,,33.0,1289.0,0.0,July 2025,2,0.35,0.3442,0.3057,0.35,0.65
aaljamel13216,https://x.com/aaljamel13216,Alzamn aljamel,,,27.0,1200.0,0.0,June 2025,2,0.35,0.3442,0.3057,0.35,0.65
aishaabbass3176,https://x.com/aishaabbass3176,Maryam shahab,Account auditor,"New York, USA",117.0,1380.0,0.0,March 2025,0,0.3502,0.3502,0.3,0.3498,0.6498
alirezashayest1,https://x.com/alirezashayest1,Alireza Shayesteh,Fitelz,Antarctica,858.0,1990.0,0.0,November 2015,0,0.3502,0.3502,0.3014,0.3484,0.6498
aam653073,https://x.com/aam653073,Amit Mishra,,,2.0,2113.0,4.0,March 2025,2,0.3503,0.3379,0.3119,0.3503,0.6497
_aespect,https://x.com/_aespect,ٍ,THIS IS FOR SEEING TWICE FEB. 18 2026  backup:  @__aespect 19 || MLM || he/him ||  Follow to become an aengel,aespect city,430.0,1802.0,5989.0,December 2024,0,0.3504,0.3504,0.3191,0.3305,0.6496
_shahaf_,https://x.com/_shahaf_,Shahaf,"✡︎ • mentally in the 22nd century • data scientist in finance •  @bualumni  • talking about tech, consumer apps, quantum computing, culture, and shit like that",nyc,257.0,1970.0,786.0,December 2024,0,0.3504,0.3504,0.3191,0.3305,0.6496
abmomeni,https://x.com/abmomeni,عبدالله مومنی Abdollah Momeni,Political activist,Tehran,0.0,1186.0,6126.0,April 2017,1,0.3505,0.3254,0.3505,0.3242,0.6495
agha_mohamad1_,https://x.com/agha_mohamad1_,آقــا مــحــمـــد ☕,ورود همه آزاد جز بی ادب ها | اللهم عجل لولیک الفرج... آواتار تزئینی است و این صفحه ارتباطی به آقای وحید رهبانی بازیگر گاندو ندارد!,جمهوری اسلامی ایران حرم است,0.0,4645.0,1303.0,January 2018,1,0.3506,0.3385,0.3506,0.3109,0.6494
alaaalwaly1,https://x.com/alaaalwaly1,@alaaalwaly1,نعمتان مجهولتان الصحة والامان,العراق,31.0,558.0,4.0,January 2017,0,0.3508,0.3508,0.3101,0.3391,0.6492
abasabolfathi43,https://x.com/abasabolfathi43,متفورمین,هدیه خدایان!,شیراز,167.0,920.0,0.0,May 2024,2,0.3509,0.2988,0.3502,0.3509,0.6491
alsreaei,https://x.com/alsreaei,Mohammed Alsreaei,Athlete I love football. linkjar.com/Alsreaei,Saudi Arabia,61.0,702.0,2200.0,August 2016,0,0.351,0.351,0.3222,0.3268,0.649
abfarideh,https://x.com/abfarideh,#WeStand4FreeIran #رای_من_سرنگونی abfarideh,"Iranian human rights activist, in support of a Regime change in Iran.",,3017.0,2335.0,3931.0,December 2013,0,0.3511,0.3511,0.3332,0.3157,0.6489
addh66,https://x.com/addh66,Azita Irani,,,14.0,122.0,0.0,July 2013,0,0.3513,0.3513,0.3077,0.341,0.6487
alibarghi1,https://x.com/alibarghi1,Alireza Soleimanpour,,شهر قدس,4.0,84.0,11.0,July 2017,0,0.3514,0.3514,0.3177,0.3309,0.6486
abdulqa15628102,https://x.com/abdulqa15628102,ABDUL QADIR,,Allahabad India,7.0,91.0,82.0,November 2016,0,0.3514,0.3514,0.3217,0.3268,0.6486
ahmadabdulsada,https://x.com/ahmadabdulsada,احمد عبد السادة,شاعر وكاتب وصحفي عراقي,Iraq,0.0,289.0,4050.0,June 2016,0,0.3514,0.3514,0.3217,0.3268,0.6486
ahangparvaz_co,https://x.com/ahangparvaz_co,آژانس هواپیمایی آهنگ پرواز,| کارگزار و مجری مستقیم تورهای اروپایی، آسیایی و داخلی، متخصص اخذ ویزا شنگن اروپا، رزرو هتل و بلیط های داخلی و خارجی,Islamic Republic of Iran,890.0,5415.0,69.0,October 2018,1,0.3515,0.3312,0.3515,0.3173,0.6485
ahdeaghiq,https://x.com/ahdeaghiq,عهد عقیق,,,81.0,191.0,25.0,October 2012,0,0.3515,0.3515,0.3156,0.3329,0.6485
alireza_arg,https://x.com/alireza_arg,Alireza Ghaffari,به ذهن بی‌خانمان من خوش آمدید. من، زاده‌ی خائوس، فریادهای این ذهن سرگردان را، در تاریکی دالان‌های پیچ در پیچِ تارتاروس نجوا می‌کنم.,Islamic Republic of Iran,700.0,2287.0,3231.0,March 2018,1,0.3515,0.3312,0.3515,0.3173,0.6485
__mareux__,https://x.com/__mareux__,mareux,linktr.ee/mareux,"Los Angeles, CA",4384.0,131.0,508.0,January 2020,0,0.3517,0.3517,0.3173,0.3309,0.6483
2ndravanparish,https://x.com/2ndravanparish,روانپریش دوم درب اول,منو آنفالو نکن عنتر ب.آ بزن / CG Artist & Web Designer,"Dubai, UAE",0.0,35.0,5587.0,December 2018,0,0.352,0.352,0.3183,0.3297,0.648
aliebrahimzade_,https://x.com/aliebrahimzade_,Ali Ebrahimzadeh,General Contractor #زندگی_نرمال #ایجاد_شرمساری 0018182017068,"California, USA",0.0,731.0,1364.0,April 2015,0,0.352,0.352,0.3257,0.3223,0.648
ajibzade,https://x.com/ajibzade,عجیب زاده,از خودم که می گذشتم بالغ بودم. از آن پس را به خاطر ندارم,دار العجائب,0.0,575.0,1356.0,April 2016,0,0.352,0.352,0.3284,0.3196,0.648
aekbcgr,https://x.com/aekbcgr,AEK BC,Επίσημο X της ΑΕΚ BC - Official AEK BC X Account,"Athens, Greece",0.0,87.0,1315.0,January 2015,0,0.352,0.352,0.3284,0.3196,0.648
ali12793587,https://x.com/ali12793587,Ali,,,0.0,1.0,0.0,January 2022,2,0.3521,0.3369,0.3109,0.3521,0.6479
alavi2183,https://x.com/alavi2183,علی علوی,اگر اراده ای نباشد عشقی در کار نیست:  انتخاب ایستادگی در مقابل ظلم وبیداد حقی است که هیچ کس نمی تواند از کسی بگیرد.هوادار مجاهدین خلق ایران,زیر گنبد کبود,5910.0,3195.0,1356.0,April 2017,0,0.3521,0.3521,0.3296,0.3183,0.6479
,https://x.com/nan,,,,0.0,0.0,0.0,,2,0.3521,0.3369,0.3109,0.3521,0.6479
abtahi_m,https://x.com/abtahi_m,Mohamad Ali Abtahi,سیاستمدار اصلاح‌طلب؛ رییس دفتر و معاون پارلمانی رییس جمهور خاتمی/ chief of staff and parliamentary deputy of President Khatami; Irani theologian,Iran,0.0,937.0,4823.0,December 2009,1,0.3522,0.344,0.3522,0.3039,0.6478
ahmedkroy,https://x.com/ahmedkroy,Ahmed Roy,Screenwriter | Film Director | MAMI Festival Award Winner,,564.0,466.0,1304.0,March 2012,0,0.3522,0.3522,0.3263,0.3216,0.6478
abol1159817,https://x.com/abol1159817,ABOL,ɪ ᴄᴀɴ'ᴛ ʙᴇʟɪᴠᴇ ʏᴏᴜ ʟᴇғᴛ,iran,0.0,8.0,0.0,November 2025,2,0.3523,0.3058,0.3419,0.3523,0.6477
7usiy,https://x.com/7usiy,7,,,347.0,25.0,66.0,December 2022,2,0.3523,0.3241,0.3236,0.3523,0.6477
alborznazariz,https://x.com/alborznazariz,Alborz Nazari,"Software Engineer | Seasonal CLI Wanderer  I'm about Games, Softwares, Sales, Analytics and Education.",Spain,147.0,310.0,1959.0,March 2021,0,0.3524,0.3524,0.3282,0.3195,0.6476
abingdon_arms,https://x.com/abingdon_arms,The Abingdon Arms,"A destination village pub in Beckley, Oxford. Serving sensational locally sourced produced at a fair price! Pop in to see us","Beckley, Oxford",51.0,163.0,63.0,November 2019,0,0.3524,0.3524,0.3227,0.3249,0.6476
afintlarabic,https://x.com/afintlarabic,أفغانستان إنترناشيونال - عربي,لمتابعة آخر الأخبار والتحليلات السياسية حول أفغانستان لحظة بلحظة,"London, UK",3268.0,8.0,2083.0,June 2021,0,0.3524,0.3524,0.3193,0.3283,0.6476
ai_risks,https://x.com/ai_risks,Center for AI Safety,Reducing societal-scale risks from AI. safe.ai ai-frontiers.org,San Francisco,7911.0,2.0,227.0,August 2022,0,0.3524,0.3524,0.3193,0.3283,0.6476
adnanaltia,https://x.com/adnanaltia,عدنان الطائي,"Host of the ""Tell the Truth"" Program","Istanbul, Turkey",0.0,469.0,7109.0,November 2015,1,0.3528,0.3475,0.3528,0.2997,0.6472
alihamid27,https://x.com/alihamid27,Ali Hamid,Documentary Filmmaker/ @manototv,United Kingdom,0.0,438.0,7790.0,December 2017,1,0.3528,0.3475,0.3528,0.2997,0.6472
alimoujani,https://x.com/alimoujani,علی موجانی Ali MOUJANI,مورخ، مشاور وزیر خارجه، مشاور بنیاد ایران‌شناسی و عضو برنامه حافظه جهانی یونسکو در ایران. توئیت ها نظرات شخصی و هیچگونه مسئولیتی درباره نظرات‌ و بازنشرها ندارم,,3023.0,444.0,3172.0,November 2012,0,0.3528,0.3528,0.336,0.3111,0.6472
alishariat1380,https://x.com/alishariat1380,محمدعلی,Dr.shariati,Islamic Republic of Iran,42.0,293.0,1.0,June 2024,1,0.3531,0.2988,0.3531,0.3481,0.6469
alinezhadi5,https://x.com/alinezhadi5,Ali Nezhadi,,,64.0,1021.0,0.0,August 2021,0,0.3532,0.3532,0.3057,0.3411,0.6468
aahassas,https://x.com/aahassas,PishGoo,....قصه نانوشته....درحال تکمیل...صفحه ۳۶,iran-tehran,126.0,225.0,3222.0,June 2009,1,0.3534,0.3259,0.3534,0.3208,0.6466
abdul_majid33,https://x.com/abdul_majid33,عبـدالمـجید خرقـانی 🇮🇷,طلبهٔ پیرو خط ولایت || مُنتَظر || کارشناس ارشد تاریخ تحلیلی اسلام,طِ‌حرٰان,0.0,4650.0,3757.0,May 2020,0,0.3537,0.3537,0.3192,0.3271,0.6463
_theleftover,https://x.com/_theleftover,LEFTOVER,بازمانده ۱۴ اکتبر | همه‌کاره/هیچ‌کاره,خارج,462.0,563.0,8309.0,June 2018,1,0.3537,0.3402,0.3537,0.306,0.6463
alihoseini692,https://x.com/alihoseini692,Ali Hoseini,اخلاق نیک ؛ کردار نیک ؛ پندار نیک,مشهد مقدس ایران,6.0,107.0,4.0,January 2020,1,0.3541,0.3074,0.3541,0.3385,0.6459
aboalfazlm79456,https://x.com/aboalfazlm79456,aliiii,,,48.0,367.0,3.0,May 2024,2,0.3545,0.324,0.3215,0.3545,0.6455
_uzbekfootball,https://x.com/_uzbekfootball,Conor 🏴󠁧󠁢󠁳󠁣󠁴󠁿🇺🇿,Follows Pakhtakor and all things Uzbek football related. Back up account  @Uzbek_football,"Newcastle Upon Tyne, England",2813.0,331.0,0.0,April 2019,0,0.3546,0.3546,0.3177,0.3276,0.6454
_ellrose,https://x.com/_ellrose,ell,,"Manchester, England",5833.0,225.0,0.0,May 2013,0,0.3546,0.3546,0.3089,0.3364,0.6454
acegid_igh,https://x.com/acegid_igh,ACEGID,"#PathogenHunters  We are using genomics to help Africa and the world beat infectious diseases. @IGHupdates ,  @RedeemersUni .","Ede, Nigeria",6649.0,249.0,3537.0,December 2018,0,0.3546,0.3546,0.3298,0.3156,0.6454
actingandvoice,https://x.com/actingandvoice,Acting & Voice Studios,Presenting  @actorssum  Founders  @iamkatmoran  &  @kentmoran   Acting & Voice-Over |  Top Agents & Casting Directors |  Online |NYC & LA,"New York, New York",2285.0,951.0,310.0,October 2017,0,0.3547,0.3547,0.3272,0.3182,0.6453
alessandrobanfi,https://x.com/alessandrobanfi,Alessandro Banfi,Giornalista libero professionista,Milano,5354.0,1465.0,2346.0,November 2011,0,0.3547,0.3547,0.3184,0.3269,0.6453
aljadyf,https://x.com/aljadyf,Aljady Franco,Submission to the one who holds my soul in his hands.,Pereira Risaralda Colombi,367.0,2327.0,6984.0,October 2015,0,0.3547,0.3547,0.3437,0.3016,0.6453
allaboutargyle,https://x.com/allaboutargyle,The New Pilgrim,,Devon,1917.0,167.0,1632.0,May 2012,0,0.3548,0.3548,0.3209,0.3243,0.6452
activistrafiey,https://x.com/activistrafiey,سمیه رفیعی,نماینده مردم شریف تهران، ری، شمیرانات، اسلامشهر و پردیس/رئیس فراکسیون محیط زیست/نایب رئیس کمیسیون کشاورزی مجلس/ فعال و سیاست‌پژوه محیط زیست,,5292.0,78.0,757.0,July 2019,0,0.355,0.355,0.3323,0.3127,0.645
aliscorban,https://x.com/aliscorban,Ali Sina,GardenState Rookies Podcast,"New Jersey, USA",313.0,386.0,5014.0,January 2014,0,0.3551,0.3551,0.3203,0.3245,0.6449
alilarijani_ir,https://x.com/alilarijani_ir,Ali Larijani | علی لاریجانی,بنده‌ی خدا,Islamic Republic of Iran,0.0,2.0,355.0,May 2021,1,0.3552,0.3139,0.3552,0.3309,0.6448
35anj,https://x.com/35anj,نشريه سه‌پنج,از روی نعش جمهوری اسلامی رد می‌شویم #همکاری_ملی,35anj,0.0,0.0,2021.0,February 2013,0,0.3553,0.3553,0.3098,0.335,0.6447
abdullahisom1,https://x.com/abdullahisom1,Abdullahi Hassan,Researcher  @amnesty  | Lawyer | Human Rights | Protection of Civilians.,"Nairobi, Kenya",2846.0,783.0,1923.0,August 2012,0,0.3554,0.3554,0.3248,0.3197,0.6446
abdulbaset22,https://x.com/abdulbaset22,‏عبدالباسط الحمادي,,,8645.0,3202.0,3808.0,June 2012,0,0.3555,0.3555,0.3176,0.3269,0.6445
altendprod,https://x.com/altendprod,Alt Ending Productions,,,601.0,0.0,2.0,June 2021,2,0.3556,0.3449,0.2996,0.3556,0.6444
ali_shahoum,https://x.com/ali_shahoum,Ali,newOne,Islamic Republic of Iran,9.0,190.0,14.0,November 2016,1,0.3558,0.3188,0.3558,0.3254,0.6442
abmolana,https://x.com/abmolana,Molana,من از این دلق مرقع به درآیم روزی / تا همه خلق بدانند که زنّاری هست,Iran,351.0,765.0,3903.0,June 2013,1,0.3559,0.3253,0.3559,0.3188,0.6441
abramscomicarts,https://x.com/abramscomicarts,ABRAMS ComicArts,Visit us at  @abramsbooks .,"New York, NY",2624.0,882.0,2639.0,June 2009,0,0.356,0.356,0.3197,0.3243,0.644
akt,https://x.com/akt,AKT,Entertainment Merchandising.,"Orlando, Florida",3018.0,650.0,845.0,April 2009,0,0.356,0.356,0.3224,0.3216,0.644
abdul_ix,https://x.com/abdul_ix,ABDUL,@notawhitepaper,,1182.0,615.0,3757.0,October 2011,0,0.3562,0.3562,0.3195,0.3242,0.6438
2internetghosts,https://x.com/2internetghosts,ketaminion,vocalista do two internet ghosts / qqr pronome / ig:  @pdrmuriel  /  @twointernetghosts,São Paulo,6853.0,3767.0,0.0,April 2021,0,0.3563,0.3563,0.314,0.3297,0.6437
ali__darghahi,https://x.com/ali__darghahi,ali,,,4.0,27.0,2.0,September 2022,2,0.3563,0.3261,0.3176,0.3563,0.6437
alexkrodriguez,https://x.com/alexkrodriguez,"Alex Rodriguez, MPH","PhD Candidate, Public Health - SBS | @UFPHHP ,  @UFCAM , &  @HPRScholars | Passionate about #ArtsinPublicHealth | No longer on X, find me elsewhere on link below!","Gainesville, FL",1359.0,1692.0,914.0,March 2022,0,0.3563,0.3563,0.3261,0.3176,0.6437
abdollahram,https://x.com/abdollahram,Abdollah Ramezanzadeh,استادیار بازنشسته دانشکده حقوق و علوم سیاسی دانشگاه تهران.  مسئولیتی در قبال نظراتی که کاربران زیر توییت‌هایم می‌نویسند ندارم. Retweet is not endorsement,,0.0,1102.0,3497.0,April 2015,0,0.3564,0.3564,0.3275,0.3161,0.6436
alikarimdoost91,https://x.com/alikarimdoost91,علی کریمدوست پهمدانی,پیج اصلی علی کریمدوست پهمدانی,"Irani, Brasil",554.0,7490.0,4649.0,September 2025,1,0.3565,0.31,0.3565,0.3335,0.6435
2088sajad24892,https://x.com/2088sajad24892,Sajad,,,5.0,39.0,53.0,December 2024,2,0.3566,0.3178,0.3256,0.3566,0.6434
ali_arsalan72,https://x.com/ali_arsalan72,Ali Arsalan,,,32.0,9.0,0.0,July 2018,2,0.3566,0.3372,0.3062,0.3566,0.6434
aliamoayed,https://x.com/aliamoayed,Alireza A. Moayed,,,4.0,31.0,0.0,July 2017,2,0.3568,0.3309,0.3122,0.3568,0.6432
abdusamad_aa,https://x.com/abdusamad_aa,Абдусамад,,,5.0,30.0,1.0,June 2017,2,0.3568,0.3309,0.3122,0.3568,0.6432
_alonso11,https://x.com/_alonso11,Alonso Martínez,Jugador de New York city,"Puntarenas, Costa Rica",7990.0,102.0,77.0,August 2016,0,0.357,0.357,0.3172,0.3258,0.643
alpaolucci,https://x.com/alpaolucci,Aaliyah🌸,Writer/Illustrator   Author of whimsical fantasy and emotional romantasy  Dubbed the Canva Angel  Rep: ???,Lavender Forest,1680.0,763.0,8839.0,June 2023,1,0.3574,0.3437,0.3574,0.2989,0.6426
0alwaysdreamer0,https://x.com/0alwaysdreamer0,khe_alef,با سگ‌ها دونده، با پرنده‌ها پرنده، با گربه‌ها تماشاگر,,1853.0,923.0,0.0,July 2009,0,0.3574,0.3574,0.3135,0.3291,0.6426
ali_bitarafan5,https://x.com/ali_bitarafan5,علی بیطرفان,بابا زشته آقای اصغر، منو می‌ترسونی از دوتا گلوله؟!,جمهوری اسلامی ایران,0.0,3941.0,1332.0,June 2017,1,0.3575,0.3257,0.3575,0.3168,0.6425
alijoonz121,https://x.com/alijoonz121,مرغ انجيرخوار,سقلات / علینص در سرزمین غرایب,Tehran,0.0,1658.0,1370.0,July 2018,1,0.3575,0.3186,0.3575,0.3239,0.6425
alirabiei_iran,https://x.com/alirabiei_iran,Ali Rabiei,علی ربیعی /  استاد دانشگاه و فعال سیاسی _اجتماعی,IRAN,7806.0,0.0,548.0,March 2021,1,0.3575,0.3169,0.3575,0.3255,0.6425
ahmedstv1,https://x.com/ahmedstv1,ahmedstv _احمد سبورت تيفي,Scout كشاف اللاعبين  اعلامي رياضي sports analyst To advertise products Garipadam2015@outlook.com My youtube channel,Iraq,385.0,41.0,102.0,August 2019,0,0.3575,0.3575,0.3126,0.3299,0.6425
adsbynimbus,https://x.com/adsbynimbus,Nimbus,Get the most out of your mobile & CTV advertising with competitive programmatic auctions and comprehensive reporting. Built by  @Timehop,"New York, USA",65.0,69.0,46.0,May 2019,0,0.3576,0.3576,0.3185,0.3239,0.6424
afnan_alostaz,https://x.com/afnan_alostaz,Afnan,PhD candidate: ultrafast Terahertz spintronics  @fz_juelich  @physikFUBerlin  |  @cheveningfcdo  awardee 18’ | MSc. Physics and Business Management  @UniversityLeeds,Germany,204.0,452.0,518.0,February 2017,0,0.3576,0.3576,0.3226,0.3198,0.6424
ahmedovzaur78,https://x.com/ahmedovzaur78,Zaur Ahmadov,businessman,Azerbaijan,20.0,215.0,0.0,December 2014,0,0.3577,0.3577,0.3036,0.3387,0.6423
_celestraa,https://x.com/_celestraa,Gem - Komaeda Brain rot ✌🏻️,Just a weenus,Melbourne,98.0,667.0,1998.0,December 2012,0,0.3577,0.3577,0.3137,0.3286,0.6423
ajamiamin,https://x.com/ajamiamin,amin ajami,Likes and retweets not endorsement,"London, England",30.0,2372.0,20.0,March 2015,0,0.3577,0.3577,0.3089,0.3333,0.6423
ali_ahmadnia,https://x.com/ali_ahmadnia,Ali Ahmadnia | علی‌ احمدنیا,Iranian journalist رئیس امور اطلاع رسانی دولت / #Petrochemical #energy,Tehran,0.0,1755.0,1332.0,January 2013,1,0.3577,0.33,0.3577,0.3123,0.6423
_mohammad_1987_,https://x.com/_mohammad_1987_,Mohammad Mohammadi,جاوید ایران زمین ؛ زنده باد آزادی,"Tehran, iran",0.0,5.0,1.0,March 2024,1,0.3578,0.2908,0.3578,0.3514,0.6422
alexnguyen15895,https://x.com/alexnguyen15895,Dr tuyan,dentist doctor,Madrid Spain,0.0,22.0,1.0,June 2025,2,0.358,0.3369,0.3051,0.358,0.642
aghomchi,https://x.com/aghomchi,Amirreza Ghomchi,Engineering | Politics | Art,Tehran-Iran,6.0,665.0,2633.0,October 2012,1,0.3581,0.3251,0.3581,0.3168,0.6419
1m9od5,https://x.com/1m9od5,ابو علي,,,0.0,16.0,0.0,December 2025,2,0.3582,0.331,0.3108,0.3582,0.6418
_alevgundogan_,https://x.com/_alevgundogan_,Alev Gündoğan,,,0.0,4.0,0.0,December 2025,2,0.3582,0.331,0.3108,0.3582,0.6418
abdolahkha36267,https://x.com/abdolahkha36267,Abdolah Khavary,,,0.0,3.0,0.0,December 2025,2,0.3582,0.331,0.3108,0.3582,0.6418
ahmadrezaas8,https://x.com/ahmadrezaas8,Ahmadreza,,,0.0,6.0,0.0,December 2025,2,0.3582,0.331,0.3108,0.3582,0.6418
aliesmaeilib,https://x.com/aliesmaeilib,Ali,,,0.0,15.0,0.0,December 2025,2,0.3582,0.331,0.3108,0.3582,0.6418
aliciamata77,https://x.com/aliciamata77,ALICIA MATA,,,0.0,24.0,0.0,December 2025,2,0.3582,0.331,0.3108,0.3582,0.6418
2000mhac,https://x.com/2000mhac,محمدحسین امینایی,,,1.0,20.0,0.0,November 2025,2,0.3582,0.331,0.3108,0.3582,0.6418
ahmdzybdal56318,https://x.com/ahmdzybdal56318,عبدالخالق احمدزی,,,0.0,5.0,0.0,December 2025,2,0.3582,0.331,0.3108,0.3582,0.6418
alih1039071,https://x.com/alih1039071,Ali H,,,0.0,10.0,0.0,November 2025,2,0.3582,0.331,0.3108,0.3582,0.6418
altalqany79443,https://x.com/altalqany79443,محمد الطالقاني,,,0.0,6.0,0.0,December 2025,2,0.3582,0.331,0.3108,0.3582,0.6418
alicetheca7,https://x.com/alicetheca7,alicethecat,,,0.0,3.0,0.0,August 2025,2,0.3582,0.331,0.3108,0.3582,0.6418
ali_esmaili99,https://x.com/ali_esmaili99,Ali.Esmaili,,,0.0,31.0,1.0,December 2025,2,0.3582,0.331,0.3108,0.3582,0.6418
aidaghavam4291,https://x.com/aidaghavam4291,Aida Ghavam,,,0.0,14.0,1.0,December 2025,2,0.3582,0.331,0.3108,0.3582,0.6418
a5sp3,https://x.com/a5sp3,عباس فاضل,,,1.0,12.0,0.0,September 2025,2,0.3582,0.331,0.3108,0.3582,0.6418
77o7h,https://x.com/77o7h,حسين,,,0.0,28.0,0.0,December 2025,2,0.3582,0.331,0.3108,0.3582,0.6418
72nargessalehi,https://x.com/72nargessalehi,narges salehi,,,0.0,3.0,1.0,August 2025,2,0.3582,0.331,0.3108,0.3582,0.6418
7farzin7711830,https://x.com/7farzin7711830,7farzin7 7shabani7,,,0.0,4.0,0.0,December 2025,2,0.3582,0.331,0.3108,0.3582,0.6418
6shahriar68408,https://x.com/6shahriar68408,60 shahriar,,,0.0,6.0,0.0,September 2024,2,0.3582,0.331,0.3108,0.3582,0.6418
alainfcae,https://x.com/alainfcae,نادي العين,الحساب الرسمي لنادي العين لكرة القدم,"Al Ain, U.A.E",0.0,19.0,1347.0,July 2011,0,0.3582,0.3582,0.3097,0.3321,0.6418
alhdedeabd92383,https://x.com/alhdedeabd92383,Abd Alhdede,,,0.0,5.0,0.0,December 2025,2,0.3582,0.331,0.3108,0.3582,0.6418
allhamjdy48220,https://x.com/allhamjdy48220,ذبیح‌الله امجدی,,,0.0,2.0,0.0,December 2025,2,0.3582,0.331,0.3108,0.3582,0.6418
al_hydr16787,https://x.com/al_hydr16787,حيدر العوادي,,,0.0,14.0,0.0,December 2025,2,0.3582,0.331,0.3108,0.3582,0.6418
alhmdanykh57899,https://x.com/alhmdanykh57899,KHERALH Alhmdany,,,0.0,38.0,0.0,December 2025,2,0.3582,0.331,0.3108,0.3582,0.6418
akurenadna21593,https://x.com/akurenadna21593,Adnan Aküren,,,0.0,2.0,0.0,December 2025,2,0.3582,0.331,0.3108,0.3582,0.6418
a60968h,https://x.com/a60968h,Amin,,,0.0,15.0,0.0,November 2025,2,0.3582,0.331,0.3108,0.3582,0.6418
alkrdyhsn9718,https://x.com/alkrdyhsn9718,حسن الكردي,,,2.0,41.0,0.0,July 2025,2,0.3582,0.331,0.3108,0.3582,0.6418
aaaarrisbs,https://x.com/aaaarrisbs,Ario Zalipour,,,0.0,3.0,0.0,October 2025,2,0.3582,0.331,0.3108,0.3582,0.6418
akbrzadh35412,https://x.com/akbrzadh35412,رحیم اکبرزاده,,,0.0,44.0,0.0,December 2025,2,0.3582,0.331,0.3108,0.3582,0.6418
aafifrakin,https://x.com/aafifrakin,Aafif Moinul Rakin,,,0.0,18.0,4.0,June 2025,2,0.3582,0.331,0.3108,0.3582,0.6418
ali_babaa1234,https://x.com/ali_babaa1234,Ali,,,1.0,34.0,0.0,September 2024,2,0.3582,0.331,0.3108,0.3582,0.6418
aalabadi78525,https://x.com/aalabadi78525,Abood Alabadi,,,0.0,5.0,3.0,July 2024,2,0.3582,0.331,0.3108,0.3582,0.6418
ajgerimsag41079,https://x.com/ajgerimsag41079,Айгерим Сагындыкова,,,1.0,35.0,3.0,March 2024,2,0.3582,0.331,0.3108,0.3582,0.6418
ali41766,https://x.com/ali41766,Ali Yalcin,,,2.0,40.0,0.0,December 2025,2,0.3582,0.331,0.3108,0.3582,0.6418
ali564m50784,https://x.com/ali564m50784,Ali564 M,,,0.0,24.0,0.0,November 2025,2,0.3582,0.331,0.3108,0.3582,0.6418
ali593633698253,https://x.com/ali593633698253,ali,,,0.0,11.0,1.0,December 2025,2,0.3582,0.331,0.3108,0.3582,0.6418
alraqy51744,https://x.com/alraqy51744,ابو نور العراقي,,,0.0,11.0,0.0,December 2025,2,0.3582,0.331,0.3108,0.3582,0.6418
ahmadi_afs1371,https://x.com/ahmadi_afs1371,Afshin Ahmadi,,,0.0,17.0,0.0,September 2025,2,0.3582,0.331,0.3108,0.3582,0.6418
1fargol,https://x.com/1fargol,fargol,Art,,2.0,34.0,1.0,October 2024,2,0.3582,0.331,0.3108,0.3582,0.6418
afsahihoss18315,https://x.com/afsahihoss18315,Hossin Afsahi,,,1.0,23.0,0.0,December 2025,2,0.3582,0.331,0.3108,0.3582,0.6418
altynay1989,https://x.com/altynay1989,Алтынай Аскаровна,I am very simple Kazakh,Kazakhstan,0.0,1447.0,23.0,August 2016,0,0.3582,0.3582,0.3085,0.3333,0.6418
_kuramakyubi_,https://x.com/_kuramakyubi_,Kurama Kyūbi,,,1.0,24.0,0.0,December 2025,2,0.3582,0.331,0.3108,0.3582,0.6418
abediyazda45296,https://x.com/abediyazda45296,yazdan Abedi,,,0.0,3.0,0.0,September 2025,2,0.3582,0.331,0.3108,0.3582,0.6418
_thejimbo_,https://x.com/_thejimbo_,Jimbo! 🌈🕕🌞,«ستادِ کیوت‌سازیِ توئیتر»      ممکنه دیر جواب بدم، معذرت می‌خوام ⁦,سرزمین غیرمادری,757.0,237.0,0.0,October 2012,0,0.3582,0.3582,0.3083,0.3335,0.6418
abuhafi146615,https://x.com/abuhafi146615,Abuhafi,,,0.0,3.0,1.0,December 2025,2,0.3582,0.331,0.3108,0.3582,0.6418
12_adin10571,https://x.com/12_adin10571,Adin 12,,,0.0,6.0,0.0,December 2025,2,0.3582,0.331,0.3108,0.3582,0.6418
alirezaysf00,https://x.com/alirezaysf00,Alireza Yosofi,,,1.0,16.0,0.0,November 2025,2,0.3582,0.331,0.3108,0.3582,0.6418
alijalizi8,https://x.com/alijalizi8,علي,,,0.0,11.0,0.0,May 2025,2,0.3582,0.331,0.3108,0.3582,0.6418
adybly92748,https://x.com/adybly92748,اديب علي عبد,,,0.0,31.0,0.0,October 2025,2,0.3582,0.331,0.3108,0.3582,0.6418
alizafarha44881,https://x.com/alizafarha44881,Ali Zafar Hassani,,,1.0,38.0,0.0,December 2025,2,0.3582,0.331,0.3108,0.3582,0.6418
aga_mohd_hussan,https://x.com/aga_mohd_hussan,syedmohd Hussain,,,0.0,14.0,2.0,December 2025,2,0.3582,0.331,0.3108,0.3582,0.6418
abolfazl597787,https://x.com/abolfazl597787,Abolfazl,,,0.0,26.0,0.0,December 2025,2,0.3582,0.331,0.3108,0.3582,0.6418
aesmailnazhad,https://x.com/aesmailnazhad,agiri esmailnazhad,"ڕۆژنامەنووس و چالاکی سیاسی"" پرۆسەی دەوڵەتی کوردی بریار نییە، بەڵکوو فراژۆبوونه! ژن،ژیان،ئازادی",,9213.0,1609.0,6939.0,February 2017,0,0.3582,0.3582,0.3503,0.2914,0.6418
alire0860,https://x.com/alire0860,alishz,,,1.0,32.0,2.0,August 2025,2,0.3582,0.331,0.3108,0.3582,0.6418
abikhosh88210,https://x.com/abikhosh88210,Abikhosh,,,0.0,6.0,0.0,July 2024,2,0.3582,0.331,0.3108,0.3582,0.6418
abdul_qadi90079,https://x.com/abdul_qadi90079,Abdul qadir Jailani,,,2.0,44.0,0.0,December 2025,2,0.3582,0.331,0.3108,0.3582,0.6418
afshinbizar,https://x.com/afshinbizar,afshin,,,0.0,4.0,0.0,December 2025,2,0.3582,0.331,0.3108,0.3582,0.6418
afsamaryam96589,https://x.com/afsamaryam96589,M,پروانه ای با بال های آبی,,1.0,12.0,2.0,December 2025,2,0.3582,0.331,0.3108,0.3582,0.6418
alimajidi65256,https://x.com/alimajidi65256,Ali Majidi,,,0.0,14.0,2.0,December 2025,2,0.3582,0.331,0.3108,0.3582,0.6418
abtinhoveyda,https://x.com/abtinhoveyda,Abtin Hoveyda,روزی در خفا جامعه را ترمیم خواهم کرد با قلم,Islamic Republic of Iran,4.0,18.0,3.0,February 2024,2,0.3582,0.2865,0.3553,0.3582,0.6418
031es,https://x.com/031es,031esf,031,,0.0,11.0,1.0,December 2025,2,0.3582,0.331,0.3108,0.3582,0.6418
afhiathil,https://x.com/afhiathil,Afhi Athil,,,0.0,24.0,0.0,December 2025,2,0.3582,0.331,0.3108,0.3582,0.6418
ahamd155610,https://x.com/ahamd155610,ahamd,,,0.0,10.0,0.0,December 2025,2,0.3582,0.331,0.3108,0.3582,0.6418
alihaqiqi399879,https://x.com/alihaqiqi399879,Ali Haqiqi,,,0.0,5.0,0.0,December 2025,2,0.3582,0.331,0.3108,0.3582,0.6418
addems92997,https://x.com/addems92997,herry Addems,,,0.0,20.0,4.0,December 2024,2,0.3582,0.331,0.3108,0.3582,0.6418
_iwtiina,https://x.com/_iwtiina,Tina,,,0.0,4.0,0.0,November 2025,2,0.3582,0.331,0.3108,0.3582,0.6418
adetunji269953,https://x.com/adetunji269953,Adetunji,,,0.0,27.0,0.0,November 2025,2,0.3582,0.331,0.3108,0.3582,0.6418
ahejlsberg,https://x.com/ahejlsberg,Anders Hejlsberg,Technical Fellow at Microsoft,Seattle,0.0,75.0,256.0,September 2012,0,0.3583,0.3583,0.3196,0.3221,0.6417
alecbaldwln____,https://x.com/alecbaldwln____,AlecBaldwin,this is a social media phantom limb...,New York,0.0,292.0,2595.0,July 2012,0,0.3583,0.3583,0.3196,0.3221,0.6417
_iamnaaz_,https://x.com/_iamnaaz_,Elnaaz Norouzi,Let me act and I'll be happy,India,0.0,232.0,3225.0,February 2013,0,0.3583,0.3583,0.3196,0.3221,0.6417
ahmadmullatalal,https://x.com/ahmadmullatalal,احمد ملا طلال,مقدم برامج حوارية منذ عام ٢٠٠٤,Iraq _ Baghdad,0.0,565.0,3221.0,December 2012,0,0.3583,0.3583,0.3196,0.3221,0.6417
aliceciottolina,https://x.com/aliceciottolina,_soloalice,"Il segreto, cara Alice, è circondarsi di persone che ti facciano sorridere il cuore. È allora, solo allora, che troverai il Paese delle Meraviglie.",,7.0,22.0,1.0,August 2011,0,0.3584,0.3584,0.3042,0.3374,0.6416
albertcamus7700,https://x.com/albertcamus7700,Albert camus,I have always loved everything about you. Even what i didn't understand. - Albert Camus,,252.0,6861.0,315.0,October 2024,0,0.3584,0.3584,0.3179,0.3237,0.6416
ali_f_alizada,https://x.com/ali_f_alizada,Ali Alizada 🇦🇿,"Ambassador of Azerbaijan to Iran and the Permanent Representative to ECO, served as the Consul General to Tabriz & the Ambassador of Azerbaijan to Pakistan","Baku, Azerbaijan",0.0,182.0,8912.0,September 2016,0,0.3584,0.3584,0.3547,0.2869,0.6416
alsenysalifouc8,https://x.com/alsenysalifouc8,Alseny Salifou Camara,,,37.0,1360.0,8.0,July 2019,0,0.3585,0.3585,0.3082,0.3333,0.6415
alialkhalede,https://x.com/alialkhalede,علي الخالدي - Ali al-Khalidi,"Iraqi Journalist, TV host/presenter and media personality  instagram.com/alialkalede/",Iraq,0.0,136.0,3705.0,August 2019,0,0.3587,0.3587,0.3219,0.3194,0.6413
abazarhassan,https://x.com/abazarhassan,Abazar Hassan,"Independent, i believe health, free speech and education a fundamental human right.",Sudan,0.0,807.0,2056.0,March 2015,0,0.3587,0.3587,0.3192,0.322,0.6413
1364ghazal62816,https://x.com/1364ghazal62816,somaih1363,گل یخ,تهران,3.0,17.0,1.0,April 2023,2,0.3587,0.2928,0.3485,0.3587,0.6413
a_alley,https://x.com/a_alley,Ahmed Alley,الناس نيام، قإذا ماتوا أنتبهوا,-,918.0,567.0,1913.0,July 2009,0,0.3589,0.3589,0.3152,0.3259,0.6411
algroonahmed,https://x.com/algroonahmed,أحمد القرون,ما دامَ في السمّاء من يحميك، فَليسَ في الأرض من يكسرك.,Al Khobar,0.0,1091.0,1381.0,March 2015,0,0.3589,0.3589,0.319,0.322,0.6411
abdullahagar2,https://x.com/abdullahagar2,Abdullah Ağar,"Gazi/Yazar/Güney Doğu, Orta Doğu, Balkanlar ve Kafkaslar'da görev. 9 Kitap.","Ankara, Türkiye",0.0,1259.0,3808.0,April 2016,0,0.3589,0.3589,0.319,0.322,0.6411
abdusalamsalah,https://x.com/abdusalamsalah,محمد عبدالسلام,الناطق الرسمي لأنصار الله ورئيس مجلس الإدارة لشبكة المسيرة الإعلامية ورئيس الوفد الوطني .  t.me/abdulsalamsalah,,0.0,201.0,4298.0,September 2015,0,0.3589,0.3589,0.3277,0.3134,0.6411
aiatmeta,https://x.com/aiatmeta,AI at Meta,"Together with the AI community, we are pushing the boundaries of what’s possible through open science to create a more connected world.",,0.0,290.0,2565.0,August 2018,0,0.3589,0.3589,0.3277,0.3134,0.6411
alivesali,https://x.com/alivesali,AliV5,آنک منم پا بر صلیب باژگون نهاده، با قامتی به بلندی فریاد.  «متاهل»,,654.0,1163.0,5311.0,April 2012,0,0.359,0.359,0.317,0.324,0.641
_x_wolverine,https://x.com/_x_wolverine,Logan,"I may be wicked, but still I gave an onion. (Real name is Rhys)",,810.0,2000.0,4889.0,November 2012,0,0.359,0.359,0.317,0.324,0.641
ali_al_najafy,https://x.com/ali_al_najafy,الشيخ علي النجفي,t.me/alsheikh_alnaj …,,0.0,26.0,4821.0,February 2011,0,0.359,0.359,0.3089,0.3321,0.641
__injaneb96,https://x.com/__injaneb96,ثنا ابراهیمی | Sana Ebrahimi,"A PhD candidate passionate about politics, fighting Islamists and terrorists. A retweet is not an endorsement. Opinions are mine.",,0.0,837.0,5593.0,March 2019,0,0.359,0.359,0.325,0.316,0.641
abdelkarimslp,https://x.com/abdelkarimslp,Abdelkarim💎,,,0.0,208.0,3938.0,May 2013,0,0.3591,0.3591,0.3188,0.322,0.6409
alirezamm1992,https://x.com/alirezamm1992,Ali.M,یه مالیچی دغدغه‌مند برای اصلاح // خاک پای نوکران حضرت زهرا سلام الله علیها هستم //  ورود سگ و برانداز به این پیج ممنوعه,Islamic Republic of Iran,1569.0,1719.0,1155.0,September 2018,1,0.3591,0.3281,0.3591,0.3128,0.6409
06numerosix,https://x.com/06numerosix,komagome,▶︎  ｸｷｰｯ／ｾﾚちゃん,のば,1980.0,200.0,0.0,February 2014,0,0.3591,0.3591,0.3088,0.3321,0.6409
alirezasha,https://x.com/alirezasha,Alireza,,,863.0,179.0,0.0,April 2007,0,0.3594,0.3594,0.3026,0.338,0.6406
afzalab90,https://x.com/afzalab90,Afzal Patel,,India,31.0,1524.0,89.0,March 2021,0,0.3596,0.3596,0.3117,0.3286,0.6404
a_rnazari,https://x.com/a_rnazari,Amirreza Nazari,یک نفر از مردم ایران،امیدوار به آینده ایران،روزنامه نگار در ایران،دانشجوی دکتری مسائل ایران،مسئولیتی در برابر نظرات و کامنت ها ندارم. توییت ها دیدگاه شخصی است.,,0.0,3028.0,6145.0,December 2017,0,0.3597,0.3597,0.3443,0.296,0.6403
alizamaniyan,https://x.com/alizamaniyan,Ali Zamaniyan,,,52.0,380.0,544.0,October 2010,0,0.3597,0.3597,0.3144,0.3259,0.6403
abehtarin,https://x.com/abehtarin,سیروس,هیچ صیادی از جویی حقیر که به گودالی می ریزد مرواریدی صید نخواهد کرد,,6.0,93.0,513.0,June 2013,0,0.3597,0.3597,0.3254,0.3149,0.6403
acsyaorg,https://x.com/acsyaorg,ACSYA Inc.,Assyrian Cultural & Social Youth Association Inc.,Australia,1485.0,335.0,3177.0,July 2014,0,0.3598,0.3598,0.3273,0.3129,0.6402
acadbeauxarts,https://x.com/acadbeauxarts,Académie des beaux-arts,,,7326.0,1070.0,4104.0,January 2014,0,0.3599,0.3599,0.3175,0.3226,0.6401
adhdukcharity,https://x.com/adhdukcharity,ADHD UK,We are the charity ADHD UK. Helping everyone with ADHD thrive. Find us at:  adhduk.co.uk. Charity Commission registration number 1188365.,"London, UK",0.0,22.0,2113.0,November 2019,0,0.3599,0.3599,0.3119,0.3282,0.6401
8mathieu8,https://x.com/8mathieu8,Trees,My retweets are not endorsements. No DMs,,1267.0,7195.0,6775.0,October 2009,0,0.36,0.36,0.3427,0.2973,0.64
afintlradio,https://x.com/afintlradio,رادیو افغانستان اینترنشنال,The First 24/7 International News Channel for Afghanistan اولین شبکه خبری بین‌المللی ۲۴ ساعته افغانستان Email: info@afintl.com  00447771112080,"London, UK",0.0,12.0,1315.0,September 2021,0,0.36,0.36,0.3173,0.3228,0.64
alnassr_sg,https://x.com/alnassr_sg,ألعاب النصر المختلفة و الفئات السنية,الحساب الرسمي لألعاب النصر المختلفة و الفئات السنية لكرة القدم @AlNassrFC  | official account of AlNassr SG and Academy teams  @AlNassrFC_EN,الرياض، السعودية,0.0,3.0,2912.0,November 2021,0,0.36,0.36,0.3173,0.3228,0.64
alchemyamerican,https://x.com/alchemyamerican,Jesse Michels,Exploring the nature of reality @  YouTube.com/jessemichels &  open.spotify.com/show/1WqA0m5xT …,"Austin, TX",0.0,667.0,2839.0,October 2020,0,0.36,0.36,0.3218,0.3182,0.64
afintlbrk,https://x.com/afintlbrk,افغانستان اینترنشنال,The First 24/7 International News Channel for Afghanistan اولین شبکه خبری بین‌المللی ۲۴ ساعته افغانستان Email: info@afintl.com WhatsApp: +447340006000,"London, UK",0.0,10.0,1315.0,June 2021,0,0.36,0.36,0.3173,0.3228,0.64
alavibehrang,https://x.com/alavibehrang,Behrang Alavi,استایلم شوخه ، نگرشم جدی,tehran,0.0,101.0,1740.0,February 2016,1,0.3602,0.3186,0.3602,0.3212,0.6398
abbasiniho,https://x.com/abbasiniho,Abbasinihoo,زنده باد ایران,,1654.0,1816.0,7755.0,May 2018,1,0.3603,0.3355,0.3603,0.3042,0.6397
aliaalei,https://x.com/aliaalei,علی عالی🇮🇷,ناسزا شنيدن كسب و كار روزانه ماست/مسئوليتی به‌خاطر نظرات ديگران زير توئيت‌هايم ندارم/ توهین= بلاک,Islamic Republic of Iran,0.0,182.0,4670.0,February 2017,1,0.3604,0.3315,0.3604,0.3081,0.6396
alibahaadori,https://x.com/alibahaadori,علی بهادری جهرمی,سخنگو و دبیر هیئت دولت شهید رئیسی | حقوق‌دان و عضو هیئت علمی دانشگاه تربیت مدرس,Islamic Republic of Iran,0.0,138.0,2464.0,September 2018,1,0.3605,0.3254,0.3605,0.3141,0.6395
aeeeeeeeeeeen,https://x.com/aeeeeeeeeeeen,آئین,Dreamer,iran,313.0,187.0,1897.0,December 2016,1,0.3608,0.3116,0.3608,0.3276,0.6392
abunadiem,https://x.com/abunadiem,Abunadiem,,,0.0,1.0,1.0,November 2025,2,0.3611,0.3282,0.3107,0.3611,0.6389
abdul534kerim,https://x.com/abdul534kerim,Abdulkerim Diril,,,0.0,1.0,0.0,December 2025,2,0.3611,0.3282,0.3107,0.3611,0.6389
965bita37920,https://x.com/965bita37920,Bita 965,,,0.0,1.0,0.0,August 2025,2,0.3611,0.3282,0.3107,0.3611,0.6389
2bender,https://x.com/2bender,Bender,ما باید در تهران و در اصفهان و در یزد و در مشهد مصروف زدن روافض باشیم. سخت لذتبخش خواهد بود.,,3313.0,667.0,0.0,February 2010,0,0.3612,0.3612,0.3185,0.3203,0.6388
9tantiope,https://x.com/9tantiope,9T Antiope,@NimaAghiani  & Sara Bideli Shamloo ( @SarrSewZenith ). Electronic / Experimental / Abstract  9tantiope.bandcamp.com - all enquiries: booking@9tantiope.com,Tehran / Paris,550.0,202.0,927.0,December 2015,1,0.3612,0.3243,0.3612,0.3145,0.6388
7khaiiam,https://x.com/7khaiiam,خیام,کنده از مرز زمان,52 hertz,341.0,31.0,0.0,May 2014,0,0.3614,0.3614,0.2922,0.3465,0.6386
ahmadalirezaei,https://x.com/ahmadalirezaei,#احمدعلی رضایی اسدآبادی,#فدایی_امام_خامنه_ای_مدظله_العالی  #طلبه_سطح_چهار_حوزه_علمیه  #دکترای_کلام_اسلامی_با_گرایش_نقد_وهابیت,قم,1270.0,2326.0,1792.0,December 2018,0,0.3616,0.3616,0.3204,0.318,0.6384
_danielsantini,https://x.com/_danielsantini,Daniel Santini,coordenador  @frosaluxemburgo  | doutorando/PhD Student em Planejamento Urbano e Regional  @usponline  | Mestre em Ciências/M.Sc.  @FAUUSPoficial  | jornalista,"São Paulo, Brasil",1768.0,1888.0,3079.0,January 2017,0,0.3616,0.3616,0.3204,0.318,0.6384
alikalaei62,https://x.com/alikalaei62,Ali Kalaei,همسر- روزنامه نگار - مدافع حقوق بشر Spouse - Journalist - Human Rights Defender peace-mark.org  Retweets ≠ endorsements,Sweden,5599.0,4991.0,1373.0,December 2014,0,0.3616,0.3616,0.3204,0.318,0.6384
_atscale,https://x.com/_atscale,ATscale,Global partnership aiming to reach 500 million people in LMICs with the life-changing AT they need by 2030. ATscale is hosted by  @UNOPS,Geneva,2202.0,1211.0,2496.0,July 2018,0,0.3616,0.3616,0.3204,0.318,0.6384
ali__erfani110,https://x.com/ali__erfani110,Alierfani,,,5.0,4.0,3.0,November 2020,2,0.3621,0.3258,0.3121,0.3621,0.6379
ahangevafa,https://x.com/ahangevafa,هاتف قاضی‌زاده,(.-: من در کمال صحت عقل وصیت میکنم: بعد مرگم هرچی که میشه از اعضای بدنم رو اهدا کنین، هرچی هم میشه بدین به دانشکده‌های پزشکی :-.),,6738.0,396.0,1312.0,January 2013,0,0.3623,0.3623,0.3268,0.3109,0.6377
alexanderklee,https://x.com/alexanderklee,Alexander K Lee,the other other man that Cameron Poe trusts --- MMA person  @MMAFighting  --- Centennial College Sports Journalism alum ---,,5696.0,613.0,1376.0,May 2012,0,0.3623,0.3623,0.3268,0.3109,0.6377
abasaslani,https://x.com/abasaslani,Abas Aslani,Journalist; Senior research fellow at the Center for Middle East Strategic Studies (CMESS). DMs open | Persian account (صفحه فارسی):  @AbasInfo,Tehran,0.0,2482.0,6158.0,August 2010,1,0.3623,0.3536,0.3623,0.2841,0.6377
alirezakiani2,https://x.com/alirezakiani2,Alireza Kiani,علیرضا کیانی,,0.0,480.0,7356.0,March 2012,0,0.3624,0.3624,0.3424,0.2952,0.6376
_jkaplan,https://x.com/_jkaplan,Josh Kaplan,digital editor  @thefp  kaplan@thefp.com,UK,4856.0,3387.0,0.0,March 2009,0,0.3626,0.3626,0.3014,0.3361,0.6374
abolie17386,https://x.com/abolie17386,abolfazl Esmaili,انشاالله پایان و نابودی اسرائیل به دست اولاد علی(علیه سلام)  Israel Is a Canserous Gland,Islamic Republic of Iran,4.0,28.0,164.0,November 2025,1,0.3627,0.3052,0.3627,0.3321,0.6373
alghadtv,https://x.com/alghadtv,قناة الغد,"أهلا بكم على قناة ""الغد"" في إكس.  التردد: نايل سات HD 11900 - V 27500",Egypt مصر,0.0,1.0,1381.0,December 2011,0,0.363,0.363,0.3096,0.3274,0.637
acjindia,https://x.com/acjindia,ACJ,Asia's premier J-school,"Chennai, India",7237.0,611.0,1249.0,July 2009,0,0.363,0.363,0.3156,0.3214,0.637
afintl_en,https://x.com/afintl_en,Afghanistan International English,The first 24/7 hours Afghanistan News Channel | Official English account of  @AFIntlBrk,"London, UK",0.0,8.0,6754.0,June 2021,0,0.3633,0.3633,0.3408,0.2959,0.6367
4freedominiran,https://x.com/4freedominiran,Iran Freedom,"Representing activities & views of the Iranian diaspora, promoting democratic change by the people for #FreeIran Voice of #IranProtests #MaryamRajavi4FreeIran",,0.0,698.0,2018.0,August 2013,0,0.3634,0.3634,0.3277,0.3088,0.6366
al3_hacker,https://x.com/al3_hacker,AL3,Iranian Anonymous  #OpIran  We do not need donation اگر اکانتی مورد تایید باشد یا همکار باشیم ، فالو میشود,,0.0,25.0,247.0,June 2013,0,0.3635,0.3635,0.3178,0.3187,0.6365
ahangari73,https://x.com/ahangari73,Kawa Ahangari,Founder of  @VOZiran   New Book: Federalism (Translation).  voziran.org #WomanLifeFreedom #ژن_ژیان_ئازادی,Belgium,7500.0,273.0,8573.0,November 2014,1,0.3635,0.3477,0.3635,0.2889,0.6365
a_baronca,https://x.com/a_baronca,Andrea Baronchelli,I study decentralized networks of humans and machines,"London, UK",5437.0,603.0,4578.0,September 2009,0,0.3637,0.3637,0.3221,0.3143,0.6363
abearfromsea,https://x.com/abearfromsea,Bear,"Football is dead? Nah mate, is been dead since 2007.",,2576.0,1243.0,3881.0,November 2009,0,0.3643,0.3643,0.3188,0.3168,0.6357
almirasalsa918,https://x.com/almirasalsa918,mariaanderson ❥❥❥,be a good one honey,USA,448.0,1710.0,657.0,September 2012,0,0.3645,0.3645,0.3046,0.3309,0.6355
akbrohi09,https://x.com/akbrohi09,Ak Brohi,,"Sindh, Pakistan",42.0,1573.0,46.0,March 2017,0,0.3647,0.3647,0.3023,0.3329,0.6353
aadilsultanx,https://x.com/aadilsultanx,A@dil $ultan,,Pakistan,337.0,4781.0,186.0,November 2018,0,0.3648,0.3648,0.3063,0.3289,0.6352
adelirani04833,https://x.com/adelirani04833,👑Adel-irani0123👑,PahlaviReza@#KingRezaPahlavi#CyrusTheGreat    نیابد زبان جز بدین نکته راه   که همواره جاوید و پاینده شاه,#PersianGulf,2258.0,5682.0,5022.0,September 2024,1,0.3649,0.3148,0.3649,0.3202,0.6351
ahadsadeghi71,https://x.com/ahadsadeghi71,Ahad.sadeghi71,روزگارم بد نیست، اگر نابخردی ها و کج اندیشی ها و قضاوت ها بگذارند.,همه جای ایران سرای من است,238.0,735.0,336.0,March 2019,1,0.3651,0.312,0.3651,0.3229,0.6349
aardavann,https://x.com/aardavann,Ardavan Jafarian,Vice-President of Executive Board of Int’l Music Council | Music Producer | Musician,Neverland,161.0,123.0,377.0,February 2012,0,0.3651,0.3651,0.3138,0.3211,0.6349
_husseinth3,https://x.com/_husseinth3,حسين العنزي⚜️,,Iraq,2.0,6.0,0.0,December 2025,2,0.3652,0.3232,0.3116,0.3652,0.6348
altitudesr,https://x.com/altitudesr,92.5 FM - Denver's Altitude Sports Radio,"Denver's EXCLUSIVE HOME of  @Nuggets ,  @Avalanche ,  @ColoradoRapids  & Primetime NFL Football Games | Twitch:  twitch.tv/altitudesr |  bit.ly/ASR925app","Denver, CO",0.0,978.0,92.0,March 2016,0,0.3652,0.3652,0.319,0.3158,0.6348
1inch,https://x.com/1inch,1inch,Simple experience. Smart execution. Trading built to scale. It's time to bring the world onchain. t.me/OneInchNetwork …,Cross-Chain,0.0,365.0,2327.0,June 2019,0,0.3652,0.3652,0.3216,0.3132,0.6348
abdulhaidari313,https://x.com/abdulhaidari313,Abdul Ghafor Alavi,,,1.0,7.0,0.0,June 2023,2,0.3652,0.3175,0.3173,0.3652,0.6348
abedimoham75246,https://x.com/abedimoham75246,mohammad abedi,,,1.0,7.0,2.0,December 2025,2,0.3652,0.3175,0.3173,0.3652,0.6348
__mehmetaslan__,https://x.com/__mehmetaslan__,mehmet__aslan,,,2.0,5.0,0.0,December 2025,2,0.3652,0.3175,0.3173,0.3652,0.6348
_alignments,https://x.com/_alignments,Alignments,"@__Think_ ,",,15.0,13.0,2.0,June 2025,2,0.3652,0.3236,0.3112,0.3652,0.6348
alirezasayeh,https://x.com/alirezasayeh,علیرضا سایه,ادیتور دیوانهعضو مجمع حقیقتیابی‌ توییتر ‍                              ازمنشنم ناراحت شدی بگوپاک کنم                           اگه‌بک‌ندادم۹۹٪‌هنوز ندیدم,"İzmir, Türkiye",0.0,21.0,1155.0,February 2019,0,0.3652,0.3652,0.3117,0.3231,0.6348
99piorg,https://x.com/99piorg,99 Percent Invisible,A radio show about design with host  @romanmars . Also find us on Bluesky!  bsky.app/profile/99pi.o …,"Oakland, CA",0.0,21.0,2859.0,September 2015,0,0.3652,0.3652,0.3117,0.3231,0.6348
alahlyfrancais,https://x.com/alahlyfrancais,Al Ahly SC 🇫🇷,Le compte français officiel d'   @Alahly  |   @AlahlyEnglish  | Club africain du 20ème siècle.,"Cairo, Egypt",0.0,27.0,1346.0,April 2018,0,0.3652,0.3652,0.3117,0.3231,0.6348
alahlyenglish,https://x.com/alahlyenglish,Al Ahly SC 🇬🇧,"The Official English Account of Al Ahly, the African Club of the 20th Century. @AlAhly  : العربية -  @AlAhlyfrancais","Cairo, Egypt",0.0,30.0,1346.0,July 2015,0,0.3652,0.3652,0.3117,0.3231,0.6348
alirezaabasi_ir,https://x.com/alirezaabasi_ir,علیرضا عباسی,▪︎نماینده مردم شریف کرج، فردیس و اشتهارد در مجلس شورای اسلامی ▪︎نائب‌رئیس کمیسیون کشاورزی مجلس ▪︎ استاد تمام دانشگاه تهران و عضو هیئت علمی دانشگاه تهران,جمهوری اسلامی ایران,2505.0,61.0,806.0,March 2020,1,0.3652,0.3228,0.3652,0.312,0.6348
adelphiedizioni,https://x.com/adelphiedizioni,Adelphi Edizioni,Casa editrice fondata nel 1962.,Milano,0.0,1528.0,5047.0,March 2011,0,0.3652,0.3652,0.3104,0.3244,0.6348
aggholamyy,https://x.com/aggholamyy,Pontius Pilate,"Δεν ελπίζω τίποτα, δε φοβάμαι τίποτα, είμαι ελεύθερος.",Planet B612,204.0,1493.0,5916.0,October 2012,0,0.3653,0.3653,0.311,0.3237,0.6347
ainurastom,https://x.com/ainurastom,Tassi,,Almaty,8.0,261.0,19.0,September 2012,0,0.3653,0.3653,0.3089,0.3258,0.6347
5ogand,https://x.com/5ogand,Sogand,Artist,"London, England",0.0,71.0,1709.0,January 2013,0,0.3654,0.3654,0.3128,0.3218,0.6346
alfrewoodard,https://x.com/alfrewoodard,Alfre Woodard,Good triumphs,Present,0.0,318.0,1119.0,August 2012,0,0.3654,0.3654,0.3128,0.3218,0.6346
akvanian,https://x.com/akvanian,Reza Akvanian,,"Brussels, Belgium",0.0,613.0,5044.0,March 2012,0,0.3654,0.3654,0.3128,0.3218,0.6346
aalejandrabm,https://x.com/aalejandrabm,Alejandra Bonilla Mena,Urban and economic geographer. PhD candidate at  @penn_state . Studying real estate markets and finance in Latin America.,,126.0,560.0,16.0,November 2011,0,0.3654,0.3654,0.3156,0.3191,0.6346
afcmediatv,https://x.com/afcmediatv,AFC Media and Broadcast Operations,The AFC Media and Broadcast Operations Department is based out of the AFC house in KL. It handles all Media & TV related operational matters for all AFC events.,Kuala Lumpur,8476.0,14.0,2594.0,June 2020,0,0.3655,0.3655,0.3074,0.3271,0.6345
aesthetic993,https://x.com/aesthetic993,私はいつもここにいます,ほう… 向かってくるのか…  逃げずにこのDIOに近づいてくるのか...  近づかなきゃてめーをブチのめせないんでな.,きょと、 ジャパン,45.0,1038.0,4050.0,November 2018,0,0.3656,0.3656,0.3127,0.3218,0.6344
ali_sadeghloo,https://x.com/ali_sadeghloo,ali sadeghloo,,,43.0,542.0,10.0,February 2013,0,0.3657,0.3657,0.3085,0.3258,0.6343
adameaval,https://x.com/adameaval,adameaval,نوشتن کسب‌وکار من است - هنرجوی نقاشی,tehran,6194.0,2306.0,4983.0,June 2015,1,0.3657,0.3086,0.3657,0.3256,0.6343
a1976_b,https://x.com/a1976_b,Amir.B,,,21.0,233.0,302.0,July 2011,0,0.3658,0.3658,0.3125,0.3217,0.6342
_pia_,https://x.com/_pia_,Pia Strietmann,Film&tv director,"Berlin, London",74.0,115.0,127.0,March 2009,0,0.3659,0.3659,0.3085,0.3256,0.6341
10am,https://x.com/10am,☆♩ ♪ ♫ ♬♡,,电脑前,69.0,358.0,2320.0,September 2008,0,0.3659,0.3659,0.3085,0.3256,0.6341
alinhotornado1,https://x.com/alinhotornado1,Alinho Tornado,"Sila Just Wonderful, Manchester Is My Heaven, Literature Is My Utopia",Earth,7.0,125.0,64.0,August 2013,0,0.366,0.366,0.3193,0.3147,0.634
adamhimmelsbach,https://x.com/adamhimmelsbach,Adam Himmelsbach,Celtics writer for The Boston Globe.    adam.himmelsbach@globe.com,Boston,0.0,612.0,5022.0,September 2011,0,0.366,0.366,0.3193,0.3147,0.634
adidas,https://x.com/adidas,adidas,Through sport we have the power to change lives.,"Herzogenaurach, Deutschland",0.0,255.0,1315.0,May 2011,0,0.366,0.366,0.3193,0.3147,0.634
al_thawaq,https://x.com/al_thawaq,احمد الذواق,مهتم بالأخبار السياسية والتطورات العسكرية في العراق . Journalist and writer,Iraq,0.0,455.0,1400.0,December 2012,0,0.366,0.366,0.3193,0.3147,0.634
ageofpahlavi,https://x.com/ageofpahlavi,M E D U S A 🇮🇱🎗️,@PahlaviReza  ~~ پادشاهی خواه رادیکال ~ باور مند به نظام شاهنشاهی ایران فقط با خاندان ایران ساز پهلوی ~ شاه برای من خط قرمز است ~ آتئیست ~تا ابد #جاویدشاه,"California, USA",2796.0,1148.0,0.0,April 2011,0,0.3661,0.3661,0.3087,0.3252,0.6339
_h_o_o_r_,https://x.com/_h_o_o_r_,sina,Intl Law UT  | عشق ایران در سرش، همچو من.,IRAN,113.0,41.0,116.0,August 2018,1,0.3662,0.2965,0.3662,0.3373,0.6338
alighasemi0011,https://x.com/alighasemi0011,Ali Ghasemi,Be your self,Iran,51.0,98.0,1381.0,May 2025,1,0.3663,0.2986,0.3663,0.3351,0.6337
ainajkhan,https://x.com/ainajkhan,Aina J. Khan,Currently:  @ajplus . Freelance foreign correspondent.  . RT do not = endorsement.,,0.0,34.0,1349.0,March 2011,0,0.3664,0.3664,0.3091,0.3245,0.6336
aliazimimusic,https://x.com/aliazimimusic,Ali Azimi,youtube.com/@aliazimimusic | aliazimimusic.com,"London, UK",0.0,812.0,5552.0,April 2010,0,0.3665,0.3665,0.3117,0.3218,0.6335
7continentnewss,https://x.com/7continentnewss,کمونیست کُش👺,The fastest and most accurate news of the day in the worldخدا آزادی خوانواده میهن -حق مالکیت فردی,United States,74.0,778.0,1654.0,June 2022,0,0.3666,0.3666,0.3182,0.3152,0.6334
alotlikebirds,https://x.com/alotlikebirds,A Lot Like Birds,A Lot Like Birds and Nothing Like Fish,Sacramento,0.0,222.0,1777.0,January 2010,0,0.3666,0.3666,0.3143,0.3191,0.6334
alarabiya_brk,https://x.com/alarabiya_brk,العربية عاجل,خدمة #العربية للأخبار العاجلة,Riyadh,0.0,49.0,1356.0,March 2009,0,0.3666,0.3666,0.3143,0.3191,0.6334
albayannews,https://x.com/albayannews,صحيفة البيان,صحيفة إماراتية يومية شاملة تصدر عن دبي للإعلام,"Dubai , UAE",0.0,96.0,1356.0,February 2010,0,0.3666,0.3666,0.3143,0.3191,0.6334
abba3pakbin,https://x.com/abba3pakbin,Abbas Pakbin,شاعر و ترانه سرا...وگاهی تریدر...  به زودی پروردگارت آنقدر برای تو معجزه خواهد کرد که خشنود شوی.. سوره ضحی آیه 5,در پناه خدا,77.0,826.0,1122.0,March 2021,0,0.3666,0.3666,0.3182,0.3152,0.6334
afghan271,https://x.com/afghan271,🇮🇷✧صدای سکوت✧🇮🇷🇪🇭🇵🇰🇦🇫,"*In love with the soil, not the politics. Iran is all of us — every culture, every voice.","Tebriz, ایران",626.0,5652.0,367.0,April 2023,1,0.3667,0.3088,0.3667,0.3245,0.6333
abb_abdi,https://x.com/abb_abdi,عباس عبدی,"journalist, social researcher, civil activist",Islamic Republic of Iran,0.0,475.0,5780.0,August 2017,1,0.3672,0.3119,0.3672,0.3209,0.6328
abarsaber,https://x.com/abarsaber,saber abar صابر اَبَر,بعد از مرگ وقت كافی برای خواب دارم/فاسبيندر . «مسئول نظر دیگران نیستم »,Tehran,0.0,156.0,457.0,July 2015,1,0.3673,0.3189,0.3673,0.3138,0.6327
afarouk92,https://x.com/afarouk92,Ahmed Farouk,PhD candidate in Persian literature | Iran analyst | Focused on domestic affairs & foreign policy.,"CAIRO , EGYPT",1844.0,718.0,0.0,August 2010,0,0.3674,0.3674,0.31,0.3226,0.6326
aibaensch,https://x.com/aibaensch,Arne Bänsch,Iran & West Asia Correspondent  @dpa  ••• Views expressed = my own.,"Tehran, Berlin & West Asia",1210.0,1103.0,1175.0,October 2017,1,0.3676,0.3139,0.3676,0.3185,0.6324
alaina32h,https://x.com/alaina32h,Alaina,Dare to be yourself and don't let anyone make you feel bad.,,1198.0,1759.0,434.0,August 2014,0,0.3682,0.3682,0.3166,0.3152,0.6318
ali_rezaei_sh,https://x.com/ali_rezaei_sh,علی رضایی,یک خبرنگار عاشق فوتبال,Tehran,2092.0,281.0,1332.0,December 2017,1,0.3685,0.3086,0.3685,0.3229,0.6315
a_hossainy,https://x.com/a_hossainy,أحمد حسيني  🇵🇸,شاذ من شواذ هذه الأمة، كما وصفهم الزهار، ممن فرحوا بمقتل شهيد القدس شهيد القدس شهيد القدس قاسم سليماني، كما وصفه هنية.  #FreePalestine   #FreeUyghurs,Egypt,1302.0,888.0,0.0,October 2011,0,0.3686,0.3686,0.3063,0.3251,0.6314
_ganeshp,https://x.com/_ganeshp,Ganesh💰Padmanabhan ⚕️🦾,"Founder & CEO  @AutonomizeAI . #Data, #AI, #metaverse. 2x startups pod  @StoriesinAI , super long on AI, open source, people, love and crypto","Austin, TX",2080.0,1005.0,0.0,April 2011,0,0.3686,0.3686,0.3063,0.3251,0.6314
afshinagin62,https://x.com/afshinagin62,Afshin Agin,افشین آگین | دانش‌آموخته مهندسی برق کنترل | معمار، متخصص و مدیر سابق پروژه های اقتصاد مقاومتی در سطح ملی تا آخرین نفس مدافع انقلاب و حقوق ملت ایران,جمهوری اسلامی ایران,2330.0,7152.0,5197.0,February 2017,1,0.3686,0.319,0.3686,0.3125,0.6314
almaaward,https://x.com/almaaward,Astrid Lindgren Memorial Award,"The Astrid Lindgren Memorial Award is a global award created in 2002 by the Swedish government, to promote every child’s right to great stories.",Stockholm,2471.0,966.0,1894.0,August 2013,0,0.3687,0.3687,0.3181,0.3132,0.6313
afterdinnercon,https://x.com/afterdinnercon,After Dinner Conversation,"Philosophy | Ethics Short Story Literary Fiction Publisher. Rated ""Most Popular Fiction LitMag 2024"" (#Chillsubs). $ subscriptions (& Patreon) pay writers.","Tempe, Arizona",0.0,36.0,7778.0,August 2019,0,0.3687,0.3687,0.335,0.2963,0.6313
0x778899,https://x.com/0x778899,Parth,Thanks Crypto and Bitcoin,Howrah,110.0,4666.0,8607.0,June 2016,0,0.3687,0.3687,0.3294,0.302,0.6313
adaacademy,https://x.com/adaacademy,Ada Dev Academy,"A nonprofit, cost-free software developer academy for women and gender expansive folks, changing the face of tech.","Seattle, Washington",6402.0,744.0,5503.0,July 2013,0,0.3687,0.3687,0.3181,0.3132,0.6313
alexholiga,https://x.com/alexholiga,Aleksandar Holiga,"Against the darkness, against the force. Independent football writer - the Guardian, The Blizzard etc.; chief editor  @Telesport_hr","Zagreb, Croatia",7784.0,492.0,1376.0,May 2012,0,0.3687,0.3687,0.3207,0.3107,0.6313
acsparta_en,https://x.com/acsparta_en,AC Sparta Prague,The most successful Czech club.  Follow  @ACSparta_CZ  for tweets in Czech.,Prague,0.0,193.0,9926.0,July 2012,0,0.3691,0.3691,0.3426,0.2883,0.6309
_miaswart,https://x.com/_miaswart,Mia Swart,"Former Producer Al Jazeera, Visiting Prof Wits Law School, International Criminal Law, Transitional Justice",Doha,1073.0,1084.0,3859.0,April 2018,0,0.3693,0.3693,0.3131,0.3176,0.6307
2012bb6656,https://x.com/2012bb6656,Yves St-Laurent,Avide de vérité et confiant en un avenir meilleur. Hungry for truth and confident in a better future. The best yet to come!,,1782.0,2755.0,2335.0,October 2011,0,0.3694,0.3694,0.3174,0.3132,0.6306
af_ghost,https://x.com/af_ghost,AF_Ghost,|27| just going through life,"Los Angeles, CA",0.0,1851.0,3955.0,August 2014,0,0.3697,0.3697,0.3102,0.3201,0.6303
alaneyre1,https://x.com/alaneyre1,Alan Eyre,MEI Distinguished Diplomatic Fellow; Former State Dept. Iran SME & senior policymaker for Iran/MENA. RTs ≠ endorsements. Fiat justitia ruat caelum.,terra nullius,1.0,87.0,0.0,May 2011,0,0.3698,0.3698,0.3098,0.3204,0.6302
alirezaakhondi,https://x.com/alirezaakhondi,Alireza Akhondi,Member of the Swedish Parliament  | Foreign Policy & Security | Iran–EU Affairs | Democracy & Human Rights,"Stockholm, Sweden",0.0,115.0,3031.0,February 2011,0,0.3698,0.3698,0.3216,0.3086,0.6302
alga_kazakhstan,https://x.com/alga_kazakhstan,"Алга, Казахстан!",,"Almaty, Kazakhstan",2459.0,1032.0,1381.0,January 2011,0,0.3699,0.3699,0.3064,0.3236,0.6301
ali_khezrian,https://x.com/ali_khezrian,علی خضریان | Ali Khezrian 🇮🇷,فعال سیاسی و رسانه‌ای/ نماینده مردم عزیز ایران از حوزه انتخابیه تهران، ری، شمیرانات، اسلامشهر و پردیس در دوره‌های یازدهم و دوازدهم مجلس شورای اسلامی,Islamic Republic of Iran,0.0,527.0,5747.0,June 2018,1,0.37,0.3222,0.37,0.3078,0.63
ahmadinejad1956,https://x.com/ahmadinejad1956,Mahmoud Ahmadinejad,"Husband, Dad, Grandfather, University Professor, President, Mayor, Governor, Soccer Player, Proud Iranian  t.me/fpahmadinejad",Tehran,0.0,49.0,349.0,January 2017,1,0.37,0.3222,0.37,0.3078,0.63
afshinbahrami33,https://x.com/afshinbahrami33,"A , Bahrami",ایران پرست، مدرس حسابداری و حسابرسی شرکتها,Islamic Republic of Iran,10.0,126.0,134.0,December 2017,1,0.37,0.3092,0.37,0.3207,0.63
akhoundiabbas,https://x.com/akhoundiabbas,Abbas Akhoundi | عباس آخوندی,معلم در دانشگاه تهران در پی ایده‌ی ایران هستم.ایده‌ای متضمن توسعه، بالندگی و امنیت برای همه ایرانیان، تحکیم پیوند ملت‌های حوزه تمدنی ایران و صلح پایدار,"Tehran, Iran",0.0,565.0,1457.0,November 2020,1,0.37,0.3174,0.37,0.3126,0.63
alishakourirad,https://x.com/alishakourirad,علی‌شکوری‌راد,‌ عضو‌شورای‌مرکزی‌حزب‌اتحاد‌ ملت‌ایران‌اسلامی‌/رادیولوژیست/دانشیار‌دانشگاه‌علوم‌پزشکی‌تهران,Islamic Republic of Iran,0.0,129.0,862.0,December 2016,1,0.37,0.3222,0.37,0.3078,0.63
alejandrareyesc,https://x.com/alejandrareyesc,Alejandra Reyes,"PhD & Asst Professor, Wanderer Immigrant, Partner, Writer, Houser...","Irvine, CA",803.0,884.0,7815.0,January 2011,0,0.3701,0.3701,0.3355,0.2944,0.6299
_sarahdavies,https://x.com/_sarahdavies,Sarah Davies,"Just a council estate kid. Mostly tired, fat & sweary","Essex, UK",6039.0,2489.0,0.0,February 2009,0,0.3704,0.3704,0.3011,0.3284,0.6296
aek_official,https://x.com/aek_official,AEK Athletic Club,Το επίσημο Twitter account του ΑΘΛΗΤΙΚΟΥ ΣΩΜΑΤΕΙΟΥ ΑΕΚ - The Official Twitter account of AEK Athletic Club,Ελλάς,4357.0,27.0,0.0,June 2018,0,0.3704,0.3704,0.2956,0.3339,0.6296
afghanistanihrc,https://x.com/afghanistanihrc,AIHRC,Official account of Afghanistan Independent Human Rights Commission,"Kabul, Afghanistan",0.0,62.0,3692.0,November 2013,0,0.3705,0.3705,0.3191,0.3105,0.6295
77abolfazlhz,https://x.com/77abolfazlhz,Abolfazl_,آخرش قشنگه..!  telegram.me/BiChatBot?star …,طهران,486.0,958.0,1114.0,August 2021,1,0.3707,0.3001,0.3707,0.3292,0.6293
alterfutbol,https://x.com/alterfutbol,AlterFútbol Podcast,"La casa del otro fútbol. Podcast, transmisiones en vivo, notas y mucho más.  Por  @nahuelzn ,  @fglamas  y  @ienzoduarte Youtube:  youtube.com/alterfutbol",Argentina,5702.0,58.0,553.0,June 2019,0,0.3709,0.3709,0.317,0.3122,0.6291
aircenteraz,https://x.com/aircenteraz,AIR Center,"AIR Center is a think-tank based in Baku, Azerbaijan. Beynəlxalq Münasibətlərin Təhlili Mərkəzi Azərbaycanda fəaliyyət göstərən beyin mərkəzidir.",Baku,5016.0,102.0,5675.0,August 2019,0,0.3709,0.3709,0.317,0.3122,0.6291
aanandlrai,https://x.com/aanandlrai,Aanand L Rai,Director of Zero,,0.0,3.0,6281.0,November 2009,0,0.3713,0.3713,0.32,0.3087,0.6287
ali7osain,https://x.com/ali7osain,Dr.ali alshekarchi,أنتظر يوم #العدالة الموعود (وَيَوْمَ يَعض الظَّالِمُ عَلَىٰ يَدَيْهِ يَقُولُ يَا لَيْتَنِي اتَّخَذْتُ مَعَ الرَّسُولِ سَبِيلًا) لأرى مكانة أعداء #أهل_البيت ع,Iraq,554.0,703.0,3558.0,April 2011,0,0.3717,0.3717,0.311,0.3174,0.6283
_gpaolo,https://x.com/_gpaolo,Giuseppe Paolo,Research scientist  @CognizantAILab  | PhD in AI and Robotics | Hobbist photographer |   Opinions are my own,"Parigi, Francia",321.0,506.0,1140.0,July 2012,0,0.3717,0.3717,0.3135,0.3148,0.6283
_aj_johnstone,https://x.com/_aj_johnstone,Al Johnstone (AJ),Documentary filmmaker - shooting producer/director |  @BAFTA  Connect |  @NFTSFilmTV,"London, England",674.0,2787.0,1440.0,June 2012,0,0.372,0.372,0.3047,0.3233,0.628
abeirami,https://x.com/abeirami,Ahmad Beirami,stealth // ex Gemini RL+Inference  @GoogleDeepMind  // Chat AI  @AIatMeta  // RL Agents  @EA  // ML+Information Theory  @MIT + @Harvard + @GeorgiaTech,"{NYC, SFO, YYZ}",0.0,4569.0,4721.0,December 2018,0,0.3722,0.3722,0.3123,0.3154,0.6278
aldo369369369,https://x.com/aldo369369369,Alireza Dolatshahi-Pirouz,"Assoc. Prof at DTU Health (Denmark), CTO & co-founder OuroBionics, CEO & co-founder Cybosense, co-founder #TeamBioEngine.lCyborganicsl&lLivingMaterialsl",DTU (Kgs. Lyngby 2800),0.0,5503.0,1092.0,January 2015,0,0.3722,0.3722,0.3123,0.3154,0.6278
ahammoudmi,https://x.com/ahammoudmi,Abdullah H. Hammoud,Fatima's Husband. Girl Dad. Son of Immigrants. Dearborn Mayor. Epidemiologist. Policy Nerd. #GoBlue. Personal Account. World Views.,"Dearborn, MI",0.0,1197.0,4731.0,December 2015,0,0.3722,0.3722,0.3123,0.3154,0.6278
500womensci,https://x.com/500womensci,500 Women Scientists,"We aim to serve society by making science open, inclusive, and accessible. Also  @500womensci  on Instagram and Facebook.","Washington, DC",0.0,1832.0,500.0,November 2016,0,0.3722,0.3722,0.3123,0.3154,0.6278
alexkaplan0,https://x.com/alexkaplan0,Alex Kaplan,"Coffee guy  @cometeer , physics  @princetonphys , supporter of  @BrosForDecarb , and your favorite source of superconductor disinformation",NY,0.0,2130.0,2372.0,June 2019,0,0.3722,0.3722,0.3123,0.3154,0.6278
afgmboard,https://x.com/afgmboard,Anti-FGM Board Kenya,"Established to spearhead the eradication of FGM and enhance the empowerment of girls and women through the implementation of the Prohibition of FGM Act, 2011.",Nairobi-Kenya,0.0,1799.0,3544.0,January 2015,0,0.3722,0.3722,0.3123,0.3154,0.6278
abttaniq,https://x.com/abttaniq,عبد الحسين عبطان,الصفحة الرسمية لرئيس حزب اقتدار وطن السياسي العراقي The president of the Iraqi political party Eqtadar Watan  t.me/abttaniq,Iraq,0.0,2970.0,2673.0,September 2016,0,0.3722,0.3722,0.3123,0.3154,0.6278
almaharel,https://x.com/almaharel,Alma Har'el🌪 עלמה,Born.,Bon Bon Club,0.0,1548.0,120.0,March 2011,0,0.3723,0.3723,0.3037,0.324,0.6277
aasangari,https://x.com/aasangari,Ali A. Sangari,,,200.0,5518.0,36.0,March 2012,0,0.3726,0.3726,0.2995,0.328,0.6274
10190celine,https://x.com/10190celine,Céline,,,96.0,3455.0,2320.0,June 2012,0,0.3727,0.3727,0.3034,0.324,0.6273
adskulubu,https://x.com/adskulubu,Adana Demirspor,Adana Demirspor Kulübü Resmi X Hesabı / Official X Account Of Adana Demirspor Club,Adana / TÜRKİYE,0.0,10.0,1315.0,June 2012,0,0.3727,0.3727,0.3032,0.3242,0.6273
alexpico,https://x.com/alexpico,Alex WH,,"West Hollywood, CA",471.0,1865.0,1121.0,June 2009,0,0.3728,0.3728,0.2995,0.3278,0.6272
alexcallens06,https://x.com/alexcallens06,alexander,futbolista profesional e internacional actualmente jugador del  @AEK_FC_OFFICIAL,"Girona, España",0.0,194.0,1060.0,January 2012,0,0.3728,0.3728,0.3129,0.3144,0.6272
abdulahreema,https://x.com/abdulahreema,Reema,,Riyadh,325.0,1501.0,1149.0,April 2009,0,0.3728,0.3728,0.2995,0.3278,0.6272
aischannel,https://x.com/aischannel,AIS Channel,"AIS Channel is the leading online platform for surgical training, sharing, and discussion.",,0.0,16.0,1349.0,February 2013,0,0.373,0.373,0.3088,0.3182,0.627
al3a6eeb,https://x.com/al3a6eeb,طلال عبدالله الرشيد,( رَبِّ اجْعَلْ هَـَذَا بَلَداً آمِناً وَارْزُقْ أَهْلَهُ مِنَ الثَّمَرَاتِ ),SAUDIA,0.0,3517.0,1390.0,December 2011,0,0.373,0.373,0.3101,0.3169,0.627
alirezanader,https://x.com/alirezanader,Alireza Nader علیرضا نادر,"Former researcher at RAND, FDD, CNA, US Treasury","Washington, DC",0.0,5090.0,1154.0,February 2012,0,0.373,0.373,0.3101,0.3169,0.627
aboyahiaalsgldy,https://x.com/aboyahiaalsgldy,Abu Jamal,ناشط جنوبي هدفنا استعادة دوله الجنوب العربي وفك الارتباط مع اليمن الشقيق,United States,0.0,3403.0,2917.0,May 2013,0,0.373,0.373,0.3101,0.3169,0.627
alexvespi,https://x.com/alexvespi,Alessandro Vespignani,"Network & Data Science, Computational Epidemiology, Complex Systems",@northeastern,0.0,1320.0,1381.0,May 2012,0,0.373,0.373,0.3101,0.3169,0.627
almodarresisays,https://x.com/almodarresisays,كلمات المرجع المُدرِّسي,"أخبار ومواقف وأفكار سماحة المرجع الديني آية الله العظمى السيد محمد تقي المُدرّسي ""دام ظله الوارف""",,0.0,5.0,3620.0,June 2013,0,0.373,0.373,0.3088,0.3182,0.627
alialahmed_en,https://x.com/alialahmed_en,Ali AlAhmed,"investigations, opinions, ideas, articles- EMAIL--  @alialahmedx  - @Gmail -",Washington DC,0.0,1374.0,1332.0,March 2012,0,0.373,0.373,0.3101,0.3169,0.627
aahonarmand,https://x.com/aahonarmand,Aliasghar Honarmand | علی اصغر هنرمند,"Editor-in-chief@  UpdateMD.com and  NooshDaroo.ir Co-founder@  Bozorgraah.com Founder  Narenji.ir, ex-prisoner and a Physician!",,0.0,288.0,4047.0,January 2013,0,0.373,0.373,0.3185,0.3084,0.627
albankaldawli,https://x.com/albankaldawli,مجموعة البنك الدولي,الحساب الرسمي لمجموعة البنك الدولي. رؤيتنا هي خلق عالم خال من الفقر على كوكب صالح للعيش. للاشتراك   wrld.bg/uSI950Lziwe,,0.0,313.0,1356.0,March 2011,0,0.373,0.373,0.3185,0.3084,0.627
ahmadmuaffaq,https://x.com/ahmadmuaffaq,د ـ أحمد موفق زيدان,أحمد موفق زيدان ـ مستشار الرئيس السوري للشؤون الإعلامية,"Damas, Syria",0.0,1612.0,1319.0,March 2011,0,0.373,0.373,0.3101,0.3169,0.627
424xh,https://x.com/424xh,Muchacho,“in-betweenness is a fundamental condition of our times.” ==BUILDING mode==,,154.0,2398.0,0.0,January 2012,0,0.3731,0.3731,0.2981,0.3287,0.6269
_joy_net,https://x.com/_joy_net,jøy,ZERO JOY UNTO DEATH  :::: any pronoun無性 :  horror rpg solo game dev  @HEAVY_AS_STONE  |  industrial music as Thegn  thegn.bandcamp.com | eng/jp →,Amagasaki　尼崎市,3285.0,734.0,5899.0,December 2013,0,0.3732,0.3732,0.3178,0.309,0.6268
abaruleoflaw,https://x.com/abaruleoflaw,ABA Rule of Law,"Our mission is to promote justice, economic opportunity, and human dignity through the rule of law.","Global | HQ in Washington, DC",3539.0,916.0,4745.0,February 2014,0,0.3732,0.3732,0.3178,0.309,0.6268
ahmadi_fae83290,https://x.com/ahmadi_fae83290,فائزه🎀,متفاوت باش..! مثلا بشین رو تلویزیون ، مبل ببین!,جمهوری اسلامی ایران,26.0,63.0,520.0,March 2024,1,0.3733,0.2921,0.3733,0.3345,0.6267
alarabiya_fa,https://x.com/alarabiya_fa,العربیه فارسی,العربيه فارسى به عنوان بخشی از شبكه العربيه در سال 2008 راه‌اندازی شد.,Riyadh,0.0,45.0,1356.0,March 2009,0,0.3743,0.3743,0.3042,0.3215,0.6257
alarabiya_eng,https://x.com/alarabiya_eng,Al Arabiya English,The Arab world’s leading source of global news and opinion.,Riyadh,0.0,53.0,1356.0,February 2009,0,0.3743,0.3743,0.3139,0.3117,0.6257
abhijitmajumder,https://x.com/abhijitmajumder,Abhijit Majumder,"Editor, journalist, media entrepreneur. Author of India’s New Right.","New Delhi, India",0.0,624.0,3933.0,July 2009,0,0.3743,0.3743,0.3139,0.3117,0.6257
alybor11,https://x.com/alybor11,Aly Borromeo,Perseverance is what makes us.. KayaFC  @alybor11,Philippines,0.0,483.0,5034.0,January 2011,0,0.3743,0.3743,0.3139,0.3117,0.6257
ablrchi,https://x.com/ablrchi,Amir R. Bolurchi,"Iran Policy & Politics Research Analyst. A secular, democratic republic is imperative for a free and peaceful Iran!","Washington, DC",2919.0,1778.0,3975.0,July 2009,0,0.3745,0.3745,0.3151,0.3104,0.6255
ali_noorani_teh,https://x.com/ali_noorani_teh,Ali Noorani,"Product designer and change maker. Formerly: UX Designer in Tokyo. Reporter, Editor at Japan's NHK, and AFP journalist in Tehran.","Toronto, ON",3781.0,1259.0,1332.0,December 2010,0,0.3745,0.3745,0.3151,0.3104,0.6255
alalehkamranlaw,https://x.com/alalehkamranlaw,"Alaleh Kamran, Esq.","State & Fed criminal defense trial attorney, Radio & TV legal analyst. KTLA, People, CBS, NBC, BBC Persia, Guardian, Hollywood Reporter, New York Post",Los Angeles,1435.0,1323.0,5636.0,March 2009,0,0.3745,0.3745,0.3151,0.3104,0.6255
ailar1000,https://x.com/ailar1000,jupiter,"love reading,music,movies and these days speaking Deutsch is my favorite",,59.0,978.0,996.0,September 2009,0,0.3747,0.3747,0.311,0.3143,0.6253
alwahda_int,https://x.com/alwahda_int,Al Wahda FC - EN,Official Account of  @alwahdafcc  in English | #WHDFC,Abu Dhabi,6643.0,24.0,7329.0,July 2013,0,0.3753,0.3753,0.3278,0.2968,0.6247
al_ardwi,https://x.com/al_ardwi,عبــــاس العـــرداوي,عضو نقابة الصحفيين العراقيين *مستشار اعلامي * كل ما أطرحه من آراء هي تعبر وجهة نظر شخصية مبنية على ما اعتقد به من جهاد التبيين امام حالة الجهل والتضليل .,Iraq,0.0,2085.0,7773.0,April 2019,0,0.3755,0.3755,0.3353,0.2891,0.6245
acbowen,https://x.com/acbowen,Andrew Bowen (he/him),"KPBS metro reporter. Creator/host of Freeway Exit, a podcast about freeways.  @WeMakeKPBS  steward. Gaily homosexual.  I no longer post here, follow me on Bluesky","San Diego, CA",7134.0,2760.0,0.0,January 2012,0,0.3755,0.3755,0.2998,0.3247,0.6245
14sm_,https://x.com/14sm_,14 Sports Management,FA Licensed Football intermediary & consultancy business with offices in Harrogate  and Glasgow,Offices in Glasgow & Yorkshire,4340.0,3486.0,2320.0,September 2013,0,0.3757,0.3757,0.3114,0.3129,0.6243
amalsaad_lb,https://x.com/amalsaad_lb,Amal Saad,"Lecturer in Politics  @cardiffuni . Scholar of Hizbullah and politics of Resistance Axis | Previously,  @LebaneseUni",Cardiff and Beirut,0.0,1581.0,6163.0,October 2017,0,0.3758,0.3758,0.3286,0.2956,0.6242
alialiraouf2,https://x.com/alialiraouf2,ali raouf,"Retired Sociologist , educator interested in politics and current events. interesting in gardening.",kansas city,51.0,348.0,1408.0,March 2014,0,0.3762,0.3762,0.3133,0.3105,0.6238
adveith,https://x.com/adveith,Adveith Nair,I run Bloomberg’s coverage of Money & Power in the Middle East. Bangalore  London  Dubai. Will mostly tweet aboutbut there will be some  and,"Dubai, United Arab Emirates",1842.0,551.0,0.0,September 2009,0,0.377,0.377,0.3036,0.3194,0.623
_carneosso,https://x.com/_carneosso,♡ *ೃ°༄ 𝓢𝓪𝓫𝓻𝓲𝓷𝓪 𝓢𝓾𝓻𝓽𝓸 ¸.•°*°⋆.ೃ࿔*,"/ perto do osso a carne é mais gostosa / ˚ ༘✶ videomaker, mama snake na  @MAMBANEGRAHHHH  y kweeng em  @TETOPRETOOO","São Paulo, Brasil",1806.0,425.0,2277.0,April 2009,0,0.377,0.377,0.3152,0.3077,0.623
ainohuilaja,https://x.com/ainohuilaja,Aino Huilaja,"Lapin noita maailmalla // Writer, executive producer, host @ Van Life documentary series on YLE",traveling around,2932.0,902.0,1807.0,September 2009,0,0.377,0.377,0.3127,0.3103,0.623
aajavoices,https://x.com/aajavoices,AAJA Voices,@AAJA 's multimedia journalism training fellowship for college and graduate students. Meet our #AAJA22 class:  aajavoices.org/losangeles2022/,"Los Angeles, CA",1904.0,583.0,2743.0,July 2009,0,0.377,0.377,0.3152,0.3077,0.623
allysonjsmith,https://x.com/allysonjsmith,Allyson June Smith,"Comedian. Podcaster  @WTB_Podcast , and  @HorrorMotel  All opinions expressed here are truly my own..... because my Mom isn't on twitter.",Toronto/Manchester,2842.0,946.0,3890.0,August 2010,0,0.377,0.377,0.3127,0.3103,0.623
aliciasummerstv,https://x.com/aliciasummerstv,Alicia Summers,"Raising Giants  | Fire Wife  | Emmy Winner | OAN | NBC/CBS Alum | UCSD | eSummers Ins. | Once a NFL Raiderette, Always One | Mainly on IG & TikTok",San Diego,6142.0,854.0,2578.0,February 2009,0,0.377,0.377,0.3127,0.3103,0.623
alphawings,https://x.com/alphawings,Luke ✍️ megahertz.sol,Creative Micro-Writer.  I write stories in #SixWords. ©  Web3 | Degen #TheGoonsClub,Malta,1855.0,1330.0,0.0,June 2007,0,0.3771,0.3771,0.2949,0.3279,0.6229
ahmedalharbi0_,https://x.com/ahmedalharbi0_,غريب طوس,اللهم اني اتوجه اليك بنبيك نبي الرحمه واهل بيته. الذين اخترتهم على علم على العالمين اللهم لين لي صعوبتها وحزونتها واكفني شرهافإنك الكافي المعافي والغالب القاهر,,0.0,27.0,1304.0,September 2014,0,0.3776,0.3776,0.3085,0.3139,0.6224
ab_ganji,https://x.com/ab_ganji,عبدالله گنجی,دانش آموخته سیاست(دانشگاه علامه طباطبایی) فَمِنۡهُم مَّن قَضَىٰ نَحۡبَهُۥ وَمِنۡهُم مَّن يَنتَظِرُۖ وَمَا بَدَّلُواْ تَبۡدِيلٗا.تعلق جناحی و دعوای جناحی ندارم.,Islamic Republic of Iran,0.0,199.0,6157.0,December 2016,1,0.3781,0.3339,0.3781,0.288,0.6219
adoniarostami49,https://x.com/adoniarostami49,Eros Gheemah,,"California, USA",41.0,1118.0,0.0,May 2011,0,0.3784,0.3784,0.2862,0.3354,0.6216
abdimonireh,https://x.com/abdimonireh,Monireh Abdi,"Architectural Engineer.Myhusband is Esmaeil Abdi,teacher and activist in theTeachers'Union of Iran.He has been imprisoned by theIranian government more 8 years",ایران,1637.0,209.0,343.0,May 2020,1,0.3785,0.3074,0.3785,0.3141,0.6215
alexphillips8,https://x.com/alexphillips8,Alex Phillips,"Formerly: FIFA advisor, World Football Remission Fund, UEFA/AFC/Deloitte, MESGO/FIMBA, trailing spouse  @lost_food , legacy fan, etc. Personal views, etc.","London, Nyon, KL, Amsterdam",518.0,2215.0,515.0,May 2011,0,0.3787,0.3787,0.3044,0.3169,0.6213
alzindiana,https://x.com/alzindiana,Alzheimer's Association Greater Indiana Chapter,The Alzheimer's Association Greater Indiana Chapter serves 73 Indiana counties. Free 24/7 Helpline: 800.272.3900. #ENDALZ,"Indianapolis, IN",2667.0,1168.0,9573.0,December 2011,0,0.379,0.379,0.3343,0.2867,0.621
4genderjustice,https://x.com/4genderjustice,Women's Initiatives for Gender Justice,"We advance gender justice and advocate for accountability. Women’s Initiatives for Gender Justice has left X. Stay updated via LinkedIn, Bluesky + Mailing List.","The Hague, The Netherlands",5771.0,1516.0,8749.0,December 2011,0,0.379,0.379,0.3343,0.2867,0.621
ajmanclub,https://x.com/ajmanclub,نادي عجمان,الصفحة الرسمية لنادي عجمان الثقافي الرياضي- Ajman club official account |  @ajmanclub_en  - Instagram: ajmanclub,United Arab Emirates - Ajman,0.0,24.0,1356.0,November 2011,0,0.3794,0.3794,0.3029,0.3178,0.6206
alahly,https://x.com/alahly,‏النادي الأهلي,مرحبًا بكم في الحساب الرسمي للنادي الأهلي نادي القرن الإفريقي، Welcome |   @AlAhlyEnglish  Bienvenue |   @AlAhlyFrancais,"Cairo, Egypt",0.0,37.0,1400.0,March 2013,0,0.3794,0.3794,0.3029,0.3178,0.6206
al_kascom,https://x.com/al_kascom,صحيفة الكأس,الحساب الرسمي لــ #صحيفة_الكأس الرياضية لتغطية آخر مستجدات الرياضة المحلية والعربية والعالمية,المملكة العربية السعودية,0.0,13.0,1400.0,March 2012,0,0.3794,0.3794,0.3029,0.3178,0.6206
alandersh,https://x.com/alandersh,Alan Dershowitz,"Professor at Harvard Law School for 50 years, now emeritus. Active in litigation, writing, and defense of civil liberties and human rights.","Cambridge, MA",0.0,154.0,5041.0,September 2011,0,0.3794,0.3794,0.3125,0.3081,0.6206
alisongopnik,https://x.com/alisongopnik,Alison Gopnik,"Cognitive scientist, psychologist, philosopher, author of Scientist in the Crib, Philosophical Baby, The Gardener & The Carpenter, WSJ Mind And Matter columnist",Berkeley,0.0,35.0,1845.0,September 2011,0,0.3794,0.3794,0.3029,0.3178,0.6206
18thcent_kitty,https://x.com/18thcent_kitty,Kitty Pridden,"I live in a glorious Georgian bubble, masquerades, coffee houses, highwaymen, rakes, taffeta & Tyburn, decadence & debauchery! Creator of #FridayNightFrills",An 18th Century Bubble,0.0,988.0,2327.0,August 2011,0,0.3794,0.3794,0.3099,0.3107,0.6206
4sylvestermccoy,https://x.com/4sylvestermccoy,Sylvester McCoy,Sylvester’s page is run by his manager  @execcer  but also with personal input & photos from him. NB: Personal replies not possible. Manager:  clareeden.com,"London, England",0.0,121.0,4831.0,August 2012,0,0.3794,0.3794,0.3125,0.3081,0.6206
ajdemarang,https://x.com/ajdemarang,Ajdemarang 🇮🇷 اژدمارنگ,دانشمند، پژوهشگر، روشنفکر، کارآفرین و تحلیلگر امور آسمان‌ها و زمین ساده‌ای بیش نیستم.,Canada,0.0,1139.0,1353.0,September 2012,0,0.3798,0.3798,0.3037,0.3165,0.6202
alexferra,https://x.com/alexferra,Alex Ferra,Music Video Director/Producer.  alexferra.com  facebook.com/alexferra  youtube.com/alexferraprodu …,Los Angeles,555.0,78.0,462.0,June 2009,0,0.38,0.38,0.3082,0.3118,0.62
alighadimiai,https://x.com/alighadimiai,Ali Ghadimi,Data Scientist | Ex-BBC Journalist | OSINT & Forensic Journalism | AI & Python Developer,"London, UK",57.0,86.0,18.0,October 2009,0,0.38,0.38,0.3043,0.3157,0.62
ajatashatru,https://x.com/ajatashatru,daniel mabsout,I believe in the presence of a truth behind all appearances and illusions without which these will not even appear to exist .,Lebanon,430.0,497.0,1350.0,June 2009,0,0.38,0.38,0.3082,0.3118,0.62
28minutes,https://x.com/28minutes,28 minutes,"#28min est le rendez-vous quotidien d'actualité sur  @ARTEfr , du lundi au samedi dès 20h05. Retrouvez-nous aussi sur Facebook, Youtube et Instagram  !",,0.0,2495.0,28.0,December 2011,0,0.3801,0.3801,0.3054,0.3145,0.6199
agoldmund,https://x.com/agoldmund,Alex Goldman,Journalist. host of  @hyperfixedpod . ex/  @westernkabuki . Ex/ @replyall . Chill dude with a cool 'tude. alex@hyperfixedpod.com,,0.0,3610.0,444.0,September 2012,0,0.3801,0.3801,0.3093,0.3106,0.6199
adamlawschool,https://x.com/adamlawschool,Amsterdam Law School,"Welcome to the Amsterdam Law School!  We draw students worldwide, bringing a truly international atmosphere.  bsky.app/profile/uvalaw …",Amsterdam,4154.0,2252.0,4661.0,February 2014,0,0.3802,0.3802,0.3111,0.3086,0.6198
adan_galindo,https://x.com/adan_galindo,Adán Galindo Vaca,"life is rough and we must fight to make it better, make it happy and live in harmony","La Huacana, Michoacán, México",153.0,1215.0,969.0,April 2010,0,0.3803,0.3803,0.2995,0.3202,0.6197
afrash,https://x.com/afrash,Iman Afrash,"Asset Manager Advisor; IT, Fintech & Crypto Solution & Technology Provider Business & Marketing Strategist and Advisor. #bitcoin #startup #fintech #trading",,999.0,3395.0,231.0,June 2008,0,0.3807,0.3807,0.305,0.3143,0.6193
10downingstreet,https://x.com/10downingstreet,UK Prime Minister,"Official page for Prime Minister  @Keir_Starmer ’s office, based at 10 Downing Street.","10 Downing Street, London",0.0,192.0,2320.0,March 2008,0,0.3812,0.3812,0.3075,0.3113,0.6188
ahlulbayttv,https://x.com/ahlulbayttv,Ahlulbayt TV,• World’s Premier Islamic English TV Network • The Holy Household for Every Household,"London, UK",0.0,160.0,1318.0,September 2009,0,0.3812,0.3812,0.3075,0.3113,0.6188
ali_hedielou,https://x.com/ali_hedielou,علی هدیه لو,دکوراتور، نجار، شاعر، طنزنویس، شیفته موسیقی و شعر، طراحی‌صنعتی خونده در دانشگاه تهران، کمی بی‌ادب، گرگ‌دهن‌آلوده‌ی یوسف‌ندریده instagram.com/hedielou,ناف تهرون، دوسانت به چپ,0.0,2978.0,1332.0,April 2014,0,0.3814,0.3814,0.3121,0.3066,0.6186
_thebemagugu_,https://x.com/_thebemagugu_,Thebe Magugu,"Afro-encycopaedic Fashion 52 Bompas Road, Dunkeld, Johannesburg  Tuesday - Friday: 09:00 to 17:00 Saturdays: 09:00 to 15:00",,0.0,314.0,821.0,May 2009,0,0.3814,0.3814,0.3131,0.3055,0.6186
ajstream,https://x.com/ajstream,The Stream,The Stream is where Al Jazeera's global audience becomes a community. We are here to amplify your voice.,,0.0,836.0,1356.0,January 2011,0,0.3814,0.3814,0.3105,0.308,0.6186
30for30,https://x.com/30for30,30 for 30,"Check out the ENTIRE 30 for 30 collection on  @ESPNPlus , a part of The Disney Bundle.",,0.0,1399.0,30.0,June 2009,0,0.3818,0.3818,0.3005,0.3178,0.6182
abcsharktank,https://x.com/abcsharktank,Shark Tank,"The official X for #SharkTank. New episodes return Wednesday, January 7 on ABC and Stream on Hulu!",The Shark Tank,0.0,301.0,6158.0,January 2012,0,0.3829,0.3829,0.3285,0.2886,0.6171
alshiraz1,https://x.com/alshiraz1,Shiraz Habbib,,South Africa,270.0,2750.0,0.0,August 2014,0,0.3831,0.3831,0.286,0.3309,0.6169
allawati,https://x.com/allawati,Abbas Al Lawati,"Middle East Editor  @CNN . Ex- @business . Usual caveats apply. Pic in banner is Muttrah, Oman.",The Gulf,7828.0,2389.0,0.0,May 2009,0,0.3839,0.3839,0.2946,0.3215,0.6161
7negiashish,https://x.com/7negiashish,Ashish Negi,"#ProudIndian | Working at the backend of  @KhelNow  | #IndianFootball, #IndianSports & #MUFC Fan | Technology lover |",India,0.0,609.0,5593.0,November 2013,0,0.3839,0.3839,0.3122,0.3039,0.6161
alghadeer_tv,https://x.com/alghadeer_tv,قناة الغدير,الصفحة الرسمية لقناة الغدير على منصة اكس ( تويتر سابقا )... تصلك الاخبار اولا باول رابط القناة على التليكرام :  t.me/alghadeertv,العراق,0.0,24.0,1381.0,June 2014,0,0.3839,0.3839,0.3026,0.3135,0.6161
albionroar,https://x.com/albionroar,Albion Roar BHAFC,Est 2007. The original Brighton & Hove Albion fans' radio show/podcast. Join Ady & Al every Wed @ 8pm on  @radioreverb  or subscribe to the podcast on AudioBoom.,Brighton,9733.0,1030.0,0.0,May 2010,0,0.3839,0.3839,0.2946,0.3215,0.6161
alarabytv,https://x.com/alarabytv,التلفزيون العربي,التلفزيون العربي.. الصورة الأوضح تابعوا تغطيتنا للأخبار العاجلة على مدار الساعة  @Alarabytv_BRK,"Lusail, Qatar",0.0,11.0,1356.0,April 2014,0,0.3839,0.3839,0.3026,0.3135,0.6161
abhishekbhaya,https://x.com/abhishekbhaya,Abhishek G. Bhaya अभिषेक অভিষেক ابھیشک 加冕礼,"Journalist/Humanist/Universalist Int'l Relations, Religion, Conflict & Peace  @harvard  X  @trtworld @cgtn  @timesofindia  @gulf_news  @khaleejtimes  @muscat_daily",Istanbul/Beijing/Dubai/Muscat,3877.0,3098.0,3931.0,July 2009,0,0.3841,0.3841,0.306,0.3098,0.6159
ainslielab,https://x.com/ainslielab,Kristy Ainslie,Researcher in vaccine & drug delivery infectious & autoimmune diseases & cancer.  Ally. Mom 2 boys. She/her.  @kristy -ainslie-lab.bsky.social. My views.,"Chapel Hill, NC",5695.0,2132.0,3920.0,April 2010,0,0.3841,0.3841,0.306,0.3098,0.6159
ajos,https://x.com/ajos,Alex Josephson,"Lucky dad of 2. Lesser-half of  @rls2882 . Buy the ticket, take the ride.",NJ / NYC,0.0,2812.0,8239.0,March 2009,0,0.3849,0.3849,0.3273,0.2878,0.6151
abc,https://x.com/abc,ABC News,The only official ABC News account. Download our mobile app for the latest updates:  abcnews.go.com/devices,,0.0,408.0,6158.0,April 2009,0,0.3849,0.3849,0.3291,0.2861,0.6151
abbydphillip,https://x.com/abbydphillip,Abby D. Phillip,"Mom, rule breaker, anchor of CNN Newsnight with Abby Phillip at 10pm ET","Washington, DC",0.0,3911.0,6157.0,March 2010,0,0.3852,0.3852,0.3206,0.2942,0.6148
aaknopf,https://x.com/aaknopf,Alfred A. Knopf,Dedicated to publishing distinguished fiction and nonfiction since 1915.,"New York, NY",0.0,3115.0,6157.0,December 2008,0,0.3852,0.3852,0.3206,0.2942,0.6148
afchine_alavi,https://x.com/afchine_alavi,Afchine Alavi,Pour une République libre et laïque en Iran. Membre de la commission des affaires étrangères du Conseil national de la Résistance iranienne (CNRI) - Linkedin,France,0.0,3018.0,1315.0,July 2009,0,0.3853,0.3853,0.3069,0.3078,0.6147
alihamedanii,https://x.com/alihamedanii,Ali Hamedani,Director  @persianmixradio |  @manotonews | Ex-senior Journalist  @BBCNews  | Film Maker | Doctor of Veterinary Medicine |,"London,United kingdom",0.0,3947.0,1364.0,May 2007,0,0.3853,0.3853,0.3069,0.3078,0.6147
afshin_ashiyani,https://x.com/afshin_ashiyani,afshin ashiyani افشین آشیانی,"football coach,AFC B coaching license, Translator of football coaching books, Investment consultant","Gotha, Germany",73.0,850.0,51.0,October 2013,0,0.3862,0.3862,0.2997,0.3141,0.6138
akbarsahmed,https://x.com/akbarsahmed,Akbar Shahid Ahmed,Senior Diplomatic Correspondent  @HuffPost . Writing a book on the Biden administration & Gaza  @WWNorton . He/him.   akbar.ahmed@huffpost.com or akbar.58 on Signal,"D.C., via Karachi & New Haven.",0.0,3880.0,1361.0,July 2011,0,0.3865,0.3865,0.3033,0.3102,0.6135
adeeb_alomari,https://x.com/adeeb_alomari,اديب العُمري,مخطط مالي معتمد. نائب رئيس الاتحاد السعودي للبلياردو والسنوكر سابقا رئيس الخدمات الخاصه المكلف بساب سابقا تويتر عالم من الاختلاف خاطب المفردات وليس الشخص. عالمي,Riyadh,0.0,1870.0,5047.0,September 2011,0,0.3865,0.3865,0.3033,0.3102,0.6135
ahmet_k_han,https://x.com/ahmet_k_han,Ahmet Kasım Han,"Prof. Dr., Uluslararası İlişkiler, Strateji, Ekonomik - Siyasi Risk Analizi; YK Üyesi/MB  @EdamOrg ; RT not endors.; fav  to self","Istanbul, TR",1.0,2390.0,1307.0,March 2012,0,0.3865,0.3865,0.3033,0.3102,0.6135
akaleditor,https://x.com/akaleditor,EDICIONES AKAL,Editorial independiente  Desde 1972  50 años sembrando futuro  Compromiso con la calidad y rigor de los libros.,España,0.0,2139.0,1357.0,February 2012,0,0.3865,0.3865,0.3033,0.3102,0.6135
agnescallamard,https://x.com/agnescallamard,Agnes Callamard,"Secretary General, Amnesty International. Ex UN Special Rapporteur and Columbia Univ. Tweets on human rights. Views my own.  @agnescallamard .bsky.socia",London,0.0,2694.0,1307.0,July 2011,0,0.3865,0.3865,0.3033,0.3102,0.6135
4refugeewomen,https://x.com/4refugeewomen,Women for Refugee Women 🧡,We support women seeking safety in the UK to rebuild their lives on their own terms.     @4refugeewomen .bsky.social  #WelcomeEveryWoman #SetHerFree,UK,0.0,3581.0,5587.0,July 2011,0,0.3865,0.3865,0.3033,0.3102,0.6135
adellenaz,https://x.com/adellenaz,Adelle Nazarian,American Media Personality | Veteran Journalist | Geopolitical Mastermind | Visionary Entrepreneur,,1.0,8866.0,5768.0,October 2010,0,0.3866,0.3866,0.304,0.3094,0.6134
ahmed_rami,https://x.com/ahmed_rami,Ahmed Rami - احمد رامي,"OFFICER IN MOROCCO, JOURNALIST IN SWEDEN! ضابط في المغر ب، صحافي في  السويد ـ  Téléphone+46708121240  rami.tv","Stockholm, Sweden",1837.0,6334.0,9923.0,March 2010,0,0.3875,0.3875,0.3286,0.284,0.6125
ahlulbayt_says,https://x.com/ahlulbayt_says,أهـلُ البـيت,"أحيوا أمرنا رحم الله من أحيا أمرنا""التعليقات المنشورة لا تعبر عن رأي صفحتنا تابعونا على منصة X  @imam_ali_says  @ahlulbayt_says",Kuwait,0.0,13.0,1315.0,November 2010,0,0.3878,0.3878,0.2976,0.3146,0.6122
alhilal_sg,https://x.com/alhilal_sg,ألعاب الهلال المختلفة,الحساب الرسمي لألعاب الهلال المختلفة | The official account of Al-Hilal’s Sports Games  @Alhilal_FC  @Alhilal_EN,المملكة العربية السعودية,0.0,6.0,2339.0,May 2009,0,0.3878,0.3878,0.2976,0.3146,0.6122
aguilasmonu,https://x.com/aguilasmonu,Águilas Monumental,"¡Fanáticos a morir de EL MÁS GRANDE y más ganador  de México, el  @ClubAmerica  ! Nuestro amor es MONUMENTAL  Telegram:  t.me/aguilasmonumen …",México,0.0,148.0,1311.0,March 2010,0,0.3879,0.3879,0.307,0.3051,0.6121
730no,https://x.com/730no,730.no,730.no ble startet i 2008 og er Norges største frittstående nettsted og plattform for popkultur - og mer  Sjekk ut forsiden:  730.no,"Oslo, Norway",0.0,962.0,730.0,August 2008,0,0.3879,0.3879,0.3045,0.3076,0.6121
alexanderdecroo,https://x.com/alexanderdecroo,Alexander De Croo 🇺🇳,@UNDP  Administrator &  @UN  Under-Secretary-General  | Former Prime Minister of Belgium  | Former Minister of Finance and Development,"New York, USA",0.0,335.0,1376.0,May 2009,0,0.3879,0.3879,0.307,0.3051,0.6121
actforamerica,https://x.com/actforamerica,ACT For America,"The nation’s premier grassroots movement dedicated to preserving America’s culture, sovereignty & security.  SUBSCRIBE:  actforamerica.substack.com","Washington, DC",0.0,508.0,4955.0,July 2010,0,0.3879,0.3879,0.307,0.3051,0.6121
ajenews,https://x.com/ajenews,Al Jazeera Breaking News,"Breaking news from around the world. Follow  @AJEnglish  for analysis, videos and more. Join us on Telegram for real-time updates:  t.me/AJENews_Offici …","Doha, Qatar",0.0,166.0,1353.0,December 2008,0,0.3879,0.3879,0.307,0.3051,0.6121
alialjabiri,https://x.com/alialjabiri,د. علي الجابري,رئيس اتحاد الصحفيين العرب في السويد رئيس تحرير صحيفة يورو تايمز  @eurotimesarabia  ..مذيع اول ومقدم برامج سياسية في قناة ابوظبي سابقاً..,"Stockholm, Sweden",0.0,989.0,1332.0,March 2010,0,0.3879,0.3879,0.3045,0.3076,0.6121
alhilal_en,https://x.com/alhilal_en,AlHilal Saudi Club,The official English account of #Alhilal Saudi Club - Arabic account :  @Alhilal_FC  - Sports Games account :  @Alhilal_SG,Kingdom of Saudi Arabia,0.0,82.0,1384.0,October 2009,0,0.3879,0.3879,0.307,0.3051,0.6121
alhilal_fc,https://x.com/alhilal_fc,نادي الهلال السعودي,الحساب الرسمي لنادي الهلال السعودي | English account  @Alhilal_EN  | ألعاب الهلال المختلفة  @Alhilal_SG  | الفئات السنية  @Alhilal_YT,المملكة العربية السعودية,0.0,79.0,1384.0,April 2009,0,0.3879,0.3879,0.307,0.3051,0.6121
alexlaughs,https://x.com/alexlaughs,alex sujong laughlin,on here less frequently |  @defectormedia  | Normal Gossip co-creator/producer | writer ( @harpersbazaarus  @poynter  @catapultstory  +) | she/her,,0.0,2325.0,200.0,November 2010,0,0.3886,0.3886,0.3039,0.3075,0.6114
2dopequeens,https://x.com/2dopequeens,2 Dope Queens Podcast,Podcast hosted by Phoebe Robinson  @dopequeenpheebs  & Jessica Williams  @msjwilly  from  @WNYCStudios . New episodes every Tuesday.,"Brooklyn, NY",0.0,1094.0,2510.0,December 2013,0,0.3911,0.3911,0.303,0.3059,0.6089
aidinism,https://x.com/aidinism,Aidinism,Evolve!  Freemason |  R&D Engineer  @helloVERSES   Founder of  @Sunagiri_ai   California   youtube.com/c/aidineslami,"Los Angeles, CA",0.0,909.0,9344.0,May 2008,0,0.3912,0.3912,0.3269,0.2819,0.6088
a16z,https://x.com/a16z,a16z,"we invest in software eating the world  a16z.com/portfolio a16z.com/podcasts  Watch ""The Ben & Marc Show"":  youtube.com/@a16z",The Cloud,0.0,52.0,6145.0,August 2009,0,0.3914,0.3914,0.3228,0.2857,0.6086
aaronjmate,https://x.com/aaronjmate,Aaron Maté,Journalist w/  @TheGrayzoneNews  / Writing:  mate.substack.com / Co-host:  @UsefulIdiotpod . Email: aaronmate@protonmail.com,,0.0,4004.0,6157.0,June 2010,0,0.3923,0.3923,0.3196,0.2881,0.6077
alireza84808379,https://x.com/alireza84808379,دموکراسی برابری انقلاب قانون,انقلاب قانون,ایران,149.0,351.0,8996.0,November 2022,1,0.3926,0.3008,0.3926,0.3066,0.6074
4viewers,https://x.com/4viewers,4Viewers,Your source of info for all things  @Channel4  (and sister channels). Want to know more? Click our website link below.,UK,0.0,1330.0,4.0,July 2009,0,0.3947,0.3947,0.2868,0.3185,0.6053
ahmadshuja,https://x.com/ahmadshuja,Shuja Jamal,"Lawyer • Author • Father • Former Afghan civil servant (national security) • Advisory Committee  @KaldorCentre  • Trustee, Australian Refugee Foundation",Melbourne | Naarm,0.0,3284.0,1322.0,May 2008,0,0.395,0.395,0.298,0.307,0.605
adv_project,https://x.com/adv_project,Advancement Project,"Next generation racial justice, civil rights org. Supporting, inspiring nat'l and local movements toward a just democracy. #PoliceFreeSchools #MovementLawyering","Washington, DC",0.0,2014.0,604.0,May 2009,0,0.395,0.395,0.298,0.307,0.605
alexkennedynba,https://x.com/alexkennedynba,Alex Kennedy,"NFL/NBA Deputy Editor at  @PFSN365  | Past:  @ESPN ,  @USATODAYSports ,  @HoopsHype ,  @NBAalumni ,  @basketbllnews  | AlexKennedyNBA@gmail.com",Florida,0.0,4450.0,1376.0,March 2009,0,0.395,0.395,0.298,0.307,0.605
abajournal,https://x.com/abajournal,ABA Journal,"We're the flagship magazine of the ABA, covering the trends, people and finances of the legal profession from Wall Street to Main Street to Pennsylvania Avenue.",ABAJournal.com,0.0,1364.0,6157.0,April 2008,0,0.3988,0.3988,0.3134,0.2877,0.6012
abcnews,https://x.com/abcnews,ABC News,Latest news updates from the Australian Broadcasting Corp. This is an official  @abcaustralia  account.,Australia,0.0,1096.0,6158.0,March 2007,0,0.3988,0.3988,0.3134,0.2877,0.6012
alan_pez_perrie,https://x.com/alan_pez_perrie,Alan Perrie 🦁,"Take a wild guess if you think this shit is the views of my employer... ""Hard, massive and very funny...""","Birmingham, UK",340.0,5662.0,1347.0,November 2009,0,0.4019,0.4019,0.2917,0.3064,0.5981
