iteration,target_column,#classes,#class_0,#class_1,#class_2,min_class_size,training_type,K,algorithm,feature_set,Features_count,balanced,accuracy,precision,recall,F1,AUC
1,target_population,3,50,13,37,13,K-Fold,5,LogReg,desc,51,True,0.52,0.5547388059701492,0.52,0.48623626373626366,0.5859740558292281
1,target_population,3,50,13,37,13,K-Fold,5,LogReg,desc,51,False,0.5,0.42237132352941176,0.5,0.4529796118889708,0.5927574165298304
1,target_population,3,50,13,37,13,LOOCV,,LogReg,desc,51,True,0.54,0.569167326172979,0.54,0.518759785697438,0.5233328954570333
1,target_population,3,50,13,37,13,LOOCV,,LogReg,desc,51,False,0.34,0.2584285714285714,0.34,0.2914676616915423,0.5230687465790915
1,target_population,3,50,13,37,13,K-Fold,5,DecisionTree,desc,51,True,0.48,0.569375,0.48,0.41847982083276203,0.5420541871921182
1,target_population,3,50,13,37,13,K-Fold,5,DecisionTree,desc,51,False,0.47,0.5832839721254355,0.47,0.40481617647058826,0.5462538587848933
1,target_population,3,50,13,37,13,LOOCV,,DecisionTree,desc,51,True,0.45,0.48078947368421054,0.45,0.39391304347826084,0.4540753694581281
1,target_population,3,50,13,37,13,LOOCV,,DecisionTree,desc,51,False,0.46,0.5006766917293233,0.46,0.4026163234172388,0.3149161466885605
1,target_population,3,50,13,37,13,K-Fold,5,RandomForest,desc,51,True,0.5,0.5439269406392694,0.5,0.4544662162162162,0.6220181171319102
1,target_population,3,50,13,37,13,K-Fold,5,RandomForest,desc,51,False,0.49,0.5471917808219178,0.49,0.4459393939393939,0.5913691844553913
1,target_population,3,50,13,37,13,LOOCV,,RandomForest,desc,51,True,0.54,0.5775989010989011,0.54,0.5004343045629467,0.5846489326765189
1,target_population,3,50,13,37,13,LOOCV,,RandomForest,desc,51,False,0.52,0.5530824175824176,0.52,0.4803605219756373,0.5514730158730159
1,target_population,3,50,13,37,13,K-Fold,5,SVM,desc,51,True,0.47,0.4976785714285714,0.47,0.42013528879700224,0.5987159277504106
1,target_population,3,50,13,37,13,K-Fold,5,SVM,desc,51,False,0.47,0.3990463458110517,0.47,0.42859640602234095,0.5679373289545703
1,target_population,3,50,13,37,13,LOOCV,,SVM,desc,51,True,0.49,0.5409722222222222,0.49,0.4432066404543469,0.5522514504652436
1,target_population,3,50,13,37,13,LOOCV,,SVM,desc,51,False,0.32,0.23974124809741248,0.31999999999999995,0.2704598577235772,0.5832963327859878
1,target_population,3,50,13,37,13,K-Fold,5,AdaBoost,desc,51,True,0.44,0.5697726098191215,0.44,0.3496738780947131,0.5394070607553366
1,target_population,3,50,13,37,13,K-Fold,5,AdaBoost,desc,51,False,0.47,0.3071052631578947,0.47,0.33457471264367816,0.5367078817733991
1,target_population,3,50,13,37,13,LOOCV,,AdaBoost,desc,51,True,0.11,0.12634615384615383,0.11,0.11471498727277403,0.24558631636562672
1,target_population,3,50,13,37,13,LOOCV,,AdaBoost,desc,51,False,0.5,0.5033333333333333,0.5,0.36583855185909975,0.3040513409961686
1,target_population,3,50,13,37,13,K-Fold,5,XGBoost,desc,51,True,0.4,0.5059934318555008,0.4,0.29659026598754956,0.4908272577996716
1,target_population,3,50,13,37,13,K-Fold,5,XGBoost,desc,51,False,0.46,0.4146666666666667,0.46,0.42958810068649883,0.5352814449917899
1,target_population,3,50,13,37,13,LOOCV,,XGBoost,desc,51,True,0.44,0.5739166666666667,0.44,0.37633305762338026,0.3854491516146689
1,target_population,3,50,13,37,13,LOOCV,,XGBoost,desc,51,False,0.48,0.5335714285714286,0.48,0.40198347107438015,0.26005769020251784
1,target_population,3,50,13,37,13,K-Fold,5,LogReg,username,100,True,0.5,0.25,0.5,0.33333333333333326,0.48357963875205257
1,target_population,3,50,13,37,13,K-Fold,5,LogReg,username,100,False,0.5,0.25,0.5,0.33333333333333326,0.48357963875205257
1,target_population,3,50,13,37,13,LOOCV,,LogReg,username,100,True,0.5,0.25,0.5,0.33333333333333326,0.0
1,target_population,3,50,13,37,13,LOOCV,,LogReg,username,100,False,0.5,0.25,0.5,0.33333333333333326,0.0
1,target_population,3,50,13,37,13,K-Fold,5,DecisionTree,username,100,True,0.5,0.25,0.5,0.33333333333333326,0.5
1,target_population,3,50,13,37,13,K-Fold,5,DecisionTree,username,100,False,0.5,0.25,0.5,0.33333333333333326,0.5
1,target_population,3,50,13,37,13,LOOCV,,DecisionTree,username,100,True,0.5,0.25,0.5,0.33333333333333326,0.5
1,target_population,3,50,13,37,13,LOOCV,,DecisionTree,username,100,False,0.5,0.25,0.5,0.33333333333333326,0.5
1,target_population,3,50,13,37,13,K-Fold,5,RandomForest,username,100,True,0.5,0.25,0.5,0.33333333333333326,0.49857690202517785
1,target_population,3,50,13,37,13,K-Fold,5,RandomForest,username,100,False,0.5,0.25,0.5,0.33333333333333326,0.49682539682539684
1,target_population,3,50,13,37,13,LOOCV,,RandomForest,username,100,True,0.5,0.25,0.5,0.33333333333333326,0.23239299397920085
1,target_population,3,50,13,37,13,LOOCV,,RandomForest,username,100,False,0.5,0.25,0.5,0.33333333333333326,0.3202440065681445
1,target_population,3,50,13,37,13,K-Fold,5,SVM,username,100,True,0.46,0.39799999999999996,0.46,0.42649350649350654,0.48357963875205257
1,target_population,3,50,13,37,13,K-Fold,5,SVM,username,100,False,0.5,0.25,0.5,0.33333333333333326,0.48357963875205257
1,target_population,3,50,13,37,13,LOOCV,,SVM,username,100,True,0.0,0.0,0.0,0.0,0.9447126436781609
1,target_population,3,50,13,37,13,LOOCV,,SVM,username,100,False,0.5,0.25,0.5,0.33333333333333326,0.0
1,target_population,3,50,13,37,13,K-Fold,5,AdaBoost,username,100,True,0.4,0.38875,0.4,0.33260073260073253,0.4899288451012589
1,target_population,3,50,13,37,13,K-Fold,5,AdaBoost,username,100,False,0.5,0.25,0.5,0.33333333333333326,0.48357963875205257
1,target_population,3,50,13,37,13,LOOCV,,AdaBoost,username,100,True,0.0,0.0,0.0,0.0,0.0
1,target_population,3,50,13,37,13,LOOCV,,AdaBoost,username,100,False,0.5,0.25,0.5,0.33333333333333326,0.0
1,target_population,3,50,13,37,13,K-Fold,5,XGBoost,username,100,True,0.5,0.25,0.5,0.33333333333333326,0.48357963875205257
1,target_population,3,50,13,37,13,K-Fold,5,XGBoost,username,100,False,0.5,0.25,0.5,0.33333333333333326,0.48357963875205257
1,target_population,3,50,13,37,13,LOOCV,,XGBoost,username,100,True,0.0,0.0,0.0,0.0,0.0
1,target_population,3,50,13,37,13,LOOCV,,XGBoost,username,100,False,0.5,0.25,0.5,0.33333333333333326,0.0
1,target_population,3,50,13,37,13,K-Fold,5,LogReg,fullname,173,True,0.5,0.5265750915750916,0.5,0.3840175438596491,0.5483794198139026
1,target_population,3,50,13,37,13,K-Fold,5,LogReg,fullname,173,False,0.5,0.25252525252525254,0.5,0.33557046979865773,0.55567947454844
1,target_population,3,50,13,37,13,LOOCV,,LogReg,fullname,173,True,0.43,0.31263636363636366,0.43,0.32196687370600413,0.30527991242474006
1,target_population,3,50,13,37,13,LOOCV,,LogReg,fullname,173,False,0.5,0.25252525252525254,0.5,0.33557046979865773,0.24679343185550082
1,target_population,3,50,13,37,13,K-Fold,5,DecisionTree,fullname,173,True,0.21,0.3691718555417185,0.21,0.1794775504353746,0.5047564313081554
1,target_population,3,50,13,37,13,K-Fold,5,DecisionTree,fullname,173,False,0.22,0.4306263736263736,0.22,0.21905253878157044,0.4878051450465243
1,target_population,3,50,13,37,13,LOOCV,,DecisionTree,fullname,173,True,0.17,0.3338444687842278,0.17,0.14183743169398907,0.492840722495895
1,target_population,3,50,13,37,13,LOOCV,,DecisionTree,fullname,173,False,0.12,0.18966898954703834,0.12,0.0972828947368421,0.44721948549534757
1,target_population,3,50,13,37,13,K-Fold,5,RandomForest,fullname,173,True,0.2,0.37155695611577966,0.2,0.21040095398428732,0.462295128626163
1,target_population,3,50,13,37,13,K-Fold,5,RandomForest,fullname,173,False,0.21,0.23918880455407968,0.21,0.19530864197530864,0.4704273125342091
1,target_population,3,50,13,37,13,LOOCV,,RandomForest,fullname,173,True,0.14,0.21725735294117643,0.14,0.12404750441341678,0.41462380952380956
1,target_population,3,50,13,37,13,LOOCV,,RandomForest,fullname,173,False,0.16,0.24821710526315788,0.16,0.15000467508181392,0.4238750410509031
1,target_population,3,50,13,37,13,K-Fold,5,SVM,fullname,173,True,0.42,0.4466666666666667,0.42,0.3708270676691729,0.42671275314723595
1,target_population,3,50,13,37,13,K-Fold,5,SVM,fullname,173,False,0.51,0.44010204081632653,0.51,0.3568121968121968,0.4482934865900384
1,target_population,3,50,13,37,13,LOOCV,,SVM,fullname,173,True,0.37,0.3451898734177215,0.37,0.2900663129973475,0.2256778325123153
1,target_population,3,50,13,37,13,LOOCV,,SVM,fullname,173,False,0.5,0.37591065292096215,0.5,0.3518333333333333,0.11276869184455393
1,target_population,3,50,13,37,13,K-Fold,5,AdaBoost,fullname,173,True,0.42,0.4263888888888889,0.42,0.41144022644022643,0.5162326765188834
1,target_population,3,50,13,37,13,K-Fold,5,AdaBoost,fullname,173,False,0.5,0.25,0.5,0.33333333333333326,0.48443552271483303
1,target_population,3,50,13,37,13,LOOCV,,AdaBoost,fullname,173,True,0.49,0.29888888888888887,0.49,0.36402597402597403,0.6768738916256157
1,target_population,3,50,13,37,13,LOOCV,,AdaBoost,fullname,173,False,0.49,0.2474747474747475,0.49,0.3288590604026846,0.17661357416529833
1,target_population,3,50,13,37,13,K-Fold,5,XGBoost,fullname,173,True,0.39,0.43793103448275855,0.39,0.2753948082980341,0.5023315270935961
1,target_population,3,50,13,37,13,K-Fold,5,XGBoost,fullname,173,False,0.47,0.3862582417582418,0.47,0.35899440696534624,0.5030834154351396
1,target_population,3,50,13,37,13,LOOCV,,XGBoost,fullname,173,True,0.39,0.3933477011494253,0.39,0.2764097193129451,0.16861280788177338
1,target_population,3,50,13,37,13,LOOCV,,XGBoost,fullname,173,False,0.44,0.23404255319148937,0.44,0.3055555555555556,0.15661127531472363
1,target_population,3,50,13,37,13,K-Fold,5,LogReg,desc_user,51,True,0.52,0.5547388059701492,0.52,0.48623626373626366,0.5859740558292281
1,target_population,3,50,13,37,13,K-Fold,5,LogReg,desc_user,51,False,0.5,0.42237132352941176,0.5,0.4529796118889708,0.5927574165298304
1,target_population,3,50,13,37,13,LOOCV,,LogReg,desc_user,51,True,0.54,0.569167326172979,0.54,0.518759785697438,0.5233328954570333
1,target_population,3,50,13,37,13,LOOCV,,LogReg,desc_user,51,False,0.34,0.2584285714285714,0.34,0.2914676616915423,0.5230687465790915
1,target_population,3,50,13,37,13,K-Fold,5,DecisionTree,desc_user,51,True,0.48,0.569375,0.48,0.41847982083276203,0.5420541871921182
1,target_population,3,50,13,37,13,K-Fold,5,DecisionTree,desc_user,51,False,0.47,0.5832839721254355,0.47,0.40481617647058826,0.5462538587848933
1,target_population,3,50,13,37,13,LOOCV,,DecisionTree,desc_user,51,True,0.45,0.48078947368421054,0.45,0.39391304347826084,0.4540753694581281
1,target_population,3,50,13,37,13,LOOCV,,DecisionTree,desc_user,51,False,0.46,0.5006766917293233,0.46,0.4026163234172388,0.3149161466885605
1,target_population,3,50,13,37,13,K-Fold,5,RandomForest,desc_user,51,True,0.5,0.5439269406392694,0.5,0.4544662162162162,0.6220181171319102
1,target_population,3,50,13,37,13,K-Fold,5,RandomForest,desc_user,51,False,0.49,0.5471917808219178,0.49,0.4459393939393939,0.5913691844553913
1,target_population,3,50,13,37,13,LOOCV,,RandomForest,desc_user,51,True,0.54,0.5775989010989011,0.54,0.5004343045629467,0.5846489326765189
1,target_population,3,50,13,37,13,LOOCV,,RandomForest,desc_user,51,False,0.52,0.5530824175824176,0.52,0.4803605219756373,0.5514730158730159
1,target_population,3,50,13,37,13,K-Fold,5,SVM,desc_user,51,True,0.47,0.4976785714285714,0.47,0.42013528879700224,0.5987159277504106
1,target_population,3,50,13,37,13,K-Fold,5,SVM,desc_user,51,False,0.47,0.3990463458110517,0.47,0.42859640602234095,0.5679373289545703
1,target_population,3,50,13,37,13,LOOCV,,SVM,desc_user,51,True,0.49,0.5409722222222222,0.49,0.4432066404543469,0.5522514504652436
1,target_population,3,50,13,37,13,LOOCV,,SVM,desc_user,51,False,0.32,0.23974124809741248,0.31999999999999995,0.2704598577235772,0.5832963327859878
1,target_population,3,50,13,37,13,K-Fold,5,AdaBoost,desc_user,51,True,0.44,0.5697726098191215,0.44,0.3496738780947131,0.5394070607553366
1,target_population,3,50,13,37,13,K-Fold,5,AdaBoost,desc_user,51,False,0.47,0.3071052631578947,0.47,0.33457471264367816,0.5367078817733991
1,target_population,3,50,13,37,13,LOOCV,,AdaBoost,desc_user,51,True,0.11,0.12634615384615383,0.11,0.11471498727277403,0.24558631636562672
1,target_population,3,50,13,37,13,LOOCV,,AdaBoost,desc_user,51,False,0.5,0.5033333333333333,0.5,0.36583855185909975,0.3040513409961686
1,target_population,3,50,13,37,13,K-Fold,5,XGBoost,desc_user,51,True,0.4,0.5059934318555008,0.4,0.29659026598754956,0.4908272577996716
1,target_population,3,50,13,37,13,K-Fold,5,XGBoost,desc_user,51,False,0.46,0.4146666666666667,0.46,0.42958810068649883,0.5352814449917899
1,target_population,3,50,13,37,13,LOOCV,,XGBoost,desc_user,51,True,0.44,0.5739166666666667,0.44,0.37633305762338026,0.3854491516146689
1,target_population,3,50,13,37,13,LOOCV,,XGBoost,desc_user,51,False,0.48,0.5335714285714286,0.48,0.40198347107438015,0.26005769020251784
1,target_population,3,50,13,37,13,K-Fold,5,LogReg,desc_fullname,64,True,0.5,0.5418806073153899,0.5,0.47116834094368343,0.5915559934318555
1,target_population,3,50,13,37,13,K-Fold,5,LogReg,desc_fullname,64,False,0.52,0.4477843803056028,0.52,0.48023333333333335,0.6099486590038314
1,target_population,3,50,13,37,13,LOOCV,,LogReg,desc_fullname,64,True,0.51,0.5513558897243108,0.51,0.49833138492712964,0.5516619594964424
1,target_population,3,50,13,37,13,LOOCV,,LogReg,desc_fullname,64,False,0.39,0.30971428571428566,0.39,0.34126865671641793,0.5467709906951286
1,target_population,3,50,13,37,13,K-Fold,5,DecisionTree,desc_fullname,64,True,0.46,0.49985828877005345,0.46,0.42422498274672193,0.49384904214559383
1,target_population,3,50,13,37,13,K-Fold,5,DecisionTree,desc_fullname,64,False,0.46,0.4819216417910448,0.46,0.4258424908424908,0.5188125889436235
1,target_population,3,50,13,37,13,LOOCV,,DecisionTree,desc_fullname,64,True,0.46,0.4727873563218391,0.46,0.4410052631578947,0.48396081007115493
1,target_population,3,50,13,37,13,LOOCV,,DecisionTree,desc_fullname,64,False,0.51,0.5204377880184332,0.51,0.48259779077322934,0.4599256704980843
1,target_population,3,50,13,37,13,K-Fold,5,RandomForest,desc_fullname,64,True,0.49,0.5234989648033125,0.49,0.45261244263131056,0.5679284619594965
1,target_population,3,50,13,37,13,K-Fold,5,RandomForest,desc_fullname,64,False,0.51,0.5404285714285715,0.51,0.46933541017653163,0.5663745484400657
1,target_population,3,50,13,37,13,LOOCV,,RandomForest,desc_fullname,64,True,0.51,0.5155865800865801,0.51,0.48724916159483295,0.5817887246852764
1,target_population,3,50,13,37,13,LOOCV,,RandomForest,desc_fullname,64,False,0.53,0.53149662487946,0.53,0.5028798185941044,0.5529276409414341
1,target_population,3,50,13,37,13,K-Fold,5,SVM,desc_fullname,64,True,0.49,0.543062937062937,0.49,0.46049019607843134,0.5503114395183362
1,target_population,3,50,13,37,13,K-Fold,5,SVM,desc_fullname,64,False,0.5,0.43053171641791044,0.5,0.4578372352285396,0.5405195402298851
1,target_population,3,50,13,37,13,LOOCV,,SVM,desc_fullname,64,True,0.52,0.5578471177944863,0.52,0.5062037253526614,0.3960205801860975
1,target_population,3,50,13,37,13,LOOCV,,SVM,desc_fullname,64,False,0.34,0.2611904761904762,0.34,0.2914401008827238,0.33092063492063495
1,target_population,3,50,13,37,13,K-Fold,5,AdaBoost,desc_fullname,64,True,0.4,0.4117918592706728,0.4,0.3867835628227194,0.5081347016967707
1,target_population,3,50,13,37,13,K-Fold,5,AdaBoost,desc_fullname,64,False,0.48,0.4075,0.48,0.37165079365079373,0.5378505747126436
1,target_population,3,50,13,37,13,LOOCV,,AdaBoost,desc_fullname,64,True,0.39,0.45595238095238094,0.39,0.3291995221027479,0.42371778872468524
1,target_population,3,50,13,37,13,LOOCV,,AdaBoost,desc_fullname,64,False,0.51,0.38252525252525255,0.51,0.3541418983700863,0.47339430760810075
1,target_population,3,50,13,37,13,K-Fold,5,XGBoost,desc_fullname,64,True,0.42,0.5446363636363637,0.42,0.36567135050741606,0.5202894362342638
1,target_population,3,50,13,37,13,K-Fold,5,XGBoost,desc_fullname,64,False,0.46,0.49359038662486937,0.46,0.4343717995985416,0.5489065681444992
1,target_population,3,50,13,37,13,LOOCV,,XGBoost,desc_fullname,64,True,0.47,0.5664269406392693,0.47,0.4224307692307693,0.41942287903667214
1,target_population,3,50,13,37,13,LOOCV,,XGBoost,desc_fullname,64,False,0.52,0.5831115459882583,0.52,0.47445454545454546,0.37186119321291744
1,target_population,3,50,13,37,13,K-Fold,5,LogReg,user_fullname,268,True,0.5,0.5019858156028368,0.5,0.3703333333333333,0.5407227148330597
1,target_population,3,50,13,37,13,K-Fold,5,LogReg,user_fullname,268,False,0.5,0.25,0.5,0.33333333333333326,0.5556298850574712
1,target_population,3,50,13,37,13,LOOCV,,LogReg,user_fullname,268,True,0.45,0.33425824175824176,0.45,0.3301055180764574,0.289527969348659
1,target_population,3,50,13,37,13,LOOCV,,LogReg,user_fullname,268,False,0.5,0.25,0.5,0.33333333333333326,0.23577744937055287
1,target_population,3,50,13,37,13,K-Fold,5,DecisionTree,user_fullname,268,True,0.43,0.45380070993914806,0.43,0.42279699248120295,0.5255500821018062
1,target_population,3,50,13,37,13,K-Fold,5,DecisionTree,user_fullname,268,False,0.49,0.4636881720430108,0.49,0.3620901320901321,0.5090749863163656
1,target_population,3,50,13,37,13,LOOCV,,DecisionTree,user_fullname,268,True,0.11,0.14267080745341615,0.11,0.12233333333333332,0.22399562123700056
1,target_population,3,50,13,37,13,LOOCV,,DecisionTree,user_fullname,268,False,0.44,0.2391304347826087,0.44,0.30985915492957744,0.46745484400656806
1,target_population,3,50,13,37,13,K-Fold,5,RandomForest,user_fullname,268,True,0.5,0.25,0.5,0.33333333333333326,0.5038407772304325
1,target_population,3,50,13,37,13,K-Fold,5,RandomForest,user_fullname,268,False,0.5,0.25,0.5,0.33333333333333326,0.5489585112205801
1,target_population,3,50,13,37,13,LOOCV,,RandomForest,user_fullname,268,True,0.49,0.2474747474747475,0.49,0.3288590604026846,0.3469084838533114
1,target_population,3,50,13,37,13,LOOCV,,RandomForest,user_fullname,268,False,0.5,0.25,0.5,0.33333333333333326,0.3205213464696223
1,target_population,3,50,13,37,13,K-Fold,5,SVM,user_fullname,268,True,0.42,0.3893793103448276,0.42,0.37086004968650177,0.4293893814997263
1,target_population,3,50,13,37,13,K-Fold,5,SVM,user_fullname,268,False,0.5,0.25252525252525254,0.5,0.33557046979865773,0.43298927203065135
1,target_population,3,50,13,37,13,LOOCV,,SVM,user_fullname,268,True,0.43,0.4136996336996337,0.43,0.3608426209430496,0.2367111111111111
1,target_population,3,50,13,37,13,LOOCV,,SVM,user_fullname,268,False,0.5,0.25252525252525254,0.5,0.33557046979865773,0.1501992337164751
1,target_population,3,50,13,37,13,K-Fold,5,AdaBoost,user_fullname,268,True,0.42,0.41555555555555557,0.42,0.4066756635177688,0.5219157635467979
1,target_population,3,50,13,37,13,K-Fold,5,AdaBoost,user_fullname,268,False,0.5,0.25,0.5,0.33333333333333326,0.5005009852216749
1,target_population,3,50,13,37,13,LOOCV,,AdaBoost,user_fullname,268,True,0.49,0.42234848484848486,0.49,0.3800415019762846,0.6881310344827587
1,target_population,3,50,13,37,13,LOOCV,,AdaBoost,user_fullname,268,False,0.5,0.25,0.5,0.33333333333333326,0.2599785440613027
1,target_population,3,50,13,37,13,K-Fold,5,XGBoost,user_fullname,268,True,0.39,0.44170454545454546,0.39,0.2754598941798942,0.5092820470717022
1,target_population,3,50,13,37,13,K-Fold,5,XGBoost,user_fullname,268,False,0.47,0.3862582417582418,0.47,0.35899440696534624,0.5030834154351396
1,target_population,3,50,13,37,13,LOOCV,,XGBoost,user_fullname,268,True,0.39,0.3986688311688312,0.39,0.27664363636363637,0.1646782703886152
1,target_population,3,50,13,37,13,LOOCV,,XGBoost,user_fullname,268,False,0.44,0.23404255319148937,0.44,0.3055555555555556,0.15661127531472363
1,target_population,3,50,13,37,13,K-Fold,5,LogReg,desc_user_fullname,64,True,0.5,0.5418806073153899,0.5,0.47116834094368343,0.5915559934318555
1,target_population,3,50,13,37,13,K-Fold,5,LogReg,desc_user_fullname,64,False,0.52,0.4477843803056028,0.52,0.48023333333333335,0.6099486590038314
1,target_population,3,50,13,37,13,LOOCV,,LogReg,desc_user_fullname,64,True,0.51,0.5513558897243108,0.51,0.49833138492712964,0.5516619594964424
1,target_population,3,50,13,37,13,LOOCV,,LogReg,desc_user_fullname,64,False,0.39,0.30971428571428566,0.39,0.34126865671641793,0.5467709906951286
1,target_population,3,50,13,37,13,K-Fold,5,DecisionTree,desc_user_fullname,64,True,0.46,0.49985828877005345,0.46,0.42422498274672193,0.49384904214559383
1,target_population,3,50,13,37,13,K-Fold,5,DecisionTree,desc_user_fullname,64,False,0.46,0.4819216417910448,0.46,0.4258424908424908,0.5188125889436235
1,target_population,3,50,13,37,13,LOOCV,,DecisionTree,desc_user_fullname,64,True,0.46,0.4727873563218391,0.46,0.4410052631578947,0.48396081007115493
1,target_population,3,50,13,37,13,LOOCV,,DecisionTree,desc_user_fullname,64,False,0.51,0.5204377880184332,0.51,0.48259779077322934,0.4599256704980843
1,target_population,3,50,13,37,13,K-Fold,5,RandomForest,desc_user_fullname,64,True,0.49,0.5234989648033125,0.49,0.45261244263131056,0.5679284619594965
1,target_population,3,50,13,37,13,K-Fold,5,RandomForest,desc_user_fullname,64,False,0.51,0.5404285714285715,0.51,0.46933541017653163,0.5663745484400657
1,target_population,3,50,13,37,13,LOOCV,,RandomForest,desc_user_fullname,64,True,0.51,0.5155865800865801,0.51,0.48724916159483295,0.5817887246852765
1,target_population,3,50,13,37,13,LOOCV,,RandomForest,desc_user_fullname,64,False,0.53,0.53149662487946,0.53,0.5028798185941044,0.5529276409414341
1,target_population,3,50,13,37,13,K-Fold,5,SVM,desc_user_fullname,64,True,0.49,0.543062937062937,0.49,0.46049019607843134,0.5503114395183362
1,target_population,3,50,13,37,13,K-Fold,5,SVM,desc_user_fullname,64,False,0.5,0.43053171641791044,0.5,0.4578372352285396,0.5405195402298851
1,target_population,3,50,13,37,13,LOOCV,,SVM,desc_user_fullname,64,True,0.52,0.5578471177944863,0.52,0.5062037253526614,0.3960205801860975
1,target_population,3,50,13,37,13,LOOCV,,SVM,desc_user_fullname,64,False,0.34,0.2611904761904762,0.34,0.2914401008827238,0.33092063492063495
1,target_population,3,50,13,37,13,K-Fold,5,AdaBoost,desc_user_fullname,64,True,0.4,0.4117918592706728,0.4,0.3867835628227194,0.5081347016967707
1,target_population,3,50,13,37,13,K-Fold,5,AdaBoost,desc_user_fullname,64,False,0.48,0.4075,0.48,0.37165079365079373,0.5378505747126436
1,target_population,3,50,13,37,13,LOOCV,,AdaBoost,desc_user_fullname,64,True,0.39,0.45595238095238094,0.39,0.3291995221027479,0.42371778872468524
1,target_population,3,50,13,37,13,LOOCV,,AdaBoost,desc_user_fullname,64,False,0.51,0.38252525252525255,0.51,0.3541418983700863,0.47339430760810075
1,target_population,3,50,13,37,13,K-Fold,5,XGBoost,desc_user_fullname,64,True,0.42,0.5446363636363637,0.42,0.36567135050741606,0.5202894362342638
1,target_population,3,50,13,37,13,K-Fold,5,XGBoost,desc_user_fullname,64,False,0.46,0.49359038662486937,0.46,0.4343717995985416,0.5489065681444992
1,target_population,3,50,13,37,13,LOOCV,,XGBoost,desc_user_fullname,64,True,0.47,0.5664269406392693,0.47,0.4224307692307693,0.41942287903667214
1,target_population,3,50,13,37,13,LOOCV,,XGBoost,desc_user_fullname,64,False,0.52,0.5831115459882583,0.52,0.47445454545454546,0.37186119321291744
1,target_population,3,50,13,37,13,K-Fold,5,LogReg,numeric,11,True,0.64,0.6689767441860465,0.64,0.6493743890518084,0.7502180623973729
1,target_population,3,50,13,37,13,K-Fold,5,LogReg,numeric,11,False,0.67,0.6678713811105839,0.67,0.6646121933621933,0.7472275862068964
1,target_population,3,50,13,37,13,LOOCV,,LogReg,numeric,11,True,0.62,0.6423391812865498,0.62,0.6280357786589762,0.7533296113847838
1,target_population,3,50,13,37,13,LOOCV,,LogReg,numeric,11,False,0.66,0.6549087301587302,0.66,0.6511851667496267,0.7347547892720308
1,target_population,3,50,13,37,13,K-Fold,5,DecisionTree,numeric,11,True,0.57,0.5722130503144655,0.57,0.5695691370680818,0.6414176245210728
1,target_population,3,50,13,37,13,K-Fold,5,DecisionTree,numeric,11,False,0.55,0.5546778656126483,0.55,0.5495692431561996,0.6229775588396278
1,target_population,3,50,13,37,13,LOOCV,,DecisionTree,numeric,11,True,0.56,0.5578451178451178,0.56,0.5577802197802199,0.6314176245210729
1,target_population,3,50,13,37,13,LOOCV,,DecisionTree,numeric,11,False,0.58,0.5723690476190477,0.58,0.5747864275044084,0.6532293377120962
1,target_population,3,50,13,37,13,K-Fold,5,RandomForest,numeric,11,True,0.61,0.5786342694164107,0.61,0.586808680753855,0.7747599343185549
1,target_population,3,50,13,37,13,K-Fold,5,RandomForest,numeric,11,False,0.63,0.5586906290115532,0.63,0.5921782890007189,0.7721655719759168
1,target_population,3,50,13,37,13,LOOCV,,RandomForest,numeric,11,True,0.57,0.524830053667263,0.57,0.5460833333333333,0.751803448275862
1,target_population,3,50,13,37,13,LOOCV,,RandomForest,numeric,11,False,0.59,0.5594321653189579,0.59,0.5700349569183291,0.7599297755883964
1,target_population,3,50,13,37,13,K-Fold,5,SVM,numeric,11,True,0.64,0.6798923444976077,0.64,0.6505904761904762,0.7812248494800218
1,target_population,3,50,13,37,13,K-Fold,5,SVM,numeric,11,False,0.65,0.6534308510638297,0.65,0.6451378446115288,0.7577241379310344
1,target_population,3,50,13,37,13,LOOCV,,SVM,numeric,11,True,0.64,0.672363836420319,0.64,0.648527558715794,0.7500132457580733
1,target_population,3,50,13,37,13,LOOCV,,SVM,numeric,11,False,0.62,0.6262003968253969,0.62,0.6145417956656347,0.7202036124794745
1,target_population,3,50,13,37,13,K-Fold,5,AdaBoost,numeric,11,True,0.65,0.6602777777777779,0.65,0.654357822486576,0.7234942528735633
1,target_population,3,50,13,37,13,K-Fold,5,AdaBoost,numeric,11,False,0.61,0.60625,0.61,0.6070355731225296,0.6695558292282431
1,target_population,3,50,13,37,13,LOOCV,,AdaBoost,numeric,11,True,0.63,0.6487417582417582,0.63,0.6326236116824353,0.683488122605364
1,target_population,3,50,13,37,13,LOOCV,,AdaBoost,numeric,11,False,0.6,0.5914886877828054,0.6,0.5949865192468904,0.7088907498631637
1,target_population,3,50,13,37,13,K-Fold,5,XGBoost,numeric,11,True,0.59,0.563316276803119,0.59,0.5753501831501832,0.7316782703886153
1,target_population,3,50,13,37,13,K-Fold,5,XGBoost,numeric,11,False,0.6,0.5420512820512821,0.6,0.5693507132316773,0.727551395730706
1,target_population,3,50,13,37,13,LOOCV,,XGBoost,numeric,11,True,0.61,0.6178469387755103,0.61,0.6136559331079879,0.7465677066228791
1,target_population,3,50,13,37,13,LOOCV,,XGBoost,numeric,11,False,0.57,0.5378070175438596,0.57,0.5533538461538461,0.7420951286261631
1,target_population,3,50,13,37,13,K-Fold,5,LogReg,desc+numeric,62,True,0.63,0.6569285714285713,0.63,0.6396544391281234,0.7488605363984674
1,target_population,3,50,13,37,13,K-Fold,5,LogReg,desc+numeric,62,False,0.66,0.6508305647840531,0.66,0.6502500000000001,0.7472187192118227
1,target_population,3,50,13,37,13,LOOCV,,LogReg,desc+numeric,62,True,0.62,0.6356794425087108,0.62,0.62618383565752,0.7513827038861521
1,target_population,3,50,13,37,13,LOOCV,,LogReg,desc+numeric,62,False,0.66,0.6519016697588126,0.66,0.6502682379349046,0.7396359058565956
1,target_population,3,50,13,37,13,K-Fold,5,DecisionTree,desc+numeric,62,True,0.58,0.573261562998405,0.58,0.5763336633663367,0.6491023535851121
1,target_population,3,50,13,37,13,K-Fold,5,DecisionTree,desc+numeric,62,False,0.57,0.5746969696969697,0.57,0.5693698975571315,0.6452928297755883
1,target_population,3,50,13,37,13,LOOCV,,DecisionTree,desc+numeric,62,True,0.58,0.5723776223776224,0.58,0.5758333333333333,0.6470388615216202
1,target_population,3,50,13,37,13,LOOCV,,DecisionTree,desc+numeric,62,False,0.51,0.49466993464052295,0.51,0.5016368779735116,0.5894198139025726
1,target_population,3,50,13,37,13,K-Fold,5,RandomForest,desc+numeric,62,True,0.6,0.5452116402116403,0.6,0.5712122687439144,0.7669958401751505
1,target_population,3,50,13,37,13,K-Fold,5,RandomForest,desc+numeric,62,False,0.59,0.5349002217294899,0.59,0.5610989010989011,0.7634020251778872
1,target_population,3,50,13,37,13,LOOCV,,RandomForest,desc+numeric,62,True,0.6,0.5263093220338984,0.6,0.5604885023233648,0.7434451012588943
1,target_population,3,50,13,37,13,LOOCV,,RandomForest,desc+numeric,62,False,0.6,0.5265264928511354,0.6,0.5607977207977208,0.7708661193212918
1,target_population,3,50,13,37,13,K-Fold,5,SVM,desc+numeric,62,True,0.62,0.6487828282828283,0.62,0.6302316667108273,0.7720633825944171
1,target_population,3,50,13,37,13,K-Fold,5,SVM,desc+numeric,62,False,0.63,0.6194202898550725,0.63,0.6176069260932021,0.7683303776683087
1,target_population,3,50,13,37,13,LOOCV,,SVM,desc+numeric,62,True,0.63,0.6609803921568627,0.63,0.6409274844111107,0.7502434592227697
1,target_population,3,50,13,37,13,LOOCV,,SVM,desc+numeric,62,False,0.65,0.6434925788497217,0.65,0.6411324354657688,0.7282022988505747
1,target_population,3,50,13,37,13,K-Fold,5,AdaBoost,desc+numeric,62,True,0.6,0.5996767937944409,0.6,0.5992917855718187,0.6943783798576902
1,target_population,3,50,13,37,13,K-Fold,5,AdaBoost,desc+numeric,62,False,0.6,0.5903703703703704,0.6,0.593041958041958,0.680576135741653
1,target_population,3,50,13,37,13,LOOCV,,AdaBoost,desc+numeric,62,True,0.6,0.6161312752051175,0.6,0.6068978016287718,0.6575709906951286
1,target_population,3,50,13,37,13,LOOCV,,AdaBoost,desc+numeric,62,False,0.62,0.6090492359932088,0.62,0.6113141286421111,0.7231298303229338
1,target_population,3,50,13,37,13,K-Fold,5,XGBoost,desc+numeric,62,True,0.59,0.5594087491455911,0.59,0.5725809523809524,0.7349392446633826
1,target_population,3,50,13,37,13,K-Fold,5,XGBoost,desc+numeric,62,False,0.59,0.5359523809523808,0.59,0.5615968841285297,0.7292141215106733
1,target_population,3,50,13,37,13,LOOCV,,XGBoost,desc+numeric,62,True,0.62,0.618768969126112,0.62,0.6191479000531632,0.7465037766830869
1,target_population,3,50,13,37,13,LOOCV,,XGBoost,desc+numeric,62,False,0.56,0.5307884615384616,0.56,0.5449554367201426,0.7448353585112205
1,target_population,2,50,13,0,13,K-Fold,5,LogReg,desc,51,True,0.6507936507936508,0.6292596292596293,0.6507936507936508,0.6396669779022721,0.4469230769230769
1,target_population,2,50,13,0,13,K-Fold,5,LogReg,desc,51,False,0.7936507936507936,0.6298815822625347,0.7936507936507936,0.7023458350891979,0.45153846153846156
1,target_population,2,50,13,0,13,LOOCV,,LogReg,desc,51,True,0.6825396825396826,0.6402116402116402,0.6825396825396826,0.6597846597846598,0.4015384615384615
1,target_population,2,50,13,0,13,LOOCV,,LogReg,desc,51,False,0.7936507936507936,0.6298815822625347,0.7936507936507936,0.7023458350891979,0.2784615384615385
1,target_population,2,50,13,0,13,K-Fold,5,DecisionTree,desc,51,True,0.49206349206349204,0.699092970521542,0.49206349206349204,0.5368335368335369,0.523076923076923
1,target_population,2,50,13,0,13,K-Fold,5,DecisionTree,desc,51,False,0.7301587301587301,0.6609579504316346,0.7301587301587301,0.6892777114124875,0.5107692307692309
1,target_population,2,50,13,0,13,LOOCV,,DecisionTree,desc,51,True,0.38095238095238093,0.6984532943612227,0.38095238095238093,0.40162384204883567,0.4830769230769231
1,target_population,2,50,13,0,13,LOOCV,,DecisionTree,desc,51,False,0.7142857142857143,0.6530612244897959,0.7142857142857143,0.6795148247978436,0.3476923076923077
1,target_population,2,50,13,0,13,K-Fold,5,RandomForest,desc,51,True,0.5079365079365079,0.6665704665704666,0.5079365079365079,0.5548128282787852,0.5069230769230769
1,target_population,2,50,13,0,13,K-Fold,5,RandomForest,desc,51,False,0.7936507936507936,0.7406973718449128,0.7936507936507936,0.7282139282139282,0.46692307692307694
1,target_population,2,50,13,0,13,LOOCV,,RandomForest,desc,51,True,0.5555555555555556,0.7441077441077442,0.5555555555555556,0.5966183574879227,0.5215384615384616
1,target_population,2,50,13,0,13,LOOCV,,RandomForest,desc,51,False,0.7936507936507936,0.7406973718449128,0.7936507936507936,0.7282139282139282,0.41846153846153844
1,target_population,2,50,13,0,13,K-Fold,5,SVM,desc,51,True,0.6825396825396826,0.6402116402116402,0.6825396825396826,0.6597846597846598,0.5646153846153846
1,target_population,2,50,13,0,13,K-Fold,5,SVM,desc,51,False,0.7936507936507936,0.6298815822625347,0.7936507936507936,0.7023458350891979,0.5053846153846153
1,target_population,2,50,13,0,13,LOOCV,,SVM,desc,51,True,0.6825396825396826,0.6402116402116402,0.6825396825396826,0.6597846597846598,0.32923076923076927
1,target_population,2,50,13,0,13,LOOCV,,SVM,desc,51,False,0.7936507936507936,0.6298815822625347,0.7936507936507936,0.7023458350891979,0.08923076923076925
1,target_population,2,50,13,0,13,K-Fold,5,AdaBoost,desc,51,True,0.6984126984126984,0.6462842712842713,0.6984126984126984,0.6696900982615268,0.4461538461538462
1,target_population,2,50,13,0,13,K-Fold,5,AdaBoost,desc,51,False,0.746031746031746,0.6707170224411604,0.746031746031746,0.6990005878894768,0.47307692307692306
1,target_population,2,50,13,0,13,LOOCV,,AdaBoost,desc,51,True,0.7301587301587301,0.6609579504316346,0.7301587301587301,0.6892777114124875,0.34307692307692306
1,target_population,2,50,13,0,13,LOOCV,,AdaBoost,desc,51,False,0.746031746031746,0.6707170224411604,0.746031746031746,0.6990005878894768,0.24000000000000002
1,target_population,2,50,13,0,13,K-Fold,5,XGBoost,desc,51,True,0.7777777777777778,0.6272401433691757,0.7777777777777778,0.6944444444444444,0.4753846153846154
1,target_population,2,50,13,0,13,K-Fold,5,XGBoost,desc,51,False,0.7936507936507936,0.6298815822625347,0.7936507936507936,0.7023458350891979,0.45384615384615384
1,target_population,2,50,13,0,13,LOOCV,,XGBoost,desc,51,True,0.746031746031746,0.6216931216931216,0.746031746031746,0.6782106782106782,0.07384615384615384
1,target_population,2,50,13,0,13,LOOCV,,XGBoost,desc,51,False,0.7936507936507936,0.6298815822625347,0.7936507936507936,0.7023458350891979,0.0
1,target_population,2,50,13,0,13,K-Fold,5,LogReg,username,100,True,0.7936507936507936,0.6298815822625347,0.7936507936507936,0.7023458350891979,0.45384615384615384
1,target_population,2,50,13,0,13,K-Fold,5,LogReg,username,100,False,0.7936507936507936,0.6298815822625347,0.7936507936507936,0.7023458350891979,0.45384615384615384
1,target_population,2,50,13,0,13,LOOCV,,LogReg,username,100,True,0.7936507936507936,0.6298815822625347,0.7936507936507936,0.7023458350891979,0.0
1,target_population,2,50,13,0,13,LOOCV,,LogReg,username,100,False,0.7936507936507936,0.6298815822625347,0.7936507936507936,0.7023458350891979,0.0
1,target_population,2,50,13,0,13,K-Fold,5,DecisionTree,username,100,True,0.7936507936507936,0.6298815822625347,0.7936507936507936,0.7023458350891979,0.5
1,target_population,2,50,13,0,13,K-Fold,5,DecisionTree,username,100,False,0.7936507936507936,0.6298815822625347,0.7936507936507936,0.7023458350891979,0.5
1,target_population,2,50,13,0,13,LOOCV,,DecisionTree,username,100,True,0.7936507936507936,0.6298815822625347,0.7936507936507936,0.7023458350891979,0.5
1,target_population,2,50,13,0,13,LOOCV,,DecisionTree,username,100,False,0.7936507936507936,0.6298815822625347,0.7936507936507936,0.7023458350891979,0.5
1,target_population,2,50,13,0,13,K-Fold,5,RandomForest,username,100,True,0.7936507936507936,0.6298815822625347,0.7936507936507936,0.7023458350891979,0.46923076923076923
1,target_population,2,50,13,0,13,K-Fold,5,RandomForest,username,100,False,0.7936507936507936,0.6298815822625347,0.7936507936507936,0.7023458350891979,0.45384615384615384
1,target_population,2,50,13,0,13,LOOCV,,RandomForest,username,100,True,0.7936507936507936,0.6298815822625347,0.7936507936507936,0.7023458350891979,0.3192307692307692
1,target_population,2,50,13,0,13,LOOCV,,RandomForest,username,100,False,0.7936507936507936,0.6298815822625347,0.7936507936507936,0.7023458350891979,0.32384615384615384
1,target_population,2,50,13,0,13,K-Fold,5,SVM,username,100,True,0.7936507936507936,0.6298815822625347,0.7936507936507936,0.7023458350891979,0.45384615384615384
1,target_population,2,50,13,0,13,K-Fold,5,SVM,username,100,False,0.7936507936507936,0.6298815822625347,0.7936507936507936,0.7023458350891979,0.45384615384615384
1,target_population,2,50,13,0,13,LOOCV,,SVM,username,100,True,0.7936507936507936,0.6298815822625347,0.7936507936507936,0.7023458350891979,0.0
1,target_population,2,50,13,0,13,LOOCV,,SVM,username,100,False,0.7936507936507936,0.6298815822625347,0.7936507936507936,0.7023458350891979,0.0
1,target_population,2,50,13,0,13,K-Fold,5,AdaBoost,username,100,True,0.7936507936507936,0.6298815822625347,0.7936507936507936,0.7023458350891979,0.45384615384615384
1,target_population,2,50,13,0,13,K-Fold,5,AdaBoost,username,100,False,0.7936507936507936,0.6298815822625347,0.7936507936507936,0.7023458350891979,0.45384615384615384
1,target_population,2,50,13,0,13,LOOCV,,AdaBoost,username,100,True,0.7936507936507936,0.6298815822625347,0.7936507936507936,0.7023458350891979,0.0
1,target_population,2,50,13,0,13,LOOCV,,AdaBoost,username,100,False,0.7936507936507936,0.6298815822625347,0.7936507936507936,0.7023458350891979,0.0
1,target_population,2,50,13,0,13,K-Fold,5,XGBoost,username,100,True,0.7936507936507936,0.6298815822625347,0.7936507936507936,0.7023458350891979,0.5
1,target_population,2,50,13,0,13,K-Fold,5,XGBoost,username,100,False,0.7936507936507936,0.6298815822625347,0.7936507936507936,0.7023458350891979,0.45384615384615384
1,target_population,2,50,13,0,13,LOOCV,,XGBoost,username,100,True,0.7936507936507936,0.6298815822625347,0.7936507936507936,0.7023458350891979,0.0
1,target_population,2,50,13,0,13,LOOCV,,XGBoost,username,100,False,0.7936507936507936,0.6298815822625347,0.7936507936507936,0.7023458350891979,0.0
1,target_population,2,50,13,0,13,K-Fold,5,LogReg,fullname,173,True,0.7936507936507936,0.7488566047888082,0.7936507936507936,0.747547948843146,0.6115384615384616
1,target_population,2,50,13,0,13,K-Fold,5,LogReg,fullname,173,False,0.7936507936507936,0.6298815822625347,0.7936507936507936,0.7023458350891979,0.6192307692307691
1,target_population,2,50,13,0,13,LOOCV,,LogReg,fullname,173,True,0.7619047619047619,0.7267316017316018,0.7619047619047619,0.7392290249433107,0.39230769230769236
1,target_population,2,50,13,0,13,LOOCV,,LogReg,fullname,173,False,0.7936507936507936,0.6298815822625347,0.7936507936507936,0.7023458350891979,0.33999999999999997
1,target_population,2,50,13,0,13,K-Fold,5,DecisionTree,fullname,173,True,0.42857142857142855,0.7225913621262459,0.42857142857142855,0.4591836734693877,0.5546153846153846
1,target_population,2,50,13,0,13,K-Fold,5,DecisionTree,fullname,173,False,0.4126984126984127,0.6411862990810359,0.4126984126984127,0.45876128229069413,0.4592307692307692
1,target_population,2,50,13,0,13,LOOCV,,DecisionTree,fullname,173,True,0.31746031746031744,0.7513227513227513,0.31746031746031744,0.2891434674890278,0.5415384615384616
1,target_population,2,50,13,0,13,LOOCV,,DecisionTree,fullname,173,False,0.2698412698412698,0.5655150949268596,0.2698412698412698,0.26284882232462875,0.4261538461538461
1,target_population,2,50,13,0,13,K-Fold,5,RandomForest,fullname,173,True,0.38095238095238093,0.6439909297052154,0.38095238095238093,0.41773062618133044,0.4730769230769231
1,target_population,2,50,13,0,13,K-Fold,5,RandomForest,fullname,173,False,0.4126984126984127,0.6411862990810359,0.4126984126984127,0.45876128229069413,0.4623076923076923
1,target_population,2,50,13,0,13,LOOCV,,RandomForest,fullname,173,True,0.2857142857142857,0.5634920634920634,0.2857142857142857,0.2983246261934787,0.37
1,target_population,2,50,13,0,13,LOOCV,,RandomForest,fullname,173,False,0.2857142857142857,0.5634920634920634,0.2857142857142857,0.2983246261934787,0.3169230769230769
1,target_population,2,50,13,0,13,K-Fold,5,SVM,fullname,173,True,0.7777777777777778,0.7037037037037037,0.7777777777777778,0.7184343434343434,0.4930769230769231
1,target_population,2,50,13,0,13,K-Fold,5,SVM,fullname,173,False,0.7936507936507936,0.6298815822625347,0.7936507936507936,0.7023458350891979,0.47000000000000003
1,target_population,2,50,13,0,13,LOOCV,,SVM,fullname,173,True,0.7301587301587301,0.6187785848802798,0.7301587301587301,0.6698703946410369,0.25384615384615394
1,target_population,2,50,13,0,13,LOOCV,,SVM,fullname,173,False,0.7936507936507936,0.6298815822625347,0.7936507936507936,0.7023458350891979,0.01230769230769232
1,target_population,2,50,13,0,13,K-Fold,5,AdaBoost,fullname,173,True,0.7619047619047619,0.7267316017316018,0.7619047619047619,0.7392290249433107,0.5784615384615385
1,target_population,2,50,13,0,13,K-Fold,5,AdaBoost,fullname,173,False,0.7777777777777778,0.7037037037037037,0.7777777777777778,0.7184343434343434,0.5615384615384615
1,target_population,2,50,13,0,13,LOOCV,,AdaBoost,fullname,173,True,0.7777777777777778,0.7403628117913832,0.7777777777777778,0.7507337526205451,0.3307692307692307
1,target_population,2,50,13,0,13,LOOCV,,AdaBoost,fullname,173,False,0.7301587301587301,0.6187785848802798,0.7301587301587301,0.6698703946410369,0.3369230769230769
1,target_population,2,50,13,0,13,K-Fold,5,XGBoost,fullname,173,True,0.7936507936507936,0.7669552669552668,0.7936507936507936,0.7739984882842025,0.5930769230769232
1,target_population,2,50,13,0,13,K-Fold,5,XGBoost,fullname,173,False,0.7936507936507936,0.6298815822625347,0.7936507936507936,0.7023458350891979,0.5461538461538462
1,target_population,2,50,13,0,13,LOOCV,,XGBoost,fullname,173,True,0.7936507936507936,0.7669552669552668,0.7936507936507936,0.7739984882842025,0.2830769230769231
1,target_population,2,50,13,0,13,LOOCV,,XGBoost,fullname,173,False,0.7301587301587301,0.6187785848802798,0.7301587301587301,0.6698703946410369,0.2830769230769231
1,target_population,2,50,13,0,13,K-Fold,5,LogReg,desc_user,51,True,0.6507936507936508,0.6292596292596293,0.6507936507936508,0.6396669779022721,0.4469230769230769
1,target_population,2,50,13,0,13,K-Fold,5,LogReg,desc_user,51,False,0.7936507936507936,0.6298815822625347,0.7936507936507936,0.7023458350891979,0.45153846153846156
1,target_population,2,50,13,0,13,LOOCV,,LogReg,desc_user,51,True,0.6825396825396826,0.6402116402116402,0.6825396825396826,0.6597846597846598,0.4015384615384615
1,target_population,2,50,13,0,13,LOOCV,,LogReg,desc_user,51,False,0.7936507936507936,0.6298815822625347,0.7936507936507936,0.7023458350891979,0.2784615384615385
1,target_population,2,50,13,0,13,K-Fold,5,DecisionTree,desc_user,51,True,0.49206349206349204,0.699092970521542,0.49206349206349204,0.5368335368335369,0.523076923076923
1,target_population,2,50,13,0,13,K-Fold,5,DecisionTree,desc_user,51,False,0.7301587301587301,0.6609579504316346,0.7301587301587301,0.6892777114124875,0.5107692307692309
1,target_population,2,50,13,0,13,LOOCV,,DecisionTree,desc_user,51,True,0.38095238095238093,0.6984532943612227,0.38095238095238093,0.40162384204883567,0.4830769230769231
1,target_population,2,50,13,0,13,LOOCV,,DecisionTree,desc_user,51,False,0.7142857142857143,0.6530612244897959,0.7142857142857143,0.6795148247978436,0.3476923076923077
1,target_population,2,50,13,0,13,K-Fold,5,RandomForest,desc_user,51,True,0.5079365079365079,0.6665704665704666,0.5079365079365079,0.5548128282787852,0.5069230769230769
1,target_population,2,50,13,0,13,K-Fold,5,RandomForest,desc_user,51,False,0.7936507936507936,0.7406973718449128,0.7936507936507936,0.7282139282139282,0.46692307692307694
1,target_population,2,50,13,0,13,LOOCV,,RandomForest,desc_user,51,True,0.5555555555555556,0.7441077441077442,0.5555555555555556,0.5966183574879227,0.5215384615384616
1,target_population,2,50,13,0,13,LOOCV,,RandomForest,desc_user,51,False,0.7936507936507936,0.7406973718449128,0.7936507936507936,0.7282139282139282,0.4184615384615385
1,target_population,2,50,13,0,13,K-Fold,5,SVM,desc_user,51,True,0.6825396825396826,0.6402116402116402,0.6825396825396826,0.6597846597846598,0.5646153846153846
1,target_population,2,50,13,0,13,K-Fold,5,SVM,desc_user,51,False,0.7936507936507936,0.6298815822625347,0.7936507936507936,0.7023458350891979,0.5053846153846153
1,target_population,2,50,13,0,13,LOOCV,,SVM,desc_user,51,True,0.6825396825396826,0.6402116402116402,0.6825396825396826,0.6597846597846598,0.32923076923076927
1,target_population,2,50,13,0,13,LOOCV,,SVM,desc_user,51,False,0.7936507936507936,0.6298815822625347,0.7936507936507936,0.7023458350891979,0.08923076923076925
1,target_population,2,50,13,0,13,K-Fold,5,AdaBoost,desc_user,51,True,0.6984126984126984,0.6462842712842713,0.6984126984126984,0.6696900982615268,0.4461538461538462
1,target_population,2,50,13,0,13,K-Fold,5,AdaBoost,desc_user,51,False,0.746031746031746,0.6707170224411604,0.746031746031746,0.6990005878894768,0.47307692307692306
1,target_population,2,50,13,0,13,LOOCV,,AdaBoost,desc_user,51,True,0.7301587301587301,0.6609579504316346,0.7301587301587301,0.6892777114124875,0.34307692307692306
1,target_population,2,50,13,0,13,LOOCV,,AdaBoost,desc_user,51,False,0.746031746031746,0.6707170224411604,0.746031746031746,0.6990005878894768,0.24000000000000002
1,target_population,2,50,13,0,13,K-Fold,5,XGBoost,desc_user,51,True,0.7777777777777778,0.6272401433691757,0.7777777777777778,0.6944444444444444,0.4753846153846154
1,target_population,2,50,13,0,13,K-Fold,5,XGBoost,desc_user,51,False,0.7936507936507936,0.6298815822625347,0.7936507936507936,0.7023458350891979,0.45384615384615384
1,target_population,2,50,13,0,13,LOOCV,,XGBoost,desc_user,51,True,0.746031746031746,0.6216931216931216,0.746031746031746,0.6782106782106782,0.07384615384615384
1,target_population,2,50,13,0,13,LOOCV,,XGBoost,desc_user,51,False,0.7936507936507936,0.6298815822625347,0.7936507936507936,0.7023458350891979,0.0
1,target_population,2,50,13,0,13,K-Fold,5,LogReg,desc_fullname,64,True,0.6984126984126984,0.7068351149983803,0.6984126984126984,0.702474480252258,0.4923076923076923
1,target_population,2,50,13,0,13,K-Fold,5,LogReg,desc_fullname,64,False,0.7936507936507936,0.6298815822625347,0.7936507936507936,0.7023458350891979,0.5015384615384615
1,target_population,2,50,13,0,13,LOOCV,,LogReg,desc_fullname,64,True,0.6666666666666666,0.6568627450980392,0.6666666666666666,0.6616501650165016,0.4261538461538462
1,target_population,2,50,13,0,13,LOOCV,,LogReg,desc_fullname,64,False,0.7936507936507936,0.6298815822625347,0.7936507936507936,0.7023458350891979,0.3553846153846154
1,target_population,2,50,13,0,13,K-Fold,5,DecisionTree,desc_fullname,64,True,0.4603174603174603,0.6648526077097505,0.4603174603174603,0.5078856328856329,0.45538461538461533
1,target_population,2,50,13,0,13,K-Fold,5,DecisionTree,desc_fullname,64,False,0.746031746031746,0.6707170224411604,0.746031746031746,0.6990005878894768,0.4615384615384615
1,target_population,2,50,13,0,13,LOOCV,,DecisionTree,desc_fullname,64,True,0.36507936507936506,0.5478595478595477,0.36507936507936506,0.42374051069703245,0.37461538461538463
1,target_population,2,50,13,0,13,LOOCV,,DecisionTree,desc_fullname,64,False,0.6825396825396826,0.6402116402116402,0.6825396825396826,0.6597846597846598,0.28
1,target_population,2,50,13,0,13,K-Fold,5,RandomForest,desc_fullname,64,True,0.6031746031746031,0.6516754850088183,0.6031746031746031,0.6247338777050151,0.45153846153846156
1,target_population,2,50,13,0,13,K-Fold,5,RandomForest,desc_fullname,64,False,0.7936507936507936,0.7406973718449128,0.7936507936507936,0.7282139282139282,0.3953846153846154
1,target_population,2,50,13,0,13,LOOCV,,RandomForest,desc_fullname,64,True,0.5555555555555556,0.6341647770219199,0.5555555555555556,0.5885194657573174,0.39692307692307693
1,target_population,2,50,13,0,13,LOOCV,,RandomForest,desc_fullname,64,False,0.7619047619047619,0.624512099921936,0.7619047619047619,0.6864006864006864,0.3307692307692308
1,target_population,2,50,13,0,13,K-Fold,5,SVM,desc_fullname,64,True,0.6825396825396826,0.6825396825396826,0.6825396825396826,0.6825396825396826,0.4815384615384616
1,target_population,2,50,13,0,13,K-Fold,5,SVM,desc_fullname,64,False,0.7936507936507936,0.6298815822625347,0.7936507936507936,0.7023458350891979,0.4815384615384616
1,target_population,2,50,13,0,13,LOOCV,,SVM,desc_fullname,64,True,0.6666666666666666,0.6758989310009718,0.6666666666666666,0.6711560044893378,0.22615384615384615
1,target_population,2,50,13,0,13,LOOCV,,SVM,desc_fullname,64,False,0.7936507936507936,0.6298815822625347,0.7936507936507936,0.7023458350891979,0.06615384615384615
1,target_population,2,50,13,0,13,K-Fold,5,AdaBoost,desc_fullname,64,True,0.6825396825396826,0.6402116402116402,0.6825396825396826,0.6597846597846598,0.45076923076923076
1,target_population,2,50,13,0,13,K-Fold,5,AdaBoost,desc_fullname,64,False,0.7619047619047619,0.683817594834544,0.7619047619047619,0.7087091717420915,0.40923076923076923
1,target_population,2,50,13,0,13,LOOCV,,AdaBoost,desc_fullname,64,True,0.6666666666666666,0.6345911949685534,0.6666666666666666,0.6497819051639229,0.43230769230769234
1,target_population,2,50,13,0,13,LOOCV,,AdaBoost,desc_fullname,64,False,0.7777777777777778,0.7037037037037037,0.7777777777777778,0.7184343434343434,0.3076923076923077
1,target_population,2,50,13,0,13,K-Fold,5,XGBoost,desc_fullname,64,True,0.7619047619047619,0.7267316017316018,0.7619047619047619,0.7392290249433107,0.6
1,target_population,2,50,13,0,13,K-Fold,5,XGBoost,desc_fullname,64,False,0.7936507936507936,0.6298815822625347,0.7936507936507936,0.7023458350891979,0.5461538461538462
1,target_population,2,50,13,0,13,LOOCV,,XGBoost,desc_fullname,64,True,0.7142857142857143,0.6973026973026973,0.7142857142857143,0.7051820728291316,0.23076923076923078
1,target_population,2,50,13,0,13,LOOCV,,XGBoost,desc_fullname,64,False,0.8412698412698413,0.8677248677248678,0.8412698412698413,0.7988816738816739,0.2307692307692308
1,target_population,2,50,13,0,13,K-Fold,5,LogReg,user_fullname,268,True,0.7777777777777778,0.6272401433691757,0.7777777777777778,0.6944444444444444,0.606923076923077
1,target_population,2,50,13,0,13,K-Fold,5,LogReg,user_fullname,268,False,0.7936507936507936,0.6298815822625347,0.7936507936507936,0.7023458350891979,0.6146153846153846
1,target_population,2,50,13,0,13,LOOCV,,LogReg,user_fullname,268,True,0.746031746031746,0.6216931216931216,0.746031746031746,0.6782106782106782,0.39538461538461545
1,target_population,2,50,13,0,13,LOOCV,,LogReg,user_fullname,268,False,0.7936507936507936,0.6298815822625347,0.7936507936507936,0.7023458350891979,0.3138461538461539
1,target_population,2,50,13,0,13,K-Fold,5,DecisionTree,user_fullname,268,True,0.7619047619047619,0.7267316017316018,0.7619047619047619,0.7392290249433107,0.5653846153846154
1,target_population,2,50,13,0,13,K-Fold,5,DecisionTree,user_fullname,268,False,0.7619047619047619,0.683817594834544,0.7619047619047619,0.7087091717420915,0.5084615384615384
1,target_population,2,50,13,0,13,LOOCV,,DecisionTree,user_fullname,268,True,0.7619047619047619,0.7267316017316018,0.7619047619047619,0.7392290249433107,0.5653846153846154
1,target_population,2,50,13,0,13,LOOCV,,DecisionTree,user_fullname,268,False,0.7142857142857143,0.6157635467980296,0.7142857142857143,0.6613756613756615,0.45
1,target_population,2,50,13,0,13,K-Fold,5,RandomForest,user_fullname,268,True,0.7936507936507936,0.6298815822625347,0.7936507936507936,0.7023458350891979,0.5930769230769231
1,target_population,2,50,13,0,13,K-Fold,5,RandomForest,user_fullname,268,False,0.7936507936507936,0.6298815822625347,0.7936507936507936,0.7023458350891979,0.5746153846153846
1,target_population,2,50,13,0,13,LOOCV,,RandomForest,user_fullname,268,True,0.7936507936507936,0.6298815822625347,0.7936507936507936,0.7023458350891979,0.48307692307692307
1,target_population,2,50,13,0,13,LOOCV,,RandomForest,user_fullname,268,False,0.7936507936507936,0.6298815822625347,0.7936507936507936,0.7023458350891979,0.5876923076923077
1,target_population,2,50,13,0,13,K-Fold,5,SVM,user_fullname,268,True,0.7936507936507936,0.6298815822625347,0.7936507936507936,0.7023458350891979,0.47307692307692306
1,target_population,2,50,13,0,13,K-Fold,5,SVM,user_fullname,268,False,0.7936507936507936,0.6298815822625347,0.7936507936507936,0.7023458350891979,0.3976923076923077
1,target_population,2,50,13,0,13,LOOCV,,SVM,user_fullname,268,True,0.7777777777777778,0.6272401433691757,0.7777777777777778,0.6944444444444444,0.16307692307692315
1,target_population,2,50,13,0,13,LOOCV,,SVM,user_fullname,268,False,0.7936507936507936,0.6298815822625347,0.7936507936507936,0.7023458350891979,0.10153846153846155
1,target_population,2,50,13,0,13,K-Fold,5,AdaBoost,user_fullname,268,True,0.7777777777777778,0.7403628117913832,0.7777777777777778,0.7507337526205451,0.5784615384615385
1,target_population,2,50,13,0,13,K-Fold,5,AdaBoost,user_fullname,268,False,0.7777777777777778,0.7037037037037037,0.7777777777777778,0.7184343434343434,0.5615384615384615
1,target_population,2,50,13,0,13,LOOCV,,AdaBoost,user_fullname,268,True,0.7777777777777778,0.7403628117913832,0.7777777777777778,0.7507337526205451,0.28153846153846157
1,target_population,2,50,13,0,13,LOOCV,,AdaBoost,user_fullname,268,False,0.7301587301587301,0.6187785848802798,0.7301587301587301,0.6698703946410369,0.1969230769230769
1,target_population,2,50,13,0,13,K-Fold,5,XGBoost,user_fullname,268,True,0.7936507936507936,0.7669552669552668,0.7936507936507936,0.7739984882842025,0.5930769230769232
1,target_population,2,50,13,0,13,K-Fold,5,XGBoost,user_fullname,268,False,0.7936507936507936,0.6298815822625347,0.7936507936507936,0.7023458350891979,0.5461538461538462
1,target_population,2,50,13,0,13,LOOCV,,XGBoost,user_fullname,268,True,0.7936507936507936,0.7669552669552668,0.7936507936507936,0.7739984882842025,0.2830769230769231
1,target_population,2,50,13,0,13,LOOCV,,XGBoost,user_fullname,268,False,0.7301587301587301,0.6187785848802798,0.7301587301587301,0.6698703946410369,0.2830769230769231
1,target_population,2,50,13,0,13,K-Fold,5,LogReg,desc_user_fullname,64,True,0.6984126984126984,0.7068351149983803,0.6984126984126984,0.702474480252258,0.4923076923076923
1,target_population,2,50,13,0,13,K-Fold,5,LogReg,desc_user_fullname,64,False,0.7936507936507936,0.6298815822625347,0.7936507936507936,0.7023458350891979,0.5015384615384615
1,target_population,2,50,13,0,13,LOOCV,,LogReg,desc_user_fullname,64,True,0.6666666666666666,0.6568627450980392,0.6666666666666666,0.6616501650165016,0.4261538461538462
1,target_population,2,50,13,0,13,LOOCV,,LogReg,desc_user_fullname,64,False,0.7936507936507936,0.6298815822625347,0.7936507936507936,0.7023458350891979,0.3553846153846154
1,target_population,2,50,13,0,13,K-Fold,5,DecisionTree,desc_user_fullname,64,True,0.4603174603174603,0.6648526077097505,0.4603174603174603,0.5078856328856329,0.45538461538461533
1,target_population,2,50,13,0,13,K-Fold,5,DecisionTree,desc_user_fullname,64,False,0.746031746031746,0.6707170224411604,0.746031746031746,0.6990005878894768,0.4615384615384615
1,target_population,2,50,13,0,13,LOOCV,,DecisionTree,desc_user_fullname,64,True,0.36507936507936506,0.5478595478595477,0.36507936507936506,0.42374051069703245,0.37461538461538463
1,target_population,2,50,13,0,13,LOOCV,,DecisionTree,desc_user_fullname,64,False,0.6825396825396826,0.6402116402116402,0.6825396825396826,0.6597846597846598,0.28
1,target_population,2,50,13,0,13,K-Fold,5,RandomForest,desc_user_fullname,64,True,0.6031746031746031,0.6516754850088183,0.6031746031746031,0.6247338777050151,0.45153846153846156
1,target_population,2,50,13,0,13,K-Fold,5,RandomForest,desc_user_fullname,64,False,0.7936507936507936,0.7406973718449128,0.7936507936507936,0.7282139282139282,0.3953846153846154
1,target_population,2,50,13,0,13,LOOCV,,RandomForest,desc_user_fullname,64,True,0.5555555555555556,0.6341647770219199,0.5555555555555556,0.5885194657573174,0.39692307692307693
1,target_population,2,50,13,0,13,LOOCV,,RandomForest,desc_user_fullname,64,False,0.7619047619047619,0.624512099921936,0.7619047619047619,0.6864006864006864,0.3307692307692308
1,target_population,2,50,13,0,13,K-Fold,5,SVM,desc_user_fullname,64,True,0.6825396825396826,0.6825396825396826,0.6825396825396826,0.6825396825396826,0.4815384615384616
1,target_population,2,50,13,0,13,K-Fold,5,SVM,desc_user_fullname,64,False,0.7936507936507936,0.6298815822625347,0.7936507936507936,0.7023458350891979,0.4815384615384616
1,target_population,2,50,13,0,13,LOOCV,,SVM,desc_user_fullname,64,True,0.6666666666666666,0.6758989310009718,0.6666666666666666,0.6711560044893378,0.22615384615384615
1,target_population,2,50,13,0,13,LOOCV,,SVM,desc_user_fullname,64,False,0.7936507936507936,0.6298815822625347,0.7936507936507936,0.7023458350891979,0.06615384615384615
1,target_population,2,50,13,0,13,K-Fold,5,AdaBoost,desc_user_fullname,64,True,0.6825396825396826,0.6402116402116402,0.6825396825396826,0.6597846597846598,0.45076923076923076
1,target_population,2,50,13,0,13,K-Fold,5,AdaBoost,desc_user_fullname,64,False,0.7619047619047619,0.683817594834544,0.7619047619047619,0.7087091717420915,0.40923076923076923
1,target_population,2,50,13,0,13,LOOCV,,AdaBoost,desc_user_fullname,64,True,0.6666666666666666,0.6345911949685534,0.6666666666666666,0.6497819051639229,0.43230769230769234
1,target_population,2,50,13,0,13,LOOCV,,AdaBoost,desc_user_fullname,64,False,0.7777777777777778,0.7037037037037037,0.7777777777777778,0.7184343434343434,0.3076923076923077
1,target_population,2,50,13,0,13,K-Fold,5,XGBoost,desc_user_fullname,64,True,0.7619047619047619,0.7267316017316018,0.7619047619047619,0.7392290249433107,0.6
1,target_population,2,50,13,0,13,K-Fold,5,XGBoost,desc_user_fullname,64,False,0.7936507936507936,0.6298815822625347,0.7936507936507936,0.7023458350891979,0.5461538461538462
1,target_population,2,50,13,0,13,LOOCV,,XGBoost,desc_user_fullname,64,True,0.7142857142857143,0.6973026973026973,0.7142857142857143,0.7051820728291316,0.23076923076923078
1,target_population,2,50,13,0,13,LOOCV,,XGBoost,desc_user_fullname,64,False,0.8412698412698413,0.8677248677248678,0.8412698412698413,0.7988816738816739,0.2307692307692308
1,target_population,2,50,13,0,13,K-Fold,5,LogReg,numeric,11,True,0.8571428571428571,0.8719604863221885,0.8571428571428571,0.862322888629323,0.8953846153846153
1,target_population,2,50,13,0,13,K-Fold,5,LogReg,numeric,11,False,0.873015873015873,0.8674103674103674,0.873015873015873,0.8689698101462807,0.8969230769230769
1,target_population,2,50,13,0,13,LOOCV,,LogReg,numeric,11,True,0.873015873015873,0.8816137566137566,0.873015873015873,0.8762552640103661,0.8692307692307693
1,target_population,2,50,13,0,13,LOOCV,,LogReg,numeric,11,False,0.8571428571428571,0.8482479784366578,0.8571428571428571,0.8499065307845384,0.8615384615384616
1,target_population,2,50,13,0,13,K-Fold,5,DecisionTree,numeric,11,True,0.7301587301587301,0.7223778400248988,0.7301587301587301,0.7260977526324061,0.5738461538461538
1,target_population,2,50,13,0,13,K-Fold,5,DecisionTree,numeric,11,False,0.746031746031746,0.7604497354497354,0.746031746031746,0.7525105280207322,0.6407692307692309
1,target_population,2,50,13,0,13,LOOCV,,DecisionTree,numeric,11,True,0.6507936507936508,0.6695767195767195,0.6507936507936508,0.6597019760285067,0.4953846153846154
1,target_population,2,50,13,0,13,LOOCV,,DecisionTree,numeric,11,False,0.7301587301587301,0.7528284363390746,0.7301587301587301,0.7399432340776101,0.6307692307692307
1,target_population,2,50,13,0,13,K-Fold,5,RandomForest,numeric,11,True,0.7936507936507936,0.7488566047888082,0.7936507936507936,0.747547948843146,0.7407692307692308
1,target_population,2,50,13,0,13,K-Fold,5,RandomForest,numeric,11,False,0.8095238095238095,0.7857142857142857,0.8095238095238095,0.7586580086580087,0.7946153846153846
1,target_population,2,50,13,0,13,LOOCV,,RandomForest,numeric,11,True,0.7936507936507936,0.7488566047888082,0.7936507936507936,0.747547948843146,0.7376923076923078
1,target_population,2,50,13,0,13,LOOCV,,RandomForest,numeric,11,False,0.8095238095238095,0.7857142857142857,0.8095238095238095,0.7586580086580087,0.7923076923076924
1,target_population,2,50,13,0,13,K-Fold,5,SVM,numeric,11,True,0.873015873015873,0.8816137566137566,0.873015873015873,0.8762552640103661,0.84
1,target_population,2,50,13,0,13,K-Fold,5,SVM,numeric,11,False,0.873015873015873,0.8674103674103674,0.873015873015873,0.8689698101462807,0.8523076923076923
1,target_population,2,50,13,0,13,LOOCV,,SVM,numeric,11,True,0.873015873015873,0.8926643121016523,0.873015873015873,0.8788359788359787,0.8307692307692308
1,target_population,2,50,13,0,13,LOOCV,,SVM,numeric,11,False,0.8412698412698413,0.8283362727807172,0.8412698412698413,0.82989232989233,0.8430769230769232
1,target_population,2,50,13,0,13,K-Fold,5,AdaBoost,numeric,11,True,0.7619047619047619,0.7826114488348532,0.7619047619047619,0.7705381477155384,0.7407692307692308
1,target_population,2,50,13,0,13,K-Fold,5,AdaBoost,numeric,11,False,0.7777777777777778,0.7777777777777778,0.7777777777777778,0.7777777777777778,0.7515384615384615
1,target_population,2,50,13,0,13,LOOCV,,AdaBoost,numeric,11,True,0.7777777777777778,0.7777777777777778,0.7777777777777778,0.7777777777777778,0.7492307692307693
1,target_population,2,50,13,0,13,LOOCV,,AdaBoost,numeric,11,False,0.7936507936507936,0.7878929349517585,0.7936507936507936,0.7905453402483106,0.7723076923076924
1,target_population,2,50,13,0,13,K-Fold,5,XGBoost,numeric,11,True,0.7142857142857143,0.7142857142857143,0.7142857142857143,0.7142857142857143,0.6692307692307693
1,target_population,2,50,13,0,13,K-Fold,5,XGBoost,numeric,11,False,0.746031746031746,0.6967120181405896,0.746031746031746,0.7151242887091943,0.6153846153846154
1,target_population,2,50,13,0,13,LOOCV,,XGBoost,numeric,11,True,0.7142857142857143,0.7142857142857143,0.7142857142857143,0.7142857142857143,0.736923076923077
1,target_population,2,50,13,0,13,LOOCV,,XGBoost,numeric,11,False,0.7777777777777778,0.7403628117913832,0.7777777777777778,0.7507337526205451,0.6507692307692308
1,target_population,2,50,13,0,13,K-Fold,5,LogReg,desc+numeric,62,True,0.8571428571428571,0.8719604863221885,0.8571428571428571,0.862322888629323,0.8923076923076924
1,target_population,2,50,13,0,13,K-Fold,5,LogReg,desc+numeric,62,False,0.873015873015873,0.8659611992945326,0.873015873015873,0.8639138639138639,0.8938461538461538
1,target_population,2,50,13,0,13,LOOCV,,LogReg,desc+numeric,62,True,0.8888888888888888,0.8924522189828312,0.8888888888888888,0.8903853348297793,0.8753846153846154
1,target_population,2,50,13,0,13,LOOCV,,LogReg,desc+numeric,62,False,0.8412698412698413,0.8283362727807172,0.8412698412698413,0.82989232989233,0.866153846153846
1,target_population,2,50,13,0,13,K-Fold,5,DecisionTree,desc+numeric,62,True,0.6666666666666666,0.6932624113475176,0.6666666666666666,0.6787534068017538,0.5338461538461539
1,target_population,2,50,13,0,13,K-Fold,5,DecisionTree,desc+numeric,62,False,0.7301587301587301,0.7377712989957889,0.7301587301587301,0.7337929560151782,0.6023076923076923
1,target_population,2,50,13,0,13,LOOCV,,DecisionTree,desc+numeric,62,True,0.6349206349206349,0.6634793988517393,0.6349206349206349,0.6481584931638256,0.4853846153846154
1,target_population,2,50,13,0,13,LOOCV,,DecisionTree,desc+numeric,62,False,0.7936507936507936,0.7996436669906057,0.7936507936507936,0.7964299075410187,0.6992307692307692
1,target_population,2,50,13,0,13,K-Fold,5,RandomForest,desc+numeric,62,True,0.8095238095238095,0.8463901689708141,0.8095238095238095,0.7380952380952381,0.7730769230769231
1,target_population,2,50,13,0,13,K-Fold,5,RandomForest,desc+numeric,62,False,0.8095238095238095,0.8463901689708141,0.8095238095238095,0.7380952380952381,0.8038461538461539
1,target_population,2,50,13,0,13,LOOCV,,RandomForest,desc+numeric,62,True,0.7619047619047619,0.624512099921936,0.7619047619047619,0.6864006864006864,0.7730769230769231
1,target_population,2,50,13,0,13,LOOCV,,RandomForest,desc+numeric,62,False,0.7936507936507936,0.7406973718449128,0.7936507936507936,0.7282139282139282,0.7899999999999999
1,target_population,2,50,13,0,13,K-Fold,5,SVM,desc+numeric,62,True,0.8571428571428571,0.8719604863221885,0.8571428571428571,0.862322888629323,0.8692307692307693
1,target_population,2,50,13,0,13,K-Fold,5,SVM,desc+numeric,62,False,0.8412698412698413,0.8412698412698413,0.8412698412698413,0.8412698412698413,0.8492307692307692
1,target_population,2,50,13,0,13,LOOCV,,SVM,desc+numeric,62,True,0.873015873015873,0.8926643121016523,0.873015873015873,0.8788359788359787,0.8476923076923076
1,target_population,2,50,13,0,13,LOOCV,,SVM,desc+numeric,62,False,0.8253968253968254,0.8126385145253069,0.8253968253968254,0.8165524265144358,0.816923076923077
1,target_population,2,50,13,0,13,K-Fold,5,AdaBoost,desc+numeric,62,True,0.7777777777777778,0.7777777777777778,0.7777777777777778,0.7777777777777778,0.8138461538461539
1,target_population,2,50,13,0,13,K-Fold,5,AdaBoost,desc+numeric,62,False,0.8412698412698413,0.8333888333888333,0.8412698412698413,0.836212262682851,0.8023076923076923
1,target_population,2,50,13,0,13,LOOCV,,AdaBoost,desc+numeric,62,True,0.8095238095238095,0.8095238095238095,0.8095238095238095,0.8095238095238095,0.7738461538461539
1,target_population,2,50,13,0,13,LOOCV,,AdaBoost,desc+numeric,62,False,0.8095238095238095,0.7993672993672994,0.8095238095238095,0.8034547152194211,0.7738461538461539
1,target_population,2,50,13,0,13,K-Fold,5,XGBoost,desc+numeric,62,True,0.6825396825396826,0.6825396825396826,0.6825396825396826,0.6825396825396826,0.6615384615384616
1,target_population,2,50,13,0,13,K-Fold,5,XGBoost,desc+numeric,62,False,0.746031746031746,0.6967120181405896,0.746031746031746,0.7151242887091943,0.6153846153846154
1,target_population,2,50,13,0,13,LOOCV,,XGBoost,desc+numeric,62,True,0.7301587301587301,0.7223778400248988,0.7301587301587301,0.7260977526324061,0.7353846153846154
1,target_population,2,50,13,0,13,LOOCV,,XGBoost,desc+numeric,62,False,0.7777777777777778,0.7403628117913832,0.7777777777777778,0.7507337526205451,0.6507692307692308
1,locals_vs_diaspora,3,2,6,92,2,K-Fold,5,LogReg,desc,51,True,0.78,0.8519047619047619,0.78,0.8142307692307692,0.37330167173252277
1,locals_vs_diaspora,3,2,6,92,2,K-Fold,5,LogReg,desc,51,False,0.92,0.8464,0.92,0.8816666666666667,0.491898610508033
1,locals_vs_diaspora,3,2,6,92,2,LOOCV,,LogReg,desc,51,True,0.8,0.8536877076411961,0.8,0.8258599827139151,0.3108461788970907
1,locals_vs_diaspora,3,2,6,92,2,LOOCV,,LogReg,desc,51,False,0.92,0.8464,0.92,0.8816666666666667,0.33827127659574474
1,locals_vs_diaspora,3,2,6,92,2,K-Fold,5,DecisionTree,desc,51,True,0.33,0.8225448028673835,0.33,0.46125,0.3960603017802866
1,locals_vs_diaspora,3,2,6,92,2,K-Fold,5,DecisionTree,desc,51,False,0.88,0.8714893617021277,0.88,0.8739784946236558,0.3512869083803734
1,locals_vs_diaspora,3,2,6,92,2,LOOCV,,DecisionTree,desc,51,True,0.17,0.7309523809523809,0.17,0.27553097345132743,0.3269699848024316
1,locals_vs_diaspora,3,2,6,92,2,LOOCV,,DecisionTree,desc,51,False,0.86,0.865,0.86,0.862,0.25777708423795054
1,locals_vs_diaspora,3,2,6,92,2,K-Fold,5,RandomForest,desc,51,True,0.91,0.8456565656565657,0.91,0.8766492146596859,0.41934379070777245
1,locals_vs_diaspora,3,2,6,92,2,K-Fold,5,RandomForest,desc,51,False,0.91,0.8456565656565657,0.91,0.8766492146596859,0.4870961788970907
1,locals_vs_diaspora,3,2,6,92,2,LOOCV,,RandomForest,desc,51,True,0.92,0.8842857142857143,0.92,0.8962631578947368,0.31482577073382545
1,locals_vs_diaspora,3,2,6,92,2,LOOCV,,RandomForest,desc,51,False,0.91,0.8456565656565657,0.91,0.8766492146596859,0.39035225792444633
1,locals_vs_diaspora,3,2,6,92,2,K-Fold,5,SVM,desc,51,True,0.71,0.8688378378378379,0.71,0.7766374589266156,0.3640691489361702
1,locals_vs_diaspora,3,2,6,92,2,K-Fold,5,SVM,desc,51,False,0.92,0.8464,0.92,0.8816666666666667,0.34212494572297003
1,locals_vs_diaspora,3,2,6,92,2,LOOCV,,SVM,desc,51,True,0.87,0.8607526881720431,0.87,0.8653513513513513,0.24929222752930957
1,locals_vs_diaspora,3,2,6,92,2,LOOCV,,SVM,desc,51,False,0.92,0.8464,0.92,0.8816666666666667,0.25494789405123747
1,locals_vs_diaspora,3,2,6,92,2,K-Fold,5,AdaBoost,desc,51,True,0.75,0.892025641025641,0.75,0.8069358288770053,0.5538124185844551
1,locals_vs_diaspora,3,2,6,92,2,K-Fold,5,AdaBoost,desc,51,False,0.9,0.8829166666666667,0.9,0.8860638297872341,0.521162613981763
1,locals_vs_diaspora,3,2,6,92,2,LOOCV,,AdaBoost,desc,51,True,0.88,0.8933333333333333,0.88,0.88,0.5907441380807642
1,locals_vs_diaspora,3,2,6,92,2,LOOCV,,AdaBoost,desc,51,False,0.92,0.8842857142857143,0.92,0.8962631578947368,0.278923686495875
1,locals_vs_diaspora,3,2,6,92,2,K-Fold,5,XGBoost,desc,51,True,0.71,0.8483208020050125,0.71,0.7684057971014494,0.45444338905775067
1,locals_vs_diaspora,3,2,6,92,2,K-Fold,5,XGBoost,desc,51,False,0.92,0.8464,0.92,0.8816666666666667,0.414622231871472
1,locals_vs_diaspora,3,2,6,92,2,LOOCV,,XGBoost,desc,51,True,0.86,0.8540000000000001,0.86,0.8557142857142856,0.6873046026921407
1,locals_vs_diaspora,3,2,6,92,2,LOOCV,,XGBoost,desc,51,False,0.92,0.8464,0.92,0.8816666666666667,0.0
1,locals_vs_diaspora,3,2,6,92,2,K-Fold,5,LogReg,username,100,True,0.92,0.8464,0.92,0.8816666666666667,0.414622231871472
1,locals_vs_diaspora,3,2,6,92,2,K-Fold,5,LogReg,username,100,False,0.92,0.8464,0.92,0.8816666666666667,0.414622231871472
1,locals_vs_diaspora,3,2,6,92,2,LOOCV,,LogReg,username,100,True,0.92,0.8464,0.92,0.8816666666666667,0.0
1,locals_vs_diaspora,3,2,6,92,2,LOOCV,,LogReg,username,100,False,0.92,0.8464,0.92,0.8816666666666667,0.0
1,locals_vs_diaspora,3,2,6,92,2,K-Fold,5,DecisionTree,username,100,True,0.92,0.8464,0.92,0.8816666666666667,0.5
1,locals_vs_diaspora,3,2,6,92,2,K-Fold,5,DecisionTree,username,100,False,0.92,0.8464,0.92,0.8816666666666667,0.5
1,locals_vs_diaspora,3,2,6,92,2,LOOCV,,DecisionTree,username,100,True,0.92,0.8464,0.92,0.8816666666666667,0.5
1,locals_vs_diaspora,3,2,6,92,2,LOOCV,,DecisionTree,username,100,False,0.92,0.8464,0.92,0.8816666666666667,0.5
1,locals_vs_diaspora,3,2,6,92,2,K-Fold,5,RandomForest,username,100,True,0.92,0.8464,0.92,0.8816666666666667,0.49787234042553197
1,locals_vs_diaspora,3,2,6,92,2,K-Fold,5,RandomForest,username,100,False,0.92,0.8464,0.92,0.8816666666666667,0.48537234042553196
1,locals_vs_diaspora,3,2,6,92,2,LOOCV,,RandomForest,username,100,True,0.92,0.8464,0.92,0.8816666666666667,0.5637765957446809
1,locals_vs_diaspora,3,2,6,92,2,LOOCV,,RandomForest,username,100,False,0.92,0.8464,0.92,0.8816666666666667,0.5637765957446809
1,locals_vs_diaspora,3,2,6,92,2,K-Fold,5,SVM,username,100,True,0.92,0.8464,0.92,0.8816666666666667,0.414622231871472
1,locals_vs_diaspora,3,2,6,92,2,K-Fold,5,SVM,username,100,False,0.92,0.8464,0.92,0.8816666666666667,0.414622231871472
1,locals_vs_diaspora,3,2,6,92,2,LOOCV,,SVM,username,100,True,0.92,0.8464,0.92,0.8816666666666667,0.23
1,locals_vs_diaspora,3,2,6,92,2,LOOCV,,SVM,username,100,False,0.92,0.8464,0.92,0.8816666666666667,0.23
1,locals_vs_diaspora,3,2,6,92,2,K-Fold,5,AdaBoost,username,100,True,0.76,0.857,0.76,0.8008586762075133,0.4731328701693443
1,locals_vs_diaspora,3,2,6,92,2,K-Fold,5,AdaBoost,username,100,False,0.92,0.8464,0.92,0.8816666666666667,0.41887755102040813
1,locals_vs_diaspora,3,2,6,92,2,LOOCV,,AdaBoost,username,100,True,0.92,0.8464,0.92,0.8816666666666667,0.48837765957446805
1,locals_vs_diaspora,3,2,6,92,2,LOOCV,,AdaBoost,username,100,False,0.92,0.8464,0.92,0.8816666666666667,0.001276595744680853
1,locals_vs_diaspora,3,2,6,92,2,K-Fold,5,XGBoost,username,100,True,0.92,0.8464,0.92,0.8816666666666667,0.414622231871472
1,locals_vs_diaspora,3,2,6,92,2,K-Fold,5,XGBoost,username,100,False,0.92,0.8464,0.92,0.8816666666666667,0.414622231871472
1,locals_vs_diaspora,3,2,6,92,2,LOOCV,,XGBoost,username,100,True,0.92,0.8464,0.92,0.8816666666666667,0.0
1,locals_vs_diaspora,3,2,6,92,2,LOOCV,,XGBoost,username,100,False,0.92,0.8464,0.92,0.8816666666666667,0.0
1,locals_vs_diaspora,3,2,6,92,2,K-Fold,5,LogReg,fullname,173,True,0.89,0.8441237113402061,0.89,0.8664550264550265,0.4395543855840209
1,locals_vs_diaspora,3,2,6,92,2,K-Fold,5,LogReg,fullname,173,False,0.92,0.8464,0.92,0.8816666666666667,0.40327724706904033
1,locals_vs_diaspora,3,2,6,92,2,LOOCV,,LogReg,fullname,173,True,0.9,0.8448979591836735,0.9,0.871578947368421,0.281595744680851
1,locals_vs_diaspora,3,2,6,92,2,LOOCV,,LogReg,fullname,173,False,0.92,0.8464,0.92,0.8816666666666667,0.03848404255319148
1,locals_vs_diaspora,3,2,6,92,2,K-Fold,5,DecisionTree,fullname,173,True,0.86,0.8417021276595744,0.86,0.8507526881720431,0.4683022145028224
1,locals_vs_diaspora,3,2,6,92,2,K-Fold,5,DecisionTree,fullname,173,False,0.9,0.8448979591836735,0.9,0.871578947368421,0.48957881024750327
1,locals_vs_diaspora,3,2,6,92,2,LOOCV,,DecisionTree,fullname,173,True,0.85,0.8408602150537634,0.85,0.8454054054054054,0.4627659574468085
1,locals_vs_diaspora,3,2,6,92,2,LOOCV,,DecisionTree,fullname,173,False,0.91,0.8456565656565657,0.91,0.8766492146596859,0.4946808510638298
1,locals_vs_diaspora,3,2,6,92,2,K-Fold,5,RandomForest,fullname,173,True,0.92,0.8464,0.92,0.8816666666666667,0.404352746417716
1,locals_vs_diaspora,3,2,6,92,2,K-Fold,5,RandomForest,fullname,173,False,0.92,0.8464,0.92,0.8816666666666667,0.45734476769431176
1,locals_vs_diaspora,3,2,6,92,2,LOOCV,,RandomForest,fullname,173,True,0.92,0.8464,0.92,0.8816666666666667,0.45082881024750326
1,locals_vs_diaspora,3,2,6,92,2,LOOCV,,RandomForest,fullname,173,False,0.92,0.8464,0.92,0.8816666666666667,0.42254423577941824
1,locals_vs_diaspora,3,2,6,92,2,K-Fold,5,SVM,fullname,173,True,0.91,0.8456565656565657,0.91,0.8766492146596859,0.5266912722535823
1,locals_vs_diaspora,3,2,6,92,2,K-Fold,5,SVM,fullname,173,False,0.92,0.8464,0.92,0.8816666666666667,0.5741880156317847
1,locals_vs_diaspora,3,2,6,92,2,LOOCV,,SVM,fullname,173,True,0.92,0.8464,0.92,0.8816666666666667,0.4297519539730786
1,locals_vs_diaspora,3,2,6,92,2,LOOCV,,SVM,fullname,173,False,0.92,0.8464,0.92,0.8816666666666667,0.5972199305254017
1,locals_vs_diaspora,3,2,6,92,2,K-Fold,5,AdaBoost,fullname,173,True,0.75,0.8558408679927667,0.75,0.7943859649122806,0.4677095093356492
1,locals_vs_diaspora,3,2,6,92,2,K-Fold,5,AdaBoost,fullname,173,False,0.87,0.8425263157894736,0.87,0.8560427807486631,0.422275021710812
1,locals_vs_diaspora,3,2,6,92,2,LOOCV,,AdaBoost,fullname,173,True,0.92,0.8464,0.92,0.8816666666666667,0.4547074468085107
1,locals_vs_diaspora,3,2,6,92,2,LOOCV,,AdaBoost,fullname,173,False,0.92,0.8464,0.92,0.8816666666666667,0.001914893617021276
1,locals_vs_diaspora,3,2,6,92,2,K-Fold,5,XGBoost,fullname,173,True,0.86,0.8417021276595744,0.86,0.8507526881720431,0.504022199305254
1,locals_vs_diaspora,3,2,6,92,2,K-Fold,5,XGBoost,fullname,173,False,0.92,0.8464,0.92,0.8816666666666667,0.517794452887538
1,locals_vs_diaspora,3,2,6,92,2,LOOCV,,XGBoost,fullname,173,True,0.88,0.8433333333333333,0.88,0.8612765957446809,0.22391880156317845
1,locals_vs_diaspora,3,2,6,92,2,LOOCV,,XGBoost,fullname,173,False,0.91,0.8456565656565657,0.91,0.8766492146596859,0.12764329135909683
1,locals_vs_diaspora,3,2,6,92,2,K-Fold,5,LogReg,desc_user,51,True,0.78,0.8519047619047619,0.78,0.8142307692307692,0.37330167173252277
1,locals_vs_diaspora,3,2,6,92,2,K-Fold,5,LogReg,desc_user,51,False,0.92,0.8464,0.92,0.8816666666666667,0.491898610508033
1,locals_vs_diaspora,3,2,6,92,2,LOOCV,,LogReg,desc_user,51,True,0.8,0.8536877076411961,0.8,0.8258599827139151,0.3108461788970907
1,locals_vs_diaspora,3,2,6,92,2,LOOCV,,LogReg,desc_user,51,False,0.92,0.8464,0.92,0.8816666666666667,0.33827127659574474
1,locals_vs_diaspora,3,2,6,92,2,K-Fold,5,DecisionTree,desc_user,51,True,0.33,0.8225448028673835,0.33,0.46125,0.3960603017802866
1,locals_vs_diaspora,3,2,6,92,2,K-Fold,5,DecisionTree,desc_user,51,False,0.88,0.8714893617021277,0.88,0.8739784946236558,0.3512869083803734
1,locals_vs_diaspora,3,2,6,92,2,LOOCV,,DecisionTree,desc_user,51,True,0.17,0.7309523809523809,0.17,0.27553097345132743,0.3269699848024316
1,locals_vs_diaspora,3,2,6,92,2,LOOCV,,DecisionTree,desc_user,51,False,0.86,0.865,0.86,0.862,0.25777708423795054
1,locals_vs_diaspora,3,2,6,92,2,K-Fold,5,RandomForest,desc_user,51,True,0.91,0.8456565656565657,0.91,0.8766492146596859,0.41934379070777245
1,locals_vs_diaspora,3,2,6,92,2,K-Fold,5,RandomForest,desc_user,51,False,0.91,0.8456565656565657,0.91,0.8766492146596859,0.4870961788970907
1,locals_vs_diaspora,3,2,6,92,2,LOOCV,,RandomForest,desc_user,51,True,0.92,0.8842857142857143,0.92,0.8962631578947368,0.31482577073382545
1,locals_vs_diaspora,3,2,6,92,2,LOOCV,,RandomForest,desc_user,51,False,0.91,0.8456565656565657,0.91,0.8766492146596859,0.39035225792444633
1,locals_vs_diaspora,3,2,6,92,2,K-Fold,5,SVM,desc_user,51,True,0.71,0.8688378378378379,0.71,0.7766374589266156,0.3640691489361702
1,locals_vs_diaspora,3,2,6,92,2,K-Fold,5,SVM,desc_user,51,False,0.92,0.8464,0.92,0.8816666666666667,0.34212494572297003
1,locals_vs_diaspora,3,2,6,92,2,LOOCV,,SVM,desc_user,51,True,0.87,0.8607526881720431,0.87,0.8653513513513513,0.24929222752930957
1,locals_vs_diaspora,3,2,6,92,2,LOOCV,,SVM,desc_user,51,False,0.92,0.8464,0.92,0.8816666666666667,0.25494789405123747
1,locals_vs_diaspora,3,2,6,92,2,K-Fold,5,AdaBoost,desc_user,51,True,0.75,0.892025641025641,0.75,0.8069358288770053,0.5538124185844551
1,locals_vs_diaspora,3,2,6,92,2,K-Fold,5,AdaBoost,desc_user,51,False,0.9,0.8829166666666667,0.9,0.8860638297872341,0.521162613981763
1,locals_vs_diaspora,3,2,6,92,2,LOOCV,,AdaBoost,desc_user,51,True,0.88,0.8933333333333333,0.88,0.88,0.5907441380807642
1,locals_vs_diaspora,3,2,6,92,2,LOOCV,,AdaBoost,desc_user,51,False,0.92,0.8842857142857143,0.92,0.8962631578947368,0.278923686495875
1,locals_vs_diaspora,3,2,6,92,2,K-Fold,5,XGBoost,desc_user,51,True,0.71,0.8483208020050125,0.71,0.7684057971014494,0.45444338905775067
1,locals_vs_diaspora,3,2,6,92,2,K-Fold,5,XGBoost,desc_user,51,False,0.92,0.8464,0.92,0.8816666666666667,0.414622231871472
1,locals_vs_diaspora,3,2,6,92,2,LOOCV,,XGBoost,desc_user,51,True,0.86,0.8540000000000001,0.86,0.8557142857142856,0.6873046026921407
1,locals_vs_diaspora,3,2,6,92,2,LOOCV,,XGBoost,desc_user,51,False,0.92,0.8464,0.92,0.8816666666666667,0.0
1,locals_vs_diaspora,3,2,6,92,2,K-Fold,5,LogReg,desc_fullname,64,True,0.84,0.84,0.84,0.84,0.4133334237950499
1,locals_vs_diaspora,3,2,6,92,2,K-Fold,5,LogReg,desc_fullname,64,False,0.92,0.8464,0.92,0.8816666666666667,0.4092811007381677
1,locals_vs_diaspora,3,2,6,92,2,LOOCV,,LogReg,desc_fullname,64,True,0.84,0.8559444444444445,0.84,0.8476923076923077,0.29510638297872344
1,locals_vs_diaspora,3,2,6,92,2,LOOCV,,LogReg,desc_fullname,64,False,0.92,0.8464,0.92,0.8816666666666667,0.2513297872340426
1,locals_vs_diaspora,3,2,6,92,2,K-Fold,5,DecisionTree,desc_fullname,64,True,0.88,0.8714893617021277,0.88,0.8739784946236558,0.3509172818063396
1,locals_vs_diaspora,3,2,6,92,2,K-Fold,5,DecisionTree,desc_fullname,64,False,0.89,0.8822105263157894,0.89,0.8808823529411766,0.35623643074250977
1,locals_vs_diaspora,3,2,6,92,2,LOOCV,,DecisionTree,desc_fullname,64,True,0.86,0.87,0.86,0.8633333333333333,0.28502171081198435
1,locals_vs_diaspora,3,2,6,92,2,LOOCV,,DecisionTree,desc_fullname,64,False,0.87,0.865752688172043,0.87,0.8673513513513513,0.28990664350846723
1,locals_vs_diaspora,3,2,6,92,2,K-Fold,5,RandomForest,desc_fullname,64,True,0.89,0.8441237113402061,0.89,0.8664550264550265,0.42040273556231
1,locals_vs_diaspora,3,2,6,92,2,K-Fold,5,RandomForest,desc_fullname,64,False,0.9,0.8448979591836735,0.9,0.871578947368421,0.4982484802431611
1,locals_vs_diaspora,3,2,6,92,2,LOOCV,,RandomForest,desc_fullname,64,True,0.9,0.8448979591836735,0.9,0.871578947368421,0.28093437907077723
1,locals_vs_diaspora,3,2,6,92,2,LOOCV,,RandomForest,desc_fullname,64,False,0.9,0.8448979591836735,0.9,0.871578947368421,0.4100035280069475
1,locals_vs_diaspora,3,2,6,92,2,K-Fold,5,SVM,desc_fullname,64,True,0.84,0.84,0.84,0.84,0.46453566000868435
1,locals_vs_diaspora,3,2,6,92,2,K-Fold,5,SVM,desc_fullname,64,False,0.92,0.8464,0.92,0.8816666666666667,0.4552770842379505
1,locals_vs_diaspora,3,2,6,92,2,LOOCV,,SVM,desc_fullname,64,True,0.84,0.84,0.84,0.84,0.13716836734693877
1,locals_vs_diaspora,3,2,6,92,2,LOOCV,,SVM,desc_fullname,64,False,0.92,0.8464,0.92,0.8816666666666667,0.20499620060790275
1,locals_vs_diaspora,3,2,6,92,2,K-Fold,5,AdaBoost,desc_fullname,64,True,0.89,0.8441237113402061,0.89,0.8664550264550265,0.5057566217976553
1,locals_vs_diaspora,3,2,6,92,2,K-Fold,5,AdaBoost,desc_fullname,64,False,0.9,0.9129166666666667,0.9,0.8882066869300911,0.5861210920538428
1,locals_vs_diaspora,3,2,6,92,2,LOOCV,,AdaBoost,desc_fullname,64,True,0.84,0.84,0.84,0.84,0.6794572297003907
1,locals_vs_diaspora,3,2,6,92,2,LOOCV,,AdaBoost,desc_fullname,64,False,0.89,0.8441237113402061,0.89,0.8664550264550265,0.9011772687798522
1,locals_vs_diaspora,3,2,6,92,2,K-Fold,5,XGBoost,desc_fullname,64,True,0.86,0.8417021276595744,0.86,0.8507526881720431,0.39433944854537556
1,locals_vs_diaspora,3,2,6,92,2,K-Fold,5,XGBoost,desc_fullname,64,False,0.91,0.8736082474226805,0.91,0.8895238095238095,0.5858893291359096
1,locals_vs_diaspora,3,2,6,92,2,LOOCV,,XGBoost,desc_fullname,64,True,0.85,0.8408602150537634,0.85,0.8454054054054054,0.5714562527138515
1,locals_vs_diaspora,3,2,6,92,2,LOOCV,,XGBoost,desc_fullname,64,False,0.91,0.8736082474226805,0.91,0.8895238095238095,0.3415175857577073
1,locals_vs_diaspora,3,2,6,92,2,K-Fold,5,LogReg,user_fullname,268,True,0.92,0.8464,0.92,0.8816666666666667,0.42880970473295704
1,locals_vs_diaspora,3,2,6,92,2,K-Fold,5,LogReg,user_fullname,268,False,0.92,0.8464,0.92,0.8816666666666667,0.40160171515414667
1,locals_vs_diaspora,3,2,6,92,2,LOOCV,,LogReg,user_fullname,268,True,0.92,0.8464,0.92,0.8816666666666667,0.25497340425531917
1,locals_vs_diaspora,3,2,6,92,2,LOOCV,,LogReg,user_fullname,268,False,0.92,0.8464,0.92,0.8816666666666667,0.024095744680851062
1,locals_vs_diaspora,3,2,6,92,2,K-Fold,5,DecisionTree,user_fullname,268,True,0.85,0.8408602150537634,0.85,0.8454054054054054,0.4629830655666522
1,locals_vs_diaspora,3,2,6,92,2,K-Fold,5,DecisionTree,user_fullname,268,False,0.91,0.8456565656565657,0.91,0.8766492146596859,0.4948979591836735
1,locals_vs_diaspora,3,2,6,92,2,LOOCV,,DecisionTree,user_fullname,268,True,0.83,0.8391208791208791,0.83,0.834535519125683,0.45212765957446804
1,locals_vs_diaspora,3,2,6,92,2,LOOCV,,DecisionTree,user_fullname,268,False,0.91,0.8456565656565657,0.91,0.8766492146596859,0.4946808510638298
1,locals_vs_diaspora,3,2,6,92,2,K-Fold,5,RandomForest,user_fullname,268,True,0.92,0.8464,0.92,0.8816666666666667,0.4682357251411203
1,locals_vs_diaspora,3,2,6,92,2,K-Fold,5,RandomForest,user_fullname,268,False,0.92,0.8464,0.92,0.8816666666666667,0.4682357251411203
1,locals_vs_diaspora,3,2,6,92,2,LOOCV,,RandomForest,user_fullname,268,True,0.92,0.8464,0.92,0.8816666666666667,0.45992455492835427
1,locals_vs_diaspora,3,2,6,92,2,LOOCV,,RandomForest,user_fullname,268,False,0.92,0.8464,0.92,0.8816666666666667,0.47588200173686496
1,locals_vs_diaspora,3,2,6,92,2,K-Fold,5,SVM,user_fullname,268,True,0.92,0.8464,0.92,0.8816666666666667,0.4568758141554494
1,locals_vs_diaspora,3,2,6,92,2,K-Fold,5,SVM,user_fullname,268,False,0.92,0.8464,0.92,0.8816666666666667,0.4366630481980026
1,locals_vs_diaspora,3,2,6,92,2,LOOCV,,SVM,user_fullname,268,True,0.92,0.8464,0.92,0.8816666666666667,0.23804982631350413
1,locals_vs_diaspora,3,2,6,92,2,LOOCV,,SVM,user_fullname,268,False,0.92,0.8464,0.92,0.8816666666666667,0.24076259227095093
1,locals_vs_diaspora,3,2,6,92,2,K-Fold,5,AdaBoost,user_fullname,268,True,0.75,0.8558408679927667,0.75,0.7943859649122806,0.4677095093356492
1,locals_vs_diaspora,3,2,6,92,2,K-Fold,5,AdaBoost,user_fullname,268,False,0.87,0.8425263157894736,0.87,0.8560427807486631,0.422275021710812
1,locals_vs_diaspora,3,2,6,92,2,LOOCV,,AdaBoost,user_fullname,268,True,0.91,0.8456565656565657,0.91,0.8766492146596859,0.4465691489361702
1,locals_vs_diaspora,3,2,6,92,2,LOOCV,,AdaBoost,user_fullname,268,False,0.91,0.8456565656565657,0.91,0.8766492146596859,0.001914893617021276
1,locals_vs_diaspora,3,2,6,92,2,K-Fold,5,XGBoost,user_fullname,268,True,0.87,0.8425263157894736,0.87,0.8560427807486631,0.5114823056882326
1,locals_vs_diaspora,3,2,6,92,2,K-Fold,5,XGBoost,user_fullname,268,False,0.92,0.8464,0.92,0.8816666666666667,0.517794452887538
1,locals_vs_diaspora,3,2,6,92,2,LOOCV,,XGBoost,user_fullname,268,True,0.89,0.8441237113402061,0.89,0.8664550264550265,0.22663156752062527
1,locals_vs_diaspora,3,2,6,92,2,LOOCV,,XGBoost,user_fullname,268,False,0.91,0.8456565656565657,0.91,0.8766492146596859,0.12764329135909683
1,locals_vs_diaspora,3,2,6,92,2,K-Fold,5,LogReg,desc_user_fullname,64,True,0.84,0.84,0.84,0.84,0.4133334237950499
1,locals_vs_diaspora,3,2,6,92,2,K-Fold,5,LogReg,desc_user_fullname,64,False,0.92,0.8464,0.92,0.8816666666666667,0.4092811007381677
1,locals_vs_diaspora,3,2,6,92,2,LOOCV,,LogReg,desc_user_fullname,64,True,0.84,0.8559444444444445,0.84,0.8476923076923077,0.29510638297872344
1,locals_vs_diaspora,3,2,6,92,2,LOOCV,,LogReg,desc_user_fullname,64,False,0.92,0.8464,0.92,0.8816666666666667,0.2513297872340426
1,locals_vs_diaspora,3,2,6,92,2,K-Fold,5,DecisionTree,desc_user_fullname,64,True,0.88,0.8714893617021277,0.88,0.8739784946236558,0.3509172818063396
1,locals_vs_diaspora,3,2,6,92,2,K-Fold,5,DecisionTree,desc_user_fullname,64,False,0.89,0.8822105263157894,0.89,0.8808823529411766,0.35623643074250977
1,locals_vs_diaspora,3,2,6,92,2,LOOCV,,DecisionTree,desc_user_fullname,64,True,0.86,0.87,0.86,0.8633333333333333,0.28502171081198435
1,locals_vs_diaspora,3,2,6,92,2,LOOCV,,DecisionTree,desc_user_fullname,64,False,0.87,0.865752688172043,0.87,0.8673513513513513,0.28990664350846723
1,locals_vs_diaspora,3,2,6,92,2,K-Fold,5,RandomForest,desc_user_fullname,64,True,0.89,0.8441237113402061,0.89,0.8664550264550265,0.42040273556231
1,locals_vs_diaspora,3,2,6,92,2,K-Fold,5,RandomForest,desc_user_fullname,64,False,0.9,0.8448979591836735,0.9,0.871578947368421,0.4982484802431611
1,locals_vs_diaspora,3,2,6,92,2,LOOCV,,RandomForest,desc_user_fullname,64,True,0.9,0.8448979591836735,0.9,0.871578947368421,0.28093437907077723
1,locals_vs_diaspora,3,2,6,92,2,LOOCV,,RandomForest,desc_user_fullname,64,False,0.9,0.8448979591836735,0.9,0.871578947368421,0.4100035280069475
1,locals_vs_diaspora,3,2,6,92,2,K-Fold,5,SVM,desc_user_fullname,64,True,0.84,0.84,0.84,0.84,0.46453566000868435
1,locals_vs_diaspora,3,2,6,92,2,K-Fold,5,SVM,desc_user_fullname,64,False,0.92,0.8464,0.92,0.8816666666666667,0.4552770842379505
1,locals_vs_diaspora,3,2,6,92,2,LOOCV,,SVM,desc_user_fullname,64,True,0.84,0.84,0.84,0.84,0.13716836734693877
1,locals_vs_diaspora,3,2,6,92,2,LOOCV,,SVM,desc_user_fullname,64,False,0.92,0.8464,0.92,0.8816666666666667,0.20499620060790275
1,locals_vs_diaspora,3,2,6,92,2,K-Fold,5,AdaBoost,desc_user_fullname,64,True,0.89,0.8441237113402061,0.89,0.8664550264550265,0.5057566217976553
1,locals_vs_diaspora,3,2,6,92,2,K-Fold,5,AdaBoost,desc_user_fullname,64,False,0.9,0.9129166666666667,0.9,0.8882066869300911,0.5861210920538428
1,locals_vs_diaspora,3,2,6,92,2,LOOCV,,AdaBoost,desc_user_fullname,64,True,0.84,0.84,0.84,0.84,0.6794572297003907
1,locals_vs_diaspora,3,2,6,92,2,LOOCV,,AdaBoost,desc_user_fullname,64,False,0.89,0.8441237113402061,0.89,0.8664550264550265,0.9011772687798522
1,locals_vs_diaspora,3,2,6,92,2,K-Fold,5,XGBoost,desc_user_fullname,64,True,0.86,0.8417021276595744,0.86,0.8507526881720431,0.39433944854537556
1,locals_vs_diaspora,3,2,6,92,2,K-Fold,5,XGBoost,desc_user_fullname,64,False,0.91,0.8736082474226805,0.91,0.8895238095238095,0.5858893291359096
1,locals_vs_diaspora,3,2,6,92,2,LOOCV,,XGBoost,desc_user_fullname,64,True,0.85,0.8408602150537634,0.85,0.8454054054054054,0.5714562527138515
1,locals_vs_diaspora,3,2,6,92,2,LOOCV,,XGBoost,desc_user_fullname,64,False,0.91,0.8736082474226805,0.91,0.8895238095238095,0.3415175857577073
1,locals_vs_diaspora,3,2,6,92,2,K-Fold,5,LogReg,numeric,11,True,0.82,0.8906626506024097,0.82,0.8506285714285714,0.7730194311767261
1,locals_vs_diaspora,3,2,6,92,2,K-Fold,5,LogReg,numeric,11,False,0.92,0.8925,0.92,0.9048510638297873,0.770853777681285
1,locals_vs_diaspora,3,2,6,92,2,LOOCV,,LogReg,numeric,11,True,0.79,0.8889999999999999,0.79,0.8330232558139535,0.7213384715588362
1,locals_vs_diaspora,3,2,6,92,2,LOOCV,,LogReg,numeric,11,False,0.91,0.8736082474226805,0.91,0.8895238095238095,0.7113748371689101
1,locals_vs_diaspora,3,2,6,92,2,K-Fold,5,DecisionTree,numeric,11,True,0.9,0.9,0.9,0.9,0.6613384715588363
1,locals_vs_diaspora,3,2,6,92,2,K-Fold,5,DecisionTree,numeric,11,False,0.9,0.9156554307116106,0.9,0.9062541436464089,0.7757001736864959
1,locals_vs_diaspora,3,2,6,92,2,LOOCV,,DecisionTree,numeric,11,True,0.89,0.8846451612903227,0.89,0.8871154791154793,0.5988384715588363
1,locals_vs_diaspora,3,2,6,92,2,LOOCV,,DecisionTree,numeric,11,False,0.9,0.9020604395604396,0.9,0.9004683840749413,0.7183022145028224
1,locals_vs_diaspora,3,2,6,92,2,K-Fold,5,RandomForest,numeric,11,True,0.92,0.8464,0.92,0.8816666666666667,0.7016728180633955
1,locals_vs_diaspora,3,2,6,92,2,K-Fold,5,RandomForest,numeric,11,False,0.92,0.8464,0.92,0.8816666666666667,0.7703058510638298
1,locals_vs_diaspora,3,2,6,92,2,LOOCV,,RandomForest,numeric,11,True,0.92,0.8464,0.92,0.8816666666666667,0.654873534520191
1,locals_vs_diaspora,3,2,6,92,2,LOOCV,,RandomForest,numeric,11,False,0.92,0.8464,0.92,0.8816666666666667,0.7287244897959182
1,locals_vs_diaspora,3,2,6,92,2,K-Fold,5,SVM,numeric,11,True,0.79,0.8739024390243902,0.79,0.8275862068965517,0.8083537776812852
1,locals_vs_diaspora,3,2,6,92,2,K-Fold,5,SVM,numeric,11,False,0.92,0.8925,0.92,0.9048510638297873,0.603431936604429
1,locals_vs_diaspora,3,2,6,92,2,LOOCV,,SVM,numeric,11,True,0.76,0.8578518518518519,0.76,0.8051878612716763,0.7411121363438993
1,locals_vs_diaspora,3,2,6,92,2,LOOCV,,SVM,numeric,11,False,0.92,0.8925,0.92,0.9048510638297873,0.6072123317412071
1,locals_vs_diaspora,3,2,6,92,2,K-Fold,5,AdaBoost,numeric,11,True,0.93,0.9165789473684209,0.93,0.9215614973262031,0.5546927920104212
1,locals_vs_diaspora,3,2,6,92,2,K-Fold,5,AdaBoost,numeric,11,False,0.93,0.9030927835051547,0.93,0.9125925925925925,0.4645926508901433
1,locals_vs_diaspora,3,2,6,92,2,LOOCV,,AdaBoost,numeric,11,True,0.91,0.9305376344086023,0.91,0.9152432432432432,0.5925618758141554
1,locals_vs_diaspora,3,2,6,92,2,LOOCV,,AdaBoost,numeric,11,False,0.95,0.9325773195876289,0.95,0.9356613756613755,0.49567737733391226
1,locals_vs_diaspora,3,2,6,92,2,K-Fold,5,XGBoost,numeric,11,True,0.87,0.870752688172043,0.87,0.8686846846846846,0.6635665436387321
1,locals_vs_diaspora,3,2,6,92,2,K-Fold,5,XGBoost,numeric,11,False,0.9,0.8448979591836735,0.9,0.871578947368421,0.639522090751194
1,locals_vs_diaspora,3,2,6,92,2,LOOCV,,XGBoost,numeric,11,True,0.89,0.8441237113402061,0.89,0.8664550264550265,0.6058885149804603
1,locals_vs_diaspora,3,2,6,92,2,LOOCV,,XGBoost,numeric,11,False,0.91,0.8456565656565657,0.91,0.8766492146596859,0.6225835866261399
1,locals_vs_diaspora,3,2,6,92,2,K-Fold,5,LogReg,desc+numeric,62,True,0.82,0.8906626506024097,0.82,0.8506285714285714,0.7668671298306556
1,locals_vs_diaspora,3,2,6,92,2,K-Fold,5,LogReg,desc+numeric,62,False,0.91,0.8736082474226805,0.91,0.8895238095238095,0.7871298306556664
1,locals_vs_diaspora,3,2,6,92,2,LOOCV,,LogReg,desc+numeric,62,True,0.79,0.8889999999999999,0.79,0.8330232558139535,0.6945440729483283
1,locals_vs_diaspora,3,2,6,92,2,LOOCV,,LogReg,desc+numeric,62,False,0.91,0.8736082474226805,0.91,0.8895238095238095,0.7279651541467651
1,locals_vs_diaspora,3,2,6,92,2,K-Fold,5,DecisionTree,desc+numeric,62,True,0.85,0.8729775280898876,0.85,0.8608997632202052,0.5777789839339992
1,locals_vs_diaspora,3,2,6,92,2,K-Fold,5,DecisionTree,desc+numeric,62,False,0.89,0.8672105263157894,0.89,0.8778823529411766,0.5414405123751628
1,locals_vs_diaspora,3,2,6,92,2,LOOCV,,DecisionTree,desc+numeric,62,True,0.89,0.8906451612903226,0.89,0.8892972972972975,0.59905557967868
1,locals_vs_diaspora,3,2,6,92,2,LOOCV,,DecisionTree,desc+numeric,62,False,0.9,0.8829166666666667,0.9,0.8860638297872341,0.5469767694311767
1,locals_vs_diaspora,3,2,6,92,2,K-Fold,5,RandomForest,desc+numeric,62,True,0.92,0.8464,0.92,0.8816666666666667,0.7435586734693878
1,locals_vs_diaspora,3,2,6,92,2,K-Fold,5,RandomForest,desc+numeric,62,False,0.92,0.8464,0.92,0.8816666666666667,0.7403112787668259
1,locals_vs_diaspora,3,2,6,92,2,LOOCV,,RandomForest,desc+numeric,62,True,0.92,0.8464,0.92,0.8816666666666667,0.654788862353452
1,locals_vs_diaspora,3,2,6,92,2,LOOCV,,RandomForest,desc+numeric,62,False,0.92,0.8464,0.92,0.8816666666666667,0.6835054819800261
1,locals_vs_diaspora,3,2,6,92,2,K-Fold,5,SVM,desc+numeric,62,True,0.79,0.8602857142857142,0.79,0.8229545454545455,0.8151525184541901
1,locals_vs_diaspora,3,2,6,92,2,K-Fold,5,SVM,desc+numeric,62,False,0.91,0.8858947368421053,0.91,0.8975401069518718,0.5961436170212765
1,locals_vs_diaspora,3,2,6,92,2,LOOCV,,SVM,desc+numeric,62,True,0.76,0.8578518518518519,0.76,0.8051878612716763,0.7201671732522796
1,locals_vs_diaspora,3,2,6,92,2,LOOCV,,SVM,desc+numeric,62,False,0.92,0.8925,0.92,0.9048510638297873,0.639654255319149
1,locals_vs_diaspora,3,2,6,92,2,K-Fold,5,AdaBoost,desc+numeric,62,True,0.93,0.9165789473684209,0.93,0.9215614973262031,0.5492778441163699
1,locals_vs_diaspora,3,2,6,92,2,K-Fold,5,AdaBoost,desc+numeric,62,False,0.95,0.9325773195876289,0.95,0.9356613756613755,0.5390173143725575
1,locals_vs_diaspora,3,2,6,92,2,LOOCV,,AdaBoost,desc+numeric,62,True,0.9,0.93,0.9,0.91,0.6180720798957879
1,locals_vs_diaspora,3,2,6,92,2,LOOCV,,AdaBoost,desc+numeric,62,False,0.95,0.9325773195876289,0.95,0.9356613756613755,0.6104429005644811
1,locals_vs_diaspora,3,2,6,92,2,K-Fold,5,XGBoost,desc+numeric,62,True,0.87,0.8425263157894736,0.87,0.8560427807486631,0.6405568823273992
1,locals_vs_diaspora,3,2,6,92,2,K-Fold,5,XGBoost,desc+numeric,62,False,0.9,0.8448979591836735,0.9,0.871578947368421,0.639522090751194
1,locals_vs_diaspora,3,2,6,92,2,LOOCV,,XGBoost,desc+numeric,62,True,0.89,0.8441237113402061,0.89,0.8664550264550265,0.5324755753365176
1,locals_vs_diaspora,3,2,6,92,2,LOOCV,,XGBoost,desc+numeric,62,False,0.91,0.8456565656565657,0.91,0.8766492146596859,0.6225835866261399
1,locals_vs_diaspora,2,2,6,0,2,K-Fold,5,LogReg,desc,51,True,0.5,0.625,0.5,0.5333333333333333,0.5416666666666667
1,locals_vs_diaspora,2,2,6,0,2,K-Fold,5,LogReg,desc,51,False,0.75,0.5625,0.75,0.6428571428571428,0.20833333333333331
1,locals_vs_diaspora,2,2,6,0,2,LOOCV,,LogReg,desc,51,True,0.75,0.75,0.75,0.75,0.5
1,locals_vs_diaspora,2,2,6,0,2,LOOCV,,LogReg,desc,51,False,0.75,0.5625,0.75,0.6428571428571428,0.0
1,locals_vs_diaspora,2,2,6,0,2,K-Fold,5,DecisionTree,desc,51,True,0.375,0.55,0.375,0.40476190476190477,0.4583333333333333
1,locals_vs_diaspora,2,2,6,0,2,K-Fold,5,DecisionTree,desc,51,False,0.375,0.55,0.375,0.40476190476190477,0.375
1,locals_vs_diaspora,2,2,6,0,2,LOOCV,,DecisionTree,desc,51,True,0.25,0.4166666666666667,0.25,0.25,0.45833333333333337
1,locals_vs_diaspora,2,2,6,0,2,LOOCV,,DecisionTree,desc,51,False,0.25,0.4166666666666667,0.25,0.25,0.2916666666666667
1,locals_vs_diaspora,2,2,6,0,2,K-Fold,5,RandomForest,desc,51,True,0.5,0.625,0.5,0.5333333333333333,0.4583333333333333
1,locals_vs_diaspora,2,2,6,0,2,K-Fold,5,RandomForest,desc,51,False,0.5,0.5,0.5,0.5,0.37499999999999994
1,locals_vs_diaspora,2,2,6,0,2,LOOCV,,RandomForest,desc,51,True,0.5,0.625,0.5,0.5333333333333333,0.4166666666666667
1,locals_vs_diaspora,2,2,6,0,2,LOOCV,,RandomForest,desc,51,False,0.625,0.5357142857142857,0.625,0.576923076923077,0.25
1,locals_vs_diaspora,2,2,6,0,2,K-Fold,5,SVM,desc,51,True,0.75,0.75,0.75,0.75,0.041666666666666664
1,locals_vs_diaspora,2,2,6,0,2,K-Fold,5,SVM,desc,51,False,0.75,0.5625,0.75,0.6428571428571428,0.3333333333333333
1,locals_vs_diaspora,2,2,6,0,2,LOOCV,,SVM,desc,51,True,0.75,0.5625,0.75,0.6428571428571428,0.0
1,locals_vs_diaspora,2,2,6,0,2,LOOCV,,SVM,desc,51,False,0.75,0.5625,0.75,0.6428571428571428,0.0
1,locals_vs_diaspora,2,2,6,0,2,K-Fold,5,AdaBoost,desc,51,True,0.375,0.55,0.375,0.40476190476190477,0.4166666666666667
1,locals_vs_diaspora,2,2,6,0,2,K-Fold,5,AdaBoost,desc,51,False,0.625,0.5357142857142857,0.625,0.576923076923077,0.24999999999999997
1,locals_vs_diaspora,2,2,6,0,2,LOOCV,,AdaBoost,desc,51,True,0.25,0.4166666666666667,0.25,0.25,0.4166666666666667
1,locals_vs_diaspora,2,2,6,0,2,LOOCV,,AdaBoost,desc,51,False,0.625,0.5357142857142857,0.625,0.576923076923077,0.08333333333333333
1,locals_vs_diaspora,2,2,6,0,2,K-Fold,5,XGBoost,desc,51,True,0.25,0.0625,0.25,0.1,0.5
1,locals_vs_diaspora,2,2,6,0,2,K-Fold,5,XGBoost,desc,51,False,0.75,0.5625,0.75,0.6428571428571428,0.16666666666666666
1,locals_vs_diaspora,2,2,6,0,2,LOOCV,,XGBoost,desc,51,True,0.25,0.0625,0.25,0.1,0.5
1,locals_vs_diaspora,2,2,6,0,2,LOOCV,,XGBoost,desc,51,False,0.75,0.5625,0.75,0.6428571428571428,0.0
1,locals_vs_diaspora,2,2,6,0,2,K-Fold,5,LogReg,username,100,True,0.75,0.5625,0.75,0.6428571428571428,0.16666666666666666
1,locals_vs_diaspora,2,2,6,0,2,K-Fold,5,LogReg,username,100,False,0.75,0.5625,0.75,0.6428571428571428,0.16666666666666666
1,locals_vs_diaspora,2,2,6,0,2,LOOCV,,LogReg,username,100,True,0.75,0.5625,0.75,0.6428571428571428,0.0
1,locals_vs_diaspora,2,2,6,0,2,LOOCV,,LogReg,username,100,False,0.75,0.5625,0.75,0.6428571428571428,0.0
1,locals_vs_diaspora,2,2,6,0,2,K-Fold,5,DecisionTree,username,100,True,0.75,0.5625,0.75,0.6428571428571428,0.5
1,locals_vs_diaspora,2,2,6,0,2,K-Fold,5,DecisionTree,username,100,False,0.75,0.5625,0.75,0.6428571428571428,0.5
1,locals_vs_diaspora,2,2,6,0,2,LOOCV,,DecisionTree,username,100,True,0.75,0.5625,0.75,0.6428571428571428,0.5
1,locals_vs_diaspora,2,2,6,0,2,LOOCV,,DecisionTree,username,100,False,0.75,0.5625,0.75,0.6428571428571428,0.5
1,locals_vs_diaspora,2,2,6,0,2,K-Fold,5,RandomForest,username,100,True,0.75,0.5625,0.75,0.6428571428571428,0.16666666666666666
1,locals_vs_diaspora,2,2,6,0,2,K-Fold,5,RandomForest,username,100,False,0.75,0.5625,0.75,0.6428571428571428,0.16666666666666666
1,locals_vs_diaspora,2,2,6,0,2,LOOCV,,RandomForest,username,100,True,0.75,0.5625,0.75,0.6428571428571428,0.0
1,locals_vs_diaspora,2,2,6,0,2,LOOCV,,RandomForest,username,100,False,0.75,0.5625,0.75,0.6428571428571428,0.0
1,locals_vs_diaspora,2,2,6,0,2,K-Fold,5,SVM,username,100,True,0.75,0.5625,0.75,0.6428571428571428,0.16666666666666666
1,locals_vs_diaspora,2,2,6,0,2,K-Fold,5,SVM,username,100,False,0.75,0.5625,0.75,0.6428571428571428,0.16666666666666666
1,locals_vs_diaspora,2,2,6,0,2,LOOCV,,SVM,username,100,True,0.75,0.5625,0.75,0.6428571428571428,0.0
1,locals_vs_diaspora,2,2,6,0,2,LOOCV,,SVM,username,100,False,0.75,0.5625,0.75,0.6428571428571428,0.0
1,locals_vs_diaspora,2,2,6,0,2,K-Fold,5,AdaBoost,username,100,True,0.75,0.5625,0.75,0.6428571428571428,0.16666666666666666
1,locals_vs_diaspora,2,2,6,0,2,K-Fold,5,AdaBoost,username,100,False,0.75,0.5625,0.75,0.6428571428571428,0.16666666666666666
1,locals_vs_diaspora,2,2,6,0,2,LOOCV,,AdaBoost,username,100,True,0.75,0.5625,0.75,0.6428571428571428,0.0
1,locals_vs_diaspora,2,2,6,0,2,LOOCV,,AdaBoost,username,100,False,0.75,0.5625,0.75,0.6428571428571428,0.0
1,locals_vs_diaspora,2,2,6,0,2,K-Fold,5,XGBoost,username,100,True,0.25,0.0625,0.25,0.1,0.5
1,locals_vs_diaspora,2,2,6,0,2,K-Fold,5,XGBoost,username,100,False,0.75,0.5625,0.75,0.6428571428571428,0.16666666666666666
1,locals_vs_diaspora,2,2,6,0,2,LOOCV,,XGBoost,username,100,True,0.25,0.0625,0.25,0.1,0.5
1,locals_vs_diaspora,2,2,6,0,2,LOOCV,,XGBoost,username,100,False,0.75,0.5625,0.75,0.6428571428571428,0.0
1,locals_vs_diaspora,2,2,6,0,2,K-Fold,5,LogReg,fullname,173,True,0.75,0.5625,0.75,0.6428571428571428,0.16666666666666666
1,locals_vs_diaspora,2,2,6,0,2,K-Fold,5,LogReg,fullname,173,False,0.75,0.5625,0.75,0.6428571428571428,0.16666666666666666
1,locals_vs_diaspora,2,2,6,0,2,LOOCV,,LogReg,fullname,173,True,0.75,0.5625,0.75,0.6428571428571428,0.0
1,locals_vs_diaspora,2,2,6,0,2,LOOCV,,LogReg,fullname,173,False,0.75,0.5625,0.75,0.6428571428571428,0.0
1,locals_vs_diaspora,2,2,6,0,2,K-Fold,5,DecisionTree,fullname,173,True,0.75,0.5625,0.75,0.6428571428571428,0.5
1,locals_vs_diaspora,2,2,6,0,2,K-Fold,5,DecisionTree,fullname,173,False,0.75,0.5625,0.75,0.6428571428571428,0.5
1,locals_vs_diaspora,2,2,6,0,2,LOOCV,,DecisionTree,fullname,173,True,0.75,0.5625,0.75,0.6428571428571428,0.5
1,locals_vs_diaspora,2,2,6,0,2,LOOCV,,DecisionTree,fullname,173,False,0.75,0.5625,0.75,0.6428571428571428,0.5
1,locals_vs_diaspora,2,2,6,0,2,K-Fold,5,RandomForest,fullname,173,True,0.75,0.5625,0.75,0.6428571428571428,0.3333333333333333
1,locals_vs_diaspora,2,2,6,0,2,K-Fold,5,RandomForest,fullname,173,False,0.75,0.5625,0.75,0.6428571428571428,0.3333333333333333
1,locals_vs_diaspora,2,2,6,0,2,LOOCV,,RandomForest,fullname,173,True,0.75,0.5625,0.75,0.6428571428571428,0.20833333333333331
1,locals_vs_diaspora,2,2,6,0,2,LOOCV,,RandomForest,fullname,173,False,0.75,0.5625,0.75,0.6428571428571428,0.20833333333333331
1,locals_vs_diaspora,2,2,6,0,2,K-Fold,5,SVM,fullname,173,True,0.75,0.5625,0.75,0.6428571428571428,0.16666666666666666
1,locals_vs_diaspora,2,2,6,0,2,K-Fold,5,SVM,fullname,173,False,0.75,0.5625,0.75,0.6428571428571428,0.16666666666666666
1,locals_vs_diaspora,2,2,6,0,2,LOOCV,,SVM,fullname,173,True,0.75,0.5625,0.75,0.6428571428571428,0.0
1,locals_vs_diaspora,2,2,6,0,2,LOOCV,,SVM,fullname,173,False,0.75,0.5625,0.75,0.6428571428571428,0.0
1,locals_vs_diaspora,2,2,6,0,2,K-Fold,5,AdaBoost,fullname,173,True,0.75,0.5625,0.75,0.6428571428571428,0.16666666666666666
1,locals_vs_diaspora,2,2,6,0,2,K-Fold,5,AdaBoost,fullname,173,False,0.75,0.5625,0.75,0.6428571428571428,0.16666666666666666
1,locals_vs_diaspora,2,2,6,0,2,LOOCV,,AdaBoost,fullname,173,True,0.75,0.5625,0.75,0.6428571428571428,0.0
1,locals_vs_diaspora,2,2,6,0,2,LOOCV,,AdaBoost,fullname,173,False,0.75,0.5625,0.75,0.6428571428571428,0.0
1,locals_vs_diaspora,2,2,6,0,2,K-Fold,5,XGBoost,fullname,173,True,0.25,0.0625,0.25,0.1,0.5
1,locals_vs_diaspora,2,2,6,0,2,K-Fold,5,XGBoost,fullname,173,False,0.75,0.5625,0.75,0.6428571428571428,0.16666666666666666
1,locals_vs_diaspora,2,2,6,0,2,LOOCV,,XGBoost,fullname,173,True,0.25,0.0625,0.25,0.1,0.5
1,locals_vs_diaspora,2,2,6,0,2,LOOCV,,XGBoost,fullname,173,False,0.75,0.5625,0.75,0.6428571428571428,0.0
1,locals_vs_diaspora,2,2,6,0,2,K-Fold,5,LogReg,desc_user,51,True,0.5,0.625,0.5,0.5333333333333333,0.5416666666666667
1,locals_vs_diaspora,2,2,6,0,2,K-Fold,5,LogReg,desc_user,51,False,0.75,0.5625,0.75,0.6428571428571428,0.20833333333333331
1,locals_vs_diaspora,2,2,6,0,2,LOOCV,,LogReg,desc_user,51,True,0.75,0.75,0.75,0.75,0.5
1,locals_vs_diaspora,2,2,6,0,2,LOOCV,,LogReg,desc_user,51,False,0.75,0.5625,0.75,0.6428571428571428,0.0
1,locals_vs_diaspora,2,2,6,0,2,K-Fold,5,DecisionTree,desc_user,51,True,0.375,0.55,0.375,0.40476190476190477,0.4583333333333333
1,locals_vs_diaspora,2,2,6,0,2,K-Fold,5,DecisionTree,desc_user,51,False,0.375,0.55,0.375,0.40476190476190477,0.375
1,locals_vs_diaspora,2,2,6,0,2,LOOCV,,DecisionTree,desc_user,51,True,0.25,0.4166666666666667,0.25,0.25,0.45833333333333337
1,locals_vs_diaspora,2,2,6,0,2,LOOCV,,DecisionTree,desc_user,51,False,0.25,0.4166666666666667,0.25,0.25,0.2916666666666667
1,locals_vs_diaspora,2,2,6,0,2,K-Fold,5,RandomForest,desc_user,51,True,0.5,0.625,0.5,0.5333333333333333,0.4583333333333333
1,locals_vs_diaspora,2,2,6,0,2,K-Fold,5,RandomForest,desc_user,51,False,0.5,0.5,0.5,0.5,0.37499999999999994
1,locals_vs_diaspora,2,2,6,0,2,LOOCV,,RandomForest,desc_user,51,True,0.5,0.625,0.5,0.5333333333333333,0.4166666666666667
1,locals_vs_diaspora,2,2,6,0,2,LOOCV,,RandomForest,desc_user,51,False,0.625,0.5357142857142857,0.625,0.576923076923077,0.25
1,locals_vs_diaspora,2,2,6,0,2,K-Fold,5,SVM,desc_user,51,True,0.75,0.75,0.75,0.75,0.041666666666666664
1,locals_vs_diaspora,2,2,6,0,2,K-Fold,5,SVM,desc_user,51,False,0.75,0.5625,0.75,0.6428571428571428,0.3333333333333333
1,locals_vs_diaspora,2,2,6,0,2,LOOCV,,SVM,desc_user,51,True,0.75,0.5625,0.75,0.6428571428571428,0.0
1,locals_vs_diaspora,2,2,6,0,2,LOOCV,,SVM,desc_user,51,False,0.75,0.5625,0.75,0.6428571428571428,0.0
1,locals_vs_diaspora,2,2,6,0,2,K-Fold,5,AdaBoost,desc_user,51,True,0.375,0.55,0.375,0.40476190476190477,0.4166666666666667
1,locals_vs_diaspora,2,2,6,0,2,K-Fold,5,AdaBoost,desc_user,51,False,0.625,0.5357142857142857,0.625,0.576923076923077,0.24999999999999997
1,locals_vs_diaspora,2,2,6,0,2,LOOCV,,AdaBoost,desc_user,51,True,0.25,0.4166666666666667,0.25,0.25,0.4166666666666667
1,locals_vs_diaspora,2,2,6,0,2,LOOCV,,AdaBoost,desc_user,51,False,0.625,0.5357142857142857,0.625,0.576923076923077,0.08333333333333333
1,locals_vs_diaspora,2,2,6,0,2,K-Fold,5,XGBoost,desc_user,51,True,0.25,0.0625,0.25,0.1,0.5
1,locals_vs_diaspora,2,2,6,0,2,K-Fold,5,XGBoost,desc_user,51,False,0.75,0.5625,0.75,0.6428571428571428,0.16666666666666666
1,locals_vs_diaspora,2,2,6,0,2,LOOCV,,XGBoost,desc_user,51,True,0.25,0.0625,0.25,0.1,0.5
1,locals_vs_diaspora,2,2,6,0,2,LOOCV,,XGBoost,desc_user,51,False,0.75,0.5625,0.75,0.6428571428571428,0.0
1,locals_vs_diaspora,2,2,6,0,2,K-Fold,5,LogReg,desc_fullname,64,True,0.75,0.5625,0.75,0.6428571428571428,0.20833333333333331
1,locals_vs_diaspora,2,2,6,0,2,K-Fold,5,LogReg,desc_fullname,64,False,0.75,0.5625,0.75,0.6428571428571428,0.20833333333333331
1,locals_vs_diaspora,2,2,6,0,2,LOOCV,,LogReg,desc_fullname,64,True,0.75,0.5625,0.75,0.6428571428571428,0.0
1,locals_vs_diaspora,2,2,6,0,2,LOOCV,,LogReg,desc_fullname,64,False,0.75,0.5625,0.75,0.6428571428571428,0.0
1,locals_vs_diaspora,2,2,6,0,2,K-Fold,5,DecisionTree,desc_fullname,64,True,0.75,0.5625,0.75,0.6428571428571428,0.5
1,locals_vs_diaspora,2,2,6,0,2,K-Fold,5,DecisionTree,desc_fullname,64,False,0.75,0.5625,0.75,0.6428571428571428,0.5
1,locals_vs_diaspora,2,2,6,0,2,LOOCV,,DecisionTree,desc_fullname,64,True,0.75,0.5625,0.75,0.6428571428571428,0.5
1,locals_vs_diaspora,2,2,6,0,2,LOOCV,,DecisionTree,desc_fullname,64,False,0.75,0.5625,0.75,0.6428571428571428,0.5
1,locals_vs_diaspora,2,2,6,0,2,K-Fold,5,RandomForest,desc_fullname,64,True,0.75,0.5625,0.75,0.6428571428571428,0.24999999999999997
1,locals_vs_diaspora,2,2,6,0,2,K-Fold,5,RandomForest,desc_fullname,64,False,0.75,0.5625,0.75,0.6428571428571428,0.24999999999999997
1,locals_vs_diaspora,2,2,6,0,2,LOOCV,,RandomForest,desc_fullname,64,True,0.75,0.5625,0.75,0.6428571428571428,0.20833333333333331
1,locals_vs_diaspora,2,2,6,0,2,LOOCV,,RandomForest,desc_fullname,64,False,0.75,0.5625,0.75,0.6428571428571428,0.29166666666666663
1,locals_vs_diaspora,2,2,6,0,2,K-Fold,5,SVM,desc_fullname,64,True,0.75,0.5625,0.75,0.6428571428571428,0.125
1,locals_vs_diaspora,2,2,6,0,2,K-Fold,5,SVM,desc_fullname,64,False,0.75,0.5625,0.75,0.6428571428571428,0.16666666666666666
1,locals_vs_diaspora,2,2,6,0,2,LOOCV,,SVM,desc_fullname,64,True,0.75,0.5625,0.75,0.6428571428571428,0.0
1,locals_vs_diaspora,2,2,6,0,2,LOOCV,,SVM,desc_fullname,64,False,0.75,0.5625,0.75,0.6428571428571428,0.0
1,locals_vs_diaspora,2,2,6,0,2,K-Fold,5,AdaBoost,desc_fullname,64,True,0.75,0.5625,0.75,0.6428571428571428,0.16666666666666666
1,locals_vs_diaspora,2,2,6,0,2,K-Fold,5,AdaBoost,desc_fullname,64,False,0.75,0.5625,0.75,0.6428571428571428,0.16666666666666666
1,locals_vs_diaspora,2,2,6,0,2,LOOCV,,AdaBoost,desc_fullname,64,True,0.75,0.5625,0.75,0.6428571428571428,0.0
1,locals_vs_diaspora,2,2,6,0,2,LOOCV,,AdaBoost,desc_fullname,64,False,0.75,0.5625,0.75,0.6428571428571428,0.0
1,locals_vs_diaspora,2,2,6,0,2,K-Fold,5,XGBoost,desc_fullname,64,True,0.25,0.0625,0.25,0.1,0.5
1,locals_vs_diaspora,2,2,6,0,2,K-Fold,5,XGBoost,desc_fullname,64,False,0.75,0.5625,0.75,0.6428571428571428,0.16666666666666666
1,locals_vs_diaspora,2,2,6,0,2,LOOCV,,XGBoost,desc_fullname,64,True,0.25,0.0625,0.25,0.1,0.5
1,locals_vs_diaspora,2,2,6,0,2,LOOCV,,XGBoost,desc_fullname,64,False,0.75,0.5625,0.75,0.6428571428571428,0.0
1,locals_vs_diaspora,2,2,6,0,2,K-Fold,5,LogReg,user_fullname,268,True,0.75,0.5625,0.75,0.6428571428571428,0.16666666666666666
1,locals_vs_diaspora,2,2,6,0,2,K-Fold,5,LogReg,user_fullname,268,False,0.75,0.5625,0.75,0.6428571428571428,0.16666666666666666
1,locals_vs_diaspora,2,2,6,0,2,LOOCV,,LogReg,user_fullname,268,True,0.75,0.5625,0.75,0.6428571428571428,0.0
1,locals_vs_diaspora,2,2,6,0,2,LOOCV,,LogReg,user_fullname,268,False,0.75,0.5625,0.75,0.6428571428571428,0.0
1,locals_vs_diaspora,2,2,6,0,2,K-Fold,5,DecisionTree,user_fullname,268,True,0.75,0.5625,0.75,0.6428571428571428,0.5
1,locals_vs_diaspora,2,2,6,0,2,K-Fold,5,DecisionTree,user_fullname,268,False,0.75,0.5625,0.75,0.6428571428571428,0.5
1,locals_vs_diaspora,2,2,6,0,2,LOOCV,,DecisionTree,user_fullname,268,True,0.75,0.5625,0.75,0.6428571428571428,0.5
1,locals_vs_diaspora,2,2,6,0,2,LOOCV,,DecisionTree,user_fullname,268,False,0.75,0.5625,0.75,0.6428571428571428,0.5
1,locals_vs_diaspora,2,2,6,0,2,K-Fold,5,RandomForest,user_fullname,268,True,0.75,0.5625,0.75,0.6428571428571428,0.16666666666666666
1,locals_vs_diaspora,2,2,6,0,2,K-Fold,5,RandomForest,user_fullname,268,False,0.75,0.5625,0.75,0.6428571428571428,0.16666666666666666
1,locals_vs_diaspora,2,2,6,0,2,LOOCV,,RandomForest,user_fullname,268,True,0.75,0.5625,0.75,0.6428571428571428,0.0
1,locals_vs_diaspora,2,2,6,0,2,LOOCV,,RandomForest,user_fullname,268,False,0.75,0.5625,0.75,0.6428571428571428,0.0
1,locals_vs_diaspora,2,2,6,0,2,K-Fold,5,SVM,user_fullname,268,True,0.75,0.5625,0.75,0.6428571428571428,0.16666666666666666
1,locals_vs_diaspora,2,2,6,0,2,K-Fold,5,SVM,user_fullname,268,False,0.75,0.5625,0.75,0.6428571428571428,0.16666666666666666
1,locals_vs_diaspora,2,2,6,0,2,LOOCV,,SVM,user_fullname,268,True,0.75,0.5625,0.75,0.6428571428571428,0.0
1,locals_vs_diaspora,2,2,6,0,2,LOOCV,,SVM,user_fullname,268,False,0.75,0.5625,0.75,0.6428571428571428,0.0
1,locals_vs_diaspora,2,2,6,0,2,K-Fold,5,AdaBoost,user_fullname,268,True,0.75,0.5625,0.75,0.6428571428571428,0.16666666666666666
1,locals_vs_diaspora,2,2,6,0,2,K-Fold,5,AdaBoost,user_fullname,268,False,0.75,0.5625,0.75,0.6428571428571428,0.16666666666666666
1,locals_vs_diaspora,2,2,6,0,2,LOOCV,,AdaBoost,user_fullname,268,True,0.75,0.5625,0.75,0.6428571428571428,0.0
1,locals_vs_diaspora,2,2,6,0,2,LOOCV,,AdaBoost,user_fullname,268,False,0.75,0.5625,0.75,0.6428571428571428,0.0
1,locals_vs_diaspora,2,2,6,0,2,K-Fold,5,XGBoost,user_fullname,268,True,0.25,0.0625,0.25,0.1,0.5
1,locals_vs_diaspora,2,2,6,0,2,K-Fold,5,XGBoost,user_fullname,268,False,0.75,0.5625,0.75,0.6428571428571428,0.16666666666666666
1,locals_vs_diaspora,2,2,6,0,2,LOOCV,,XGBoost,user_fullname,268,True,0.25,0.0625,0.25,0.1,0.5
1,locals_vs_diaspora,2,2,6,0,2,LOOCV,,XGBoost,user_fullname,268,False,0.75,0.5625,0.75,0.6428571428571428,0.0
1,locals_vs_diaspora,2,2,6,0,2,K-Fold,5,LogReg,desc_user_fullname,64,True,0.75,0.5625,0.75,0.6428571428571428,0.20833333333333331
1,locals_vs_diaspora,2,2,6,0,2,K-Fold,5,LogReg,desc_user_fullname,64,False,0.75,0.5625,0.75,0.6428571428571428,0.20833333333333331
1,locals_vs_diaspora,2,2,6,0,2,LOOCV,,LogReg,desc_user_fullname,64,True,0.75,0.5625,0.75,0.6428571428571428,0.0
1,locals_vs_diaspora,2,2,6,0,2,LOOCV,,LogReg,desc_user_fullname,64,False,0.75,0.5625,0.75,0.6428571428571428,0.0
1,locals_vs_diaspora,2,2,6,0,2,K-Fold,5,DecisionTree,desc_user_fullname,64,True,0.75,0.5625,0.75,0.6428571428571428,0.5
1,locals_vs_diaspora,2,2,6,0,2,K-Fold,5,DecisionTree,desc_user_fullname,64,False,0.75,0.5625,0.75,0.6428571428571428,0.5
1,locals_vs_diaspora,2,2,6,0,2,LOOCV,,DecisionTree,desc_user_fullname,64,True,0.75,0.5625,0.75,0.6428571428571428,0.5
1,locals_vs_diaspora,2,2,6,0,2,LOOCV,,DecisionTree,desc_user_fullname,64,False,0.75,0.5625,0.75,0.6428571428571428,0.5
1,locals_vs_diaspora,2,2,6,0,2,K-Fold,5,RandomForest,desc_user_fullname,64,True,0.75,0.5625,0.75,0.6428571428571428,0.24999999999999997
1,locals_vs_diaspora,2,2,6,0,2,K-Fold,5,RandomForest,desc_user_fullname,64,False,0.75,0.5625,0.75,0.6428571428571428,0.24999999999999997
1,locals_vs_diaspora,2,2,6,0,2,LOOCV,,RandomForest,desc_user_fullname,64,True,0.75,0.5625,0.75,0.6428571428571428,0.20833333333333331
1,locals_vs_diaspora,2,2,6,0,2,LOOCV,,RandomForest,desc_user_fullname,64,False,0.75,0.5625,0.75,0.6428571428571428,0.29166666666666663
1,locals_vs_diaspora,2,2,6,0,2,K-Fold,5,SVM,desc_user_fullname,64,True,0.75,0.5625,0.75,0.6428571428571428,0.125
1,locals_vs_diaspora,2,2,6,0,2,K-Fold,5,SVM,desc_user_fullname,64,False,0.75,0.5625,0.75,0.6428571428571428,0.16666666666666666
1,locals_vs_diaspora,2,2,6,0,2,LOOCV,,SVM,desc_user_fullname,64,True,0.75,0.5625,0.75,0.6428571428571428,0.0
1,locals_vs_diaspora,2,2,6,0,2,LOOCV,,SVM,desc_user_fullname,64,False,0.75,0.5625,0.75,0.6428571428571428,0.0
1,locals_vs_diaspora,2,2,6,0,2,K-Fold,5,AdaBoost,desc_user_fullname,64,True,0.75,0.5625,0.75,0.6428571428571428,0.16666666666666666
1,locals_vs_diaspora,2,2,6,0,2,K-Fold,5,AdaBoost,desc_user_fullname,64,False,0.75,0.5625,0.75,0.6428571428571428,0.16666666666666666
1,locals_vs_diaspora,2,2,6,0,2,LOOCV,,AdaBoost,desc_user_fullname,64,True,0.75,0.5625,0.75,0.6428571428571428,0.0
1,locals_vs_diaspora,2,2,6,0,2,LOOCV,,AdaBoost,desc_user_fullname,64,False,0.75,0.5625,0.75,0.6428571428571428,0.0
1,locals_vs_diaspora,2,2,6,0,2,K-Fold,5,XGBoost,desc_user_fullname,64,True,0.25,0.0625,0.25,0.1,0.5
1,locals_vs_diaspora,2,2,6,0,2,K-Fold,5,XGBoost,desc_user_fullname,64,False,0.75,0.5625,0.75,0.6428571428571428,0.16666666666666666
1,locals_vs_diaspora,2,2,6,0,2,LOOCV,,XGBoost,desc_user_fullname,64,True,0.25,0.0625,0.25,0.1,0.5
1,locals_vs_diaspora,2,2,6,0,2,LOOCV,,XGBoost,desc_user_fullname,64,False,0.75,0.5625,0.75,0.6428571428571428,0.0
1,locals_vs_diaspora,2,2,6,0,2,K-Fold,5,LogReg,numeric,11,True,0.625,0.5357142857142857,0.625,0.576923076923077,0.3333333333333333
1,locals_vs_diaspora,2,2,6,0,2,K-Fold,5,LogReg,numeric,11,False,0.625,0.5357142857142857,0.625,0.576923076923077,0.3333333333333333
1,locals_vs_diaspora,2,2,6,0,2,LOOCV,,LogReg,numeric,11,True,0.625,0.5357142857142857,0.625,0.576923076923077,0.41666666666666663
1,locals_vs_diaspora,2,2,6,0,2,LOOCV,,LogReg,numeric,11,False,0.625,0.5357142857142857,0.625,0.576923076923077,0.25
1,locals_vs_diaspora,2,2,6,0,2,K-Fold,5,DecisionTree,numeric,11,True,0.75,0.5625,0.75,0.6428571428571428,0.5
1,locals_vs_diaspora,2,2,6,0,2,K-Fold,5,DecisionTree,numeric,11,False,0.75,0.5625,0.75,0.6428571428571428,0.5
1,locals_vs_diaspora,2,2,6,0,2,LOOCV,,DecisionTree,numeric,11,True,0.75,0.5625,0.75,0.6428571428571428,0.5
1,locals_vs_diaspora,2,2,6,0,2,LOOCV,,DecisionTree,numeric,11,False,0.75,0.5625,0.75,0.6428571428571428,0.5
1,locals_vs_diaspora,2,2,6,0,2,K-Fold,5,RandomForest,numeric,11,True,0.75,0.5625,0.75,0.6428571428571428,0.5416666666666666
1,locals_vs_diaspora,2,2,6,0,2,K-Fold,5,RandomForest,numeric,11,False,0.75,0.5625,0.75,0.6428571428571428,0.5
1,locals_vs_diaspora,2,2,6,0,2,LOOCV,,RandomForest,numeric,11,True,0.75,0.5625,0.75,0.6428571428571428,0.5
1,locals_vs_diaspora,2,2,6,0,2,LOOCV,,RandomForest,numeric,11,False,0.75,0.5625,0.75,0.6428571428571428,0.5
1,locals_vs_diaspora,2,2,6,0,2,K-Fold,5,SVM,numeric,11,True,0.625,0.5357142857142857,0.625,0.576923076923077,0.08333333333333333
1,locals_vs_diaspora,2,2,6,0,2,K-Fold,5,SVM,numeric,11,False,0.625,0.5357142857142857,0.625,0.576923076923077,0.08333333333333333
1,locals_vs_diaspora,2,2,6,0,2,LOOCV,,SVM,numeric,11,True,0.625,0.5357142857142857,0.625,0.576923076923077,0.0
1,locals_vs_diaspora,2,2,6,0,2,LOOCV,,SVM,numeric,11,False,0.625,0.5357142857142857,0.625,0.576923076923077,0.0
1,locals_vs_diaspora,2,2,6,0,2,K-Fold,5,AdaBoost,numeric,11,True,0.75,0.5625,0.75,0.6428571428571428,0.5
1,locals_vs_diaspora,2,2,6,0,2,K-Fold,5,AdaBoost,numeric,11,False,0.75,0.5625,0.75,0.6428571428571428,0.5
1,locals_vs_diaspora,2,2,6,0,2,LOOCV,,AdaBoost,numeric,11,True,0.75,0.5625,0.75,0.6428571428571428,0.5
1,locals_vs_diaspora,2,2,6,0,2,LOOCV,,AdaBoost,numeric,11,False,0.75,0.5625,0.75,0.6428571428571428,0.5
1,locals_vs_diaspora,2,2,6,0,2,K-Fold,5,XGBoost,numeric,11,True,0.25,0.0625,0.25,0.1,0.5
1,locals_vs_diaspora,2,2,6,0,2,K-Fold,5,XGBoost,numeric,11,False,0.75,0.5625,0.75,0.6428571428571428,0.16666666666666666
1,locals_vs_diaspora,2,2,6,0,2,LOOCV,,XGBoost,numeric,11,True,0.25,0.0625,0.25,0.1,0.5
1,locals_vs_diaspora,2,2,6,0,2,LOOCV,,XGBoost,numeric,11,False,0.75,0.5625,0.75,0.6428571428571428,0.0
1,locals_vs_diaspora,2,2,6,0,2,K-Fold,5,LogReg,desc+numeric,62,True,0.625,0.5357142857142857,0.625,0.576923076923077,0.3333333333333333
1,locals_vs_diaspora,2,2,6,0,2,K-Fold,5,LogReg,desc+numeric,62,False,0.625,0.5357142857142857,0.625,0.576923076923077,0.3333333333333333
1,locals_vs_diaspora,2,2,6,0,2,LOOCV,,LogReg,desc+numeric,62,True,0.625,0.5357142857142857,0.625,0.576923076923077,0.41666666666666663
1,locals_vs_diaspora,2,2,6,0,2,LOOCV,,LogReg,desc+numeric,62,False,0.625,0.5357142857142857,0.625,0.576923076923077,0.25
1,locals_vs_diaspora,2,2,6,0,2,K-Fold,5,DecisionTree,desc+numeric,62,True,0.625,0.5357142857142857,0.625,0.576923076923077,0.4166666666666667
1,locals_vs_diaspora,2,2,6,0,2,K-Fold,5,DecisionTree,desc+numeric,62,False,0.625,0.5357142857142857,0.625,0.576923076923077,0.4166666666666667
1,locals_vs_diaspora,2,2,6,0,2,LOOCV,,DecisionTree,desc+numeric,62,True,0.75,0.5625,0.75,0.6428571428571428,0.5
1,locals_vs_diaspora,2,2,6,0,2,LOOCV,,DecisionTree,desc+numeric,62,False,0.75,0.5625,0.75,0.6428571428571428,0.5
1,locals_vs_diaspora,2,2,6,0,2,K-Fold,5,RandomForest,desc+numeric,62,True,0.75,0.5625,0.75,0.6428571428571428,0.5
1,locals_vs_diaspora,2,2,6,0,2,K-Fold,5,RandomForest,desc+numeric,62,False,0.75,0.5625,0.75,0.6428571428571428,0.5416666666666667
1,locals_vs_diaspora,2,2,6,0,2,LOOCV,,RandomForest,desc+numeric,62,True,0.75,0.5625,0.75,0.6428571428571428,0.4166666666666667
1,locals_vs_diaspora,2,2,6,0,2,LOOCV,,RandomForest,desc+numeric,62,False,0.75,0.5625,0.75,0.6428571428571428,0.4166666666666667
1,locals_vs_diaspora,2,2,6,0,2,K-Fold,5,SVM,desc+numeric,62,True,0.625,0.5357142857142857,0.625,0.576923076923077,0.08333333333333333
1,locals_vs_diaspora,2,2,6,0,2,K-Fold,5,SVM,desc+numeric,62,False,0.625,0.5357142857142857,0.625,0.576923076923077,0.08333333333333333
1,locals_vs_diaspora,2,2,6,0,2,LOOCV,,SVM,desc+numeric,62,True,0.625,0.5357142857142857,0.625,0.576923076923077,0.0
1,locals_vs_diaspora,2,2,6,0,2,LOOCV,,SVM,desc+numeric,62,False,0.625,0.5357142857142857,0.625,0.576923076923077,0.0
1,locals_vs_diaspora,2,2,6,0,2,K-Fold,5,AdaBoost,desc+numeric,62,True,0.75,0.5625,0.75,0.6428571428571428,0.5
1,locals_vs_diaspora,2,2,6,0,2,K-Fold,5,AdaBoost,desc+numeric,62,False,0.75,0.5625,0.75,0.6428571428571428,0.5
1,locals_vs_diaspora,2,2,6,0,2,LOOCV,,AdaBoost,desc+numeric,62,True,0.75,0.5625,0.75,0.6428571428571428,0.5
1,locals_vs_diaspora,2,2,6,0,2,LOOCV,,AdaBoost,desc+numeric,62,False,0.75,0.5625,0.75,0.6428571428571428,0.5
1,locals_vs_diaspora,2,2,6,0,2,K-Fold,5,XGBoost,desc+numeric,62,True,0.25,0.0625,0.25,0.1,0.5
1,locals_vs_diaspora,2,2,6,0,2,K-Fold,5,XGBoost,desc+numeric,62,False,0.75,0.5625,0.75,0.6428571428571428,0.16666666666666666
1,locals_vs_diaspora,2,2,6,0,2,LOOCV,,XGBoost,desc+numeric,62,True,0.25,0.0625,0.25,0.1,0.5
1,locals_vs_diaspora,2,2,6,0,2,LOOCV,,XGBoost,desc+numeric,62,False,0.75,0.5625,0.75,0.6428571428571428,0.0
1,person_vs_organization,3,19,48,33,19,K-Fold,5,LogReg,desc,51,True,0.48,0.5323560959633178,0.48,0.46123053243077733,0.6196447073748068
1,person_vs_organization,3,19,48,33,19,K-Fold,5,LogReg,desc,51,False,0.4,0.2157303370786517,0.4,0.2802919708029197,0.599615792122011
1,person_vs_organization,3,19,48,33,19,LOOCV,,LogReg,desc,51,True,0.51,0.5675095785440613,0.51,0.4943827343827344,0.5394092216977789
1,person_vs_organization,3,19,48,33,19,LOOCV,,LogReg,desc,51,False,0.41,0.34183908045977013,0.41,0.31187878787878787,0.5112826182477924
1,person_vs_organization,3,19,48,33,19,K-Fold,5,DecisionTree,desc,51,True,0.42,0.4916,0.42,0.36677887246852764,0.5262221478079688
1,person_vs_organization,3,19,48,33,19,K-Fold,5,DecisionTree,desc,51,False,0.44,0.5504152334152334,0.44,0.3971642189586115,0.5278114590863346
1,person_vs_organization,3,19,48,33,19,LOOCV,,DecisionTree,desc,51,True,0.42,0.4750105988341282,0.42,0.3672850980794906,0.49931131380136357
1,person_vs_organization,3,19,48,33,19,LOOCV,,DecisionTree,desc,51,False,0.42,0.483,0.42,0.37714285714285717,0.3604137964026024
1,person_vs_organization,3,19,48,33,19,K-Fold,5,RandomForest,desc,51,True,0.48,0.5668823529411764,0.48,0.45416574295000656,0.6134173328514124
1,person_vs_organization,3,19,48,33,19,K-Fold,5,RandomForest,desc,51,False,0.51,0.6034660033167496,0.51,0.4926571428571428,0.6074348166574535
1,person_vs_organization,3,19,48,33,19,LOOCV,,RandomForest,desc,51,True,0.47,0.5292870680044593,0.47,0.44594395868297343,0.5225927343340279
1,person_vs_organization,3,19,48,33,19,LOOCV,,RandomForest,desc,51,False,0.5,0.5552113636363636,0.5,0.47692642282163533,0.5081274538985983
1,person_vs_organization,3,19,48,33,19,K-Fold,5,SVM,desc,51,True,0.5,0.5707252747252747,0.5,0.47547524938829283,0.4906394842029171
1,person_vs_organization,3,19,48,33,19,K-Fold,5,SVM,desc,51,False,0.43,0.31413043478260866,0.43,0.3060952380952381,0.5434042572040084
1,person_vs_organization,3,19,48,33,19,LOOCV,,SVM,desc,51,True,0.5,0.5747543859649124,0.5,0.46901375475563356,0.3825051026916698
1,person_vs_organization,3,19,48,33,19,LOOCV,,SVM,desc,51,False,0.43,0.31612359550561797,0.43,0.3203427483338623,0.40161071423509237
1,person_vs_organization,3,19,48,33,19,K-Fold,5,AdaBoost,desc,51,True,0.34,0.3511176470588236,0.34,0.3000123997219456,0.5249060431460929
1,person_vs_organization,3,19,48,33,19,K-Fold,5,AdaBoost,desc,51,False,0.45,0.28109890109890107,0.45,0.32620918649695624,0.549462605065839
1,person_vs_organization,3,19,48,33,19,LOOCV,,AdaBoost,desc,51,True,0.34,0.1836862745098039,0.34,0.2141041162227603,0.4140588368697821
1,person_vs_organization,3,19,48,33,19,LOOCV,,AdaBoost,desc,51,False,0.5,0.5898936170212766,0.5,0.3828520673591096,0.6883922623350485
1,person_vs_organization,3,19,48,33,19,K-Fold,5,XGBoost,desc,51,True,0.35,0.2955607235142119,0.35,0.23878547645473283,0.5152493940553642
1,person_vs_organization,3,19,48,33,19,K-Fold,5,XGBoost,desc,51,False,0.47,0.31125,0.47,0.3528104575163399,0.5221938916528468
1,person_vs_organization,3,19,48,33,19,LOOCV,,XGBoost,desc,51,True,0.37,0.3656407447973713,0.37,0.2695785440613027,0.369839371518476
1,person_vs_organization,3,19,48,33,19,LOOCV,,XGBoost,desc,51,False,0.46,0.29158908507223114,0.46,0.3375519371139809,0.2439998369973494
1,person_vs_organization,3,19,48,33,19,K-Fold,5,LogReg,username,100,True,0.48,0.2304,0.48,0.3113513513513514,0.47456804297600313
1,person_vs_organization,3,19,48,33,19,K-Fold,5,LogReg,username,100,False,0.48,0.2304,0.48,0.3113513513513514,0.47456804297600313
1,person_vs_organization,3,19,48,33,19,LOOCV,,LogReg,username,100,True,0.48,0.2304,0.48,0.3113513513513514,0.0
1,person_vs_organization,3,19,48,33,19,LOOCV,,LogReg,username,100,False,0.48,0.2304,0.48,0.3113513513513514,0.0
1,person_vs_organization,3,19,48,33,19,K-Fold,5,DecisionTree,username,100,True,0.48,0.2304,0.48,0.3113513513513514,0.5
1,person_vs_organization,3,19,48,33,19,K-Fold,5,DecisionTree,username,100,False,0.48,0.2304,0.48,0.3113513513513514,0.5
1,person_vs_organization,3,19,48,33,19,LOOCV,,DecisionTree,username,100,True,0.48,0.2304,0.48,0.3113513513513514,0.5
1,person_vs_organization,3,19,48,33,19,LOOCV,,DecisionTree,username,100,False,0.48,0.2304,0.48,0.3113513513513514,0.5
1,person_vs_organization,3,19,48,33,19,K-Fold,5,RandomForest,username,100,True,0.48,0.2304,0.48,0.3113513513513514,0.4889491289988802
1,person_vs_organization,3,19,48,33,19,K-Fold,5,RandomForest,username,100,False,0.48,0.2304,0.48,0.3113513513513514,0.4981070431319188
1,person_vs_organization,3,19,48,33,19,LOOCV,,RandomForest,username,100,True,0.48,0.2304,0.48,0.3113513513513514,0.31924097461410894
1,person_vs_organization,3,19,48,33,19,LOOCV,,RandomForest,username,100,False,0.48,0.2304,0.48,0.3113513513513514,0.32554343666283964
1,person_vs_organization,3,19,48,33,19,K-Fold,5,SVM,username,100,True,0.48,0.2304,0.48,0.3113513513513514,0.5078631061218125
1,person_vs_organization,3,19,48,33,19,K-Fold,5,SVM,username,100,False,0.48,0.2304,0.48,0.3113513513513514,0.47456804297600313
1,person_vs_organization,3,19,48,33,19,LOOCV,,SVM,username,100,True,0.48,0.2304,0.48,0.3113513513513514,0.0
1,person_vs_organization,3,19,48,33,19,LOOCV,,SVM,username,100,False,0.48,0.2304,0.48,0.3113513513513514,0.0
1,person_vs_organization,3,19,48,33,19,K-Fold,5,AdaBoost,username,100,True,0.33,0.10890000000000001,0.33,0.1637593984962406,0.4959228076143499
1,person_vs_organization,3,19,48,33,19,K-Fold,5,AdaBoost,username,100,False,0.48,0.2304,0.48,0.3113513513513514,0.4844445861858797
1,person_vs_organization,3,19,48,33,19,LOOCV,,AdaBoost,username,100,True,0.0,0.0,0.0,0.0,0.0
1,person_vs_organization,3,19,48,33,19,LOOCV,,AdaBoost,username,100,False,0.48,0.2304,0.48,0.3113513513513514,0.0
1,person_vs_organization,3,19,48,33,19,K-Fold,5,XGBoost,username,100,True,0.37,0.384,0.37,0.37398792987834084,0.5027540360873695
1,person_vs_organization,3,19,48,33,19,K-Fold,5,XGBoost,username,100,False,0.48,0.2304,0.48,0.3113513513513514,0.47456804297600313
1,person_vs_organization,3,19,48,33,19,LOOCV,,XGBoost,username,100,True,0.19,0.0361,0.19,0.060672268907563026,0.4873076923076923
1,person_vs_organization,3,19,48,33,19,LOOCV,,XGBoost,username,100,False,0.48,0.2304,0.48,0.3113513513513514,0.0
1,person_vs_organization,3,19,48,33,19,K-Fold,5,LogReg,fullname,173,True,0.5,0.5346666666666667,0.5,0.4060200668896321,0.5512001956031807
1,person_vs_organization,3,19,48,33,19,K-Fold,5,LogReg,fullname,173,False,0.47,0.2278787878787879,0.47,0.3069387755102041,0.5534021133647999
1,person_vs_organization,3,19,48,33,19,LOOCV,,LogReg,fullname,173,True,0.51,0.5687319422150883,0.51,0.42390812440495085,0.3410066122379555
1,person_vs_organization,3,19,48,33,19,LOOCV,,LogReg,fullname,173,False,0.46,0.2253061224489796,0.46,0.30246575342465754,0.3405405663987753
1,person_vs_organization,3,19,48,33,19,K-Fold,5,DecisionTree,fullname,173,True,0.43,0.3105,0.43,0.34726415094339624,0.48421354764638347
1,person_vs_organization,3,19,48,33,19,K-Fold,5,DecisionTree,fullname,173,False,0.46,0.415,0.46,0.319,0.4872273249138921
1,person_vs_organization,3,19,48,33,19,LOOCV,,DecisionTree,fullname,173,True,0.43,0.22193548387096773,0.43,0.2927659574468085,0.46699196326062004
1,person_vs_organization,3,19,48,33,19,LOOCV,,DecisionTree,fullname,173,False,0.48,0.4197872340425532,0.48,0.35604353393085786,0.5064580941446613
1,person_vs_organization,3,19,48,33,19,K-Fold,5,RandomForest,fullname,173,True,0.44,0.4928322440087146,0.44,0.37178117386489484,0.5473316111748947
1,person_vs_organization,3,19,48,33,19,K-Fold,5,RandomForest,fullname,173,False,0.47,0.41736842105263156,0.47,0.33828837828837827,0.5206750967385295
1,person_vs_organization,3,19,48,33,19,LOOCV,,RandomForest,fullname,173,True,0.48,0.42,0.48,0.34285714285714286,0.5022525017363326
1,person_vs_organization,3,19,48,33,19,LOOCV,,RandomForest,fullname,173,False,0.47,0.4176288659793814,0.47,0.32355172413793104,0.5161595866819748
1,person_vs_organization,3,19,48,33,19,K-Fold,5,SVM,fullname,173,True,0.4,0.5110588235294118,0.4,0.4007182929272691,0.5005573627588553
1,person_vs_organization,3,19,48,33,19,K-Fold,5,SVM,fullname,173,False,0.44,0.2223157894736842,0.44,0.2953846153846154,0.4820842369349832
1,person_vs_organization,3,19,48,33,19,LOOCV,,SVM,fullname,173,True,0.47,0.70375,0.47,0.4363081954597922,0.3582856019050048
1,person_vs_organization,3,19,48,33,19,LOOCV,,SVM,fullname,173,False,0.45,0.2883157894736842,0.45,0.312753036437247,0.3125420617709175
1,person_vs_organization,3,19,48,33,19,K-Fold,5,AdaBoost,fullname,173,True,0.39,0.46403472931562817,0.39,0.2978744095582106,0.5812884296466386
1,person_vs_organization,3,19,48,33,19,K-Fold,5,AdaBoost,fullname,173,False,0.48,0.2304,0.48,0.3113513513513514,0.5646598737083811
1,person_vs_organization,3,19,48,33,19,LOOCV,,AdaBoost,fullname,173,True,0.39,0.4976666666666667,0.39,0.2987552565180824,0.4333463026746609
1,person_vs_organization,3,19,48,33,19,LOOCV,,AdaBoost,fullname,173,False,0.48,0.2304,0.48,0.3113513513513514,0.18172726113024623
1,person_vs_organization,3,19,48,33,19,K-Fold,5,XGBoost,fullname,173,True,0.36,0.5047499999999999,0.36,0.32205511915856744,0.5224887315558958
1,person_vs_organization,3,19,48,33,19,K-Fold,5,XGBoost,fullname,173,False,0.48,0.5022872340425532,0.48,0.3582536661409901,0.5042334623180394
1,person_vs_organization,3,19,48,33,19,LOOCV,,XGBoost,fullname,173,True,0.42,0.680919540229885,0.42,0.3544816933638444,0.23071926691329675
1,person_vs_organization,3,19,48,33,19,LOOCV,,XGBoost,fullname,173,False,0.47,0.41736842105263156,0.47,0.33828837828837827,0.21851015577383737
1,person_vs_organization,3,19,48,33,19,K-Fold,5,LogReg,desc_user,51,True,0.48,0.5323560959633178,0.48,0.46123053243077733,0.6196447073748068
1,person_vs_organization,3,19,48,33,19,K-Fold,5,LogReg,desc_user,51,False,0.4,0.2157303370786517,0.4,0.2802919708029197,0.599615792122011
1,person_vs_organization,3,19,48,33,19,LOOCV,,LogReg,desc_user,51,True,0.51,0.5675095785440613,0.51,0.4943827343827344,0.5394092216977789
1,person_vs_organization,3,19,48,33,19,LOOCV,,LogReg,desc_user,51,False,0.41,0.34183908045977013,0.41,0.31187878787878787,0.5112826182477924
1,person_vs_organization,3,19,48,33,19,K-Fold,5,DecisionTree,desc_user,51,True,0.42,0.4916,0.42,0.36677887246852764,0.5262221478079688
1,person_vs_organization,3,19,48,33,19,K-Fold,5,DecisionTree,desc_user,51,False,0.44,0.5504152334152334,0.44,0.3971642189586115,0.5278114590863346
1,person_vs_organization,3,19,48,33,19,LOOCV,,DecisionTree,desc_user,51,True,0.42,0.4750105988341282,0.42,0.3672850980794906,0.49931131380136357
1,person_vs_organization,3,19,48,33,19,LOOCV,,DecisionTree,desc_user,51,False,0.42,0.483,0.42,0.37714285714285717,0.3604137964026024
1,person_vs_organization,3,19,48,33,19,K-Fold,5,RandomForest,desc_user,51,True,0.48,0.5668823529411764,0.48,0.45416574295000656,0.6134173328514124
1,person_vs_organization,3,19,48,33,19,K-Fold,5,RandomForest,desc_user,51,False,0.51,0.6034660033167496,0.51,0.4926571428571428,0.6074348166574535
1,person_vs_organization,3,19,48,33,19,LOOCV,,RandomForest,desc_user,51,True,0.47,0.5292870680044593,0.47,0.44594395868297343,0.5225927343340279
1,person_vs_organization,3,19,48,33,19,LOOCV,,RandomForest,desc_user,51,False,0.5,0.5552113636363636,0.5,0.47692642282163533,0.5081274538985983
1,person_vs_organization,3,19,48,33,19,K-Fold,5,SVM,desc_user,51,True,0.5,0.5707252747252747,0.5,0.47547524938829283,0.4906394842029171
1,person_vs_organization,3,19,48,33,19,K-Fold,5,SVM,desc_user,51,False,0.43,0.31413043478260866,0.43,0.3060952380952381,0.5434042572040084
1,person_vs_organization,3,19,48,33,19,LOOCV,,SVM,desc_user,51,True,0.5,0.5747543859649124,0.5,0.46901375475563356,0.3825051026916698
1,person_vs_organization,3,19,48,33,19,LOOCV,,SVM,desc_user,51,False,0.43,0.31612359550561797,0.43,0.3203427483338623,0.40161071423509237
1,person_vs_organization,3,19,48,33,19,K-Fold,5,AdaBoost,desc_user,51,True,0.34,0.3511176470588236,0.34,0.3000123997219456,0.5249060431460929
1,person_vs_organization,3,19,48,33,19,K-Fold,5,AdaBoost,desc_user,51,False,0.45,0.28109890109890107,0.45,0.32620918649695624,0.549462605065839
1,person_vs_organization,3,19,48,33,19,LOOCV,,AdaBoost,desc_user,51,True,0.34,0.1836862745098039,0.34,0.2141041162227603,0.4140588368697821
1,person_vs_organization,3,19,48,33,19,LOOCV,,AdaBoost,desc_user,51,False,0.5,0.5898936170212766,0.5,0.3828520673591096,0.6883922623350485
1,person_vs_organization,3,19,48,33,19,K-Fold,5,XGBoost,desc_user,51,True,0.35,0.2955607235142119,0.35,0.23878547645473283,0.5152493940553642
1,person_vs_organization,3,19,48,33,19,K-Fold,5,XGBoost,desc_user,51,False,0.47,0.31125,0.47,0.3528104575163399,0.5221938916528468
1,person_vs_organization,3,19,48,33,19,LOOCV,,XGBoost,desc_user,51,True,0.37,0.3656407447973713,0.37,0.2695785440613027,0.369839371518476
1,person_vs_organization,3,19,48,33,19,LOOCV,,XGBoost,desc_user,51,False,0.46,0.29158908507223114,0.46,0.3375519371139809,0.2439998369973494
1,person_vs_organization,3,19,48,33,19,K-Fold,5,LogReg,desc_fullname,64,True,0.51,0.5493581229017661,0.51,0.5076669976007281,0.6557684866266955
1,person_vs_organization,3,19,48,33,19,K-Fold,5,LogReg,desc_fullname,64,False,0.41,0.3569803921568627,0.41,0.3400727272727273,0.6492677637453756
1,person_vs_organization,3,19,48,33,19,LOOCV,,LogReg,desc_fullname,64,True,0.53,0.556635294117647,0.53,0.5254730031236055,0.6300834502700173
1,person_vs_organization,3,19,48,33,19,LOOCV,,LogReg,desc_fullname,64,False,0.4,0.24517241379310345,0.4,0.29233333333333333,0.6036061501608765
1,person_vs_organization,3,19,48,33,19,K-Fold,5,DecisionTree,desc_fullname,64,True,0.49,0.5511794871794872,0.49,0.46903750689464974,0.5767701201967371
1,person_vs_organization,3,19,48,33,19,K-Fold,5,DecisionTree,desc_fullname,64,False,0.48,0.5756273291925466,0.48,0.4561989593438575,0.5626457987838585
1,person_vs_organization,3,19,48,33,19,LOOCV,,DecisionTree,desc_fullname,64,True,0.49,0.5695698051948053,0.49,0.46971892712098895,0.5558591479922326
1,person_vs_organization,3,19,48,33,19,LOOCV,,DecisionTree,desc_fullname,64,False,0.45,0.5022794117647059,0.45,0.4186578657865786,0.402566459015464
1,person_vs_organization,3,19,48,33,19,K-Fold,5,RandomForest,desc_fullname,64,True,0.52,0.568089605734767,0.52,0.5061436154698711,0.6515695029127865
1,person_vs_organization,3,19,48,33,19,K-Fold,5,RandomForest,desc_fullname,64,False,0.56,0.6020977443609022,0.56,0.547685854529228,0.6590676957094866
1,person_vs_organization,3,19,48,33,19,LOOCV,,RandomForest,desc_fullname,64,True,0.49,0.5411477832512315,0.49,0.4797325566000265,0.6041422162690819
1,person_vs_organization,3,19,48,33,19,LOOCV,,RandomForest,desc_fullname,64,False,0.51,0.560952380952381,0.51,0.5037893109803222,0.5948871383821632
1,person_vs_organization,3,19,48,33,19,K-Fold,5,SVM,desc_fullname,64,True,0.51,0.5492075471698113,0.51,0.5075704514363885,0.5945326430525435
1,person_vs_organization,3,19,48,33,19,K-Fold,5,SVM,desc_fullname,64,False,0.4,0.3509803921568627,0.4,0.3325727272727273,0.5836707488200026
1,person_vs_organization,3,19,48,33,19,LOOCV,,SVM,desc_fullname,64,True,0.49,0.5215408805031447,0.49,0.4843939808481532,0.38225156269932387
1,person_vs_organization,3,19,48,33,19,LOOCV,,SVM,desc_fullname,64,False,0.41,0.3115057471264368,0.41,0.3099548978153629,0.5168541197148163
1,person_vs_organization,3,19,48,33,19,K-Fold,5,AdaBoost,desc_fullname,64,True,0.38,0.4104375,0.38,0.3576497151257194,0.5384591288571388
1,person_vs_organization,3,19,48,33,19,K-Fold,5,AdaBoost,desc_fullname,64,False,0.48,0.4631159420289855,0.48,0.35782857142857144,0.5418798812206771
1,person_vs_organization,3,19,48,33,19,LOOCV,,AdaBoost,desc_fullname,64,True,0.74,0.6846538461538461,0.74,0.703698833079655,0.6194056781618972
1,person_vs_organization,3,19,48,33,19,LOOCV,,AdaBoost,desc_fullname,64,False,0.48,0.3590877192982456,0.48,0.34335664335664334,0.7212578843673372
1,person_vs_organization,3,19,48,33,19,K-Fold,5,XGBoost,desc_fullname,64,True,0.45,0.5729389788293898,0.45,0.4176729559748428,0.5548062394579807
1,person_vs_organization,3,19,48,33,19,K-Fold,5,XGBoost,desc_fullname,64,False,0.44,0.4118730158730159,0.44,0.4042292171105731,0.5530583372312229
1,person_vs_organization,3,19,48,33,19,LOOCV,,XGBoost,desc_fullname,64,True,0.45,0.5535204991087344,0.45,0.41656410256410253,0.4345750237416904
1,person_vs_organization,3,19,48,33,19,LOOCV,,XGBoost,desc_fullname,64,False,0.28,0.26969395358739623,0.28,0.2680798115004763,0.41745907216056466
1,person_vs_organization,3,19,48,33,19,K-Fold,5,LogReg,user_fullname,268,True,0.5,0.5346666666666667,0.5,0.4060200668896321,0.5593349491856955
1,person_vs_organization,3,19,48,33,19,K-Fold,5,LogReg,user_fullname,268,False,0.48,0.2304,0.48,0.3113513513513514,0.5567427818174087
1,person_vs_organization,3,19,48,33,19,LOOCV,,LogReg,user_fullname,268,True,0.51,0.5687319422150883,0.51,0.42390812440495085,0.3413912276225709
1,person_vs_organization,3,19,48,33,19,LOOCV,,LogReg,user_fullname,268,False,0.48,0.2304,0.48,0.3113513513513514,0.31655844708083514
1,person_vs_organization,3,19,48,33,19,K-Fold,5,DecisionTree,user_fullname,268,True,0.4,0.5229797979797979,0.4,0.3842864282144642,0.5027267508610792
1,person_vs_organization,3,19,48,33,19,K-Fold,5,DecisionTree,user_fullname,268,False,0.47,0.4176288659793814,0.47,0.32355172413793104,0.49469001148105635
1,person_vs_organization,3,19,48,33,19,LOOCV,,DecisionTree,user_fullname,268,True,0.43,0.6737661406025824,0.43,0.3774347826086957,0.56601607347876
1,person_vs_organization,3,19,48,33,19,LOOCV,,DecisionTree,user_fullname,268,False,0.46,0.2253061224489796,0.46,0.30246575342465754,0.48507462686567165
1,person_vs_organization,3,19,48,33,19,K-Fold,5,RandomForest,user_fullname,268,True,0.46,0.2933684210526316,0.46,0.3194663231505337,0.539870891270145
1,person_vs_organization,3,19,48,33,19,K-Fold,5,RandomForest,user_fullname,268,False,0.46,0.2253061224489796,0.46,0.30246575342465754,0.5308812242207765
1,person_vs_organization,3,19,48,33,19,LOOCV,,RandomForest,user_fullname,268,True,0.47,0.4176288659793814,0.47,0.32355172413793104,0.4353394707374807
1,person_vs_organization,3,19,48,33,19,LOOCV,,RandomForest,user_fullname,268,False,0.48,0.2304,0.48,0.3113513513513514,0.47043254170741733
1,person_vs_organization,3,19,48,33,19,K-Fold,5,SVM,user_fullname,268,True,0.39,0.5061892583120204,0.39,0.38414340978170763,0.4955918059276268
1,person_vs_organization,3,19,48,33,19,K-Fold,5,SVM,user_fullname,268,False,0.46,0.2253061224489796,0.46,0.30246575342465754,0.46470050034726645
1,person_vs_organization,3,19,48,33,19,LOOCV,,SVM,user_fullname,268,True,0.2,0.3537955243527863,0.2,0.22625306947854973,0.23737852758997036
1,person_vs_organization,3,19,48,33,19,LOOCV,,SVM,user_fullname,268,False,0.45,0.222680412371134,0.45,0.29793103448275865,0.22575895451517344
1,person_vs_organization,3,19,48,33,19,K-Fold,5,AdaBoost,user_fullname,268,True,0.4,0.655340909090909,0.4,0.31826040061633276,0.5809353871667305
1,person_vs_organization,3,19,48,33,19,K-Fold,5,AdaBoost,user_fullname,268,False,0.48,0.2304,0.48,0.3113513513513514,0.573147882382957
1,person_vs_organization,3,19,48,33,19,LOOCV,,AdaBoost,user_fullname,268,True,0.39,0.4976666666666667,0.39,0.2987552565180824,0.4333463026746609
1,person_vs_organization,3,19,48,33,19,LOOCV,,AdaBoost,user_fullname,268,False,0.48,0.2304,0.48,0.3113513513513514,0.18479270315091212
1,person_vs_organization,3,19,48,33,19,K-Fold,5,XGBoost,user_fullname,268,True,0.36,0.5047499999999999,0.36,0.32205511915856744,0.5224887315558958
1,person_vs_organization,3,19,48,33,19,K-Fold,5,XGBoost,user_fullname,268,False,0.48,0.5022872340425532,0.48,0.3582536661409901,0.5042334623180394
1,person_vs_organization,3,19,48,33,19,LOOCV,,XGBoost,user_fullname,268,True,0.42,0.680919540229885,0.42,0.3544816933638444,0.23071926691329675
1,person_vs_organization,3,19,48,33,19,LOOCV,,XGBoost,user_fullname,268,False,0.47,0.41736842105263156,0.47,0.33828837828837827,0.21851015577383737
1,person_vs_organization,3,19,48,33,19,K-Fold,5,LogReg,desc_user_fullname,64,True,0.51,0.5493581229017661,0.51,0.5076669976007281,0.6557684866266955
1,person_vs_organization,3,19,48,33,19,K-Fold,5,LogReg,desc_user_fullname,64,False,0.41,0.3569803921568627,0.41,0.3400727272727273,0.6492677637453756
1,person_vs_organization,3,19,48,33,19,LOOCV,,LogReg,desc_user_fullname,64,True,0.53,0.556635294117647,0.53,0.5254730031236055,0.6300834502700173
1,person_vs_organization,3,19,48,33,19,LOOCV,,LogReg,desc_user_fullname,64,False,0.4,0.24517241379310345,0.4,0.29233333333333333,0.6036061501608765
1,person_vs_organization,3,19,48,33,19,K-Fold,5,DecisionTree,desc_user_fullname,64,True,0.49,0.5511794871794872,0.49,0.46903750689464974,0.5767701201967371
1,person_vs_organization,3,19,48,33,19,K-Fold,5,DecisionTree,desc_user_fullname,64,False,0.48,0.5756273291925466,0.48,0.4561989593438575,0.5626457987838585
1,person_vs_organization,3,19,48,33,19,LOOCV,,DecisionTree,desc_user_fullname,64,True,0.49,0.5695698051948053,0.49,0.46971892712098895,0.5558591479922326
1,person_vs_organization,3,19,48,33,19,LOOCV,,DecisionTree,desc_user_fullname,64,False,0.45,0.5022794117647059,0.45,0.4186578657865786,0.402566459015464
1,person_vs_organization,3,19,48,33,19,K-Fold,5,RandomForest,desc_user_fullname,64,True,0.52,0.568089605734767,0.52,0.5061436154698711,0.6515695029127865
1,person_vs_organization,3,19,48,33,19,K-Fold,5,RandomForest,desc_user_fullname,64,False,0.56,0.6020977443609022,0.56,0.547685854529228,0.6590676957094866
1,person_vs_organization,3,19,48,33,19,LOOCV,,RandomForest,desc_user_fullname,64,True,0.49,0.5411477832512315,0.49,0.4797325566000265,0.6041422162690818
1,person_vs_organization,3,19,48,33,19,LOOCV,,RandomForest,desc_user_fullname,64,False,0.51,0.560952380952381,0.51,0.5037893109803222,0.5948871383821633
1,person_vs_organization,3,19,48,33,19,K-Fold,5,SVM,desc_user_fullname,64,True,0.51,0.5492075471698113,0.51,0.5075704514363885,0.5945326430525435
1,person_vs_organization,3,19,48,33,19,K-Fold,5,SVM,desc_user_fullname,64,False,0.4,0.3509803921568627,0.4,0.3325727272727273,0.5836707488200026
1,person_vs_organization,3,19,48,33,19,LOOCV,,SVM,desc_user_fullname,64,True,0.49,0.5215408805031447,0.49,0.4843939808481532,0.38225156269932387
1,person_vs_organization,3,19,48,33,19,LOOCV,,SVM,desc_user_fullname,64,False,0.41,0.3115057471264368,0.41,0.3099548978153629,0.5168541197148163
1,person_vs_organization,3,19,48,33,19,K-Fold,5,AdaBoost,desc_user_fullname,64,True,0.38,0.4104375,0.38,0.3576497151257194,0.5384591288571388
1,person_vs_organization,3,19,48,33,19,K-Fold,5,AdaBoost,desc_user_fullname,64,False,0.48,0.4631159420289855,0.48,0.35782857142857144,0.5418798812206771
1,person_vs_organization,3,19,48,33,19,LOOCV,,AdaBoost,desc_user_fullname,64,True,0.74,0.6846538461538461,0.74,0.703698833079655,0.6194056781618972
1,person_vs_organization,3,19,48,33,19,LOOCV,,AdaBoost,desc_user_fullname,64,False,0.48,0.3590877192982456,0.48,0.34335664335664334,0.7212578843673372
1,person_vs_organization,3,19,48,33,19,K-Fold,5,XGBoost,desc_user_fullname,64,True,0.45,0.5729389788293898,0.45,0.4176729559748428,0.5548062394579807
1,person_vs_organization,3,19,48,33,19,K-Fold,5,XGBoost,desc_user_fullname,64,False,0.44,0.4118730158730159,0.44,0.4042292171105731,0.5530583372312229
1,person_vs_organization,3,19,48,33,19,LOOCV,,XGBoost,desc_user_fullname,64,True,0.45,0.5535204991087344,0.45,0.41656410256410253,0.4345750237416904
1,person_vs_organization,3,19,48,33,19,LOOCV,,XGBoost,desc_user_fullname,64,False,0.28,0.26969395358739623,0.28,0.2680798115004763,0.41745907216056466
1,person_vs_organization,3,19,48,33,19,K-Fold,5,LogReg,numeric,11,True,0.57,0.6233289311003709,0.57,0.5767979560492353,0.6833301087156809
1,person_vs_organization,3,19,48,33,19,K-Fold,5,LogReg,numeric,11,False,0.58,0.5629838056680163,0.58,0.564425060709082,0.6812659281937888
1,person_vs_organization,3,19,48,33,19,LOOCV,,LogReg,numeric,11,True,0.59,0.6450714285714286,0.59,0.5940909983633388,0.6919145015662429
1,person_vs_organization,3,19,48,33,19,LOOCV,,LogReg,numeric,11,False,0.54,0.5358466629895201,0.54,0.5357124113000401,0.6787413360547688
1,person_vs_organization,3,19,48,33,19,K-Fold,5,DecisionTree,numeric,11,True,0.49,0.49168750000000006,0.49,0.4907692307692308,0.5944068829640969
1,person_vs_organization,3,19,48,33,19,K-Fold,5,DecisionTree,numeric,11,False,0.49,0.49465089514066507,0.49,0.4921396291863107,0.6004291221952913
1,person_vs_organization,3,19,48,33,19,LOOCV,,DecisionTree,numeric,11,True,0.53,0.5369041769041769,0.53,0.5323229813664596,0.6337312724128644
1,person_vs_organization,3,19,48,33,19,LOOCV,,DecisionTree,numeric,11,False,0.48,0.5072592592592592,0.48,0.4896442687747035,0.6032940709557624
1,person_vs_organization,3,19,48,33,19,K-Fold,5,RandomForest,numeric,11,True,0.59,0.557,0.59,0.5667389162561576,0.7264402170061374
1,person_vs_organization,3,19,48,33,19,K-Fold,5,RandomForest,numeric,11,False,0.58,0.537125,0.58,0.5486951566951568,0.7207035690493402
1,person_vs_organization,3,19,48,33,19,LOOCV,,RandomForest,numeric,11,True,0.57,0.5605819084390512,0.57,0.5633165528629447,0.7331833708948136
1,person_vs_organization,3,19,48,33,19,LOOCV,,RandomForest,numeric,11,False,0.56,0.5434615384615384,0.56,0.549370882740448,0.7468214837493445
1,person_vs_organization,3,19,48,33,19,K-Fold,5,SVM,numeric,11,True,0.55,0.648449167791273,0.55,0.5611390801813337,0.6345138623123697
1,person_vs_organization,3,19,48,33,19,K-Fold,5,SVM,numeric,11,False,0.52,0.5304848484848484,0.52,0.5246420141620771,0.6190389221981262
1,person_vs_organization,3,19,48,33,19,LOOCV,,SVM,numeric,11,True,0.51,0.5797323848238483,0.51,0.5148712241653418,0.7033165369732534
1,person_vs_organization,3,19,48,33,19,LOOCV,,SVM,numeric,11,False,0.49,0.5026583850931676,0.49,0.4943417366946779,0.6500596731442502
1,person_vs_organization,3,19,48,33,19,K-Fold,5,AdaBoost,numeric,11,True,0.48,0.5062968532442217,0.48,0.48781924701124124,0.6525753532905274
1,person_vs_organization,3,19,48,33,19,K-Fold,5,AdaBoost,numeric,11,False,0.53,0.5152108843537415,0.53,0.5217409760856382,0.6725679473005344
1,person_vs_organization,3,19,48,33,19,LOOCV,,AdaBoost,numeric,11,True,0.49,0.515151282051282,0.49,0.49838489845986106,0.6892422148516677
1,person_vs_organization,3,19,48,33,19,LOOCV,,AdaBoost,numeric,11,False,0.49,0.48545056320400504,0.49,0.48723824052885834,0.6895742795991552
1,person_vs_organization,3,19,48,33,19,K-Fold,5,XGBoost,numeric,11,True,0.54,0.5327927927927928,0.54,0.5350252100840336,0.7123654873779252
1,person_vs_organization,3,19,48,33,19,K-Fold,5,XGBoost,numeric,11,False,0.55,0.5387478991596638,0.55,0.5425846702317291,0.7192318677268926
1,person_vs_organization,3,19,48,33,19,LOOCV,,XGBoost,numeric,11,True,0.52,0.509264705882353,0.52,0.5140346320346321,0.7551512735467959
1,person_vs_organization,3,19,48,33,19,LOOCV,,XGBoost,numeric,11,False,0.56,0.5441149425287355,0.56,0.5487505473653481,0.7607015846692464
1,person_vs_organization,3,19,48,33,19,K-Fold,5,LogReg,desc+numeric,62,True,0.58,0.6195569062720224,0.58,0.5845582302008251,0.6846650295530893
1,person_vs_organization,3,19,48,33,19,K-Fold,5,LogReg,desc+numeric,62,False,0.57,0.5641666666666666,0.57,0.5621122403888643,0.6858447789542318
1,person_vs_organization,3,19,48,33,19,LOOCV,,LogReg,desc+numeric,62,True,0.53,0.5678568991983626,0.53,0.5349409409409409,0.6828874856486797
1,person_vs_organization,3,19,48,33,19,LOOCV,,LogReg,desc+numeric,62,False,0.54,0.540612520458265,0.54,0.5360834534967556,0.6728639211350653
1,person_vs_organization,3,19,48,33,19,K-Fold,5,DecisionTree,desc+numeric,62,True,0.53,0.5333829787234042,0.53,0.5316194331983806,0.6307157233774149
1,person_vs_organization,3,19,48,33,19,K-Fold,5,DecisionTree,desc+numeric,62,False,0.54,0.5325,0.54,0.5356024844720497,0.6377514138708169
1,person_vs_organization,3,19,48,33,19,LOOCV,,DecisionTree,desc+numeric,62,True,0.49,0.49,0.49,0.49,0.5965595810123173
1,person_vs_organization,3,19,48,33,19,LOOCV,,DecisionTree,desc+numeric,62,False,0.49,0.5134857142857143,0.49,0.4981818181818182,0.6103297614491645
1,person_vs_organization,3,19,48,33,19,K-Fold,5,RandomForest,desc+numeric,62,True,0.56,0.5219310344827587,0.56,0.529974387432767,0.7365959199727857
1,person_vs_organization,3,19,48,33,19,K-Fold,5,RandomForest,desc+numeric,62,False,0.59,0.547850021364478,0.59,0.5573295277744991,0.7468035357401028
1,person_vs_organization,3,19,48,33,19,LOOCV,,RandomForest,desc+numeric,62,True,0.52,0.49899436090225563,0.52,0.49866760037348273,0.7442364034528214
1,person_vs_organization,3,19,48,33,19,LOOCV,,RandomForest,desc+numeric,62,False,0.56,0.5163747645951036,0.56,0.5305389750436479,0.7541886720244929
1,person_vs_organization,3,19,48,33,19,K-Fold,5,SVM,desc+numeric,62,True,0.53,0.560934065934066,0.53,0.5300444444444444,0.634408052330938
1,person_vs_organization,3,19,48,33,19,K-Fold,5,SVM,desc+numeric,62,False,0.52,0.5228787878787879,0.52,0.5199804703662634,0.641619147850491
1,person_vs_organization,3,19,48,33,19,LOOCV,,SVM,desc+numeric,62,True,0.56,0.604730222734255,0.56,0.5619010782934833,0.7122983373729642
1,person_vs_organization,3,19,48,33,19,LOOCV,,SVM,desc+numeric,62,False,0.5,0.5030310559006211,0.5,0.5012515644555695,0.6877297983019376
1,person_vs_organization,3,19,48,33,19,K-Fold,5,AdaBoost,desc+numeric,62,True,0.53,0.543978021978022,0.53,0.5331363636363637,0.6615227282391462
1,person_vs_organization,3,19,48,33,19,K-Fold,5,AdaBoost,desc+numeric,62,False,0.49,0.45448634956374895,0.49,0.4700973111395646,0.6319344339555782
1,person_vs_organization,3,19,48,33,19,LOOCV,,AdaBoost,desc+numeric,62,True,0.5,0.5211935957696828,0.5,0.5039134338666973,0.6946322518461823
1,person_vs_organization,3,19,48,33,19,LOOCV,,AdaBoost,desc+numeric,62,False,0.48,0.4711529411764706,0.48,0.4753968253968254,0.6600238834318436
1,person_vs_organization,3,19,48,33,19,K-Fold,5,XGBoost,desc+numeric,62,True,0.54,0.5260523809523809,0.54,0.5314732058831438,0.7135335785460164
1,person_vs_organization,3,19,48,33,19,K-Fold,5,XGBoost,desc+numeric,62,False,0.54,0.5231536388140161,0.54,0.5297239723972398,0.7265050459950957
1,person_vs_organization,3,19,48,33,19,LOOCV,,XGBoost,desc+numeric,62,True,0.58,0.5707874315276933,0.58,0.5739361739745403,0.7567580544570595
1,person_vs_organization,3,19,48,33,19,LOOCV,,XGBoost,desc+numeric,62,False,0.55,0.5397083333333333,0.55,0.5429691876750701,0.7593592578418449
1,person_vs_organization,2,19,48,0,19,K-Fold,5,LogReg,desc,51,True,0.6716417910447762,0.6716417910447762,0.6716417910447762,0.6716417910447762,0.65625
1,person_vs_organization,2,19,48,0,19,K-Fold,5,LogReg,desc,51,False,0.7164179104477612,0.5132546224103364,0.7164179104477612,0.5980532121998702,0.6606359649122807
1,person_vs_organization,2,19,48,0,19,LOOCV,,LogReg,desc,51,True,0.7164179104477612,0.6960011264432554,0.7164179104477612,0.701953777467299,0.6074561403508771
1,person_vs_organization,2,19,48,0,19,LOOCV,,LogReg,desc,51,False,0.7164179104477612,0.5132546224103364,0.7164179104477612,0.5980532121998702,0.5866228070175439
1,person_vs_organization,2,19,48,0,19,K-Fold,5,DecisionTree,desc,51,True,0.6268656716417911,0.620875215757945,0.6268656716417911,0.6237466886797554,0.5213815789473684
1,person_vs_organization,2,19,48,0,19,K-Fold,5,DecisionTree,desc,51,False,0.7014925373134329,0.6571739006118832,0.7014925373134329,0.6622681739550228,0.48081140350877194
1,person_vs_organization,2,19,48,0,19,LOOCV,,DecisionTree,desc,51,True,0.7014925373134329,0.6662143826322932,0.7014925373134329,0.673172598545733,0.569078947368421
1,person_vs_organization,2,19,48,0,19,LOOCV,,DecisionTree,desc,51,False,0.6865671641791045,0.6522161917684305,0.6865671641791045,0.6618302162846899,0.4133771929824561
1,person_vs_organization,2,19,48,0,19,K-Fold,5,RandomForest,desc,51,True,0.7164179104477612,0.6960011264432554,0.7164179104477612,0.701953777467299,0.6091008771929824
1,person_vs_organization,2,19,48,0,19,K-Fold,5,RandomForest,desc,51,False,0.746268656716418,0.729304298181225,0.746268656716418,0.6954292756401479,0.6365131578947368
1,person_vs_organization,2,19,48,0,19,LOOCV,,RandomForest,desc,51,True,0.6716417910447762,0.6507462686567165,0.6716417910447762,0.6588937664618085,0.555921052631579
1,person_vs_organization,2,19,48,0,19,LOOCV,,RandomForest,desc,51,False,0.7611940298507462,0.7518123667377399,0.7611940298507462,0.7193519581579283,0.5855263157894737
1,person_vs_organization,2,19,48,0,19,K-Fold,5,SVM,desc,51,True,0.6567164179104478,0.6512505499712322,0.6567164179104478,0.6538469535853749,0.5740131578947368
1,person_vs_organization,2,19,48,0,19,K-Fold,5,SVM,desc,51,False,0.746268656716418,0.7471570717839374,0.746268656716418,0.6806741848922251,0.7033991228070176
1,person_vs_organization,2,19,48,0,19,LOOCV,,SVM,desc,51,True,0.7014925373134329,0.6922563652326601,0.7014925373134329,0.6962466578671269,0.5307017543859649
1,person_vs_organization,2,19,48,0,19,LOOCV,,SVM,desc,51,False,0.7164179104477612,0.6648898365316275,0.7164179104477612,0.6431064419383692,0.569078947368421
1,person_vs_organization,2,19,48,0,19,K-Fold,5,AdaBoost,desc,51,True,0.746268656716418,0.7231736056559309,0.746268656716418,0.7177707521505771,0.5800438596491228
1,person_vs_organization,2,19,48,0,19,K-Fold,5,AdaBoost,desc,51,False,0.7164179104477612,0.6702960606802055,0.7164179104477612,0.6595974257154595,0.5504385964912282
1,person_vs_organization,2,19,48,0,19,LOOCV,,AdaBoost,desc,51,True,0.7164179104477612,0.6822466614296936,0.7164179104477612,0.6845673112271157,0.4199561403508772
1,person_vs_organization,2,19,48,0,19,LOOCV,,AdaBoost,desc,51,False,0.7014925373134329,0.6334135772749159,0.7014925373134329,0.633423790140208,0.23574561403508776
1,person_vs_organization,2,19,48,0,19,K-Fold,5,XGBoost,desc,51,True,0.7313432835820896,0.7010350546119974,0.7313432835820896,0.6960413565595205,0.5712719298245614
1,person_vs_organization,2,19,48,0,19,K-Fold,5,XGBoost,desc,51,False,0.7164179104477612,0.5132546224103364,0.7164179104477612,0.5980532121998702,0.474780701754386
1,person_vs_organization,2,19,48,0,19,LOOCV,,XGBoost,desc,51,True,0.746268656716418,0.7231736056559309,0.746268656716418,0.7177707521505771,0.4901315789473685
1,person_vs_organization,2,19,48,0,19,LOOCV,,XGBoost,desc,51,False,0.7164179104477612,0.5132546224103364,0.7164179104477612,0.5980532121998702,1.0
1,person_vs_organization,2,19,48,0,19,K-Fold,5,LogReg,username,100,True,0.7164179104477612,0.5132546224103364,0.7164179104477612,0.5980532121998702,0.46600877192982454
1,person_vs_organization,2,19,48,0,19,K-Fold,5,LogReg,username,100,False,0.7164179104477612,0.5132546224103364,0.7164179104477612,0.5980532121998702,0.46600877192982454
1,person_vs_organization,2,19,48,0,19,LOOCV,,LogReg,username,100,True,0.7164179104477612,0.5132546224103364,0.7164179104477612,0.5980532121998702,0.0
1,person_vs_organization,2,19,48,0,19,LOOCV,,LogReg,username,100,False,0.7164179104477612,0.5132546224103364,0.7164179104477612,0.5980532121998702,0.0
1,person_vs_organization,2,19,48,0,19,K-Fold,5,DecisionTree,username,100,True,0.7164179104477612,0.5132546224103364,0.7164179104477612,0.5980532121998702,0.5
1,person_vs_organization,2,19,48,0,19,K-Fold,5,DecisionTree,username,100,False,0.7164179104477612,0.5132546224103364,0.7164179104477612,0.5980532121998702,0.5
1,person_vs_organization,2,19,48,0,19,LOOCV,,DecisionTree,username,100,True,0.7164179104477612,0.5132546224103364,0.7164179104477612,0.5980532121998702,0.5
1,person_vs_organization,2,19,48,0,19,LOOCV,,DecisionTree,username,100,False,0.7164179104477612,0.5132546224103364,0.7164179104477612,0.5980532121998702,0.5
1,person_vs_organization,2,19,48,0,19,K-Fold,5,RandomForest,username,100,True,0.7164179104477612,0.5132546224103364,0.7164179104477612,0.5980532121998702,0.4906798245614035
1,person_vs_organization,2,19,48,0,19,K-Fold,5,RandomForest,username,100,False,0.7164179104477612,0.5132546224103364,0.7164179104477612,0.5980532121998702,0.5339912280701754
1,person_vs_organization,2,19,48,0,19,LOOCV,,RandomForest,username,100,True,0.7164179104477612,0.5132546224103364,0.7164179104477612,0.5980532121998702,0.47149122807017546
1,person_vs_organization,2,19,48,0,19,LOOCV,,RandomForest,username,100,False,0.7164179104477612,0.5132546224103364,0.7164179104477612,0.5980532121998702,0.5191885964912281
1,person_vs_organization,2,19,48,0,19,K-Fold,5,SVM,username,100,True,0.7164179104477612,0.5132546224103364,0.7164179104477612,0.5980532121998702,0.46600877192982454
1,person_vs_organization,2,19,48,0,19,K-Fold,5,SVM,username,100,False,0.7164179104477612,0.5132546224103364,0.7164179104477612,0.5980532121998702,0.46600877192982454
1,person_vs_organization,2,19,48,0,19,LOOCV,,SVM,username,100,True,0.7164179104477612,0.5132546224103364,0.7164179104477612,0.5980532121998702,0.0
1,person_vs_organization,2,19,48,0,19,LOOCV,,SVM,username,100,False,0.7164179104477612,0.5132546224103364,0.7164179104477612,0.5980532121998702,0.0
1,person_vs_organization,2,19,48,0,19,K-Fold,5,AdaBoost,username,100,True,0.7164179104477612,0.5132546224103364,0.7164179104477612,0.5980532121998702,0.47478070175438597
1,person_vs_organization,2,19,48,0,19,K-Fold,5,AdaBoost,username,100,False,0.7164179104477612,0.5132546224103364,0.7164179104477612,0.5980532121998702,0.46600877192982454
1,person_vs_organization,2,19,48,0,19,LOOCV,,AdaBoost,username,100,True,0.7164179104477612,0.5132546224103364,0.7164179104477612,0.5980532121998702,0.0
1,person_vs_organization,2,19,48,0,19,LOOCV,,AdaBoost,username,100,False,0.7164179104477612,0.5132546224103364,0.7164179104477612,0.5980532121998702,0.0
1,person_vs_organization,2,19,48,0,19,K-Fold,5,XGBoost,username,100,True,0.2835820895522388,0.08041880151481398,0.2835820895522388,0.12530371398819856,0.5
1,person_vs_organization,2,19,48,0,19,K-Fold,5,XGBoost,username,100,False,0.7164179104477612,0.5132546224103364,0.7164179104477612,0.5980532121998702,0.46600877192982454
1,person_vs_organization,2,19,48,0,19,LOOCV,,XGBoost,username,100,True,0.2835820895522388,0.08041880151481398,0.2835820895522388,0.12530371398819856,1.0
1,person_vs_organization,2,19,48,0,19,LOOCV,,XGBoost,username,100,False,0.7164179104477612,0.5132546224103364,0.7164179104477612,0.5980532121998702,0.0
1,person_vs_organization,2,19,48,0,19,K-Fold,5,LogReg,fullname,173,True,0.7761194029850746,0.8294243070362473,0.7761194029850746,0.7182419278460811,0.6694078947368421
1,person_vs_organization,2,19,48,0,19,K-Fold,5,LogReg,fullname,173,False,0.7164179104477612,0.5132546224103364,0.7164179104477612,0.5980532121998702,0.681469298245614
1,person_vs_organization,2,19,48,0,19,LOOCV,,LogReg,fullname,173,True,0.7611940298507462,0.7699566682715456,0.7611940298507462,0.7067390321121665,0.42434210526315785
1,person_vs_organization,2,19,48,0,19,LOOCV,,LogReg,fullname,173,False,0.7164179104477612,0.5132546224103364,0.7164179104477612,0.5980532121998702,0.4221491228070175
1,person_vs_organization,2,19,48,0,19,K-Fold,5,DecisionTree,fullname,173,True,0.746268656716418,0.8126291618828932,0.746268656716418,0.662653860910366,0.5526315789473684
1,person_vs_organization,2,19,48,0,19,K-Fold,5,DecisionTree,fullname,173,False,0.7164179104477612,0.6598163030998851,0.7164179104477612,0.6229660798409973,0.5158991228070176
1,person_vs_organization,2,19,48,0,19,LOOCV,,DecisionTree,fullname,173,True,0.746268656716418,0.8126291618828932,0.746268656716418,0.662653860910366,0.5526315789473684
1,person_vs_organization,2,19,48,0,19,LOOCV,,DecisionTree,fullname,173,False,0.746268656716418,0.8126291618828932,0.746268656716418,0.662653860910366,0.5526315789473684
1,person_vs_organization,2,19,48,0,19,K-Fold,5,RandomForest,fullname,173,True,0.7164179104477612,0.5132546224103364,0.7164179104477612,0.5980532121998702,0.6716008771929823
1,person_vs_organization,2,19,48,0,19,K-Fold,5,RandomForest,fullname,173,False,0.7164179104477612,0.5132546224103364,0.7164179104477612,0.5980532121998702,0.6946271929824561
1,person_vs_organization,2,19,48,0,19,LOOCV,,RandomForest,fullname,173,True,0.7164179104477612,0.5132546224103364,0.7164179104477612,0.5980532121998702,0.6524122807017545
1,person_vs_organization,2,19,48,0,19,LOOCV,,RandomForest,fullname,173,False,0.7164179104477612,0.5132546224103364,0.7164179104477612,0.5980532121998702,0.6266447368421053
1,person_vs_organization,2,19,48,0,19,K-Fold,5,SVM,fullname,173,True,0.7761194029850746,0.8294243070362473,0.7761194029850746,0.7182419278460811,0.6924342105263158
1,person_vs_organization,2,19,48,0,19,K-Fold,5,SVM,fullname,173,False,0.7164179104477612,0.5132546224103364,0.7164179104477612,0.5980532121998702,0.6716008771929824
1,person_vs_organization,2,19,48,0,19,LOOCV,,SVM,fullname,173,True,0.7761194029850746,0.8294243070362473,0.7761194029850746,0.7182419278460811,0.42434210526315785
1,person_vs_organization,2,19,48,0,19,LOOCV,,SVM,fullname,173,False,0.7164179104477612,0.5132546224103364,0.7164179104477612,0.5980532121998702,0.42434210526315785
1,person_vs_organization,2,19,48,0,19,K-Fold,5,AdaBoost,fullname,173,True,0.746268656716418,0.7471570717839374,0.746268656716418,0.6806741848922251,0.6173245614035088
1,person_vs_organization,2,19,48,0,19,K-Fold,5,AdaBoost,fullname,173,False,0.7164179104477612,0.5132546224103364,0.7164179104477612,0.5980532121998702,0.6387061403508771
1,person_vs_organization,2,19,48,0,19,LOOCV,,AdaBoost,fullname,173,True,0.7313432835820896,0.7151741293532338,0.7313432835820896,0.652839697615817,0.337719298245614
1,person_vs_organization,2,19,48,0,19,LOOCV,,AdaBoost,fullname,173,False,0.7014925373134329,0.5101763907734058,0.7014925373134329,0.5907305577376277,0.2192982456140351
1,person_vs_organization,2,19,48,0,19,K-Fold,5,XGBoost,fullname,173,True,0.3582089552238806,0.8033220991815118,0.3582089552238806,0.26821170179848486,0.5389254385964912
1,person_vs_organization,2,19,48,0,19,K-Fold,5,XGBoost,fullname,173,False,0.7164179104477612,0.5132546224103364,0.7164179104477612,0.5980532121998702,0.5438596491228072
1,person_vs_organization,2,19,48,0,19,LOOCV,,XGBoost,fullname,173,True,0.40298507462686567,0.8077409562357702,0.40298507462686567,0.3428462085178503,0.25
1,person_vs_organization,2,19,48,0,19,LOOCV,,XGBoost,fullname,173,False,0.7164179104477612,0.5132546224103364,0.7164179104477612,0.5980532121998702,0.16666666666666666
1,person_vs_organization,2,19,48,0,19,K-Fold,5,LogReg,desc_user,51,True,0.6716417910447762,0.6716417910447762,0.6716417910447762,0.6716417910447762,0.65625
1,person_vs_organization,2,19,48,0,19,K-Fold,5,LogReg,desc_user,51,False,0.7164179104477612,0.5132546224103364,0.7164179104477612,0.5980532121998702,0.6606359649122807
1,person_vs_organization,2,19,48,0,19,LOOCV,,LogReg,desc_user,51,True,0.7164179104477612,0.6960011264432554,0.7164179104477612,0.701953777467299,0.6074561403508771
1,person_vs_organization,2,19,48,0,19,LOOCV,,LogReg,desc_user,51,False,0.7164179104477612,0.5132546224103364,0.7164179104477612,0.5980532121998702,0.5866228070175439
1,person_vs_organization,2,19,48,0,19,K-Fold,5,DecisionTree,desc_user,51,True,0.6268656716417911,0.620875215757945,0.6268656716417911,0.6237466886797554,0.5213815789473684
1,person_vs_organization,2,19,48,0,19,K-Fold,5,DecisionTree,desc_user,51,False,0.7014925373134329,0.6571739006118832,0.7014925373134329,0.6622681739550228,0.48081140350877194
1,person_vs_organization,2,19,48,0,19,LOOCV,,DecisionTree,desc_user,51,True,0.7014925373134329,0.6662143826322932,0.7014925373134329,0.673172598545733,0.569078947368421
1,person_vs_organization,2,19,48,0,19,LOOCV,,DecisionTree,desc_user,51,False,0.6865671641791045,0.6522161917684305,0.6865671641791045,0.6618302162846899,0.4133771929824561
1,person_vs_organization,2,19,48,0,19,K-Fold,5,RandomForest,desc_user,51,True,0.7164179104477612,0.6960011264432554,0.7164179104477612,0.701953777467299,0.6091008771929824
1,person_vs_organization,2,19,48,0,19,K-Fold,5,RandomForest,desc_user,51,False,0.746268656716418,0.729304298181225,0.746268656716418,0.6954292756401479,0.6365131578947368
1,person_vs_organization,2,19,48,0,19,LOOCV,,RandomForest,desc_user,51,True,0.6716417910447762,0.6507462686567165,0.6716417910447762,0.6588937664618085,0.555921052631579
1,person_vs_organization,2,19,48,0,19,LOOCV,,RandomForest,desc_user,51,False,0.7611940298507462,0.7518123667377399,0.7611940298507462,0.7193519581579283,0.5855263157894737
1,person_vs_organization,2,19,48,0,19,K-Fold,5,SVM,desc_user,51,True,0.6567164179104478,0.6512505499712322,0.6567164179104478,0.6538469535853749,0.5740131578947368
1,person_vs_organization,2,19,48,0,19,K-Fold,5,SVM,desc_user,51,False,0.746268656716418,0.7471570717839374,0.746268656716418,0.6806741848922251,0.7033991228070176
1,person_vs_organization,2,19,48,0,19,LOOCV,,SVM,desc_user,51,True,0.7014925373134329,0.6922563652326601,0.7014925373134329,0.6962466578671269,0.5307017543859649
1,person_vs_organization,2,19,48,0,19,LOOCV,,SVM,desc_user,51,False,0.7164179104477612,0.6648898365316275,0.7164179104477612,0.6431064419383692,0.569078947368421
1,person_vs_organization,2,19,48,0,19,K-Fold,5,AdaBoost,desc_user,51,True,0.746268656716418,0.7231736056559309,0.746268656716418,0.7177707521505771,0.5800438596491228
1,person_vs_organization,2,19,48,0,19,K-Fold,5,AdaBoost,desc_user,51,False,0.7164179104477612,0.6702960606802055,0.7164179104477612,0.6595974257154595,0.5504385964912282
1,person_vs_organization,2,19,48,0,19,LOOCV,,AdaBoost,desc_user,51,True,0.7164179104477612,0.6822466614296936,0.7164179104477612,0.6845673112271157,0.4199561403508772
1,person_vs_organization,2,19,48,0,19,LOOCV,,AdaBoost,desc_user,51,False,0.7014925373134329,0.6334135772749159,0.7014925373134329,0.633423790140208,0.23574561403508776
1,person_vs_organization,2,19,48,0,19,K-Fold,5,XGBoost,desc_user,51,True,0.7313432835820896,0.7010350546119974,0.7313432835820896,0.6960413565595205,0.5712719298245614
1,person_vs_organization,2,19,48,0,19,K-Fold,5,XGBoost,desc_user,51,False,0.7164179104477612,0.5132546224103364,0.7164179104477612,0.5980532121998702,0.474780701754386
1,person_vs_organization,2,19,48,0,19,LOOCV,,XGBoost,desc_user,51,True,0.746268656716418,0.7231736056559309,0.746268656716418,0.7177707521505771,0.4901315789473685
1,person_vs_organization,2,19,48,0,19,LOOCV,,XGBoost,desc_user,51,False,0.7164179104477612,0.5132546224103364,0.7164179104477612,0.5980532121998702,1.0
1,person_vs_organization,2,19,48,0,19,K-Fold,5,LogReg,desc_fullname,64,True,0.7313432835820896,0.7161117489475698,0.7313432835820896,0.7209130816505707,0.731359649122807
1,person_vs_organization,2,19,48,0,19,K-Fold,5,LogReg,desc_fullname,64,False,0.7164179104477612,0.5132546224103364,0.7164179104477612,0.5980532121998702,0.7521929824561403
1,person_vs_organization,2,19,48,0,19,LOOCV,,LogReg,desc_fullname,64,True,0.7164179104477612,0.6960011264432554,0.7164179104477612,0.701953777467299,0.6995614035087719
1,person_vs_organization,2,19,48,0,19,LOOCV,,LogReg,desc_fullname,64,False,0.7164179104477612,0.5132546224103364,0.7164179104477612,0.5980532121998702,0.643640350877193
1,person_vs_organization,2,19,48,0,19,K-Fold,5,DecisionTree,desc_fullname,64,True,0.6567164179104478,0.6401448639157156,0.6567164179104478,0.6472055307876202,0.6091008771929824
1,person_vs_organization,2,19,48,0,19,K-Fold,5,DecisionTree,desc_fullname,64,False,0.6865671641791045,0.6284783708575765,0.6865671641791045,0.638830768276995,0.5794956140350878
1,person_vs_organization,2,19,48,0,19,LOOCV,,DecisionTree,desc_fullname,64,True,0.6567164179104478,0.696606087760074,0.6567164179104478,0.6699163359233793,0.5844298245614036
1,person_vs_organization,2,19,48,0,19,LOOCV,,DecisionTree,desc_fullname,64,False,0.6716417910447762,0.6397499681081771,0.6716417910447762,0.6505158033362599,0.5175438596491229
1,person_vs_organization,2,19,48,0,19,K-Fold,5,RandomForest,desc_fullname,64,True,0.6716417910447762,0.6612467076382792,0.6716417910447762,0.6658713236538397,0.6666666666666667
1,person_vs_organization,2,19,48,0,19,K-Fold,5,RandomForest,desc_fullname,64,False,0.7313432835820896,0.6993603411513859,0.7313432835820896,0.6842709529276694,0.7039473684210527
1,person_vs_organization,2,19,48,0,19,LOOCV,,RandomForest,desc_fullname,64,True,0.746268656716418,0.7297743090477531,0.746268656716418,0.7333270640496885,0.6392543859649122
1,person_vs_organization,2,19,48,0,19,LOOCV,,RandomForest,desc_fullname,64,False,0.746268656716418,0.729304298181225,0.746268656716418,0.6954292756401479,0.6666666666666666
1,person_vs_organization,2,19,48,0,19,K-Fold,5,SVM,desc_fullname,64,True,0.7164179104477612,0.7036874451273046,0.7164179104477612,0.7085610906506429,0.6721491228070176
1,person_vs_organization,2,19,48,0,19,K-Fold,5,SVM,desc_fullname,64,False,0.7313432835820896,0.7151741293532338,0.7313432835820896,0.652839697615817,0.7264254385964912
1,person_vs_organization,2,19,48,0,19,LOOCV,,SVM,desc_fullname,64,True,0.7014925373134329,0.6922563652326601,0.7014925373134329,0.6962466578671269,0.6195175438596492
1,person_vs_organization,2,19,48,0,19,LOOCV,,SVM,desc_fullname,64,False,0.7014925373134329,0.609452736318408,0.7014925373134329,0.6142663306842412,0.6578947368421053
1,person_vs_organization,2,19,48,0,19,K-Fold,5,AdaBoost,desc_fullname,64,True,0.7313432835820896,0.7010350546119974,0.7313432835820896,0.6960413565595205,0.6705043859649124
1,person_vs_organization,2,19,48,0,19,K-Fold,5,AdaBoost,desc_fullname,64,False,0.7313432835820896,0.6993603411513859,0.7313432835820896,0.6842709529276694,0.6118421052631579
1,person_vs_organization,2,19,48,0,19,LOOCV,,AdaBoost,desc_fullname,64,True,0.7014925373134329,0.6571739006118832,0.7014925373134329,0.6622681739550228,0.4682017543859649
1,person_vs_organization,2,19,48,0,19,LOOCV,,AdaBoost,desc_fullname,64,False,0.7014925373134329,0.6334135772749159,0.7014925373134329,0.633423790140208,0.6611842105263157
1,person_vs_organization,2,19,48,0,19,K-Fold,5,XGBoost,desc_fullname,64,True,0.7164179104477612,0.6822466614296936,0.7164179104477612,0.6845673112271157,0.6277412280701755
1,person_vs_organization,2,19,48,0,19,K-Fold,5,XGBoost,desc_fullname,64,False,0.7164179104477612,0.5132546224103364,0.7164179104477612,0.5980532121998702,0.5701754385964913
1,person_vs_organization,2,19,48,0,19,LOOCV,,XGBoost,desc_fullname,64,True,0.7164179104477612,0.6822466614296936,0.7164179104477612,0.6845673112271157,0.5592105263157896
1,person_vs_organization,2,19,48,0,19,LOOCV,,XGBoost,desc_fullname,64,False,0.7164179104477612,0.5132546224103364,0.7164179104477612,0.5980532121998702,0.4100877192982456
1,person_vs_organization,2,19,48,0,19,K-Fold,5,LogReg,user_fullname,268,True,0.746268656716418,0.8126291618828932,0.746268656716418,0.662653860910366,0.6694078947368421
1,person_vs_organization,2,19,48,0,19,K-Fold,5,LogReg,user_fullname,268,False,0.7164179104477612,0.5132546224103364,0.7164179104477612,0.5980532121998702,0.6781798245614035
1,person_vs_organization,2,19,48,0,19,LOOCV,,LogReg,user_fullname,268,True,0.746268656716418,0.8126291618828932,0.746268656716418,0.662653860910366,0.42434210526315785
1,person_vs_organization,2,19,48,0,19,LOOCV,,LogReg,user_fullname,268,False,0.7164179104477612,0.5132546224103364,0.7164179104477612,0.5980532121998702,0.4155701754385965
1,person_vs_organization,2,19,48,0,19,K-Fold,5,DecisionTree,user_fullname,268,True,0.7313432835820896,0.7151741293532338,0.7313432835820896,0.652839697615817,0.5422149122807017
1,person_vs_organization,2,19,48,0,19,K-Fold,5,DecisionTree,user_fullname,268,False,0.7611940298507462,0.8208955223880597,0.7611940298507462,0.6914130645473928,0.5789473684210527
1,person_vs_organization,2,19,48,0,19,LOOCV,,DecisionTree,user_fullname,268,True,0.746268656716418,0.8126291618828932,0.746268656716418,0.662653860910366,0.5526315789473684
1,person_vs_organization,2,19,48,0,19,LOOCV,,DecisionTree,user_fullname,268,False,0.746268656716418,0.8126291618828932,0.746268656716418,0.662653860910366,0.5526315789473684
1,person_vs_organization,2,19,48,0,19,K-Fold,5,RandomForest,user_fullname,268,True,0.7164179104477612,0.5132546224103364,0.7164179104477612,0.5980532121998702,0.6573464912280703
1,person_vs_organization,2,19,48,0,19,K-Fold,5,RandomForest,user_fullname,268,False,0.7164179104477612,0.5132546224103364,0.7164179104477612,0.5980532121998702,0.6524122807017544
1,person_vs_organization,2,19,48,0,19,LOOCV,,RandomForest,user_fullname,268,True,0.7164179104477612,0.5132546224103364,0.7164179104477612,0.5980532121998702,0.5915570175438597
1,person_vs_organization,2,19,48,0,19,LOOCV,,RandomForest,user_fullname,268,False,0.7164179104477612,0.5132546224103364,0.7164179104477612,0.5980532121998702,0.6365131578947368
1,person_vs_organization,2,19,48,0,19,K-Fold,5,SVM,user_fullname,268,True,0.746268656716418,0.8126291618828932,0.746268656716418,0.662653860910366,0.6726973684210527
1,person_vs_organization,2,19,48,0,19,K-Fold,5,SVM,user_fullname,268,False,0.7164179104477612,0.5132546224103364,0.7164179104477612,0.5980532121998702,0.6716008771929824
1,person_vs_organization,2,19,48,0,19,LOOCV,,SVM,user_fullname,268,True,0.746268656716418,0.8126291618828932,0.746268656716418,0.662653860910366,0.42434210526315785
1,person_vs_organization,2,19,48,0,19,LOOCV,,SVM,user_fullname,268,False,0.7164179104477612,0.5132546224103364,0.7164179104477612,0.5980532121998702,0.4221491228070175
1,person_vs_organization,2,19,48,0,19,K-Fold,5,AdaBoost,user_fullname,268,True,0.746268656716418,0.7471570717839374,0.746268656716418,0.6806741848922251,0.6255482456140351
1,person_vs_organization,2,19,48,0,19,K-Fold,5,AdaBoost,user_fullname,268,False,0.7014925373134329,0.5101763907734058,0.7014925373134329,0.5907305577376277,0.6145833333333333
1,person_vs_organization,2,19,48,0,19,LOOCV,,AdaBoost,user_fullname,268,True,0.746268656716418,0.7471570717839374,0.746268656716418,0.6806741848922251,0.34100877192982454
1,person_vs_organization,2,19,48,0,19,LOOCV,,AdaBoost,user_fullname,268,False,0.7164179104477612,0.5132546224103364,0.7164179104477612,0.5980532121998702,0.26096491228070173
1,person_vs_organization,2,19,48,0,19,K-Fold,5,XGBoost,user_fullname,268,True,0.3582089552238806,0.8033220991815118,0.3582089552238806,0.26821170179848486,0.5389254385964912
1,person_vs_organization,2,19,48,0,19,K-Fold,5,XGBoost,user_fullname,268,False,0.7164179104477612,0.5132546224103364,0.7164179104477612,0.5980532121998702,0.5438596491228072
1,person_vs_organization,2,19,48,0,19,LOOCV,,XGBoost,user_fullname,268,True,0.40298507462686567,0.8077409562357702,0.40298507462686567,0.3428462085178503,0.25
1,person_vs_organization,2,19,48,0,19,LOOCV,,XGBoost,user_fullname,268,False,0.7164179104477612,0.5132546224103364,0.7164179104477612,0.5980532121998702,0.16666666666666666
1,person_vs_organization,2,19,48,0,19,K-Fold,5,LogReg,desc_user_fullname,64,True,0.7313432835820896,0.7161117489475698,0.7313432835820896,0.7209130816505707,0.731359649122807
1,person_vs_organization,2,19,48,0,19,K-Fold,5,LogReg,desc_user_fullname,64,False,0.7164179104477612,0.5132546224103364,0.7164179104477612,0.5980532121998702,0.7521929824561403
1,person_vs_organization,2,19,48,0,19,LOOCV,,LogReg,desc_user_fullname,64,True,0.7164179104477612,0.6960011264432554,0.7164179104477612,0.701953777467299,0.6995614035087719
1,person_vs_organization,2,19,48,0,19,LOOCV,,LogReg,desc_user_fullname,64,False,0.7164179104477612,0.5132546224103364,0.7164179104477612,0.5980532121998702,0.643640350877193
1,person_vs_organization,2,19,48,0,19,K-Fold,5,DecisionTree,desc_user_fullname,64,True,0.6567164179104478,0.6401448639157156,0.6567164179104478,0.6472055307876202,0.6091008771929824
1,person_vs_organization,2,19,48,0,19,K-Fold,5,DecisionTree,desc_user_fullname,64,False,0.6865671641791045,0.6284783708575765,0.6865671641791045,0.638830768276995,0.5794956140350878
1,person_vs_organization,2,19,48,0,19,LOOCV,,DecisionTree,desc_user_fullname,64,True,0.6567164179104478,0.696606087760074,0.6567164179104478,0.6699163359233793,0.5844298245614036
1,person_vs_organization,2,19,48,0,19,LOOCV,,DecisionTree,desc_user_fullname,64,False,0.6716417910447762,0.6397499681081771,0.6716417910447762,0.6505158033362599,0.5175438596491229
1,person_vs_organization,2,19,48,0,19,K-Fold,5,RandomForest,desc_user_fullname,64,True,0.6716417910447762,0.6612467076382792,0.6716417910447762,0.6658713236538397,0.6666666666666667
1,person_vs_organization,2,19,48,0,19,K-Fold,5,RandomForest,desc_user_fullname,64,False,0.7313432835820896,0.6993603411513859,0.7313432835820896,0.6842709529276694,0.7039473684210527
1,person_vs_organization,2,19,48,0,19,LOOCV,,RandomForest,desc_user_fullname,64,True,0.746268656716418,0.7297743090477531,0.746268656716418,0.7333270640496885,0.6392543859649124
1,person_vs_organization,2,19,48,0,19,LOOCV,,RandomForest,desc_user_fullname,64,False,0.746268656716418,0.729304298181225,0.746268656716418,0.6954292756401479,0.6666666666666666
1,person_vs_organization,2,19,48,0,19,K-Fold,5,SVM,desc_user_fullname,64,True,0.7164179104477612,0.7036874451273046,0.7164179104477612,0.7085610906506429,0.6721491228070176
1,person_vs_organization,2,19,48,0,19,K-Fold,5,SVM,desc_user_fullname,64,False,0.7313432835820896,0.7151741293532338,0.7313432835820896,0.652839697615817,0.7264254385964912
1,person_vs_organization,2,19,48,0,19,LOOCV,,SVM,desc_user_fullname,64,True,0.7014925373134329,0.6922563652326601,0.7014925373134329,0.6962466578671269,0.6195175438596492
1,person_vs_organization,2,19,48,0,19,LOOCV,,SVM,desc_user_fullname,64,False,0.7014925373134329,0.609452736318408,0.7014925373134329,0.6142663306842412,0.6578947368421053
1,person_vs_organization,2,19,48,0,19,K-Fold,5,AdaBoost,desc_user_fullname,64,True,0.7313432835820896,0.7010350546119974,0.7313432835820896,0.6960413565595205,0.6705043859649124
1,person_vs_organization,2,19,48,0,19,K-Fold,5,AdaBoost,desc_user_fullname,64,False,0.7313432835820896,0.6993603411513859,0.7313432835820896,0.6842709529276694,0.6118421052631579
1,person_vs_organization,2,19,48,0,19,LOOCV,,AdaBoost,desc_user_fullname,64,True,0.7014925373134329,0.6571739006118832,0.7014925373134329,0.6622681739550228,0.4682017543859649
1,person_vs_organization,2,19,48,0,19,LOOCV,,AdaBoost,desc_user_fullname,64,False,0.7014925373134329,0.6334135772749159,0.7014925373134329,0.633423790140208,0.6611842105263157
1,person_vs_organization,2,19,48,0,19,K-Fold,5,XGBoost,desc_user_fullname,64,True,0.7164179104477612,0.6822466614296936,0.7164179104477612,0.6845673112271157,0.6277412280701755
1,person_vs_organization,2,19,48,0,19,K-Fold,5,XGBoost,desc_user_fullname,64,False,0.7164179104477612,0.5132546224103364,0.7164179104477612,0.5980532121998702,0.5701754385964913
1,person_vs_organization,2,19,48,0,19,LOOCV,,XGBoost,desc_user_fullname,64,True,0.7164179104477612,0.6822466614296936,0.7164179104477612,0.6845673112271157,0.5592105263157896
1,person_vs_organization,2,19,48,0,19,LOOCV,,XGBoost,desc_user_fullname,64,False,0.7164179104477612,0.5132546224103364,0.7164179104477612,0.5980532121998702,0.4100877192982456
1,person_vs_organization,2,19,48,0,19,K-Fold,5,LogReg,numeric,11,True,0.7313432835820896,0.7615351812366737,0.7313432835820896,0.7407055630936229,0.7576754385964912
1,person_vs_organization,2,19,48,0,19,K-Fold,5,LogReg,numeric,11,False,0.746268656716418,0.7255314337403891,0.746268656716418,0.7262435084209393,0.743421052631579
1,person_vs_organization,2,19,48,0,19,LOOCV,,LogReg,numeric,11,True,0.7164179104477612,0.7533673097925009,0.7164179104477612,0.7273221905454003,0.7796052631578947
1,person_vs_organization,2,19,48,0,19,LOOCV,,LogReg,numeric,11,False,0.7313432835820896,0.709911978568695,0.7313432835820896,0.714058384547849,0.7554824561403509
1,person_vs_organization,2,19,48,0,19,K-Fold,5,DecisionTree,numeric,11,True,0.6716417910447762,0.6507462686567165,0.6716417910447762,0.6588937664618085,0.5641447368421053
1,person_vs_organization,2,19,48,0,19,K-Fold,5,DecisionTree,numeric,11,False,0.6865671641791045,0.6522161917684305,0.6865671641791045,0.6618302162846899,0.5586622807017544
1,person_vs_organization,2,19,48,0,19,LOOCV,,DecisionTree,numeric,11,True,0.6567164179104478,0.6401448639157156,0.6567164179104478,0.6472055307876202,0.5537280701754386
1,person_vs_organization,2,19,48,0,19,LOOCV,,DecisionTree,numeric,11,False,0.7313432835820896,0.7313432835820896,0.7313432835820896,0.7313432835820896,0.6694078947368421
1,person_vs_organization,2,19,48,0,19,K-Fold,5,RandomForest,numeric,11,True,0.7313432835820896,0.6993603411513859,0.7313432835820896,0.6842709529276694,0.7467105263157896
1,person_vs_organization,2,19,48,0,19,K-Fold,5,RandomForest,numeric,11,False,0.746268656716418,0.7236592461421706,0.746268656716418,0.7076249076528056,0.768092105263158
1,person_vs_organization,2,19,48,0,19,LOOCV,,RandomForest,numeric,11,True,0.7313432835820896,0.7016851227732306,0.7313432835820896,0.6700814111261871,0.7225877192982456
1,person_vs_organization,2,19,48,0,19,LOOCV,,RandomForest,numeric,11,False,0.7164179104477612,0.6702960606802055,0.7164179104477612,0.6595974257154595,0.7489035087719298
1,person_vs_organization,2,19,48,0,19,K-Fold,5,SVM,numeric,11,True,0.7014925373134329,0.774033060503932,0.7014925373134329,0.7159914712153518,0.7598684210526315
1,person_vs_organization,2,19,48,0,19,K-Fold,5,SVM,numeric,11,False,0.7014925373134329,0.7112882791013875,0.7014925373134329,0.7057796125754208,0.6480263157894737
1,person_vs_organization,2,19,48,0,19,LOOCV,,SVM,numeric,11,True,0.7611940298507462,0.8023217247097845,0.7611940298507462,0.7711049495604979,0.8399122807017544
1,person_vs_organization,2,19,48,0,19,LOOCV,,SVM,numeric,11,False,0.7014925373134329,0.7112882791013875,0.7014925373134329,0.7057796125754208,0.6666666666666667
1,person_vs_organization,2,19,48,0,19,K-Fold,5,AdaBoost,numeric,11,True,0.6865671641791045,0.6719161545215101,0.6865671641791045,0.6778833107191315,0.700657894736842
1,person_vs_organization,2,19,48,0,19,K-Fold,5,AdaBoost,numeric,11,False,0.746268656716418,0.7297743090477531,0.746268656716418,0.7333270640496885,0.7368421052631579
1,person_vs_organization,2,19,48,0,19,LOOCV,,AdaBoost,numeric,11,True,0.7164179104477612,0.7210225468402667,0.7164179104477612,0.7185610409491008,0.7785087719298246
1,person_vs_organization,2,19,48,0,19,LOOCV,,AdaBoost,numeric,11,False,0.7164179104477612,0.7036874451273046,0.7164179104477612,0.7085610906506429,0.7796052631578947
1,person_vs_organization,2,19,48,0,19,K-Fold,5,XGBoost,numeric,11,True,0.6567164179104478,0.6401448639157156,0.6567164179104478,0.6472055307876202,0.6458333333333333
1,person_vs_organization,2,19,48,0,19,K-Fold,5,XGBoost,numeric,11,False,0.7014925373134329,0.6662143826322932,0.7014925373134329,0.673172598545733,0.6589912280701755
1,person_vs_organization,2,19,48,0,19,LOOCV,,XGBoost,numeric,11,True,0.6865671641791045,0.6816258841845195,0.6865671641791045,0.6839472184909945,0.7401315789473685
1,person_vs_organization,2,19,48,0,19,LOOCV,,XGBoost,numeric,11,False,0.7313432835820896,0.709911978568695,0.7313432835820896,0.714058384547849,0.7478070175438597
1,person_vs_organization,2,19,48,0,19,K-Fold,5,LogReg,desc+numeric,62,True,0.746268656716418,0.759656264133876,0.746268656716418,0.751459069718285,0.7752192982456141
1,person_vs_organization,2,19,48,0,19,K-Fold,5,LogReg,desc+numeric,62,False,0.7910447761194029,0.7800739890292129,0.7910447761194029,0.7776009657594382,0.7642543859649122
1,person_vs_organization,2,19,48,0,19,LOOCV,,LogReg,desc+numeric,62,True,0.746268656716418,0.759656264133876,0.746268656716418,0.751459069718285,0.7927631578947368
1,person_vs_organization,2,19,48,0,19,LOOCV,,LogReg,desc+numeric,62,False,0.7313432835820896,0.709911978568695,0.7313432835820896,0.714058384547849,0.7653508771929824
1,person_vs_organization,2,19,48,0,19,K-Fold,5,DecisionTree,desc+numeric,62,True,0.6268656716417911,0.6083735733099209,0.6268656716417911,0.6165277508561091,0.5169956140350878
1,person_vs_organization,2,19,48,0,19,K-Fold,5,DecisionTree,desc+numeric,62,False,0.6119402985074627,0.5695879576476592,0.6119402985074627,0.5869732221246707,0.47478070175438597
1,person_vs_organization,2,19,48,0,19,LOOCV,,DecisionTree,desc+numeric,62,True,0.6268656716417911,0.5789009497964722,0.6268656716417911,0.5974169241484404,0.48519736842105265
1,person_vs_organization,2,19,48,0,19,LOOCV,,DecisionTree,desc+numeric,62,False,0.6268656716417911,0.6083735733099209,0.6268656716417911,0.6165277508561091,0.5169956140350878
1,person_vs_organization,2,19,48,0,19,K-Fold,5,RandomForest,desc+numeric,62,True,0.7014925373134329,0.6334135772749159,0.7014925373134329,0.633423790140208,0.7757675438596492
1,person_vs_organization,2,19,48,0,19,K-Fold,5,RandomForest,desc+numeric,62,False,0.7313432835820896,0.6993603411513859,0.7313432835820896,0.6842709529276694,0.8218201754385965
1,person_vs_organization,2,19,48,0,19,LOOCV,,RandomForest,desc+numeric,62,True,0.7313432835820896,0.7151741293532338,0.7313432835820896,0.652839697615817,0.7746710526315791
1,person_vs_organization,2,19,48,0,19,LOOCV,,RandomForest,desc+numeric,62,False,0.7164179104477612,0.6648898365316275,0.7164179104477612,0.6431064419383692,0.7763157894736842
1,person_vs_organization,2,19,48,0,19,K-Fold,5,SVM,desc+numeric,62,True,0.746268656716418,0.7700595857919704,0.746268656716418,0.7540498377013477,0.7828947368421052
1,person_vs_organization,2,19,48,0,19,K-Fold,5,SVM,desc+numeric,62,False,0.7611940298507462,0.7542756804214223,0.7611940298507462,0.7569973262937016,0.7445175438596492
1,person_vs_organization,2,19,48,0,19,LOOCV,,SVM,desc+numeric,62,True,0.7761194029850746,0.7884667571234736,0.7761194029850746,0.7806991791631926,0.8399122807017544
1,person_vs_organization,2,19,48,0,19,LOOCV,,SVM,desc+numeric,62,False,0.7313432835820896,0.7232660228270414,0.7313432835820896,0.7266219920804142,0.7532894736842105
1,person_vs_organization,2,19,48,0,19,K-Fold,5,AdaBoost,desc+numeric,62,True,0.7164179104477612,0.6960011264432554,0.7164179104477612,0.701953777467299,0.7072368421052632
1,person_vs_organization,2,19,48,0,19,K-Fold,5,AdaBoost,desc+numeric,62,False,0.7164179104477612,0.6822466614296936,0.7164179104477612,0.6845673112271157,0.7072368421052632
1,person_vs_organization,2,19,48,0,19,LOOCV,,AdaBoost,desc+numeric,62,True,0.746268656716418,0.7504445855827248,0.746268656716418,0.7481861945334058,0.7850877192982456
1,person_vs_organization,2,19,48,0,19,LOOCV,,AdaBoost,desc+numeric,62,False,0.7014925373134329,0.6571739006118832,0.7014925373134329,0.6622681739550228,0.7203947368421053
1,person_vs_organization,2,19,48,0,19,K-Fold,5,XGBoost,desc+numeric,62,True,0.6716417910447762,0.6612467076382792,0.6716417910447762,0.6658713236538397,0.6447368421052632
1,person_vs_organization,2,19,48,0,19,K-Fold,5,XGBoost,desc+numeric,62,False,0.7014925373134329,0.6662143826322932,0.7014925373134329,0.673172598545733,0.6546052631578947
1,person_vs_organization,2,19,48,0,19,LOOCV,,XGBoost,desc+numeric,62,True,0.6716417910447762,0.6716417910447762,0.6716417910447762,0.6716417910447762,0.743421052631579
1,person_vs_organization,2,19,48,0,19,LOOCV,,XGBoost,desc+numeric,62,False,0.7313432835820896,0.709911978568695,0.7313432835820896,0.714058384547849,0.7467105263157895
