iteration,target_column,#classes,#class_0,#class_1,#class_2,min_class_size,training_type,K,algorithm,feature_set,Features_count,balanced,accuracy,precision,recall,F1,AUC
3,target_population,3,142,77,81,77,K-Fold,5,LogReg,desc,209,True,0.43666666666666665,0.4964631890492046,0.43666666666666665,0.4327873790428856,0.5906501259377509
3,target_population,3,142,77,81,77,LOOCV,,LogReg,desc,209,True,0.47,0.5287949094073686,0.47,0.47079978813559314,0.5917600786703793
3,target_population,3,142,77,81,77,K-Fold,5,DecisionTree,desc,209,True,0.37333333333333335,0.4376113530778165,0.37333333333333335,0.3379540882776506,0.5130405333543452
3,target_population,3,142,77,81,77,LOOCV,,DecisionTree,desc,209,True,0.39,0.46148044192296206,0.39,0.3642173404133836,0.4777652704004857
3,target_population,3,142,77,81,77,K-Fold,5,RandomForest,desc,209,True,0.41333333333333333,0.46380584767486244,0.41333333333333333,0.38984167738849673,0.5859263297636355
3,target_population,3,142,77,81,77,LOOCV,,RandomForest,desc,209,True,0.45666666666666667,0.5279780361757106,0.45666666666666667,0.4496183846934135,0.5762825524225121
3,target_population,3,142,77,81,77,K-Fold,5,SVM,desc,209,True,0.43,0.45725108479157767,0.43,0.4258348143402852,0.586831115156256
3,target_population,3,142,77,81,77,LOOCV,,SVM,desc,209,True,0.48,0.5400686753568131,0.48,0.4788165626357546,
3,target_population,3,142,77,81,77,K-Fold,5,AdaBoost,desc,209,True,0.3566666666666667,0.3648103448275863,0.3566666666666667,0.3560719855141949,0.5100099953613022
3,target_population,3,142,77,81,77,LOOCV,,AdaBoost,desc,209,True,0.03666666666666667,0.0929945722970039,0.03666666666666667,0.0458406202475054,0.1355392142759575
3,target_population,3,142,77,81,77,K-Fold,5,XGBoost,desc,209,True,0.3466666666666667,0.43242560103963606,0.3466666666666667,0.29343937996136743,0.5319593178254469
3,target_population,3,142,77,81,77,LOOCV,,XGBoost,desc,209,True,0.35333333333333333,0.45040315315315316,0.35333333333333333,0.31150234984147707,0.352120392049018
3,target_population,3,142,77,81,77,K-Fold,5,LogReg,username,300,True,0.47333333333333333,0.22404444444444446,0.47333333333333333,0.30413273001508295,0.49168546466766355
3,target_population,3,142,77,81,77,LOOCV,,LogReg,username,300,True,0.47333333333333333,0.22404444444444446,0.47333333333333333,0.30413273001508295,0.0
3,target_population,3,142,77,81,77,K-Fold,5,DecisionTree,username,300,True,0.47333333333333333,0.22404444444444446,0.47333333333333333,0.30413273001508295,0.5
3,target_population,3,142,77,81,77,LOOCV,,DecisionTree,username,300,True,0.47333333333333333,0.22404444444444446,0.47333333333333333,0.30413273001508295,0.5
3,target_population,3,142,77,81,77,K-Fold,5,RandomForest,username,300,True,0.47333333333333333,0.22404444444444446,0.47333333333333333,0.30413273001508295,0.5008419638254147
3,target_population,3,142,77,81,77,LOOCV,,RandomForest,username,300,True,0.47333333333333333,0.22404444444444446,0.47333333333333333,0.30413273001508295,0.5190011677958427
3,target_population,3,142,77,81,77,K-Fold,5,SVM,username,300,True,0.47333333333333333,0.22404444444444446,0.47333333333333333,0.30413273001508295,0.49168546466766355
3,target_population,3,142,77,81,77,LOOCV,,SVM,username,300,True,0.47333333333333333,0.22404444444444446,0.47333333333333333,0.30413273001508295,
3,target_population,3,142,77,81,77,K-Fold,5,AdaBoost,username,300,True,0.43,0.29486111111111113,0.43,0.34131149975864244,0.49168546466766355
3,target_population,3,142,77,81,77,LOOCV,,AdaBoost,username,300,True,0.0,0.0,0.0,0.0,0.0
3,target_population,3,142,77,81,77,K-Fold,5,XGBoost,username,300,True,0.30666666666666664,0.2928888888888889,0.30666666666666664,0.23888467351408038,0.4978373162286427
3,target_population,3,142,77,81,77,LOOCV,,XGBoost,username,300,True,0.47333333333333333,0.22404444444444446,0.47333333333333333,0.30413273001508295,0.5
3,target_population,3,142,77,81,77,K-Fold,5,LogReg,fullname,300,True,0.5,0.4780604128718882,0.5,0.42736621738656044,0.5610612870127087
3,target_population,3,142,77,81,77,LOOCV,,LogReg,fullname,300,True,0.49666666666666665,0.4754607578523988,0.49666666666666665,0.4188556163189165,0.34902211299812547
3,target_population,3,142,77,81,77,K-Fold,5,DecisionTree,fullname,300,True,0.33,0.5279780810587262,0.33,0.2555821912717335,0.5711684848651359
3,target_population,3,142,77,81,77,LOOCV,,DecisionTree,fullname,300,True,0.32666666666666666,0.5034309865678556,0.32666666666666666,0.2613042987126897,0.5802997305943849
3,target_population,3,142,77,81,77,K-Fold,5,RandomForest,fullname,300,True,0.3466666666666667,0.5689770580296897,0.3466666666666667,0.30036162551440326,0.5625359918108711
3,target_population,3,142,77,81,77,LOOCV,,RandomForest,fullname,300,True,0.34,0.5088332624795829,0.34,0.297270916260883,0.5062954727812808
3,target_population,3,142,77,81,77,K-Fold,5,SVM,fullname,300,True,0.5,0.47651309846431794,0.5,0.4237434098304457,0.5336224588139535
3,target_population,3,142,77,81,77,LOOCV,,SVM,fullname,300,True,0.5,0.476954830515202,0.5,0.4224107258929881,
3,target_population,3,142,77,81,77,K-Fold,5,AdaBoost,fullname,300,True,0.4,0.3818506493506494,0.4,0.38691366223908913,0.5234187978195615
3,target_population,3,142,77,81,77,LOOCV,,AdaBoost,fullname,300,True,0.48333333333333334,0.4197839506172839,0.48333333333333334,0.41268469863746154,0.3289660356430662
3,target_population,3,142,77,81,77,K-Fold,5,XGBoost,fullname,300,True,0.4066666666666667,0.4174105763517528,0.4066666666666667,0.3962277282355245,0.5309510503337158
3,target_population,3,142,77,81,77,LOOCV,,XGBoost,fullname,300,True,0.48,0.3511518675911429,0.48,0.37318740963185404,0.3010477335740721
3,target_population,3,142,77,81,77,K-Fold,5,LogReg,desc_user,210,True,0.44666666666666666,0.5061663382563091,0.44666666666666666,0.44283110828565375,0.5967312948118382
3,target_population,3,142,77,81,77,LOOCV,,LogReg,desc_user,210,True,0.47333333333333333,0.5322237160003118,0.47333333333333333,0.47463069036882977,0.5954773940592355
3,target_population,3,142,77,81,77,K-Fold,5,DecisionTree,desc_user,210,True,0.36666666666666664,0.44942343908445603,0.36666666666666664,0.3357605628145317,0.5261389929766366
3,target_population,3,142,77,81,77,LOOCV,,DecisionTree,desc_user,210,True,0.37,0.4497462296939354,0.37,0.34002787802021717,0.44458543204385476
3,target_population,3,142,77,81,77,K-Fold,5,RandomForest,desc_user,210,True,0.39,0.43323533191954244,0.39,0.36582169701173106,0.5816821366244674
3,target_population,3,142,77,81,77,LOOCV,,RandomForest,desc_user,210,True,0.45666666666666667,0.5185807113543092,0.45666666666666667,0.4451127565639153,0.5732729982947666
3,target_population,3,142,77,81,77,K-Fold,5,SVM,desc_user,210,True,0.43666666666666665,0.4626724581724582,0.43666666666666665,0.43286713949118044,0.5953473709884314
3,target_population,3,142,77,81,77,LOOCV,,SVM,desc_user,210,True,0.48,0.5400686753568131,0.48,0.4788165626357546,
3,target_population,3,142,77,81,77,K-Fold,5,AdaBoost,desc_user,210,True,0.35333333333333333,0.3311782520626451,0.35333333333333333,0.316287395576019,0.5012232774849326
3,target_population,3,142,77,81,77,LOOCV,,AdaBoost,desc_user,210,True,0.043333333333333335,0.09616185433837308,0.043333333333333335,0.04985505476763124,0.10020545353271527
3,target_population,3,142,77,81,77,K-Fold,5,XGBoost,desc_user,210,True,0.35333333333333333,0.4466415544063504,0.35333333333333333,0.3031077964588603,0.5286554899882664
3,target_population,3,142,77,81,77,LOOCV,,XGBoost,desc_user,210,True,0.35333333333333333,0.4479700085844486,0.35333333333333333,0.3112538429894689,0.3552825074092592
3,target_population,3,142,77,81,77,K-Fold,5,LogReg,desc_fullname,254,True,0.44,0.47118575267217305,0.44,0.4469503641036624,0.6375763028636809
3,target_population,3,142,77,81,77,LOOCV,,LogReg,desc_fullname,254,True,0.52,0.5590454531552433,0.52,0.5276069838995139,0.6543244573419078
3,target_population,3,142,77,81,77,K-Fold,5,DecisionTree,desc_fullname,254,True,0.38333333333333336,0.47212625239220984,0.38333333333333336,0.3713849480997908,0.5361846233259022
3,target_population,3,142,77,81,77,LOOCV,,DecisionTree,desc_fullname,254,True,0.42,0.49465528686581317,0.42,0.4149382716049383,0.5327367915261731
3,target_population,3,142,77,81,77,K-Fold,5,RandomForest,desc_fullname,254,True,0.44,0.4927777777777778,0.44,0.4392698081764352,0.607272268146972
3,target_population,3,142,77,81,77,LOOCV,,RandomForest,desc_fullname,254,True,0.4633333333333333,0.5071064862631688,0.4633333333333333,0.4668325833889744,0.614995436468286
3,target_population,3,142,77,81,77,K-Fold,5,SVM,desc_fullname,254,True,0.4533333333333333,0.48025089596865655,0.4533333333333333,0.4568409185205301,0.6453534330899593
3,target_population,3,142,77,81,77,LOOCV,,SVM,desc_fullname,254,True,0.5233333333333333,0.5520663458754429,0.5233333333333333,0.5275016356390888,
3,target_population,3,142,77,81,77,K-Fold,5,AdaBoost,desc_fullname,254,True,0.42,0.3694519976147883,0.42,0.37197002309695804,0.5054194051528856
3,target_population,3,142,77,81,77,LOOCV,,AdaBoost,desc_fullname,254,True,0.30666666666666664,0.2617974781426558,0.30666666666666664,0.24059172904591308,0.571089711672403
3,target_population,3,142,77,81,77,K-Fold,5,XGBoost,desc_fullname,254,True,0.38333333333333336,0.4159024715553377,0.38333333333333336,0.3748182255801115,0.5292334748442874
3,target_population,3,142,77,81,77,LOOCV,,XGBoost,desc_fullname,254,True,0.38333333333333336,0.4552529773437701,0.38333333333333336,0.3679614636854504,0.4250411646630585
3,target_population,3,142,77,81,77,K-Fold,5,LogReg,user_fullname,300,True,0.5066666666666667,0.4934372177055104,0.5066666666666667,0.4316378178279464,0.5600797881508702
3,target_population,3,142,77,81,77,LOOCV,,LogReg,user_fullname,300,True,0.5,0.4763750204043561,0.5,0.4251594036905736,0.34999380311790645
3,target_population,3,142,77,81,77,K-Fold,5,DecisionTree,user_fullname,300,True,0.32666666666666666,0.5146302367941712,0.32666666666666666,0.26459844635498525,0.5567915857875275
3,target_population,3,142,77,81,77,LOOCV,,DecisionTree,user_fullname,300,True,0.34,0.49841303794244973,0.34,0.30243589743589744,0.5457430344582931
3,target_population,3,142,77,81,77,K-Fold,5,RandomForest,user_fullname,300,True,0.35,0.5120946773979862,0.35,0.328249868233312,0.569083563000281
3,target_population,3,142,77,81,77,LOOCV,,RandomForest,user_fullname,300,True,0.3466666666666667,0.493045542844809,0.3466666666666667,0.3134184629441745,0.522990179853433
3,target_population,3,142,77,81,77,K-Fold,5,SVM,user_fullname,300,True,0.5033333333333333,0.4824129581518391,0.5033333333333333,0.4259909592341187,0.5395275360151383
3,target_population,3,142,77,81,77,LOOCV,,SVM,user_fullname,300,True,0.49333333333333335,0.46033228793309433,0.49333333333333335,0.4108413964974498,
3,target_population,3,142,77,81,77,K-Fold,5,AdaBoost,user_fullname,300,True,0.36,0.3780574323384993,0.36,0.3653933946944846,0.5201695619432904
3,target_population,3,142,77,81,77,LOOCV,,AdaBoost,user_fullname,300,True,0.4766666666666667,0.4506418814251514,0.4766666666666667,0.3798230000452223,0.695842108109738
3,target_population,3,142,77,81,77,K-Fold,5,XGBoost,user_fullname,300,True,0.38666666666666666,0.4000483598672349,0.38666666666666666,0.3758115031179813,0.5200971633961212
3,target_population,3,142,77,81,77,LOOCV,,XGBoost,user_fullname,300,True,0.4666666666666667,0.3416349809885932,0.4666666666666667,0.36218106995884775,0.2772654358090709
3,target_population,3,142,77,81,77,K-Fold,5,LogReg,desc_user_fullname,255,True,0.44666666666666666,0.4768736687586955,0.44666666666666666,0.45321518718588505,0.6427887187629839
3,target_population,3,142,77,81,77,LOOCV,,LogReg,desc_user_fullname,255,True,0.5233333333333333,0.5603159279498077,0.5233333333333333,0.5307094909688013,0.6580567057262473
3,target_population,3,142,77,81,77,K-Fold,5,DecisionTree,desc_user_fullname,255,True,0.4,0.4808125872071675,0.4,0.39401209244959245,0.560759886780869
3,target_population,3,142,77,81,77,LOOCV,,DecisionTree,desc_user_fullname,255,True,0.4266666666666667,0.4992159893404397,0.4266666666666667,0.4226187337442548,0.5240387156310637
3,target_population,3,142,77,81,77,K-Fold,5,RandomForest,desc_user_fullname,255,True,0.44333333333333336,0.4983917979912167,0.44333333333333336,0.44387888418079097,0.6050359397561974
3,target_population,3,142,77,81,77,LOOCV,,RandomForest,desc_user_fullname,255,True,0.4533333333333333,0.4992913656690746,0.4533333333333333,0.45830360823265154,0.6208983504845924
3,target_population,3,142,77,81,77,K-Fold,5,SVM,desc_user_fullname,255,True,0.46,0.4740791025528665,0.46,0.4612088336891579,0.6502265445312829
3,target_population,3,142,77,81,77,LOOCV,,SVM,desc_user_fullname,255,True,0.52,0.5468362037543284,0.52,0.5247010492639184,
3,target_population,3,142,77,81,77,K-Fold,5,AdaBoost,desc_user_fullname,255,True,0.38333333333333336,0.36950310681138904,0.38333333333333336,0.36601299660316056,0.49920438038566073
3,target_population,3,142,77,81,77,LOOCV,,AdaBoost,desc_user_fullname,255,True,0.31333333333333335,0.3691078196222575,0.31333333333333335,0.2506296608906204,0.3547416537350762
3,target_population,3,142,77,81,77,K-Fold,5,XGBoost,desc_user_fullname,255,True,0.38666666666666666,0.41878353814644137,0.38666666666666666,0.37877337847007786,0.5295883388977836
3,target_population,3,142,77,81,77,LOOCV,,XGBoost,desc_user_fullname,255,True,0.37666666666666665,0.4501602635537125,0.37666666666666665,0.3599119344542728,0.42555331742058683
3,target_population,3,142,77,81,77,K-Fold,5,LogReg,numeric,11,True,0.53,0.5415306691482574,0.53,0.5339087343005254,0.7171135467514471
3,target_population,3,142,77,81,77,LOOCV,,LogReg,numeric,11,True,0.5133333333333333,0.5335801343452206,0.5133333333333333,0.5195260494061652,0.7318389741159971
3,target_population,3,142,77,81,77,K-Fold,5,DecisionTree,numeric,11,True,0.46,0.44960659476945625,0.46,0.45274939910595957,0.5648256937376024
3,target_population,3,142,77,81,77,LOOCV,,DecisionTree,numeric,11,True,0.4166666666666667,0.4207644330828275,0.4166666666666667,0.41841680672268905,0.5441646106150582
3,target_population,3,142,77,81,77,K-Fold,5,RandomForest,numeric,11,True,0.5333333333333333,0.5175008784875957,0.5333333333333333,0.5133362897265337,0.6636106951057117
3,target_population,3,142,77,81,77,LOOCV,,RandomForest,numeric,11,True,0.5766666666666667,0.561413417997171,0.5766666666666667,0.5604855088036309,0.7026193721662063
3,target_population,3,142,77,81,77,K-Fold,5,SVM,numeric,11,True,0.5133333333333333,0.5222372311827956,0.5133333333333333,0.5148902918265758,0.6900298469834512
3,target_population,3,142,77,81,77,LOOCV,,SVM,numeric,11,True,0.53,0.5431639395696162,0.53,0.5293299005001133,
3,target_population,3,142,77,81,77,K-Fold,5,AdaBoost,numeric,11,True,0.48333333333333334,0.5041605704512855,0.48333333333333334,0.4884176168295922,0.6815919031957595
3,target_population,3,142,77,81,77,LOOCV,,AdaBoost,numeric,11,True,0.6,0.6266198352672628,0.6,0.6065043585520129,0.7471587319360563
3,target_population,3,142,77,81,77,K-Fold,5,XGBoost,numeric,11,True,0.5433333333333333,0.5418721461187215,0.5433333333333333,0.5424518518518519,0.7002637733426332
3,target_population,3,142,77,81,77,LOOCV,,XGBoost,numeric,11,True,0.58,0.5811282646892404,0.58,0.5805376783868769,0.7343885113737084
3,target_population,3,142,77,81,77,K-Fold,5,LogReg,desc+numeric,220,True,0.5266666666666666,0.5414553739844723,0.5266666666666666,0.5308218844211979,0.717030611344774
3,target_population,3,142,77,81,77,LOOCV,,LogReg,desc+numeric,220,True,0.56,0.5755527946343022,0.56,0.5647662425294004,0.7420715371179198
3,target_population,3,142,77,81,77,K-Fold,5,DecisionTree,desc+numeric,220,True,0.44,0.44035519652761035,0.44,0.4398370927318296,0.5582605842270969
3,target_population,3,142,77,81,77,LOOCV,,DecisionTree,desc+numeric,220,True,0.4633333333333333,0.4610680187392516,0.4633333333333333,0.462093295827473,0.572397510395599
3,target_population,3,142,77,81,77,K-Fold,5,RandomForest,desc+numeric,220,True,0.5533333333333333,0.5406923076923077,0.5533333333333333,0.5265076468950153,0.7082810242182533
3,target_population,3,142,77,81,77,LOOCV,,RandomForest,desc+numeric,220,True,0.5833333333333334,0.5712873126354672,0.5833333333333334,0.5686090914243284,0.7199311025076183
3,target_population,3,142,77,81,77,K-Fold,5,SVM,desc+numeric,220,True,0.54,0.5471681096681096,0.54,0.5429185924622294,0.7177122631911942
3,target_population,3,142,77,81,77,LOOCV,,SVM,desc+numeric,220,True,0.57,0.5762819422293106,0.57,0.5719166536891693,
3,target_population,3,142,77,81,77,K-Fold,5,AdaBoost,desc+numeric,220,True,0.5033333333333333,0.5150401154401155,0.5033333333333333,0.506969756480754,0.6650176590620189
3,target_population,3,142,77,81,77,LOOCV,,AdaBoost,desc+numeric,220,True,0.55,0.5871691515546076,0.55,0.558564483007567,0.708810050033829
3,target_population,3,142,77,81,77,K-Fold,5,XGBoost,desc+numeric,220,True,0.5233333333333333,0.5243622755298911,0.5233333333333333,0.5238227051188963,0.6965811954846092
3,target_population,3,142,77,81,77,LOOCV,,XGBoost,desc+numeric,220,True,0.5666666666666667,0.5640343564481496,0.5666666666666667,0.5652381464571806,0.7368100148699251
3,target_population,2,142,77,0,77,K-Fold,5,LogReg,desc,209,True,0.6986301369863014,0.6843960334298089,0.6986301369863014,0.676570754677152,0.6964514358880556
3,target_population,2,142,77,0,77,LOOCV,,LogReg,desc,209,True,0.6757990867579908,0.657298640944584,0.6757990867579908,0.6554098149527107,0.6175233217486739
3,target_population,2,142,77,0,77,K-Fold,5,DecisionTree,desc,209,True,0.502283105022831,0.5952430495347089,0.502283105022831,0.5035907833339665,0.5884397292847997
3,target_population,2,142,77,0,77,LOOCV,,DecisionTree,desc,209,True,0.4931506849315068,0.6462852716945602,0.4931506849315068,0.4727174311656603,0.5117523321748674
3,target_population,2,142,77,0,77,K-Fold,5,RandomForest,desc,209,True,0.5707762557077626,0.6140512832230817,0.5707762557077626,0.5804464271101478,0.6381470642034022
3,target_population,2,142,77,0,77,LOOCV,,RandomForest,desc,209,True,0.593607305936073,0.681519970608303,0.593607305936073,0.5982774127398415,0.6147795866105724
3,target_population,2,142,77,0,77,K-Fold,5,SVM,desc,209,True,0.7123287671232876,0.703299538219436,0.7123287671232876,0.6858055112799617,0.6870770074995426
3,target_population,2,142,77,0,77,LOOCV,,SVM,desc,209,True,0.6986301369863014,0.6849677083031654,0.6986301369863014,0.672047040578961,
3,target_population,2,142,77,0,77,K-Fold,5,AdaBoost,desc,209,True,0.6529680365296804,0.6188531787846855,0.6529680365296804,0.5555512067840834,0.540653008962868
3,target_population,2,142,77,0,77,LOOCV,,AdaBoost,desc,209,True,0.6666666666666666,0.6773524720893142,0.6666666666666666,0.5701280413924091,0.1933418693982074
3,target_population,2,142,77,0,77,K-Fold,5,XGBoost,desc,209,True,0.6529680365296804,0.616608469871967,0.6529680365296804,0.5671258123412758,0.538823852204134
3,target_population,2,142,77,0,77,LOOCV,,XGBoost,desc,209,True,0.6301369863013698,0.5642183520341433,0.6301369863013698,0.5523781993116104,0.32257179440278033
3,target_population,2,142,77,0,77,K-Fold,5,LogReg,username,300,True,0.6484018264840182,0.4204249285878109,0.6484018264840182,0.5101000518600033,0.4880190232302908
3,target_population,2,142,77,0,77,LOOCV,,LogReg,username,300,True,0.6484018264840182,0.4204249285878109,0.6484018264840182,0.5101000518600033,0.0
3,target_population,2,142,77,0,77,K-Fold,5,DecisionTree,username,300,True,0.6484018264840182,0.4204249285878109,0.6484018264840182,0.5101000518600033,0.5
3,target_population,2,142,77,0,77,LOOCV,,DecisionTree,username,300,True,0.6484018264840182,0.4204249285878109,0.6484018264840182,0.5101000518600033,0.5
3,target_population,2,142,77,0,77,K-Fold,5,RandomForest,username,300,True,0.6484018264840182,0.4204249285878109,0.6484018264840182,0.5101000518600033,0.48870495701481614
3,target_population,2,142,77,0,77,LOOCV,,RandomForest,username,300,True,0.6484018264840182,0.4204249285878109,0.6484018264840182,0.5101000518600033,0.5214468629961588
3,target_population,2,142,77,0,77,K-Fold,5,SVM,username,300,True,0.6484018264840182,0.4204249285878109,0.6484018264840182,0.5101000518600033,0.4880190232302908
3,target_population,2,142,77,0,77,LOOCV,,SVM,username,300,True,0.6484018264840182,0.4204249285878109,0.6484018264840182,0.5101000518600033,
3,target_population,2,142,77,0,77,K-Fold,5,AdaBoost,username,300,True,0.6484018264840182,0.4204249285878109,0.6484018264840182,0.5101000518600033,0.4880190232302908
3,target_population,2,142,77,0,77,LOOCV,,AdaBoost,username,300,True,0.6484018264840182,0.4204249285878109,0.6484018264840182,0.5101000518600033,0.0
3,target_population,2,142,77,0,77,K-Fold,5,XGBoost,username,300,True,0.6484018264840182,0.4204249285878109,0.6484018264840182,0.5101000518600033,0.5
3,target_population,2,142,77,0,77,LOOCV,,XGBoost,username,300,True,0.6484018264840182,0.4204249285878109,0.6484018264840182,0.5101000518600033,0.5
3,target_population,2,142,77,0,77,K-Fold,5,LogReg,fullname,300,True,0.6712328767123288,0.6507536360561473,0.6712328767123288,0.6168106358410681,0.614962502286446
3,target_population,2,142,77,0,77,LOOCV,,LogReg,fullname,300,True,0.6666666666666666,0.6422338568935427,0.6666666666666666,0.6134134134134133,0.37442838851289556
3,target_population,2,142,77,0,77,K-Fold,5,DecisionTree,fullname,300,True,0.4200913242009132,0.6001062324526752,0.4200913242009132,0.35966238320944294,0.5537314797878178
3,target_population,2,142,77,0,77,LOOCV,,DecisionTree,fullname,300,True,0.4474885844748858,0.6647227913246472,0.4474885844748858,0.38991455408143777,0.5992317541613316
3,target_population,2,142,77,0,77,K-Fold,5,RandomForest,fullname,300,True,0.4474885844748858,0.6315966124185303,0.4474885844748858,0.40099956582868557,0.521218218401317
3,target_population,2,142,77,0,77,LOOCV,,RandomForest,fullname,300,True,0.4611872146118721,0.676747261521571,0.4611872146118721,0.41058910818799993,0.571885860618255
3,target_population,2,142,77,0,77,K-Fold,5,SVM,fullname,300,True,0.6712328767123288,0.6521395283152097,0.6712328767123288,0.6128698054564291,0.6224620449972563
3,target_population,2,142,77,0,77,LOOCV,,SVM,fullname,300,True,0.6666666666666666,0.6429520393250964,0.6666666666666666,0.6095155291503647,
3,target_population,2,142,77,0,77,K-Fold,5,AdaBoost,fullname,300,True,0.5525114155251142,0.5708750439058659,0.5525114155251142,0.5595552173177745,0.5490671300530455
3,target_population,2,142,77,0,77,LOOCV,,AdaBoost,fullname,300,True,0.6621004566210046,0.6364558830312256,0.6621004566210046,0.5933847511607383,0.2894640570696908
3,target_population,2,142,77,0,77,K-Fold,5,XGBoost,fullname,300,True,0.6484018264840182,0.6058947706569376,0.6484018264840182,0.5744829795925185,0.5001829156758735
3,target_population,2,142,77,0,77,LOOCV,,XGBoost,fullname,300,True,0.6621004566210046,0.6347333239184674,0.6621004566210046,0.6021161889413299,0.22178525699652463
3,target_population,2,142,77,0,77,K-Fold,5,LogReg,desc_user,210,True,0.6986301369863014,0.6843960334298089,0.6986301369863014,0.676570754677152,0.6964514358880556
3,target_population,2,142,77,0,77,LOOCV,,LogReg,desc_user,210,True,0.6757990867579908,0.657298640944584,0.6757990867579908,0.6554098149527107,0.6175233217486739
3,target_population,2,142,77,0,77,K-Fold,5,DecisionTree,desc_user,210,True,0.4794520547945205,0.5632241653883393,0.4794520547945205,0.4827098231431863,0.5711999268337297
3,target_population,2,142,77,0,77,LOOCV,,DecisionTree,desc_user,210,True,0.4794520547945205,0.6221951424489452,0.4794520547945205,0.45966860384668606,0.5039326870312786
3,target_population,2,142,77,0,77,K-Fold,5,RandomForest,desc_user,210,True,0.5844748858447488,0.6325507830836855,0.5844748858447488,0.593745861171729,0.6461038961038961
3,target_population,2,142,77,0,77,LOOCV,,RandomForest,desc_user,210,True,0.589041095890411,0.6570284367227235,0.589041095890411,0.59658685391965,0.608286080117066
3,target_population,2,142,77,0,77,K-Fold,5,SVM,desc_user,210,True,0.7123287671232876,0.703299538219436,0.7123287671232876,0.6858055112799617,0.6870770074995426
3,target_population,2,142,77,0,77,LOOCV,,SVM,desc_user,210,True,0.6986301369863014,0.6849677083031654,0.6986301369863014,0.672047040578961,
3,target_population,2,142,77,0,77,K-Fold,5,AdaBoost,desc_user,210,True,0.6529680365296804,0.6188531787846855,0.6529680365296804,0.5555512067840834,0.5404700932869947
3,target_population,2,142,77,0,77,LOOCV,,AdaBoost,desc_user,210,True,0.6529680365296804,0.617393202178413,0.6529680365296804,0.5614898791091517,0.1874885677702579
3,target_population,2,142,77,0,77,K-Fold,5,XGBoost,desc_user,210,True,0.6529680365296804,0.616608469871967,0.6529680365296804,0.5671258123412758,0.538823852204134
3,target_population,2,142,77,0,77,LOOCV,,XGBoost,desc_user,210,True,0.6301369863013698,0.5642183520341433,0.6301369863013698,0.5523781993116104,0.32257179440278033
3,target_population,2,142,77,0,77,K-Fold,5,LogReg,desc_fullname,254,True,0.7214611872146118,0.7112417938901957,0.7214611872146118,0.7074431710254971,0.7506859337845253
3,target_population,2,142,77,0,77,LOOCV,,LogReg,desc_fullname,254,True,0.7123287671232876,0.7021007438040262,0.7123287671232876,0.7026041581888323,0.7129138467166636
3,target_population,2,142,77,0,77,K-Fold,5,DecisionTree,desc_fullname,254,True,0.547945205479452,0.6309373851886841,0.547945205479452,0.5531400433847674,0.6539692701664532
3,target_population,2,142,77,0,77,LOOCV,,DecisionTree,desc_fullname,254,True,0.5114155251141552,0.6403231471724622,0.5114155251141552,0.5019742792226413,0.5970824949698189
3,target_population,2,142,77,0,77,K-Fold,5,RandomForest,desc_fullname,254,True,0.6484018264840182,0.6741575153779389,0.6484018264840182,0.6554605274580274,0.693799158587891
3,target_population,2,142,77,0,77,LOOCV,,RandomForest,desc_fullname,254,True,0.6301369863013698,0.6591550592839877,0.6301369863013698,0.6378709878866,0.6596853850374977
3,target_population,2,142,77,0,77,K-Fold,5,SVM,desc_fullname,254,True,0.730593607305936,0.7215907499229627,0.730593607305936,0.7185993278727921,0.7512804097311139
3,target_population,2,142,77,0,77,LOOCV,,SVM,desc_fullname,254,True,0.7123287671232876,0.7021007438040262,0.7123287671232876,0.7026041581888323,
3,target_population,2,142,77,0,77,K-Fold,5,AdaBoost,desc_fullname,254,True,0.6484018264840182,0.6114976685752942,0.6484018264840182,0.5961440749695442,0.5741723065666727
3,target_population,2,142,77,0,77,LOOCV,,AdaBoost,desc_fullname,254,True,0.6484018264840182,0.6126901570092546,0.6484018264840182,0.5998696896528057,0.2796780684104627
3,target_population,2,142,77,0,77,K-Fold,5,XGBoost,desc_fullname,254,True,0.6666666666666666,0.6420955704177571,0.6666666666666666,0.6302687665455198,0.563929028717761
3,target_population,2,142,77,0,77,LOOCV,,XGBoost,desc_fullname,254,True,0.6255707762557078,0.5900812843310455,0.6255707762557078,0.5925432928405273,0.37735503932687037
3,target_population,2,142,77,0,77,K-Fold,5,LogReg,user_fullname,300,True,0.6712328767123288,0.6507536360561473,0.6712328767123288,0.6168106358410681,0.6152826047192245
3,target_population,2,142,77,0,77,LOOCV,,LogReg,user_fullname,300,True,0.6712328767123288,0.6497526290928076,0.6712328767123288,0.6205613355463726,0.3722334004024144
3,target_population,2,142,77,0,77,K-Fold,5,DecisionTree,user_fullname,300,True,0.4885844748858447,0.6294729347654939,0.4885844748858447,0.471437013161429,0.6151454179623194
3,target_population,2,142,77,0,77,LOOCV,,DecisionTree,user_fullname,300,True,0.4520547945205479,0.697750718755285,0.4520547945205479,0.38901091530993775,0.620770074995427
3,target_population,2,142,77,0,77,K-Fold,5,RandomForest,user_fullname,300,True,0.502283105022831,0.6397825009641251,0.502283105022831,0.4887616482386279,0.6228736052679714
3,target_population,2,142,77,0,77,LOOCV,,RandomForest,user_fullname,300,True,0.4611872146118721,0.6898868247780415,0.4611872146118721,0.4069226722944176,0.594018657398939
3,target_population,2,142,77,0,77,K-Fold,5,SVM,user_fullname,300,True,0.6712328767123288,0.6507536360561473,0.6712328767123288,0.6168106358410681,0.6262575452716298
3,target_population,2,142,77,0,77,LOOCV,,SVM,user_fullname,300,True,0.6666666666666666,0.6422338568935427,0.6666666666666666,0.6134134134134133,
3,target_population,2,142,77,0,77,K-Fold,5,AdaBoost,user_fullname,300,True,0.6118721461187214,0.5950197631425131,0.6118721461187214,0.6006656442381715,0.5815803914395462
3,target_population,2,142,77,0,77,LOOCV,,AdaBoost,user_fullname,300,True,0.6621004566210046,0.6364558830312256,0.6621004566210046,0.5933847511607383,0.32257179440278033
3,target_population,2,142,77,0,77,K-Fold,5,XGBoost,user_fullname,300,True,0.6621004566210046,0.6347333239184674,0.6621004566210046,0.6021161889413299,0.5275745381379184
3,target_population,2,142,77,0,77,LOOCV,,XGBoost,user_fullname,300,True,0.6575342465753424,0.626069437695529,0.6575342465753424,0.5988173244695528,0.21538320834095484
3,target_population,2,142,77,0,77,K-Fold,5,LogReg,desc_user_fullname,255,True,0.7214611872146118,0.7112417938901957,0.7214611872146118,0.7074431710254971,0.7506859337845253
3,target_population,2,142,77,0,77,LOOCV,,LogReg,desc_user_fullname,255,True,0.7123287671232876,0.7021007438040262,0.7123287671232876,0.7026041581888323,0.7129138467166636
3,target_population,2,142,77,0,77,K-Fold,5,DecisionTree,desc_user_fullname,255,True,0.5159817351598174,0.5937102912424465,0.5159817351598174,0.5219914937157343,0.6100695079568319
3,target_population,2,142,77,0,77,LOOCV,,DecisionTree,desc_user_fullname,255,True,0.5205479452054794,0.6654921870336312,0.5205479452054794,0.5075226886702379,0.6212273641851107
3,target_population,2,142,77,0,77,K-Fold,5,RandomForest,desc_user_fullname,255,True,0.639269406392694,0.6681197958635509,0.639269406392694,0.6468124449758199,0.6814523504664348
3,target_population,2,142,77,0,77,LOOCV,,RandomForest,desc_user_fullname,255,True,0.6255707762557078,0.656144996900433,0.6255707762557078,0.6335318470457766,0.6686482531552954
3,target_population,2,142,77,0,77,K-Fold,5,SVM,desc_user_fullname,255,True,0.730593607305936,0.7215907499229627,0.730593607305936,0.7185993278727921,0.7512804097311139
3,target_population,2,142,77,0,77,LOOCV,,SVM,desc_user_fullname,255,True,0.7123287671232876,0.7021007438040262,0.7123287671232876,0.7026041581888323,
3,target_population,2,142,77,0,77,K-Fold,5,AdaBoost,desc_user_fullname,255,True,0.6484018264840182,0.6114976685752942,0.6484018264840182,0.5961440749695442,0.5738064752149258
3,target_population,2,142,77,0,77,LOOCV,,AdaBoost,desc_user_fullname,255,True,0.6621004566210046,0.6342159129519594,0.6621004566210046,0.610021372644883,0.2784891165172855
3,target_population,2,142,77,0,77,K-Fold,5,XGBoost,desc_user_fullname,255,True,0.6666666666666666,0.6420955704177571,0.6666666666666666,0.6302687665455198,0.563929028717761
3,target_population,2,142,77,0,77,LOOCV,,XGBoost,desc_user_fullname,255,True,0.6255707762557078,0.5900812843310455,0.6255707762557078,0.5925432928405273,0.37735503932687037
3,target_population,2,142,77,0,77,K-Fold,5,LogReg,numeric,11,True,0.7351598173515982,0.7447025760677155,0.7351598173515982,0.738401363115721,0.8070239619535393
3,target_population,2,142,77,0,77,LOOCV,,LogReg,numeric,11,True,0.7488584474885844,0.7616202376317063,0.7488584474885844,0.7526097277214261,0.8134260106091091
3,target_population,2,142,77,0,77,K-Fold,5,DecisionTree,numeric,11,True,0.6986301369863014,0.6897458705677884,0.6986301369863014,0.692005047687085,0.6516828242180355
3,target_population,2,142,77,0,77,LOOCV,,DecisionTree,numeric,11,True,0.6986301369863014,0.7024193805346608,0.6986301369863014,0.7002923035002105,0.6754618620815804
3,target_population,2,142,77,0,77,K-Fold,5,RandomForest,numeric,11,True,0.730593607305936,0.7216825792168258,0.730593607305936,0.7170351982049891,0.7651362721785256
3,target_population,2,142,77,0,77,LOOCV,,RandomForest,numeric,11,True,0.7534246575342466,0.7481557140944237,0.7534246575342466,0.7402706882158937,0.7920248765319188
3,target_population,2,142,77,0,77,K-Fold,5,SVM,numeric,11,True,0.730593607305936,0.736994757314392,0.730593607305936,0.7330462161234303,0.7996616059996341
3,target_population,2,142,77,0,77,LOOCV,,SVM,numeric,11,True,0.7031963470319634,0.7145334448743421,0.7031963470319634,0.7071102413568168,
3,target_population,2,142,77,0,77,K-Fold,5,AdaBoost,numeric,11,True,0.7397260273972602,0.7480795809210825,0.7397260273972602,0.7426524765259113,0.8229833546734956
3,target_population,2,142,77,0,77,LOOCV,,AdaBoost,numeric,11,True,0.771689497716895,0.7784277644813803,0.771689497716895,0.7740179462103888,0.836564843607097
3,target_population,2,142,77,0,77,K-Fold,5,XGBoost,numeric,11,True,0.7077625570776256,0.7077625570776256,0.7077625570776256,0.7077625570776256,0.7702579111029815
3,target_population,2,142,77,0,77,LOOCV,,XGBoost,numeric,11,True,0.730593607305936,0.7298091838466749,0.730593607305936,0.7301858370521164,0.8177245289921347
3,target_population,2,142,77,0,77,K-Fold,5,LogReg,desc+numeric,220,True,0.7488584474885844,0.7530450207011818,0.7488584474885844,0.7505568417031745,0.8156209987195903
3,target_population,2,142,77,0,77,LOOCV,,LogReg,desc+numeric,220,True,0.771689497716895,0.7765000372157446,0.771689497716895,0.7735065372359646,0.8180903603438814
3,target_population,2,142,77,0,77,K-Fold,5,DecisionTree,desc+numeric,220,True,0.6986301369863014,0.6922877374098338,0.6986301369863014,0.6945017826984424,0.6576275836839217
3,target_population,2,142,77,0,77,LOOCV,,DecisionTree,desc+numeric,220,True,0.7168949771689498,0.7224773388477358,0.7168949771689498,0.7191481061725962,0.6984635083226631
3,target_population,2,142,77,0,77,K-Fold,5,RandomForest,desc+numeric,220,True,0.726027397260274,0.7181478042200728,0.726027397260274,0.7059734133428655,0.7796323394914944
3,target_population,2,142,77,0,77,LOOCV,,RandomForest,desc+numeric,220,True,0.7625570776255708,0.7653562868489652,0.7625570776255708,0.7434394486815412,0.8181360892628498
3,target_population,2,142,77,0,77,K-Fold,5,SVM,desc+numeric,220,True,0.7808219178082192,0.7796067985794013,0.7808219178082192,0.7801463136719086,0.8189134808853119
3,target_population,2,142,77,0,77,LOOCV,,SVM,desc+numeric,220,True,0.7625570776255708,0.7625570776255708,0.7625570776255708,0.7625570776255708,
3,target_population,2,142,77,0,77,K-Fold,5,AdaBoost,desc+numeric,220,True,0.776255707762557,0.7769420093815314,0.776255707762557,0.7765821556071528,0.8329979879275654
3,target_population,2,142,77,0,77,LOOCV,,AdaBoost,desc+numeric,220,True,0.771689497716895,0.7851795749912189,0.771689497716895,0.7752832741417215,0.847722699835376
3,target_population,2,142,77,0,77,K-Fold,5,XGBoost,desc+numeric,220,True,0.7077625570776256,0.7077625570776256,0.7077625570776256,0.7077625570776256,0.7702579111029815
3,target_population,2,142,77,0,77,LOOCV,,XGBoost,desc+numeric,220,True,0.7397260273972602,0.7405169557603251,0.7397260273972602,0.740105772849137,0.8148893360160965
3,locals_vs_diaspora,3,10,34,256,10,K-Fold,5,LogReg,desc,209,True,0.7766666666666666,0.7916488888888888,0.7766666666666666,0.7833923081749169,0.622919715039951
3,locals_vs_diaspora,3,10,34,256,10,LOOCV,,LogReg,desc,209,True,0.7566666666666667,0.7759767453825178,0.7566666666666667,0.7653961173878827,0.6008548094373866
3,locals_vs_diaspora,3,10,34,256,10,K-Fold,5,DecisionTree,desc,209,True,0.49,0.7636362252431914,0.49,0.5874542586918149,0.5430104748548488
3,locals_vs_diaspora,3,10,34,256,10,LOOCV,,DecisionTree,desc,209,True,0.2966666666666667,0.7330900153609831,0.2966666666666667,0.4130896965527784,0.5025840679284418
3,locals_vs_diaspora,3,10,34,256,10,K-Fold,5,RandomForest,desc,209,True,0.57,0.7375195451314854,0.57,0.6415627279358133,0.4910656362693568
3,locals_vs_diaspora,3,10,34,256,10,LOOCV,,RandomForest,desc,209,True,0.49,0.7315390173410404,0.49,0.5864671328671329,0.4601960151161603
3,locals_vs_diaspora,3,10,34,256,10,K-Fold,5,SVM,desc,209,True,0.83,0.8010922410922411,0.83,0.8119101629309569,0.6197424438840047
3,locals_vs_diaspora,3,10,34,256,10,LOOCV,,SVM,desc,209,True,0.8233333333333334,0.7956066217732886,0.8233333333333334,0.8076148228619712,
3,locals_vs_diaspora,3,10,34,256,10,K-Fold,5,AdaBoost,desc,209,True,0.85,0.8250192233756247,0.85,0.8056657758676108,0.5293884593929966
3,locals_vs_diaspora,3,10,34,256,10,LOOCV,,AdaBoost,desc,209,True,0.8466666666666667,0.8057407407407408,0.8466666666666667,0.8036509574590069,0.6533429419944845
3,locals_vs_diaspora,3,10,34,256,10,K-Fold,5,XGBoost,desc,209,True,0.84,0.8053777720474471,0.84,0.8170510098223154,0.5379483838907614
3,locals_vs_diaspora,3,10,34,256,10,LOOCV,,XGBoost,desc,209,True,0.84,0.8114517437145174,0.84,0.8209078671521571,0.5413158012586325
3,locals_vs_diaspora,3,10,34,256,10,K-Fold,5,LogReg,username,300,True,0.8533333333333334,0.7281777777777778,0.8533333333333334,0.7858033573141487,0.4894053315105946
3,locals_vs_diaspora,3,10,34,256,10,LOOCV,,LogReg,username,300,True,0.8533333333333334,0.7281777777777778,0.8533333333333334,0.7858033573141487,0.0
3,locals_vs_diaspora,3,10,34,256,10,K-Fold,5,DecisionTree,username,300,True,0.8533333333333334,0.7281777777777778,0.8533333333333334,0.7858033573141487,0.5
3,locals_vs_diaspora,3,10,34,256,10,LOOCV,,DecisionTree,username,300,True,0.8533333333333334,0.7281777777777778,0.8533333333333334,0.7858033573141487,0.5
3,locals_vs_diaspora,3,10,34,256,10,K-Fold,5,RandomForest,username,300,True,0.8533333333333334,0.7281777777777778,0.8533333333333334,0.7858033573141487,0.5
3,locals_vs_diaspora,3,10,34,256,10,LOOCV,,RandomForest,username,300,True,0.8533333333333334,0.7281777777777778,0.8533333333333334,0.7858033573141487,0.4926367643246046
3,locals_vs_diaspora,3,10,34,256,10,K-Fold,5,SVM,username,300,True,0.8533333333333334,0.7281777777777778,0.8533333333333334,0.7858033573141487,0.5075871496924128
3,locals_vs_diaspora,3,10,34,256,10,LOOCV,,SVM,username,300,True,0.8533333333333334,0.7281777777777778,0.8533333333333334,0.7858033573141487,
3,locals_vs_diaspora,3,10,34,256,10,K-Fold,5,AdaBoost,username,300,True,0.7,0.7366666666666667,0.7,0.7164035689773507,0.4894053315105946
3,locals_vs_diaspora,3,10,34,256,10,LOOCV,,AdaBoost,username,300,True,0.8533333333333334,0.7281777777777778,0.8533333333333334,0.7858033573141487,0.5370924470266576
3,locals_vs_diaspora,3,10,34,256,10,K-Fold,5,XGBoost,username,300,True,0.8533333333333334,0.7281777777777778,0.8533333333333334,0.7858033573141487,0.4894053315105946
3,locals_vs_diaspora,3,10,34,256,10,LOOCV,,XGBoost,username,300,True,0.8533333333333334,0.7281777777777778,0.8533333333333334,0.7858033573141487,0.0
3,locals_vs_diaspora,3,10,34,256,10,K-Fold,5,LogReg,fullname,300,True,0.7933333333333333,0.7688142620232172,0.7933333333333333,0.7774716967216138,0.623275209968495
3,locals_vs_diaspora,3,10,34,256,10,LOOCV,,LogReg,fullname,300,True,0.7866666666666666,0.7642893081761006,0.7866666666666666,0.7722111989098553,0.42477011494252875
3,locals_vs_diaspora,3,10,34,256,10,K-Fold,5,DecisionTree,fullname,300,True,0.16333333333333333,0.7237909933204051,0.16333333333333333,0.24925708699902244,0.5172158020442956
3,locals_vs_diaspora,3,10,34,256,10,LOOCV,,DecisionTree,fullname,300,True,0.17333333333333334,0.7439305083735621,0.17333333333333334,0.25845699734834215,0.519023247774609
3,locals_vs_diaspora,3,10,34,256,10,K-Fold,5,RandomForest,fullname,300,True,0.2,0.6852434577434577,0.2,0.2944808110113801,0.4515435827028387
3,locals_vs_diaspora,3,10,34,256,10,LOOCV,,RandomForest,fullname,300,True,0.20333333333333334,0.6668966079582518,0.20333333333333334,0.2968234917171087,0.3505596200532679
3,locals_vs_diaspora,3,10,34,256,10,K-Fold,5,SVM,fullname,300,True,0.7966666666666666,0.7557932263814617,0.7966666666666666,0.7735667789001123,0.565549045026359
3,locals_vs_diaspora,3,10,34,256,10,LOOCV,,SVM,fullname,300,True,0.79,0.744711532829614,0.79,0.7664263124604681,
3,locals_vs_diaspora,3,10,34,256,10,K-Fold,5,AdaBoost,fullname,300,True,0.5266666666666666,0.7578861788617887,0.5266666666666666,0.6027354160347791,0.5388071844972935
3,locals_vs_diaspora,3,10,34,256,10,LOOCV,,AdaBoost,fullname,300,True,0.10666666666666667,0.012998805256869772,0.10666666666666667,0.023173588924387645,0.6443038316795123
3,locals_vs_diaspora,3,10,34,256,10,K-Fold,5,XGBoost,fullname,300,True,0.8166666666666667,0.7895573870573871,0.8166666666666667,0.798264902331443,0.5651464476237616
3,locals_vs_diaspora,3,10,34,256,10,LOOCV,,XGBoost,fullname,300,True,0.8066666666666666,0.7858765432098765,0.8066666666666666,0.7923954372623574,0.33165431211256985
3,locals_vs_diaspora,3,10,34,256,10,K-Fold,5,LogReg,desc_user,210,True,0.7766666666666666,0.7916488888888888,0.7766666666666666,0.7833923081749169,0.625886689686599
3,locals_vs_diaspora,3,10,34,256,10,LOOCV,,LogReg,desc_user,210,True,0.76,0.781740890688259,0.76,0.7698985397957084,0.6034266819085331
3,locals_vs_diaspora,3,10,34,256,10,K-Fold,5,DecisionTree,desc_user,210,True,0.49666666666666665,0.7671323851411816,0.49666666666666665,0.5938614718614719,0.5575083810623738
3,locals_vs_diaspora,3,10,34,256,10,LOOCV,,DecisionTree,desc_user,210,True,0.31333333333333335,0.7795948734658412,0.31333333333333335,0.437595669253617,0.5817407664930352
3,locals_vs_diaspora,3,10,34,256,10,K-Fold,5,RandomForest,desc_user,210,True,0.58,0.7448184818481848,0.58,0.6512566715186803,0.49478382083735983
3,locals_vs_diaspora,3,10,34,256,10,LOOCV,,RandomForest,desc_user,210,True,0.49666666666666665,0.7390812290842713,0.49666666666666665,0.5939522950843705,0.4626962783133382
3,locals_vs_diaspora,3,10,34,256,10,K-Fold,5,SVM,desc_user,210,True,0.83,0.8010922410922411,0.83,0.8119101629309569,0.6236454262615787
3,locals_vs_diaspora,3,10,34,256,10,LOOCV,,SVM,desc_user,210,True,0.8233333333333334,0.7956066217732886,0.8233333333333334,0.8076148228619712,
3,locals_vs_diaspora,3,10,34,256,10,K-Fold,5,AdaBoost,desc_user,210,True,0.8533333333333334,0.8256357388316151,0.8533333333333334,0.8068378707775418,0.5306457405268658
3,locals_vs_diaspora,3,10,34,256,10,LOOCV,,AdaBoost,desc_user,210,True,0.8466666666666667,0.8057407407407408,0.8466666666666667,0.8036509574590069,0.22354904109804294
3,locals_vs_diaspora,3,10,34,256,10,K-Fold,5,XGBoost,desc_user,210,True,0.84,0.8053777720474471,0.84,0.8170510098223154,0.5381124303705973
3,locals_vs_diaspora,3,10,34,256,10,LOOCV,,XGBoost,desc_user,210,True,0.84,0.8114517437145174,0.84,0.8209078671521571,0.5413158012586325
3,locals_vs_diaspora,3,10,34,256,10,K-Fold,5,LogReg,desc_fullname,254,True,0.7766666666666666,0.7988701271628101,0.7766666666666666,0.7869917953755753,0.6655003555126059
3,locals_vs_diaspora,3,10,34,256,10,LOOCV,,LogReg,desc_fullname,254,True,0.7633333333333333,0.7906571038251367,0.7633333333333333,0.7759532085932086,0.6583030303030303
3,locals_vs_diaspora,3,10,34,256,10,K-Fold,5,DecisionTree,desc_fullname,254,True,0.6,0.7638080808080807,0.6,0.6690195551735254,0.5128764387457672
3,locals_vs_diaspora,3,10,34,256,10,LOOCV,,DecisionTree,desc_fullname,254,True,0.7933333333333333,0.7747348374895545,0.7933333333333333,0.782733853117313,0.5571106312018291
3,locals_vs_diaspora,3,10,34,256,10,K-Fold,5,RandomForest,desc_fullname,254,True,0.8066666666666666,0.7717476555839727,0.8066666666666666,0.7874322169059012,0.4973438317580786
3,locals_vs_diaspora,3,10,34,256,10,LOOCV,,RandomForest,desc_fullname,254,True,0.7866666666666666,0.7536851851851852,0.7866666666666666,0.7690459333071107,0.4393443679732246
3,locals_vs_diaspora,3,10,34,256,10,K-Fold,5,SVM,desc_fullname,254,True,0.79,0.7961252494433272,0.79,0.7929194575611699,0.6709484742420314
3,locals_vs_diaspora,3,10,34,256,10,LOOCV,,SVM,desc_fullname,254,True,0.7833333333333333,0.7890486867145906,0.7833333333333333,0.7860577059325897,
3,locals_vs_diaspora,3,10,34,256,10,K-Fold,5,AdaBoost,desc_fullname,254,True,0.8133333333333334,0.7541984126984127,0.8133333333333334,0.7788206155370334,0.5189524555903866
3,locals_vs_diaspora,3,10,34,256,10,LOOCV,,AdaBoost,desc_fullname,254,True,0.06,0.20615701631701633,0.06,0.06400385741946975,0.21977569707968986
3,locals_vs_diaspora,3,10,34,256,10,K-Fold,5,XGBoost,desc_fullname,254,True,0.82,0.8000139399620256,0.82,0.808201419579483,0.5368781986313748
3,locals_vs_diaspora,3,10,34,256,10,LOOCV,,XGBoost,desc_fullname,254,True,0.81,0.7931802935010482,0.81,0.8008244385476064,0.39261977828584
3,locals_vs_diaspora,3,10,34,256,10,K-Fold,5,LogReg,user_fullname,300,True,0.8,0.8077851690294439,0.8,0.7935397461713251,0.6150797055334261
3,locals_vs_diaspora,3,10,34,256,10,LOOCV,,LogReg,user_fullname,300,True,0.79,0.7815069306133945,0.79,0.7787088121792136,0.4433142024339846
3,locals_vs_diaspora,3,10,34,256,10,K-Fold,5,DecisionTree,user_fullname,300,True,0.18,0.792942744852149,0.18,0.24190109913380353,0.601370010056489
3,locals_vs_diaspora,3,10,34,256,10,LOOCV,,DecisionTree,user_fullname,300,True,0.17,0.7675541453116456,0.17,0.2505200670669476,0.5511904742263182
3,locals_vs_diaspora,3,10,34,256,10,K-Fold,5,RandomForest,user_fullname,300,True,0.4766666666666667,0.7536169087912892,0.4766666666666667,0.577259530346667,0.47377418074967986
3,locals_vs_diaspora,3,10,34,256,10,LOOCV,,RandomForest,user_fullname,300,True,0.21333333333333335,0.7057878787878789,0.21333333333333335,0.3160470899417438,0.4345638704912752
3,locals_vs_diaspora,3,10,34,256,10,K-Fold,5,SVM,user_fullname,300,True,0.7933333333333333,0.79337822671156,0.7933333333333333,0.7841355058099244,0.6126999866437253
3,locals_vs_diaspora,3,10,34,256,10,LOOCV,,SVM,user_fullname,300,True,0.7933333333333333,0.7855267799127449,0.7933333333333333,0.7797179854370772,
3,locals_vs_diaspora,3,10,34,256,10,K-Fold,5,AdaBoost,user_fullname,300,True,0.6766666666666666,0.7491361388051626,0.6766666666666666,0.7091001751871316,0.514020882928324
3,locals_vs_diaspora,3,10,34,256,10,LOOCV,,AdaBoost,user_fullname,300,True,0.006666666666666667,0.003703703703703704,0.006666666666666667,0.0047619047619047615,0.11815460280796036
3,locals_vs_diaspora,3,10,34,256,10,K-Fold,5,XGBoost,user_fullname,300,True,0.8033333333333333,0.7817795965970031,0.8033333333333333,0.7877636684303352,0.5809418236028944
3,locals_vs_diaspora,3,10,34,256,10,LOOCV,,XGBoost,user_fullname,300,True,0.8,0.7865890420495684,0.8,0.7892165663200146,0.362873351089322
3,locals_vs_diaspora,3,10,34,256,10,K-Fold,5,LogReg,desc_user_fullname,255,True,0.7766666666666666,0.7988701271628101,0.7766666666666666,0.7869917953755753,0.6666351124676896
3,locals_vs_diaspora,3,10,34,256,10,LOOCV,,LogReg,desc_user_fullname,255,True,0.7633333333333333,0.7906571038251367,0.7633333333333333,0.7759532085932086,0.6584539758487127
3,locals_vs_diaspora,3,10,34,256,10,K-Fold,5,DecisionTree,desc_user_fullname,255,True,0.5966666666666667,0.7576888888888889,0.5966666666666667,0.6646194749086075,0.48085717624782964
3,locals_vs_diaspora,3,10,34,256,10,LOOCV,,DecisionTree,desc_user_fullname,255,True,0.8133333333333334,0.797347817800648,0.8133333333333334,0.8041394858735516,0.574509149048169
3,locals_vs_diaspora,3,10,34,256,10,K-Fold,5,RandomForest,desc_user_fullname,255,True,0.7966666666666666,0.766473167476885,0.7966666666666666,0.7806285714285714,0.48493154712800807
3,locals_vs_diaspora,3,10,34,256,10,LOOCV,,RandomForest,desc_user_fullname,255,True,0.7966666666666666,0.7632429541686722,0.7966666666666666,0.7784200539298912,0.4535022273552219
3,locals_vs_diaspora,3,10,34,256,10,K-Fold,5,SVM,desc_user_fullname,255,True,0.79,0.7961252494433272,0.79,0.7929194575611699,0.6718246026508277
3,locals_vs_diaspora,3,10,34,256,10,LOOCV,,SVM,desc_user_fullname,255,True,0.78,0.7838172030298014,0.78,0.7818359375378519,
3,locals_vs_diaspora,3,10,34,256,10,K-Fold,5,AdaBoost,desc_user_fullname,255,True,0.8033333333333333,0.7490475148597892,0.8033333333333333,0.7731739407836968,0.5177824852098899
3,locals_vs_diaspora,3,10,34,256,10,LOOCV,,AdaBoost,desc_user_fullname,255,True,0.05333333333333334,0.2063530368918911,0.05333333333333334,0.06666645431862823,0.26537315074520157
3,locals_vs_diaspora,3,10,34,256,10,K-Fold,5,XGBoost,desc_user_fullname,255,True,0.82,0.8000139399620256,0.82,0.808201419579483,0.5368781986313748
3,locals_vs_diaspora,3,10,34,256,10,LOOCV,,XGBoost,desc_user_fullname,255,True,0.81,0.7931802935010482,0.81,0.8008244385476064,0.39261977828584
3,locals_vs_diaspora,3,10,34,256,10,K-Fold,5,LogReg,numeric,11,True,0.5433333333333333,0.820377362761743,0.5433333333333333,0.6386733866295911,0.7088686213967521
3,locals_vs_diaspora,3,10,34,256,10,LOOCV,,LogReg,numeric,11,True,0.56,0.8255425249126176,0.56,0.652884479092842,0.700374466731091
3,locals_vs_diaspora,3,10,34,256,10,K-Fold,5,DecisionTree,numeric,11,True,0.7866666666666666,0.7938328163525015,0.7866666666666666,0.7902284655155595,0.5877194946614185
3,locals_vs_diaspora,3,10,34,256,10,LOOCV,,DecisionTree,numeric,11,True,0.8166666666666667,0.8166666666666667,0.8166666666666667,0.8166666666666667,0.6421058524053078
3,locals_vs_diaspora,3,10,34,256,10,K-Fold,5,RandomForest,numeric,11,True,0.8833333333333333,0.846903096903097,0.8833333333333333,0.8517476424764248,0.6487627964896567
3,locals_vs_diaspora,3,10,34,256,10,LOOCV,,RandomForest,numeric,11,True,0.8766666666666667,0.8394210667381399,0.8766666666666667,0.8434141817849352,0.6698164199684163
3,locals_vs_diaspora,3,10,34,256,10,K-Fold,5,SVM,numeric,11,True,0.5733333333333334,0.8514199247791481,0.5733333333333334,0.6716966925218203,0.7180672999112201
3,locals_vs_diaspora,3,10,34,256,10,LOOCV,,SVM,numeric,11,True,0.57,0.8382878903274943,0.57,0.6625709376394308,
3,locals_vs_diaspora,3,10,34,256,10,K-Fold,5,AdaBoost,numeric,11,True,0.5733333333333334,0.8087376283846872,0.5733333333333334,0.6603851596577098,0.681697075761504
3,locals_vs_diaspora,3,10,34,256,10,LOOCV,,AdaBoost,numeric,11,True,0.59,0.8028595433255269,0.59,0.6682174051935077,0.6573833957935591
3,locals_vs_diaspora,3,10,34,256,10,K-Fold,5,XGBoost,numeric,11,True,0.8366666666666667,0.8247071595288498,0.8366666666666667,0.8283434526405241,0.6878468035291991
3,locals_vs_diaspora,3,10,34,256,10,LOOCV,,XGBoost,numeric,11,True,0.8566666666666667,0.8330673910971309,0.8566666666666667,0.8433587301587302,0.6954710483104312
3,locals_vs_diaspora,3,10,34,256,10,K-Fold,5,LogReg,desc+numeric,220,True,0.6933333333333334,0.8189027697448751,0.6933333333333334,0.7473436706816189,0.6990367022572103
3,locals_vs_diaspora,3,10,34,256,10,LOOCV,,LogReg,desc+numeric,220,True,0.7466666666666667,0.8346556058320764,0.7466666666666667,0.7834901926998076,0.6827544331047054
3,locals_vs_diaspora,3,10,34,256,10,K-Fold,5,DecisionTree,desc+numeric,220,True,0.7966666666666666,0.8064159544159544,0.7966666666666666,0.801434820647419,0.6216548424352417
3,locals_vs_diaspora,3,10,34,256,10,LOOCV,,DecisionTree,desc+numeric,220,True,0.8266666666666667,0.8409817029156075,0.8266666666666667,0.8328028366596956,0.7138213873241096
3,locals_vs_diaspora,3,10,34,256,10,K-Fold,5,RandomForest,desc+numeric,220,True,0.8633333333333333,0.820702096538274,0.8633333333333333,0.8172476194707301,0.7063554438604348
3,locals_vs_diaspora,3,10,34,256,10,LOOCV,,RandomForest,desc+numeric,220,True,0.8533333333333334,0.788918918918919,0.8533333333333334,0.7972438342232392,0.7034297676008201
3,locals_vs_diaspora,3,10,34,256,10,K-Fold,5,SVM,desc+numeric,220,True,0.72,0.8166011652833508,0.72,0.7641896284681722,0.7105909562307021
3,locals_vs_diaspora,3,10,34,256,10,LOOCV,,SVM,desc+numeric,220,True,0.71,0.814119425547997,0.71,0.757312092865302,
3,locals_vs_diaspora,3,10,34,256,10,K-Fold,5,AdaBoost,desc+numeric,220,True,0.6466666666666666,0.7856777126273395,0.6466666666666666,0.7023379991432508,0.6390774958556265
3,locals_vs_diaspora,3,10,34,256,10,LOOCV,,AdaBoost,desc+numeric,220,True,0.6633333333333333,0.79596818438189,0.6633333333333333,0.7085263272174575,0.5937035614113654
3,locals_vs_diaspora,3,10,34,256,10,K-Fold,5,XGBoost,desc+numeric,220,True,0.86,0.8339090909090908,0.86,0.8420129734254028,0.7112313346061078
3,locals_vs_diaspora,3,10,34,256,10,LOOCV,,XGBoost,desc+numeric,220,True,0.8566666666666667,0.8341515589068933,0.8566666666666667,0.8426174861568849,0.7275088151413016
3,locals_vs_diaspora,2,10,34,0,10,K-Fold,5,LogReg,desc,209,True,0.7272727272727273,0.7077020202020202,0.7272727272727273,0.7160173160173161,0.6161764705882353
3,locals_vs_diaspora,2,10,34,0,10,LOOCV,,LogReg,desc,209,True,0.7272727272727273,0.7077020202020202,0.7272727272727273,0.7160173160173161,0.4911764705882353
3,locals_vs_diaspora,2,10,34,0,10,K-Fold,5,DecisionTree,desc,209,True,0.36363636363636365,0.6292613636363636,0.36363636363636365,0.378129117259552,0.6014705882352942
3,locals_vs_diaspora,2,10,34,0,10,LOOCV,,DecisionTree,desc,209,True,0.29545454545454547,0.6706293706293707,0.29545454545454547,0.24199609913895628,0.5220588235294118
3,locals_vs_diaspora,2,10,34,0,10,K-Fold,5,RandomForest,desc,209,True,0.5227272727272727,0.6848296630905327,0.5227272727272727,0.5603305785123966,0.5602941176470588
3,locals_vs_diaspora,2,10,34,0,10,LOOCV,,RandomForest,desc,209,True,0.36363636363636365,0.5501165501165501,0.36363636363636365,0.40714840714840717,0.538235294117647
3,locals_vs_diaspora,2,10,34,0,10,K-Fold,5,SVM,desc,209,True,0.7727272727272727,0.7318181818181819,0.7727272727272727,0.7332397332397332,0.38088235294117645
3,locals_vs_diaspora,2,10,34,0,10,LOOCV,,SVM,desc,209,True,0.75,0.7051282051282052,0.75,0.7168949771689498,
3,locals_vs_diaspora,2,10,34,0,10,K-Fold,5,AdaBoost,desc,209,True,0.7727272727272727,0.7440191387559808,0.7727272727272727,0.7506313131313131,0.6455882352941176
3,locals_vs_diaspora,2,10,34,0,10,LOOCV,,AdaBoost,desc,209,True,0.75,0.7239382239382239,0.75,0.7332228666114333,0.5558823529411765
3,locals_vs_diaspora,2,10,34,0,10,K-Fold,5,XGBoost,desc,209,True,0.8181818181818182,0.8079545454545454,0.8181818181818182,0.7865917865917865,0.588235294117647
3,locals_vs_diaspora,2,10,34,0,10,LOOCV,,XGBoost,desc,209,True,0.8181818181818182,0.8079545454545454,0.8181818181818182,0.7865917865917865,0.2911764705882353
3,locals_vs_diaspora,2,10,34,0,10,K-Fold,5,LogReg,username,300,True,0.7727272727272727,0.597107438016529,0.7727272727272727,0.6736596736596737,0.4882352941176471
3,locals_vs_diaspora,2,10,34,0,10,LOOCV,,LogReg,username,300,True,0.7727272727272727,0.597107438016529,0.7727272727272727,0.6736596736596737,0.0
3,locals_vs_diaspora,2,10,34,0,10,K-Fold,5,DecisionTree,username,300,True,0.7727272727272727,0.597107438016529,0.7727272727272727,0.6736596736596737,0.5
3,locals_vs_diaspora,2,10,34,0,10,LOOCV,,DecisionTree,username,300,True,0.7727272727272727,0.597107438016529,0.7727272727272727,0.6736596736596737,0.5
3,locals_vs_diaspora,2,10,34,0,10,K-Fold,5,RandomForest,username,300,True,0.7727272727272727,0.597107438016529,0.7727272727272727,0.6736596736596737,0.5088235294117647
3,locals_vs_diaspora,2,10,34,0,10,LOOCV,,RandomForest,username,300,True,0.7727272727272727,0.597107438016529,0.7727272727272727,0.6736596736596737,0.34852941176470587
3,locals_vs_diaspora,2,10,34,0,10,K-Fold,5,SVM,username,300,True,0.7727272727272727,0.597107438016529,0.7727272727272727,0.6736596736596737,0.4882352941176471
3,locals_vs_diaspora,2,10,34,0,10,LOOCV,,SVM,username,300,True,0.7727272727272727,0.597107438016529,0.7727272727272727,0.6736596736596737,
3,locals_vs_diaspora,2,10,34,0,10,K-Fold,5,AdaBoost,username,300,True,0.7727272727272727,0.597107438016529,0.7727272727272727,0.6736596736596737,0.4941176470588235
3,locals_vs_diaspora,2,10,34,0,10,LOOCV,,AdaBoost,username,300,True,0.7727272727272727,0.597107438016529,0.7727272727272727,0.6736596736596737,0.0
3,locals_vs_diaspora,2,10,34,0,10,K-Fold,5,XGBoost,username,300,True,0.22727272727272727,0.051652892561983466,0.22727272727272727,0.08417508417508417,0.5
3,locals_vs_diaspora,2,10,34,0,10,LOOCV,,XGBoost,username,300,True,0.22727272727272727,0.051652892561983466,0.22727272727272727,0.08417508417508417,0.0
3,locals_vs_diaspora,2,10,34,0,10,K-Fold,5,LogReg,fullname,300,True,0.7045454545454546,0.6705861705861706,0.7045454545454546,0.6847179332680575,0.45588235294117646
3,locals_vs_diaspora,2,10,34,0,10,LOOCV,,LogReg,fullname,300,True,0.6590909090909091,0.6466089466089466,0.6590909090909091,0.6525899729561057,0.2352941176470588
3,locals_vs_diaspora,2,10,34,0,10,K-Fold,5,DecisionTree,fullname,300,True,0.2727272727272727,0.5271464646464646,0.2727272727272727,0.2531526444569923,0.375
3,locals_vs_diaspora,2,10,34,0,10,LOOCV,,DecisionTree,fullname,300,True,0.25,0.4682539682539683,0.25,0.24031007751937983,0.24705882352941172
3,locals_vs_diaspora,2,10,34,0,10,K-Fold,5,RandomForest,fullname,300,True,0.20454545454545456,0.34988344988344994,0.20454545454545456,0.1441891441891442,0.37058823529411766
3,locals_vs_diaspora,2,10,34,0,10,LOOCV,,RandomForest,fullname,300,True,0.2727272727272727,0.5037433155080214,0.2727272727272727,0.2727272727272727,0.2794117647058823
3,locals_vs_diaspora,2,10,34,0,10,K-Fold,5,SVM,fullname,300,True,0.7045454545454546,0.6398601398601399,0.7045454545454546,0.6654213366542133,0.5029411764705883
3,locals_vs_diaspora,2,10,34,0,10,LOOCV,,SVM,fullname,300,True,0.6136363636363636,0.5638820638820639,0.6136363636363636,0.587708066581306,
3,locals_vs_diaspora,2,10,34,0,10,K-Fold,5,AdaBoost,fullname,300,True,0.6818181818181818,0.5795454545454546,0.6818181818181818,0.6265356265356266,0.3632352941176471
3,locals_vs_diaspora,2,10,34,0,10,LOOCV,,AdaBoost,fullname,300,True,0.7045454545454546,0.5842572062084257,0.7045454545454546,0.6387878787878788,0.3470588235294118
3,locals_vs_diaspora,2,10,34,0,10,K-Fold,5,XGBoost,fullname,300,True,0.6590909090909091,0.5745920745920746,0.6590909090909091,0.613947696139477,0.2911764705882353
3,locals_vs_diaspora,2,10,34,0,10,LOOCV,,XGBoost,fullname,300,True,0.6363636363636364,0.569377990430622,0.6363636363636364,0.6010101010101011,0.08235294117647056
3,locals_vs_diaspora,2,10,34,0,10,K-Fold,5,LogReg,desc_user,210,True,0.7272727272727273,0.7077020202020202,0.7272727272727273,0.7160173160173161,0.6161764705882353
3,locals_vs_diaspora,2,10,34,0,10,LOOCV,,LogReg,desc_user,210,True,0.7272727272727273,0.7077020202020202,0.7272727272727273,0.7160173160173161,0.49117647058823527
3,locals_vs_diaspora,2,10,34,0,10,K-Fold,5,DecisionTree,desc_user,210,True,0.4318181818181818,0.6730407523510973,0.4318181818181818,0.46006374577803155,0.65
3,locals_vs_diaspora,2,10,34,0,10,LOOCV,,DecisionTree,desc_user,210,True,0.3181818181818182,0.6977671451355663,0.3181818181818182,0.2784090909090909,0.5558823529411765
3,locals_vs_diaspora,2,10,34,0,10,K-Fold,5,RandomForest,desc_user,210,True,0.5454545454545454,0.7231060606060606,0.5454545454545454,0.5801148742325213,0.5779411764705882
3,locals_vs_diaspora,2,10,34,0,10,LOOCV,,RandomForest,desc_user,210,True,0.36363636363636365,0.5501165501165501,0.36363636363636365,0.40714840714840717,0.5323529411764706
3,locals_vs_diaspora,2,10,34,0,10,K-Fold,5,SVM,desc_user,210,True,0.7727272727272727,0.7318181818181819,0.7727272727272727,0.7332397332397332,0.38088235294117645
3,locals_vs_diaspora,2,10,34,0,10,LOOCV,,SVM,desc_user,210,True,0.75,0.7051282051282052,0.75,0.7168949771689498,
3,locals_vs_diaspora,2,10,34,0,10,K-Fold,5,AdaBoost,desc_user,210,True,0.7727272727272727,0.7440191387559808,0.7727272727272727,0.7506313131313131,0.6352941176470588
3,locals_vs_diaspora,2,10,34,0,10,LOOCV,,AdaBoost,desc_user,210,True,0.75,0.7239382239382239,0.75,0.7332228666114333,0.5558823529411765
3,locals_vs_diaspora,2,10,34,0,10,K-Fold,5,XGBoost,desc_user,210,True,0.8181818181818182,0.8079545454545454,0.8181818181818182,0.7865917865917865,0.588235294117647
3,locals_vs_diaspora,2,10,34,0,10,LOOCV,,XGBoost,desc_user,210,True,0.8181818181818182,0.8079545454545454,0.8181818181818182,0.7865917865917865,0.2911764705882353
3,locals_vs_diaspora,2,10,34,0,10,K-Fold,5,LogReg,desc_fullname,254,True,0.7954545454545454,0.7703962703962705,0.7954545454545454,0.7683686176836861,0.6264705882352941
3,locals_vs_diaspora,2,10,34,0,10,LOOCV,,LogReg,desc_fullname,254,True,0.7045454545454546,0.693939393939394,0.7045454545454546,0.6989113098952916,0.4852941176470589
3,locals_vs_diaspora,2,10,34,0,10,K-Fold,5,DecisionTree,desc_fullname,254,True,0.5909090909090909,0.7121212121212122,0.5909090909090909,0.6238244514106583,0.625
3,locals_vs_diaspora,2,10,34,0,10,LOOCV,,DecisionTree,desc_fullname,254,True,0.29545454545454547,0.5121813670200767,0.29545454545454547,0.3184884653488701,0.5058823529411764
3,locals_vs_diaspora,2,10,34,0,10,K-Fold,5,RandomForest,desc_fullname,254,True,0.6590909090909091,0.7152560083594566,0.6590909090909091,0.6796536796536796,0.6882352941176471
3,locals_vs_diaspora,2,10,34,0,10,LOOCV,,RandomForest,desc_fullname,254,True,0.5681818181818182,0.6316614420062696,0.5681818181818182,0.5942279942279941,0.49411764705882355
3,locals_vs_diaspora,2,10,34,0,10,K-Fold,5,SVM,desc_fullname,254,True,0.8181818181818182,0.8079545454545454,0.8181818181818182,0.7865917865917865,0.34705882352941175
3,locals_vs_diaspora,2,10,34,0,10,LOOCV,,SVM,desc_fullname,254,True,0.7727272727272727,0.7440191387559808,0.7727272727272727,0.7506313131313131,
3,locals_vs_diaspora,2,10,34,0,10,K-Fold,5,AdaBoost,desc_fullname,254,True,0.7727272727272727,0.7440191387559808,0.7727272727272727,0.7506313131313131,0.6735294117647058
3,locals_vs_diaspora,2,10,34,0,10,LOOCV,,AdaBoost,desc_fullname,254,True,0.8181818181818182,0.8079545454545454,0.8181818181818182,0.7865917865917865,0.5470588235294118
3,locals_vs_diaspora,2,10,34,0,10,K-Fold,5,XGBoost,desc_fullname,254,True,0.8409090909090909,0.8356643356643357,0.8409090909090909,0.8198422581984225,0.7441176470588236
3,locals_vs_diaspora,2,10,34,0,10,LOOCV,,XGBoost,desc_fullname,254,True,0.8181818181818182,0.8079545454545454,0.8181818181818182,0.7865917865917865,0.37352941176470594
3,locals_vs_diaspora,2,10,34,0,10,K-Fold,5,LogReg,user_fullname,300,True,0.7045454545454546,0.693939393939394,0.7045454545454546,0.6989113098952916,0.5441176470588235
3,locals_vs_diaspora,2,10,34,0,10,LOOCV,,LogReg,user_fullname,300,True,0.6818181818181818,0.6818181818181818,0.6818181818181818,0.6818181818181818,0.33235294117647063
3,locals_vs_diaspora,2,10,34,0,10,K-Fold,5,DecisionTree,user_fullname,300,True,0.4090909090909091,0.6601731601731602,0.4090909090909091,0.43371212121212116,0.5205882352941176
3,locals_vs_diaspora,2,10,34,0,10,LOOCV,,DecisionTree,user_fullname,300,True,0.3409090909090909,0.652958152958153,0.3409090909090909,0.3323937044867277,0.47647058823529415
3,locals_vs_diaspora,2,10,34,0,10,K-Fold,5,RandomForest,user_fullname,300,True,0.4090909090909091,0.6282467532467533,0.4090909090909091,0.4426794258373206,0.47941176470588237
3,locals_vs_diaspora,2,10,34,0,10,LOOCV,,RandomForest,user_fullname,300,True,0.2727272727272727,0.4718614718614718,0.2727272727272727,0.303030303030303,0.3382352941176471
3,locals_vs_diaspora,2,10,34,0,10,K-Fold,5,SVM,user_fullname,300,True,0.7272727272727273,0.7077020202020202,0.7272727272727273,0.7160173160173161,0.31176470588235294
3,locals_vs_diaspora,2,10,34,0,10,LOOCV,,SVM,user_fullname,300,True,0.6818181818181818,0.6818181818181818,0.6818181818181818,0.6818181818181818,
3,locals_vs_diaspora,2,10,34,0,10,K-Fold,5,AdaBoost,user_fullname,300,True,0.7727272727272727,0.7318181818181819,0.7727272727272727,0.7332397332397332,0.5220588235294117
3,locals_vs_diaspora,2,10,34,0,10,LOOCV,,AdaBoost,user_fullname,300,True,0.75,0.7051282051282052,0.75,0.7168949771689498,0.2735294117647059
3,locals_vs_diaspora,2,10,34,0,10,K-Fold,5,XGBoost,user_fullname,300,True,0.7727272727272727,0.7318181818181819,0.7727272727272727,0.7332397332397332,0.5147058823529411
3,locals_vs_diaspora,2,10,34,0,10,LOOCV,,XGBoost,user_fullname,300,True,0.7727272727272727,0.7318181818181819,0.7727272727272727,0.7332397332397332,0.2705882352941176
3,locals_vs_diaspora,2,10,34,0,10,K-Fold,5,LogReg,desc_user_fullname,255,True,0.7954545454545454,0.7703962703962705,0.7954545454545454,0.7683686176836861,0.6264705882352941
3,locals_vs_diaspora,2,10,34,0,10,LOOCV,,LogReg,desc_user_fullname,255,True,0.7045454545454546,0.693939393939394,0.7045454545454546,0.6989113098952916,0.4852941176470589
3,locals_vs_diaspora,2,10,34,0,10,K-Fold,5,DecisionTree,desc_user_fullname,255,True,0.5681818181818182,0.7032749858836815,0.5681818181818182,0.6031280547409579,0.6161764705882353
3,locals_vs_diaspora,2,10,34,0,10,LOOCV,,DecisionTree,desc_user_fullname,255,True,0.4090909090909091,0.6017871017871017,0.4090909090909091,0.4494949494949495,0.5882352941176471
3,locals_vs_diaspora,2,10,34,0,10,K-Fold,5,RandomForest,desc_user_fullname,255,True,0.6818181818181818,0.7251082251082251,0.6818181818181818,0.6983901515151515,0.6911764705882353
3,locals_vs_diaspora,2,10,34,0,10,LOOCV,,RandomForest,desc_user_fullname,255,True,0.5909090909090909,0.6411255411255412,0.5909090909090909,0.6122159090909091,0.47058823529411764
3,locals_vs_diaspora,2,10,34,0,10,K-Fold,5,SVM,desc_user_fullname,255,True,0.8181818181818182,0.8079545454545454,0.8181818181818182,0.7865917865917865,0.34705882352941175
3,locals_vs_diaspora,2,10,34,0,10,LOOCV,,SVM,desc_user_fullname,255,True,0.7727272727272727,0.7440191387559808,0.7727272727272727,0.7506313131313131,
3,locals_vs_diaspora,2,10,34,0,10,K-Fold,5,AdaBoost,desc_user_fullname,255,True,0.7727272727272727,0.7440191387559808,0.7727272727272727,0.7506313131313131,0.65
3,locals_vs_diaspora,2,10,34,0,10,LOOCV,,AdaBoost,desc_user_fullname,255,True,0.7954545454545454,0.7703962703962705,0.7954545454545454,0.7683686176836861,0.7176470588235293
3,locals_vs_diaspora,2,10,34,0,10,K-Fold,5,XGBoost,desc_user_fullname,255,True,0.8409090909090909,0.8356643356643357,0.8409090909090909,0.8198422581984225,0.7441176470588236
3,locals_vs_diaspora,2,10,34,0,10,LOOCV,,XGBoost,desc_user_fullname,255,True,0.8181818181818182,0.8079545454545454,0.8181818181818182,0.7865917865917865,0.37352941176470594
3,locals_vs_diaspora,2,10,34,0,10,K-Fold,5,LogReg,numeric,11,True,0.6363636363636364,0.705762987012987,0.6363636363636364,0.6607263704037898,0.6352941176470588
3,locals_vs_diaspora,2,10,34,0,10,LOOCV,,LogReg,numeric,11,True,0.6818181818181818,0.7475649350649349,0.6818181818181818,0.7031355741033161,0.6823529411764706
3,locals_vs_diaspora,2,10,34,0,10,K-Fold,5,DecisionTree,numeric,11,True,0.6363636363636364,0.6363636363636364,0.6363636363636364,0.6363636363636364,0.48235294117647054
3,locals_vs_diaspora,2,10,34,0,10,LOOCV,,DecisionTree,numeric,11,True,0.6363636363636364,0.6363636363636364,0.6363636363636364,0.6363636363636364,0.48235294117647054
3,locals_vs_diaspora,2,10,34,0,10,K-Fold,5,RandomForest,numeric,11,True,0.7272727272727273,0.6556818181818183,0.7272727272727273,0.6798876798876798,0.5191176470588235
3,locals_vs_diaspora,2,10,34,0,10,LOOCV,,RandomForest,numeric,11,True,0.7954545454545454,0.7734663710273466,0.7954545454545454,0.74993006993007,0.6029411764705883
3,locals_vs_diaspora,2,10,34,0,10,K-Fold,5,SVM,numeric,11,True,0.7272727272727273,0.7670995670995672,0.7272727272727273,0.7414772727272727,0.6588235294117647
3,locals_vs_diaspora,2,10,34,0,10,LOOCV,,SVM,numeric,11,True,0.7272727272727273,0.7670995670995672,0.7272727272727273,0.7414772727272727,
3,locals_vs_diaspora,2,10,34,0,10,K-Fold,5,AdaBoost,numeric,11,True,0.6363636363636364,0.6363636363636364,0.6363636363636364,0.6363636363636364,0.48970588235294116
3,locals_vs_diaspora,2,10,34,0,10,LOOCV,,AdaBoost,numeric,11,True,0.5909090909090909,0.6174242424242424,0.5909090909090909,0.6033057851239669,0.4911764705882353
3,locals_vs_diaspora,2,10,34,0,10,K-Fold,5,XGBoost,numeric,11,True,0.6363636363636364,0.6831168831168832,0.6363636363636364,0.6553030303030303,0.5058823529411764
3,locals_vs_diaspora,2,10,34,0,10,LOOCV,,XGBoost,numeric,11,True,0.5909090909090909,0.663961038961039,0.5909090909090909,0.6183171667042635,0.48823529411764705
3,locals_vs_diaspora,2,10,34,0,10,K-Fold,5,LogReg,desc+numeric,220,True,0.6136363636363636,0.6964745494157258,0.6136363636363636,0.6415521333554121,0.6588235294117648
3,locals_vs_diaspora,2,10,34,0,10,LOOCV,,LogReg,desc+numeric,220,True,0.6818181818181818,0.7251082251082251,0.6818181818181818,0.6983901515151515,0.6735294117647059
3,locals_vs_diaspora,2,10,34,0,10,K-Fold,5,DecisionTree,desc+numeric,220,True,0.6136363636363636,0.6506880216557636,0.6136363636363636,0.6299179081787778,0.5029411764705882
3,locals_vs_diaspora,2,10,34,0,10,LOOCV,,DecisionTree,desc+numeric,220,True,0.6363636363636364,0.6605113636363636,0.6363636363636364,0.6473829201101928,0.5176470588235295
3,locals_vs_diaspora,2,10,34,0,10,K-Fold,5,RandomForest,desc+numeric,220,True,0.7954545454545454,0.8382663847780126,0.7954545454545454,0.7237308146399055,0.6161764705882353
3,locals_vs_diaspora,2,10,34,0,10,LOOCV,,RandomForest,desc+numeric,220,True,0.7954545454545454,0.8382663847780126,0.7954545454545454,0.7237308146399055,0.6102941176470589
3,locals_vs_diaspora,2,10,34,0,10,K-Fold,5,SVM,desc+numeric,220,True,0.7045454545454546,0.7355064290548161,0.7045454545454546,0.7169960474308301,0.6088235294117648
3,locals_vs_diaspora,2,10,34,0,10,LOOCV,,SVM,desc+numeric,220,True,0.6590909090909091,0.6930972253552898,0.6590909090909091,0.673456977804804,
3,locals_vs_diaspora,2,10,34,0,10,K-Fold,5,AdaBoost,desc+numeric,220,True,0.6590909090909091,0.6707988980716253,0.6590909090909091,0.6646636945144407,0.5779411764705882
3,locals_vs_diaspora,2,10,34,0,10,LOOCV,,AdaBoost,desc+numeric,220,True,0.6818181818181818,0.6818181818181818,0.6818181818181818,0.6818181818181818,0.5617647058823529
3,locals_vs_diaspora,2,10,34,0,10,K-Fold,5,XGBoost,desc+numeric,220,True,0.6136363636363636,0.6506880216557636,0.6136363636363636,0.6299179081787778,0.4823529411764706
3,locals_vs_diaspora,2,10,34,0,10,LOOCV,,XGBoost,desc+numeric,220,True,0.6136363636363636,0.6734587251828631,0.6136363636363636,0.6369408369408368,0.5323529411764706
3,person_vs_organization,3,51,155,94,51,K-Fold,5,LogReg,desc,209,True,0.45666666666666667,0.4983729399255715,0.45666666666666667,0.4493125829125829,0.5839824484860545
3,person_vs_organization,3,51,155,94,51,LOOCV,,LogReg,desc,209,True,0.49,0.5397626223485175,0.49,0.4861470899470899,0.5477828748315435
3,person_vs_organization,3,51,155,94,51,K-Fold,5,DecisionTree,desc,209,True,0.39,0.4623716677129106,0.39,0.3533190581216381,0.5153393195592323
3,person_vs_organization,3,51,155,94,51,LOOCV,,DecisionTree,desc,209,True,0.42333333333333334,0.49281732501732506,0.42333333333333334,0.4007787886889571,0.46244883831722383
3,person_vs_organization,3,51,155,94,51,K-Fold,5,RandomForest,desc,209,True,0.44,0.4884848484848485,0.44,0.4205709315689746,0.5849687427312195
3,person_vs_organization,3,51,155,94,51,LOOCV,,RandomForest,desc,209,True,0.44666666666666666,0.48759926582047847,0.44666666666666666,0.4328183522094961,0.542901516119158
3,person_vs_organization,3,51,155,94,51,K-Fold,5,SVM,desc,209,True,0.45666666666666667,0.4993079769822032,0.45666666666666667,0.4457877512209922,0.54330054354232
3,person_vs_organization,3,51,155,94,51,LOOCV,,SVM,desc,209,True,0.5033333333333333,0.5544380648591175,0.5033333333333333,0.4978162558162559,
3,person_vs_organization,3,51,155,94,51,K-Fold,5,AdaBoost,desc,209,True,0.4666666666666667,0.40369610039612963,0.4666666666666667,0.40689800881592947,0.5091754400707393
3,person_vs_organization,3,51,155,94,51,LOOCV,,AdaBoost,desc,209,True,0.5,0.2857975372279496,0.5,0.35097945326948904,0.7580449206714147
3,person_vs_organization,3,51,155,94,51,K-Fold,5,XGBoost,desc,209,True,0.43,0.4605236111111111,0.43,0.42938987352256713,0.5424588318680369
3,person_vs_organization,3,51,155,94,51,LOOCV,,XGBoost,desc,209,True,0.4066666666666667,0.49775757575757573,0.4066666666666667,0.36787479296847486,0.3667587838240586
3,person_vs_organization,3,51,155,94,51,K-Fold,5,LogReg,username,300,True,0.5166666666666667,0.2669444444444445,0.5166666666666667,0.35201465201465204,0.4964518267243732
3,person_vs_organization,3,51,155,94,51,LOOCV,,LogReg,username,300,True,0.5166666666666667,0.2669444444444445,0.5166666666666667,0.35201465201465204,0.0
3,person_vs_organization,3,51,155,94,51,K-Fold,5,DecisionTree,username,300,True,0.5166666666666667,0.2669444444444445,0.5166666666666667,0.35201465201465204,0.5
3,person_vs_organization,3,51,155,94,51,LOOCV,,DecisionTree,username,300,True,0.5166666666666667,0.2669444444444445,0.5166666666666667,0.35201465201465204,0.5
3,person_vs_organization,3,51,155,94,51,K-Fold,5,RandomForest,username,300,True,0.5166666666666667,0.2669444444444445,0.5166666666666667,0.35201465201465204,0.4980582524271845
3,person_vs_organization,3,51,155,94,51,LOOCV,,RandomForest,username,300,True,0.5166666666666667,0.2669444444444445,0.5166666666666667,0.35201465201465204,0.4969805905913578
3,person_vs_organization,3,51,155,94,51,K-Fold,5,SVM,username,300,True,0.5166666666666667,0.2669444444444445,0.5166666666666667,0.35201465201465204,0.49645182672437327
3,person_vs_organization,3,51,155,94,51,LOOCV,,SVM,username,300,True,0.5166666666666667,0.2669444444444445,0.5166666666666667,0.35201465201465204,
3,person_vs_organization,3,51,155,94,51,K-Fold,5,AdaBoost,username,300,True,0.4766666666666667,0.3661666666666667,0.4766666666666667,0.4017042029700258,0.49742270051078097
3,person_vs_organization,3,51,155,94,51,LOOCV,,AdaBoost,username,300,True,0.5166666666666667,0.2669444444444445,0.5166666666666667,0.35201465201465204,0.22584962615779489
3,person_vs_organization,3,51,155,94,51,K-Fold,5,XGBoost,username,300,True,0.19333333333333333,0.12233333333333335,0.19333333333333333,0.11998214843575669,0.4983935742971888
3,person_vs_organization,3,51,155,94,51,LOOCV,,XGBoost,username,300,True,0.6866666666666666,0.491619812583668,0.6866666666666666,0.5664521452145215,0.7028802588996764
3,person_vs_organization,3,51,155,94,51,K-Fold,5,LogReg,fullname,300,True,0.44666666666666666,0.40510131278538813,0.44666666666666666,0.4041106523161624,0.5362029748275549
3,person_vs_organization,3,51,155,94,51,LOOCV,,LogReg,fullname,300,True,0.49,0.4287367932195518,0.49,0.402782382847038,0.3172140372672478
3,person_vs_organization,3,51,155,94,51,K-Fold,5,DecisionTree,fullname,300,True,0.28,0.49174531656634285,0.28,0.25001792885288027,0.545564347558743
3,person_vs_organization,3,51,155,94,51,LOOCV,,DecisionTree,fullname,300,True,0.29333333333333333,0.488631475011393,0.29333333333333333,0.26903060159444486,0.5647840777236836
3,person_vs_organization,3,51,155,94,51,K-Fold,5,RandomForest,fullname,300,True,0.3433333333333333,0.4820818460292144,0.3433333333333333,0.3481587264989288,0.5674414042734939
3,person_vs_organization,3,51,155,94,51,LOOCV,,RandomForest,fullname,300,True,0.31,0.4829279525763794,0.31,0.29037895510399636,0.5495261806068152
3,person_vs_organization,3,51,155,94,51,K-Fold,5,SVM,fullname,300,True,0.44,0.4366733315794089,0.44,0.42124243623489854,0.5215982125130361
3,person_vs_organization,3,51,155,94,51,LOOCV,,SVM,fullname,300,True,0.38,0.4773820012586532,0.38,0.3411792729080234,
3,person_vs_organization,3,51,155,94,51,K-Fold,5,AdaBoost,fullname,300,True,0.37333333333333335,0.5671555601450273,0.37333333333333335,0.2847357894630622,0.5312299614707015
3,person_vs_organization,3,51,155,94,51,LOOCV,,AdaBoost,fullname,300,True,0.36,0.4944428223844282,0.36,0.2606320450885668,0.4904809847581376
3,person_vs_organization,3,51,155,94,51,K-Fold,5,XGBoost,fullname,300,True,0.38333333333333336,0.5155742857142858,0.38333333333333336,0.320087380207781,0.5221390055255056
3,person_vs_organization,3,51,155,94,51,LOOCV,,XGBoost,fullname,300,True,0.39,0.49987961354754673,0.39,0.3312731921159718,0.2773922019962452
3,person_vs_organization,3,51,155,94,51,K-Fold,5,LogReg,desc_user,210,True,0.4533333333333333,0.4957637997432606,0.4533333333333333,0.44692466015054494,0.5873970910984637
3,person_vs_organization,3,51,155,94,51,LOOCV,,LogReg,desc_user,210,True,0.49,0.5400406983087834,0.49,0.4874798425384707,0.551671154655448
3,person_vs_organization,3,51,155,94,51,K-Fold,5,DecisionTree,desc_user,210,True,0.39,0.45892183413649823,0.39,0.35974126622395386,0.5169428054814952
3,person_vs_organization,3,51,155,94,51,LOOCV,,DecisionTree,desc_user,210,True,0.4,0.45814986360784765,0.4,0.37425953816230356,0.4274707745164342
3,person_vs_organization,3,51,155,94,51,K-Fold,5,RandomForest,desc_user,210,True,0.44,0.49374536427072657,0.44,0.4217344697137918,0.576358836304934
3,person_vs_organization,3,51,155,94,51,LOOCV,,RandomForest,desc_user,210,True,0.44333333333333336,0.48092844470727375,0.44333333333333336,0.42736410256410257,0.5527336561960374
3,person_vs_organization,3,51,155,94,51,K-Fold,5,SVM,desc_user,210,True,0.4633333333333333,0.5061056600550632,0.4633333333333333,0.4536286241100972,0.5564054799714425
3,person_vs_organization,3,51,155,94,51,LOOCV,,SVM,desc_user,210,True,0.51,0.560256465409746,0.51,0.5052266533033264,
3,person_vs_organization,3,51,155,94,51,K-Fold,5,AdaBoost,desc_user,210,True,0.4666666666666667,0.41234005493401216,0.4666666666666667,0.41098292037570977,0.5085942894443525
3,person_vs_organization,3,51,155,94,51,LOOCV,,AdaBoost,desc_user,210,True,0.5,0.2919748858447489,0.5,0.35040935672514617,0.7586550088312183
3,person_vs_organization,3,51,155,94,51,K-Fold,5,XGBoost,desc_user,210,True,0.4266666666666667,0.45791091721642907,0.4266666666666667,0.42607953709959207,0.540925235368435
3,person_vs_organization,3,51,155,94,51,LOOCV,,XGBoost,desc_user,210,True,0.4066666666666667,0.49775757575757573,0.4066666666666667,0.36787479296847486,0.36652209149061366
3,person_vs_organization,3,51,155,94,51,K-Fold,5,LogReg,desc_fullname,254,True,0.45,0.48384774255800495,0.45,0.4510987534923705,0.571244811407218
3,person_vs_organization,3,51,155,94,51,LOOCV,,LogReg,desc_fullname,254,True,0.44666666666666666,0.47268333199367685,0.44666666666666666,0.45023312743652394,0.5695379800644381
3,person_vs_organization,3,51,155,94,51,K-Fold,5,DecisionTree,desc_fullname,254,True,0.4166666666666667,0.47997117004044243,0.4166666666666667,0.40137034706480573,0.5245845289426874
3,person_vs_organization,3,51,155,94,51,LOOCV,,DecisionTree,desc_fullname,254,True,0.44333333333333336,0.49433961373187896,0.44333333333333336,0.4315580086580086,0.5204704565387989
3,person_vs_organization,3,51,155,94,51,K-Fold,5,RandomForest,desc_fullname,254,True,0.45666666666666667,0.4848197052916396,0.45666666666666667,0.44725524231529834,0.5695705863292473
3,person_vs_organization,3,51,155,94,51,LOOCV,,RandomForest,desc_fullname,254,True,0.5,0.525065283709579,0.5,0.49596677998449334,0.5614626886073476
3,person_vs_organization,3,51,155,94,51,K-Fold,5,SVM,desc_fullname,254,True,0.44666666666666666,0.47388282441733776,0.44666666666666666,0.44466638491595667,0.5400508587188839
3,person_vs_organization,3,51,155,94,51,LOOCV,,SVM,desc_fullname,254,True,0.44333333333333336,0.46846139430284855,0.44333333333333336,0.442753979323017,
3,person_vs_organization,3,51,155,94,51,K-Fold,5,AdaBoost,desc_fullname,254,True,0.4,0.4179611637438688,0.4,0.3865244967368325,0.5246946260659197
3,person_vs_organization,3,51,155,94,51,LOOCV,,AdaBoost,desc_fullname,254,True,0.34,0.27066738125544315,0.34,0.24490643660107367,0.5473013442005943
3,person_vs_organization,3,51,155,94,51,K-Fold,5,XGBoost,desc_fullname,254,True,0.44,0.5275028636884307,0.44,0.42681701745798667,0.5431558581160935
3,person_vs_organization,3,51,155,94,51,LOOCV,,XGBoost,desc_fullname,254,True,0.45666666666666667,0.5253968244698041,0.45666666666666667,0.4496961757467982,0.4916120717665888
3,person_vs_organization,3,51,155,94,51,K-Fold,5,LogReg,user_fullname,300,True,0.41,0.43564875950380155,0.41,0.40413157757149715,0.5326044248414257
3,person_vs_organization,3,51,155,94,51,LOOCV,,LogReg,user_fullname,300,True,0.37666666666666665,0.4778567577766995,0.37666666666666665,0.33684022891453236,0.3058418734641725
3,person_vs_organization,3,51,155,94,51,K-Fold,5,DecisionTree,user_fullname,300,True,0.3333333333333333,0.4333542647828362,0.3333333333333333,0.31411431285436026,0.5146059636380586
3,person_vs_organization,3,51,155,94,51,LOOCV,,DecisionTree,user_fullname,300,True,0.38333333333333336,0.49018207282913173,0.38333333333333336,0.3335745075587959,0.5569107327647831
3,person_vs_organization,3,51,155,94,51,K-Fold,5,RandomForest,user_fullname,300,True,0.36666666666666664,0.467776476710903,0.36666666666666664,0.3581826528610327,0.5410838109720434
3,person_vs_organization,3,51,155,94,51,LOOCV,,RandomForest,user_fullname,300,True,0.4,0.5273156342182891,0.4,0.3640568181818182,0.5408619372031145
3,person_vs_organization,3,51,155,94,51,K-Fold,5,SVM,user_fullname,300,True,0.4266666666666667,0.4551431121215294,0.4266666666666667,0.41626322360900286,0.5002376162388645
3,person_vs_organization,3,51,155,94,51,LOOCV,,SVM,user_fullname,300,True,0.37666666666666665,0.49577003456313806,0.37666666666666665,0.3372891712922388,
3,person_vs_organization,3,51,155,94,51,K-Fold,5,AdaBoost,user_fullname,300,True,0.37333333333333335,0.512672943970819,0.37333333333333335,0.2819703196347032,0.5211176490360505
3,person_vs_organization,3,51,155,94,51,LOOCV,,AdaBoost,user_fullname,300,True,0.36333333333333334,0.499212053153659,0.36333333333333334,0.26573844983585554,0.7114054329134414
3,person_vs_organization,3,51,155,94,51,K-Fold,5,XGBoost,user_fullname,300,True,0.37333333333333335,0.49195321637426903,0.37333333333333335,0.30249179607759963,0.5075259515912102
3,person_vs_organization,3,51,155,94,51,LOOCV,,XGBoost,user_fullname,300,True,0.39,0.5231231671554252,0.39,0.32977534781317297,0.2671769743856578
3,person_vs_organization,3,51,155,94,51,K-Fold,5,LogReg,desc_user_fullname,255,True,0.44666666666666666,0.4796904882939366,0.44666666666666666,0.449043109866717,0.5763879522105833
3,person_vs_organization,3,51,155,94,51,LOOCV,,LogReg,desc_user_fullname,255,True,0.45,0.4754546986798895,0.45,0.4537090974469615,0.5744705930070019
3,person_vs_organization,3,51,155,94,51,K-Fold,5,DecisionTree,desc_user_fullname,255,True,0.42,0.4912484656429269,0.42,0.4061383762436394,0.5269412164896614
3,person_vs_organization,3,51,155,94,51,LOOCV,,DecisionTree,desc_user_fullname,255,True,0.44333333333333336,0.5023035141614275,0.44333333333333336,0.4329346875103721,0.5235546345632501
3,person_vs_organization,3,51,155,94,51,K-Fold,5,RandomForest,desc_user_fullname,255,True,0.44333333333333336,0.4733033274085966,0.44333333333333336,0.4352464643731067,0.5614692709012594
3,person_vs_organization,3,51,155,94,51,LOOCV,,RandomForest,desc_user_fullname,255,True,0.4766666666666667,0.5027031963470321,0.4766666666666667,0.475462962962963,0.5612207620796769
3,person_vs_organization,3,51,155,94,51,K-Fold,5,SVM,desc_user_fullname,255,True,0.43666666666666665,0.4508929036600792,0.43666666666666665,0.43731606893558117,0.5483800865777585
3,person_vs_organization,3,51,155,94,51,LOOCV,,SVM,desc_user_fullname,255,True,0.45666666666666667,0.47929813124728377,0.45666666666666667,0.4557122455603468,
3,person_vs_organization,3,51,155,94,51,K-Fold,5,AdaBoost,desc_user_fullname,255,True,0.44,0.4222718277653101,0.44,0.4175469111282386,0.5279173744414103
3,person_vs_organization,3,51,155,94,51,LOOCV,,AdaBoost,desc_user_fullname,255,True,0.34,0.2740128413884983,0.34,0.24581548704085668,0.5343682965317357
3,person_vs_organization,3,51,155,94,51,K-Fold,5,XGBoost,desc_user_fullname,255,True,0.43333333333333335,0.5153269377625048,0.43333333333333335,0.4182648882362539,0.5366786290346074
3,person_vs_organization,3,51,155,94,51,LOOCV,,XGBoost,desc_user_fullname,255,True,0.4633333333333333,0.5320936447811447,0.4633333333333333,0.45738065415366674,0.48567555659531325
3,person_vs_organization,3,51,155,94,51,K-Fold,5,LogReg,numeric,11,True,0.36333333333333334,0.4062282799298581,0.36333333333333334,0.35971155880430267,0.5572964595800902
3,person_vs_organization,3,51,155,94,51,LOOCV,,LogReg,numeric,11,True,0.37333333333333335,0.41600077063191815,0.37333333333333335,0.36544467849406786,0.5721897522015301
3,person_vs_organization,3,51,155,94,51,K-Fold,5,DecisionTree,numeric,11,True,0.44,0.4406901344269766,0.44,0.44033886406054684,0.5405859796736325
3,person_vs_organization,3,51,155,94,51,LOOCV,,DecisionTree,numeric,11,True,0.44,0.4275528322440088,0.44,0.4326241439719701,0.5214972376953412
3,person_vs_organization,3,51,155,94,51,K-Fold,5,RandomForest,numeric,11,True,0.5,0.46899233808076324,0.5,0.47231395771184265,0.5719067465039266
3,person_vs_organization,3,51,155,94,51,LOOCV,,RandomForest,numeric,11,True,0.51,0.4657362637362637,0.51,0.4643529810298103,0.5843155951559839
3,person_vs_organization,3,51,155,94,51,K-Fold,5,SVM,numeric,11,True,0.37,0.4046207192699946,0.37,0.3764435141511696,0.5247356277021936
3,person_vs_organization,3,51,155,94,51,LOOCV,,SVM,numeric,11,True,0.32666666666666666,0.34861476466795616,0.32666666666666666,0.3216398205868693,
3,person_vs_organization,3,51,155,94,51,K-Fold,5,AdaBoost,numeric,11,True,0.44,0.4631196581196581,0.44,0.44639566395663954,0.6233497756229696
3,person_vs_organization,3,51,155,94,51,LOOCV,,AdaBoost,numeric,11,True,0.5466666666666666,0.5688528729230483,0.5466666666666666,0.5546765409983802,0.6771341511565737
3,person_vs_organization,3,51,155,94,51,K-Fold,5,XGBoost,numeric,11,True,0.44333333333333336,0.43175211048274736,0.44333333333333336,0.4360881718408708,0.5526836501233144
3,person_vs_organization,3,51,155,94,51,LOOCV,,XGBoost,numeric,11,True,0.45,0.43501291201529113,0.45,0.4406165513972379,0.5594710712059263
3,person_vs_organization,3,51,155,94,51,K-Fold,5,LogReg,desc+numeric,220,True,0.43333333333333335,0.44240144437818857,0.43333333333333335,0.4341092081716206,0.5788809813520346
3,person_vs_organization,3,51,155,94,51,LOOCV,,LogReg,desc+numeric,220,True,0.4666666666666667,0.47982431832839323,0.4666666666666667,0.466833305409307,0.6070797763086718
3,person_vs_organization,3,51,155,94,51,K-Fold,5,DecisionTree,desc+numeric,220,True,0.41333333333333333,0.42212593703148427,0.41333333333333333,0.41755141447416294,0.5237369968659371
3,person_vs_organization,3,51,155,94,51,LOOCV,,DecisionTree,desc+numeric,220,True,0.4166666666666667,0.4173809922911047,0.4166666666666667,0.4168848016618546,0.5172863533141606
3,person_vs_organization,3,51,155,94,51,K-Fold,5,RandomForest,desc+numeric,220,True,0.53,0.497151210033563,0.53,0.4809616176452431,0.6014316271894856
3,person_vs_organization,3,51,155,94,51,LOOCV,,RandomForest,desc+numeric,220,True,0.5366666666666666,0.5045290647790648,0.5366666666666666,0.48708305051849693,0.615669640060073
3,person_vs_organization,3,51,155,94,51,K-Fold,5,SVM,desc+numeric,220,True,0.4266666666666667,0.4319670622635019,0.4266666666666667,0.42700002791714536,0.5635006039110129
3,person_vs_organization,3,51,155,94,51,LOOCV,,SVM,desc+numeric,220,True,0.48333333333333334,0.4912355898729936,0.48333333333333334,0.4830826629194526,
3,person_vs_organization,3,51,155,94,51,K-Fold,5,AdaBoost,desc+numeric,220,True,0.46,0.48050361811391223,0.46,0.4661707035411776,0.6139996206228776
3,person_vs_organization,3,51,155,94,51,LOOCV,,AdaBoost,desc+numeric,220,True,0.49333333333333335,0.5204800598542119,0.49333333333333335,0.5001951684461647,0.6652708205884581
3,person_vs_organization,3,51,155,94,51,K-Fold,5,XGBoost,desc+numeric,220,True,0.44333333333333336,0.428812358276644,0.44333333333333336,0.43422652218782254,0.5535570085273579
3,person_vs_organization,3,51,155,94,51,LOOCV,,XGBoost,desc+numeric,220,True,0.48333333333333334,0.4725755402562631,0.48333333333333334,0.4762296791635335,0.5715400156591101
3,person_vs_organization,2,51,155,0,51,K-Fold,5,LogReg,desc,209,True,0.7281553398058253,0.7141040576124733,0.7281553398058253,0.7200069116131992,0.6111321948134092
3,person_vs_organization,2,51,155,0,51,LOOCV,,LogReg,desc,209,True,0.7281553398058253,0.7106322519535875,0.7281553398058253,0.7176287463064585,0.6089816571790007
3,person_vs_organization,2,51,155,0,51,K-Fold,5,DecisionTree,desc,209,True,0.7184466019417476,0.6669570348119938,0.7184466019417476,0.681179587317809,0.4888045540796964
3,person_vs_organization,2,51,155,0,51,LOOCV,,DecisionTree,desc,209,True,0.6893203883495146,0.649128356350984,0.6893203883495146,0.6645580325428775,0.5523086654016445
3,person_vs_organization,2,51,155,0,51,K-Fold,5,RandomForest,desc,209,True,0.7475728155339806,0.7146580568527651,0.7475728155339806,0.7212276289624518,0.5697027197975965
3,person_vs_organization,2,51,155,0,51,LOOCV,,RandomForest,desc,209,True,0.7330097087378641,0.7007414072090169,0.7330097087378641,0.7101600251153639,0.5225806451612902
3,person_vs_organization,2,51,155,0,51,K-Fold,5,SVM,desc,209,True,0.7378640776699029,0.7180083447742305,0.7378640776699029,0.7252728698064284,0.5642631246046806
3,person_vs_organization,2,51,155,0,51,LOOCV,,SVM,desc,209,True,0.7524271844660194,0.7357000818809217,0.7524271844660194,0.7417058941421522,
3,person_vs_organization,2,51,155,0,51,K-Fold,5,AdaBoost,desc,209,True,0.7281553398058253,0.6453698723430601,0.7281553398058253,0.6622935498270283,0.5145477545857053
3,person_vs_organization,2,51,155,0,51,LOOCV,,AdaBoost,desc,209,True,0.7184466019417476,0.6083689773010161,0.7184466019417476,0.6437116907520916,0.14800759013282733
3,person_vs_organization,2,51,155,0,51,K-Fold,5,XGBoost,desc,209,True,0.7184466019417476,0.6669570348119938,0.7184466019417476,0.681179587317809,0.4799493991144845
3,person_vs_organization,2,51,155,0,51,LOOCV,,XGBoost,desc,209,True,0.7135922330097088,0.6571801984423343,0.7135922330097088,0.6735121431246579,0.23074003795066417
3,person_vs_organization,2,51,155,0,51,K-Fold,5,LogReg,username,300,True,0.7524271844660194,0.5661466679234612,0.7524271844660194,0.6461286071591856,0.492156862745098
3,person_vs_organization,2,51,155,0,51,LOOCV,,LogReg,username,300,True,0.7524271844660194,0.5661466679234612,0.7524271844660194,0.6461286071591856,0.0
3,person_vs_organization,2,51,155,0,51,K-Fold,5,DecisionTree,username,300,True,0.7524271844660194,0.5661466679234612,0.7524271844660194,0.6461286071591856,0.5
3,person_vs_organization,2,51,155,0,51,LOOCV,,DecisionTree,username,300,True,0.7524271844660194,0.5661466679234612,0.7524271844660194,0.6461286071591856,0.5
3,person_vs_organization,2,51,155,0,51,K-Fold,5,RandomForest,username,300,True,0.7524271844660194,0.5661466679234612,0.7524271844660194,0.6461286071591856,0.4980392156862746
3,person_vs_organization,2,51,155,0,51,LOOCV,,RandomForest,username,300,True,0.7524271844660194,0.5661466679234612,0.7524271844660194,0.6461286071591856,0.4523086654016445
3,person_vs_organization,2,51,155,0,51,K-Fold,5,SVM,username,300,True,0.7524271844660194,0.5661466679234612,0.7524271844660194,0.6461286071591856,0.492156862745098
3,person_vs_organization,2,51,155,0,51,LOOCV,,SVM,username,300,True,0.7524271844660194,0.5661466679234612,0.7524271844660194,0.6461286071591856,
3,person_vs_organization,2,51,155,0,51,K-Fold,5,AdaBoost,username,300,True,0.7524271844660194,0.5661466679234612,0.7524271844660194,0.6461286071591856,0.49215686274509807
3,person_vs_organization,2,51,155,0,51,LOOCV,,AdaBoost,username,300,True,0.7524271844660194,0.5661466679234612,0.7524271844660194,0.6461286071591856,0.0
3,person_vs_organization,2,51,155,0,51,K-Fold,5,XGBoost,username,300,True,0.3446601941747573,0.6157465354126496,0.3446601941747573,0.3289246120115116,0.492156862745098
3,person_vs_organization,2,51,155,0,51,LOOCV,,XGBoost,username,300,True,0.0,0.0,0.0,0.0,0.0
3,person_vs_organization,2,51,155,0,51,K-Fold,5,LogReg,fullname,300,True,0.7524271844660194,0.7059274399591212,0.7524271844660194,0.7003206844628692,0.5915876027830487
3,person_vs_organization,2,51,155,0,51,LOOCV,,LogReg,fullname,300,True,0.7475728155339806,0.6977449016283968,0.7475728155339806,0.696940618649808,0.3614168247944339
3,person_vs_organization,2,51,155,0,51,K-Fold,5,DecisionTree,fullname,300,True,0.4077669902912621,0.7348028263245453,0.4077669902912621,0.3952436074748024,0.5943706514864009
3,person_vs_organization,2,51,155,0,51,LOOCV,,DecisionTree,fullname,300,True,0.42718446601941745,0.7312536046513095,0.42718446601941745,0.4243225482874255,0.5932953826691967
3,person_vs_organization,2,51,155,0,51,K-Fold,5,RandomForest,fullname,300,True,0.4223300970873786,0.7288850313383312,0.4223300970873786,0.4179594831190342,0.6257432005060088
3,person_vs_organization,2,51,155,0,51,LOOCV,,RandomForest,fullname,300,True,0.42718446601941745,0.7194315997617337,0.42718446601941745,0.42718446601941745,0.6204933586337762
3,person_vs_organization,2,51,155,0,51,K-Fold,5,SVM,fullname,300,True,0.7572815533980582,0.7150714176790525,0.7572815533980582,0.7037125846262161,0.604617330803289
3,person_vs_organization,2,51,155,0,51,LOOCV,,SVM,fullname,300,True,0.7524271844660194,0.7059274399591212,0.7524271844660194,0.7003206844628692,
3,person_vs_organization,2,51,155,0,51,K-Fold,5,AdaBoost,fullname,300,True,0.7524271844660194,0.6996235387358827,0.7524271844660194,0.6836858651278515,0.588551549652119
3,person_vs_organization,2,51,155,0,51,LOOCV,,AdaBoost,fullname,300,True,0.7815533980582524,0.8018473570658036,0.7815533980582524,0.715254796681492,0.30993042378241625
3,person_vs_organization,2,51,155,0,51,K-Fold,5,XGBoost,fullname,300,True,0.41262135922330095,0.6619913770482903,0.41262135922330095,0.42203061435075473,0.5251739405439595
3,person_vs_organization,2,51,155,0,51,LOOCV,,XGBoost,fullname,300,True,0.3446601941747573,0.756379138660692,0.3446601941747573,0.2890835069710772,0.17153700189753315
3,person_vs_organization,2,51,155,0,51,K-Fold,5,LogReg,desc_user,210,True,0.7281553398058253,0.7141040576124733,0.7281553398058253,0.7200069116131992,0.6111321948134092
3,person_vs_organization,2,51,155,0,51,LOOCV,,LogReg,desc_user,210,True,0.7281553398058253,0.7106322519535875,0.7281553398058253,0.7176287463064585,0.6089816571790007
3,person_vs_organization,2,51,155,0,51,K-Fold,5,DecisionTree,desc_user,210,True,0.7378640776699029,0.6985228977960984,0.7378640776699029,0.7069535313242074,0.5433902593295383
3,person_vs_organization,2,51,155,0,51,LOOCV,,DecisionTree,desc_user,210,True,0.7135922330097088,0.6625591237241724,0.7135922330097088,0.6777843226184046,0.5647691334598356
3,person_vs_organization,2,51,155,0,51,K-Fold,5,RandomForest,desc_user,210,True,0.7330097087378641,0.6936721781545606,0.7330097087378641,0.7033644188615308,0.5729917773561037
3,person_vs_organization,2,51,155,0,51,LOOCV,,RandomForest,desc_user,210,True,0.7281553398058253,0.6928638539662655,0.7281553398058253,0.7032412689528484,0.5612903225806452
3,person_vs_organization,2,51,155,0,51,K-Fold,5,SVM,desc_user,210,True,0.7378640776699029,0.7180083447742305,0.7378640776699029,0.7252728698064284,0.5642631246046806
3,person_vs_organization,2,51,155,0,51,LOOCV,,SVM,desc_user,210,True,0.7524271844660194,0.7357000818809217,0.7524271844660194,0.7417058941421522,
3,person_vs_organization,2,51,155,0,51,K-Fold,5,AdaBoost,desc_user,210,True,0.7281553398058253,0.6453698723430601,0.7281553398058253,0.6622935498270283,0.5148007590132827
3,person_vs_organization,2,51,155,0,51,LOOCV,,AdaBoost,desc_user,210,True,0.7135922330097088,0.603643278951056,0.7135922330097088,0.6409449361295134,0.14180898165717898
3,person_vs_organization,2,51,155,0,51,K-Fold,5,XGBoost,desc_user,210,True,0.7184466019417476,0.6669570348119938,0.7184466019417476,0.681179587317809,0.4799493991144845
3,person_vs_organization,2,51,155,0,51,LOOCV,,XGBoost,desc_user,210,True,0.7135922330097088,0.6571801984423343,0.7135922330097088,0.6735121431246579,0.23074003795066417
3,person_vs_organization,2,51,155,0,51,K-Fold,5,LogReg,desc_fullname,254,True,0.7087378640776699,0.7010779258404691,0.7087378640776699,0.704648911695035,0.6347248576850095
3,person_vs_organization,2,51,155,0,51,LOOCV,,LogReg,desc_fullname,254,True,0.7184466019417476,0.7000337258447608,0.7184466019417476,0.7075440586745463,0.6540164452877925
3,person_vs_organization,2,51,155,0,51,K-Fold,5,DecisionTree,desc_fullname,254,True,0.587378640776699,0.6289397776839736,0.5873786407766991,0.6048813507973851,0.5189120809614168
3,person_vs_organization,2,51,155,0,51,LOOCV,,DecisionTree,desc_fullname,254,True,0.6990291262135923,0.6507180834463465,0.6990291262135923,0.667617557609077,0.49987349778621126
3,person_vs_organization,2,51,155,0,51,K-Fold,5,RandomForest,desc_fullname,254,True,0.6601941747572816,0.6510791600571117,0.6601941747572816,0.655423730310874,0.5800759013282731
3,person_vs_organization,2,51,155,0,51,LOOCV,,RandomForest,desc_fullname,254,True,0.7281553398058253,0.6965343428107893,0.7281553398058253,0.7064882784750177,0.5953194180898166
3,person_vs_organization,2,51,155,0,51,K-Fold,5,SVM,desc_fullname,254,True,0.6844660194174758,0.6781945127196755,0.6844660194174758,0.6811973452067747,0.6033523086654017
3,person_vs_organization,2,51,155,0,51,LOOCV,,SVM,desc_fullname,254,True,0.7087378640776699,0.6894351997359337,0.7087378640776699,0.6974593710426341,
3,person_vs_organization,2,51,155,0,51,K-Fold,5,AdaBoost,desc_fullname,254,True,0.7475728155339806,0.6946271539673665,0.7475728155339806,0.6918610880112647,0.546236559139785
3,person_vs_organization,2,51,155,0,51,LOOCV,,AdaBoost,desc_fullname,254,True,0.7184466019417476,0.6421122925977295,0.7184466019417476,0.6619722284940167,0.218595825426945
3,person_vs_organization,2,51,155,0,51,K-Fold,5,XGBoost,desc_fullname,254,True,0.6699029126213593,0.61914903136325,0.6699029126213593,0.6396501122998874,0.5267552182163189
3,person_vs_organization,2,51,155,0,51,LOOCV,,XGBoost,desc_fullname,254,True,0.7281553398058253,0.6718521572890506,0.7281553398058253,0.6835141823719779,0.4110056925996205
3,person_vs_organization,2,51,155,0,51,K-Fold,5,LogReg,user_fullname,300,True,0.7524271844660194,0.7059274399591212,0.7524271844660194,0.7003206844628692,0.6123339658444023
3,person_vs_organization,2,51,155,0,51,LOOCV,,LogReg,user_fullname,300,True,0.7475728155339806,0.6977449016283968,0.7475728155339806,0.696940618649808,0.3592662871600253
3,person_vs_organization,2,51,155,0,51,K-Fold,5,DecisionTree,user_fullname,300,True,0.4223300970873786,0.7418188054031236,0.4223300970873786,0.41490678480784315,0.6260594560404807
3,person_vs_organization,2,51,155,0,51,LOOCV,,DecisionTree,user_fullname,300,True,0.4174757281553398,0.7264404282601833,0.4174757281553398,0.41154337347743103,0.6025300442757748
3,person_vs_organization,2,51,155,0,51,K-Fold,5,RandomForest,user_fullname,300,True,0.5728155339805825,0.6947126057959471,0.5728155339805825,0.6020007075193585,0.6304237824161922
3,person_vs_organization,2,51,155,0,51,LOOCV,,RandomForest,user_fullname,300,True,0.4223300970873786,0.7169156086631815,0.4223300970873786,0.42090072652520527,0.5923466160657811
3,person_vs_organization,2,51,155,0,51,K-Fold,5,SVM,user_fullname,300,True,0.7524271844660194,0.7016815133620259,0.7524271844660194,0.6896303685187319,0.6182795698924731
3,person_vs_organization,2,51,155,0,51,LOOCV,,SVM,user_fullname,300,True,0.7621359223300971,0.7282197344957401,0.7621359223300971,0.6960903410051906,
3,person_vs_organization,2,51,155,0,51,K-Fold,5,AdaBoost,user_fullname,300,True,0.7621359223300971,0.7406553398058252,0.7621359223300971,0.6833180997070826,0.5889310562934852
3,person_vs_organization,2,51,155,0,51,LOOCV,,AdaBoost,user_fullname,300,True,0.7912621359223301,0.8365940963028341,0.7912621359223301,0.7279101390512037,0.3109424414927261
3,person_vs_organization,2,51,155,0,51,K-Fold,5,XGBoost,user_fullname,300,True,0.4077669902912621,0.6588223997146707,0.4077669902912621,0.415980032973072,0.5192283364958887
3,person_vs_organization,2,51,155,0,51,LOOCV,,XGBoost,user_fullname,300,True,0.33495145631067963,0.7499544303311716,0.33495145631067963,0.27328317327161944,0.16091081593927892
3,person_vs_organization,2,51,155,0,51,K-Fold,5,LogReg,desc_user_fullname,255,True,0.7087378640776699,0.7010779258404691,0.7087378640776699,0.704648911695035,0.6347248576850095
3,person_vs_organization,2,51,155,0,51,LOOCV,,LogReg,desc_user_fullname,255,True,0.7184466019417476,0.7000337258447608,0.7184466019417476,0.7075440586745463,0.6540164452877926
3,person_vs_organization,2,51,155,0,51,K-Fold,5,DecisionTree,desc_user_fullname,255,True,0.587378640776699,0.6243380406001766,0.587378640776699,0.6033383543668224,0.5032890575585073
3,person_vs_organization,2,51,155,0,51,LOOCV,,DecisionTree,desc_user_fullname,255,True,0.7184466019417476,0.6762940728089138,0.7184466019417476,0.6890615861504269,0.5600885515496522
3,person_vs_organization,2,51,155,0,51,K-Fold,5,RandomForest,desc_user_fullname,255,True,0.6553398058252428,0.6436919586323343,0.6553398058252428,0.6491922094964833,0.569449715370019
3,person_vs_organization,2,51,155,0,51,LOOCV,,RandomForest,desc_user_fullname,255,True,0.7330097087378641,0.7075480677707976,0.7330097087378641,0.716154618732456,0.6183428209993675
3,person_vs_organization,2,51,155,0,51,K-Fold,5,SVM,desc_user_fullname,255,True,0.6844660194174758,0.6781945127196755,0.6844660194174758,0.6811973452067747,0.6033523086654017
3,person_vs_organization,2,51,155,0,51,LOOCV,,SVM,desc_user_fullname,255,True,0.7087378640776699,0.6894351997359337,0.7087378640776699,0.6974593710426341,
3,person_vs_organization,2,51,155,0,51,K-Fold,5,AdaBoost,desc_user_fullname,255,True,0.7475728155339806,0.6946271539673665,0.7475728155339806,0.6918610880112647,0.5558507273877292
3,person_vs_organization,2,51,155,0,51,LOOCV,,AdaBoost,desc_user_fullname,255,True,0.7184466019417476,0.6421122925977295,0.7184466019417476,0.6619722284940167,0.23655913978494628
3,person_vs_organization,2,51,155,0,51,K-Fold,5,XGBoost,desc_user_fullname,255,True,0.6699029126213593,0.61914903136325,0.6699029126213593,0.6396501122998874,0.5267552182163189
3,person_vs_organization,2,51,155,0,51,LOOCV,,XGBoost,desc_user_fullname,255,True,0.7281553398058253,0.6718521572890506,0.7281553398058253,0.6835141823719779,0.4110056925996205
3,person_vs_organization,2,51,155,0,51,K-Fold,5,LogReg,numeric,11,True,0.6019417475728155,0.6723336929162173,0.6019417475728155,0.6258510906569159,0.5831752055660974
3,person_vs_organization,2,51,155,0,51,LOOCV,,LogReg,numeric,11,True,0.5825242718446602,0.6683415247585476,0.5825242718446602,0.6095522148924829,0.6060721062618596
3,person_vs_organization,2,51,155,0,51,K-Fold,5,DecisionTree,numeric,11,True,0.6796116504854369,0.6879818567595845,0.6796116504854369,0.6835626721837297,0.5831752055660974
3,person_vs_organization,2,51,155,0,51,LOOCV,,DecisionTree,numeric,11,True,0.6601941747572816,0.6690132859489254,0.6601941747572816,0.664384652316077,0.5571157495256167
3,person_vs_organization,2,51,155,0,51,K-Fold,5,RandomForest,numeric,11,True,0.7718446601941747,0.7469876907073508,0.7718446601941747,0.7190720418050375,0.6493358633776092
3,person_vs_organization,2,51,155,0,51,LOOCV,,RandomForest,numeric,11,True,0.7621359223300971,0.7282197344957401,0.7621359223300971,0.6960903410051906,0.6354838709677418
3,person_vs_organization,2,51,155,0,51,K-Fold,5,SVM,numeric,11,True,0.6019417475728155,0.6723336929162173,0.6019417475728155,0.6258510906569159,0.5456040480708413
3,person_vs_organization,2,51,155,0,51,LOOCV,,SVM,numeric,11,True,0.5728155339805825,0.6497474624997742,0.5728155339805825,0.5992364780831471,
3,person_vs_organization,2,51,155,0,51,K-Fold,5,AdaBoost,numeric,11,True,0.6456310679611651,0.6790915395284327,0.6456310679611651,0.6593376455150356,0.5900063251106895
3,person_vs_organization,2,51,155,0,51,LOOCV,,AdaBoost,numeric,11,True,0.6359223300970874,0.6833429937690191,0.6359223300970874,0.6537743957746629,0.6442757748260595
3,person_vs_organization,2,51,155,0,51,K-Fold,5,XGBoost,numeric,11,True,0.7135922330097088,0.6966442271912318,0.7135922330097088,0.7037740276290122,0.6037950664136622
3,person_vs_organization,2,51,155,0,51,LOOCV,,XGBoost,numeric,11,True,0.7087378640776699,0.6854476260324758,0.7087378640776699,0.6947476331182537,0.5750790638836181
3,person_vs_organization,2,51,155,0,51,K-Fold,5,LogReg,desc+numeric,220,True,0.6650485436893204,0.701684958491628,0.6650485436893204,0.6792566259414067,0.5969639468690703
3,person_vs_organization,2,51,155,0,51,LOOCV,,LogReg,desc+numeric,220,True,0.6504854368932039,0.6814665331913835,0.6504854368932039,0.6633112858422534,0.6296015180265655
3,person_vs_organization,2,51,155,0,51,K-Fold,5,DecisionTree,desc+numeric,220,True,0.6456310679611651,0.6570330559408228,0.6456310679611651,0.6510060525286302,0.5408602150537635
3,person_vs_organization,2,51,155,0,51,LOOCV,,DecisionTree,desc+numeric,220,True,0.6456310679611651,0.6746985248871873,0.6456310679611651,0.6579050672761099,0.5671726755218216
3,person_vs_organization,2,51,155,0,51,K-Fold,5,RandomForest,desc+numeric,220,True,0.7572815533980582,0.7141978198872408,0.7572815533980582,0.6984763837741325,0.6661606578115117
3,person_vs_organization,2,51,155,0,51,LOOCV,,RandomForest,desc+numeric,220,True,0.7669902912621359,0.7456014982011728,0.7669902912621359,0.6993380406001766,0.6764073371283997
3,person_vs_organization,2,51,155,0,51,K-Fold,5,SVM,desc+numeric,220,True,0.7184466019417476,0.7110776789971406,0.7184466019417476,0.7144939479718669,0.6303605313092979
3,person_vs_organization,2,51,155,0,51,LOOCV,,SVM,desc+numeric,220,True,0.7330097087378641,0.7176093501573019,0.7330097087378641,0.7238571443999267,
3,person_vs_organization,2,51,155,0,51,K-Fold,5,AdaBoost,desc+numeric,220,True,0.6310679611650486,0.6676302777514259,0.6310679611650486,0.6460413357378495,0.5991144845034788
3,person_vs_organization,2,51,155,0,51,LOOCV,,AdaBoost,desc+numeric,220,True,0.6262135922330098,0.6697917516521171,0.6262135922330098,0.643357809907705,0.6484503478810879
3,person_vs_organization,2,51,155,0,51,K-Fold,5,XGBoost,desc+numeric,220,True,0.7621359223300971,0.7391341160532852,0.7621359223300971,0.7445325257563611,0.6318785578747629
3,person_vs_organization,2,51,155,0,51,LOOCV,,XGBoost,desc+numeric,220,True,0.7184466019417476,0.6925141951280862,0.7184466019417476,0.7021332526995957,0.5736875395319418
