iteration,target_column,#classes,#class_0,#class_1,#class_2,min_class_size,training_type,K,algorithm,feature_set,Features_count,balanced,accuracy,precision,recall,F1,AUC
2,target_population,3,100,43,57,43,K-Fold,5.0,LogReg,desc,149,True,0.46,0.5153062511259232,0.46,0.4576126771778945,0.5862001926417533
2,target_population,3,100,43,57,43,K-Fold,5.0,LogReg,desc,149,False,0.49,0.3536363636363636,0.49,0.3599183006535948,0.5839273005656764
2,target_population,3,100,43,57,43,LOOCV,,LogReg,desc,149,True,0.44,0.4867508274909433,0.44,0.4357973455994374,0.543956939557258
2,target_population,3,100,43,57,43,LOOCV,,LogReg,desc,149,False,0.49,0.4525,0.49,0.3677738589912502,0.5290928043294285
2,target_population,3,100,43,57,43,K-Fold,5.0,DecisionTree,desc,149,True,0.395,0.4987062404870624,0.395,0.3560481162504573,0.5517013395839829
2,target_population,3,100,43,57,43,K-Fold,5.0,DecisionTree,desc,149,False,0.405,0.4710317460317461,0.405,0.3630145439500614,0.5345419758585364
2,target_population,3,100,43,57,43,LOOCV,,DecisionTree,desc,149,True,0.455,0.5383718133718134,0.455,0.4302848029163819,0.5320983508529686
2,target_population,3,100,43,57,43,LOOCV,,DecisionTree,desc,149,False,0.425,0.4917395654659804,0.425,0.3980213464696223,0.3953099962139771
2,target_population,3,100,43,57,43,K-Fold,5.0,RandomForest,desc,149,True,0.455,0.5218244444444444,0.455,0.4354484129215255,0.6230497450002227
2,target_population,3,100,43,57,43,K-Fold,5.0,RandomForest,desc,149,False,0.475,0.5094734513274336,0.475,0.4536400773621398,0.6092395873235045
2,target_population,3,100,43,57,43,LOOCV,,RandomForest,desc,149,True,0.48,0.5320753202920512,0.48,0.4608632520860782,0.5755736849138124
2,target_population,3,100,43,57,43,LOOCV,,RandomForest,desc,149,False,0.495,0.5292144113291374,0.495,0.4762515220646895,0.5521318738586255
2,target_population,3,100,43,57,43,K-Fold,5.0,SVM,desc,149,True,0.445,0.4983488834617802,0.445,0.4263614782424393,0.5581122811901474
2,target_population,3,100,43,57,43,K-Fold,5.0,SVM,desc,149,False,0.49,0.3626772486772486,0.49,0.3592893663172029,0.5219200046768518
2,target_population,3,100,43,57,43,LOOCV,,SVM,desc,149,True,0.43,0.4863717483363581,0.43,0.4201132342533616,0.5110595719567058
2,target_population,3,100,43,57,43,LOOCV,,SVM,desc,149,False,0.5,0.4854894179894179,0.5,0.3728207332844011,0.4812329673511202
2,target_population,3,100,43,57,43,K-Fold,5.0,AdaBoost,desc,149,True,0.415,0.4042596442596443,0.415,0.3878139891381703,0.4789451550042314
2,target_population,3,100,43,57,43,K-Fold,5.0,AdaBoost,desc,149,False,0.495,0.2487437185929648,0.495,0.3311036789297659,0.5048260400427598
2,target_population,3,100,43,57,43,LOOCV,,AdaBoost,desc,149,True,0.06,0.1216948707857798,0.06,0.0701161222889992,0.6540442786512851
2,target_population,3,100,43,57,43,LOOCV,,AdaBoost,desc,149,False,0.5,0.25,0.5,0.3333333333333332,0.1728515589506035
2,target_population,3,100,43,57,43,K-Fold,5.0,XGBoost,desc,149,True,0.37,0.5265406162464985,0.37,0.3014460168308238,0.508079824952118
2,target_population,3,100,43,57,43,K-Fold,5.0,XGBoost,desc,149,False,0.43,0.2362637362637362,0.43,0.3049645390070922,0.4931254710257894
2,target_population,3,100,43,57,43,LOOCV,,XGBoost,desc,149,True,0.37,0.4635116101223582,0.37,0.3089625492398044,0.3188860251213754
2,target_population,3,100,43,57,43,LOOCV,,XGBoost,desc,149,False,0.44,0.2598769462581617,0.44,0.3175715038882299,0.3120386062981604
2,target_population,3,100,43,57,43,K-Fold,5.0,LogReg,username,200,True,0.5,0.25,0.5,0.3333333333333332,0.4919825397532403
2,target_population,3,100,43,57,43,K-Fold,5.0,LogReg,username,200,False,0.5,0.25,0.5,0.3333333333333332,0.4919825397532403
2,target_population,3,100,43,57,43,LOOCV,,LogReg,username,200,True,0.5,0.25,0.5,0.3333333333333332,0.0
2,target_population,3,100,43,57,43,LOOCV,,LogReg,username,200,False,0.5,0.25,0.5,0.3333333333333332,0.0
2,target_population,3,100,43,57,43,K-Fold,5.0,DecisionTree,username,200,True,0.5,0.25,0.5,0.3333333333333332,0.5
2,target_population,3,100,43,57,43,K-Fold,5.0,DecisionTree,username,200,False,0.5,0.25,0.5,0.3333333333333332,0.5
2,target_population,3,100,43,57,43,LOOCV,,DecisionTree,username,200,True,0.5,0.25,0.5,0.3333333333333332,0.5
2,target_population,3,100,43,57,43,LOOCV,,DecisionTree,username,200,False,0.5,0.25,0.5,0.3333333333333332,0.5
2,target_population,3,100,43,57,43,K-Fold,5.0,RandomForest,username,200,True,0.5,0.25,0.5,0.3333333333333332,0.5015856754710258
2,target_population,3,100,43,57,43,K-Fold,5.0,RandomForest,username,200,False,0.5,0.25,0.5,0.3333333333333332,0.5053449734978398
2,target_population,3,100,43,57,43,LOOCV,,RandomForest,username,200,True,0.5,0.25,0.5,0.3333333333333332,0.405089951449824
2,target_population,3,100,43,57,43,LOOCV,,RandomForest,username,200,False,0.5,0.25,0.5,0.3333333333333332,0.4591433221237361
2,target_population,3,100,43,57,43,K-Fold,5.0,SVM,username,200,True,0.5,0.25,0.5,0.3333333333333332,0.5003741481448487
2,target_population,3,100,43,57,43,K-Fold,5.0,SVM,username,200,False,0.5,0.25,0.5,0.3333333333333332,0.4919825397532403
2,target_population,3,100,43,57,43,LOOCV,,SVM,username,200,True,0.5,0.25,0.5,0.3333333333333332,0.215
2,target_population,3,100,43,57,43,LOOCV,,SVM,username,200,False,0.5,0.25,0.5,0.3333333333333332,0.0
2,target_population,3,100,43,57,43,K-Fold,5.0,AdaBoost,username,200,True,0.365,0.328375,0.365,0.3284934086629002,0.4919825397532403
2,target_population,3,100,43,57,43,K-Fold,5.0,AdaBoost,username,200,False,0.5,0.25,0.5,0.3333333333333332,0.4919825397532403
2,target_population,3,100,43,57,43,LOOCV,,AdaBoost,username,200,True,0.285,0.0812249999999999,0.285,0.126420233463035,0.2679288461538461
2,target_population,3,100,43,57,43,LOOCV,,AdaBoost,username,200,False,0.5,0.25,0.5,0.3333333333333332,0.215
2,target_population,3,100,43,57,43,K-Fold,5.0,XGBoost,username,200,True,0.5,0.25,0.5,0.3333333333333332,0.5
2,target_population,3,100,43,57,43,K-Fold,5.0,XGBoost,username,200,False,0.5,0.25,0.5,0.3333333333333332,0.4919825397532403
2,target_population,3,100,43,57,43,LOOCV,,XGBoost,username,200,True,0.5,0.25,0.5,0.3333333333333332,0.5
2,target_population,3,100,43,57,43,LOOCV,,XGBoost,username,200,False,0.5,0.25,0.5,0.3333333333333332,0.0
2,target_population,3,100,43,57,43,K-Fold,5.0,LogReg,fullname,300,True,0.51,0.4771724470134875,0.51,0.419967516241879,0.5617990846732884
2,target_population,3,100,43,57,43,K-Fold,5.0,LogReg,fullname,300,False,0.48,0.2474226804123711,0.48,0.326530612244898,0.5659757070954524
2,target_population,3,100,43,57,43,LOOCV,,LogReg,fullname,300,True,0.505,0.4793779069767442,0.505,0.4137370537958773,0.3357550265021601
2,target_population,3,100,43,57,43,LOOCV,,LogReg,fullname,300,False,0.48,0.25,0.48,0.3287671232876712,0.3327378958620997
2,target_population,3,100,43,57,43,K-Fold,5.0,DecisionTree,fullname,300,True,0.265,0.3602777777777778,0.265,0.1973228821223997,0.5424858090953633
2,target_population,3,100,43,57,43,K-Fold,5.0,DecisionTree,fullname,300,False,0.355,0.4870554226475279,0.355,0.3410131295830434,0.5702913578459757
2,target_population,3,100,43,57,43,LOOCV,,DecisionTree,fullname,300,True,0.26,0.3606989611562782,0.26,0.2065635817261973,0.7467458298071356
2,target_population,3,100,43,57,43,LOOCV,,DecisionTree,fullname,300,False,0.27,0.426048128342246,0.27,0.2426436888640576,0.5308109271301947
2,target_population,3,100,43,57,43,K-Fold,5.0,RandomForest,fullname,300,True,0.29,0.4915051457975986,0.29,0.2578291005503095,0.530042341098392
2,target_population,3,100,43,57,43,K-Fold,5.0,RandomForest,fullname,300,False,0.315,0.4361924119241193,0.315,0.3100598070553523,0.5367302325063472
2,target_population,3,100,43,57,43,LOOCV,,RandomForest,fullname,300,True,0.29,0.4706914360532782,0.29,0.2708546806706961,0.5604020979020978
2,target_population,3,100,43,57,43,LOOCV,,RandomForest,fullname,300,False,0.25,0.3844022988505747,0.25,0.236038288016995,0.4876044563716537
2,target_population,3,100,43,57,43,K-Fold,5.0,SVM,fullname,300,True,0.515,0.5118629232039636,0.515,0.4235615079365079,0.4735190336733331
2,target_population,3,100,43,57,43,K-Fold,5.0,SVM,fullname,300,False,0.48,0.3354999999999999,0.48,0.3506972132345266,0.4362905438510534
2,target_population,3,100,43,57,43,LOOCV,,SVM,fullname,300,True,0.505,0.4793779069767442,0.505,0.4137370537958773,0.2944033183377132
2,target_population,3,100,43,57,43,LOOCV,,SVM,fullname,300,False,0.485,0.3761969111969112,0.485,0.3565433114035087,0.3774348492272059
2,target_population,3,100,43,57,43,K-Fold,5.0,AdaBoost,fullname,300,True,0.42,0.4283010536221152,0.42,0.4084967158313611,0.5201517649547904
2,target_population,3,100,43,57,43,K-Fold,5.0,AdaBoost,fullname,300,False,0.49,0.30375,0.49,0.3456298683857104,0.5106863157543093
2,target_population,3,100,43,57,43,LOOCV,,AdaBoost,fullname,300,True,0.495,0.4209943181818181,0.495,0.394642367212743,0.2057241615072825
2,target_population,3,100,43,57,43,LOOCV,,AdaBoost,fullname,300,False,0.475,0.2473958333333333,0.475,0.3253424657534246,0.4474788918088281
2,target_population,3,100,43,57,43,K-Fold,5.0,XGBoost,fullname,300,True,0.445,0.4132085228361824,0.445,0.4106331909460716,0.53293705514231
2,target_population,3,100,43,57,43,K-Fold,5.0,XGBoost,fullname,300,False,0.49,0.4371428571428571,0.49,0.3847869674185464,0.5355564440336734
2,target_population,3,100,43,57,43,LOOCV,,XGBoost,fullname,300,True,0.495,0.4436907417735638,0.495,0.4223157112216048,0.2810239477083426
2,target_population,3,100,43,57,43,LOOCV,,XGBoost,fullname,300,False,0.48,0.3388089887640449,0.48,0.3682237658149343,0.2674493942363369
2,target_population,3,100,43,57,43,K-Fold,5.0,LogReg,desc_user,149,True,0.46,0.5153062511259232,0.46,0.4576126771778945,0.5862001926417533
2,target_population,3,100,43,57,43,K-Fold,5.0,LogReg,desc_user,149,False,0.49,0.3536363636363636,0.49,0.3599183006535948,0.5839273005656764
2,target_population,3,100,43,57,43,LOOCV,,LogReg,desc_user,149,True,0.44,0.4867508274909433,0.44,0.4357973455994374,0.543956939557258
2,target_population,3,100,43,57,43,LOOCV,,LogReg,desc_user,149,False,0.49,0.4525,0.49,0.3677738589912502,0.5290928043294285
2,target_population,3,100,43,57,43,K-Fold,5.0,DecisionTree,desc_user,149,True,0.395,0.4987062404870624,0.395,0.3560481162504573,0.5517013395839829
2,target_population,3,100,43,57,43,K-Fold,5.0,DecisionTree,desc_user,149,False,0.405,0.4710317460317461,0.405,0.3630145439500614,0.5345419758585364
2,target_population,3,100,43,57,43,LOOCV,,DecisionTree,desc_user,149,True,0.455,0.5383718133718134,0.455,0.4302848029163819,0.5320983508529686
2,target_population,3,100,43,57,43,LOOCV,,DecisionTree,desc_user,149,False,0.425,0.4917395654659804,0.425,0.3980213464696223,0.3953099962139771
2,target_population,3,100,43,57,43,K-Fold,5.0,RandomForest,desc_user,149,True,0.455,0.5218244444444444,0.455,0.4354484129215255,0.6230497450002227
2,target_population,3,100,43,57,43,K-Fold,5.0,RandomForest,desc_user,149,False,0.475,0.5094734513274336,0.475,0.4536400773621398,0.6092395873235045
2,target_population,3,100,43,57,43,LOOCV,,RandomForest,desc_user,149,True,0.48,0.5320753202920512,0.48,0.4608632520860782,0.5755736849138124
2,target_population,3,100,43,57,43,LOOCV,,RandomForest,desc_user,149,False,0.495,0.5292144113291374,0.495,0.4762515220646895,0.5521318738586254
2,target_population,3,100,43,57,43,K-Fold,5.0,SVM,desc_user,149,True,0.445,0.4983488834617802,0.445,0.4263614782424393,0.5581122811901474
2,target_population,3,100,43,57,43,K-Fold,5.0,SVM,desc_user,149,False,0.49,0.3626772486772486,0.49,0.3592893663172029,0.5219200046768518
2,target_population,3,100,43,57,43,LOOCV,,SVM,desc_user,149,True,0.43,0.4863717483363581,0.43,0.4201132342533616,0.5110595719567058
2,target_population,3,100,43,57,43,LOOCV,,SVM,desc_user,149,False,0.5,0.4854894179894179,0.5,0.3728207332844011,0.4812329673511202
2,target_population,3,100,43,57,43,K-Fold,5.0,AdaBoost,desc_user,149,True,0.415,0.4042596442596443,0.415,0.3878139891381703,0.4789451550042314
2,target_population,3,100,43,57,43,K-Fold,5.0,AdaBoost,desc_user,149,False,0.495,0.2487437185929648,0.495,0.3311036789297659,0.5048260400427598
2,target_population,3,100,43,57,43,LOOCV,,AdaBoost,desc_user,149,True,0.06,0.1216948707857798,0.06,0.0701161222889992,0.6540442786512851
2,target_population,3,100,43,57,43,LOOCV,,AdaBoost,desc_user,149,False,0.5,0.25,0.5,0.3333333333333332,0.1728515589506035
2,target_population,3,100,43,57,43,K-Fold,5.0,XGBoost,desc_user,149,True,0.37,0.5265406162464985,0.37,0.3014460168308238,0.508079824952118
2,target_population,3,100,43,57,43,K-Fold,5.0,XGBoost,desc_user,149,False,0.43,0.2362637362637362,0.43,0.3049645390070922,0.4931254710257894
2,target_population,3,100,43,57,43,LOOCV,,XGBoost,desc_user,149,True,0.37,0.4635116101223582,0.37,0.3089625492398044,0.3188860251213754
2,target_population,3,100,43,57,43,LOOCV,,XGBoost,desc_user,149,False,0.44,0.2598769462581617,0.44,0.3175715038882299,0.3120386062981604
2,target_population,3,100,43,57,43,K-Fold,5.0,LogReg,desc_fullname,178,True,0.48,0.5025149638802889,0.48,0.4776252319109461,0.6273552659124316
2,target_population,3,100,43,57,43,K-Fold,5.0,LogReg,desc_fullname,178,False,0.49,0.3758756684491979,0.49,0.3836290638464552,0.6244220558104315
2,target_population,3,100,43,57,43,LOOCV,,LogReg,desc_fullname,178,True,0.47,0.5050346058051537,0.47,0.4740386490809296,0.6093055676807269
2,target_population,3,100,43,57,43,LOOCV,,LogReg,desc_fullname,178,False,0.48,0.3881472868217054,0.48,0.3848426193118757,0.5959412676495479
2,target_population,3,100,43,57,43,K-Fold,5.0,DecisionTree,desc_fullname,178,True,0.405,0.4506127579737335,0.405,0.3809664602683178,0.5502694111620865
2,target_population,3,100,43,57,43,K-Fold,5.0,DecisionTree,desc_fullname,178,False,0.385,0.4019053578049684,0.385,0.3527644372700601,0.530388219901118
2,target_population,3,100,43,57,43,LOOCV,,DecisionTree,desc_fullname,178,True,0.4,0.4554224464060529,0.4,0.3816606368970763,0.4890804752572268
2,target_population,3,100,43,57,43,LOOCV,,DecisionTree,desc_fullname,178,False,0.425,0.4941034137389197,0.425,0.4128035607664333,0.4851760745623804
2,target_population,3,100,43,57,43,K-Fold,5.0,RandomForest,desc_fullname,178,True,0.435,0.4744713198956077,0.435,0.4164757979730014,0.6081115495969001
2,target_population,3,100,43,57,43,K-Fold,5.0,RandomForest,desc_fullname,178,False,0.435,0.4464088788785093,0.435,0.4162456170874853,0.6009153077813906
2,target_population,3,100,43,57,43,LOOCV,,RandomForest,desc_fullname,178,True,0.46,0.5028608490566038,0.46,0.4524854927345811,0.5967076299496682
2,target_population,3,100,43,57,43,LOOCV,,RandomForest,desc_fullname,178,False,0.475,0.4902292647828362,0.475,0.4636256268494425,0.5848291345597078
2,target_population,3,100,43,57,43,K-Fold,5.0,SVM,desc_fullname,178,True,0.505,0.518970695970696,0.505,0.498469387755102,0.589203876219322
2,target_population,3,100,43,57,43,K-Fold,5.0,SVM,desc_fullname,178,False,0.495,0.4138459302325581,0.495,0.4022606315253374,0.5573911240033851
2,target_population,3,100,43,57,43,LOOCV,,SVM,desc_fullname,178,True,0.485,0.5044678725148596,0.485,0.4859517078666016,0.5961335642064941
2,target_population,3,100,43,57,43,LOOCV,,SVM,desc_fullname,178,False,0.49,0.399995670995671,0.49,0.4014081253631532,0.5476954010957196
2,target_population,3,100,43,57,43,K-Fold,5.0,AdaBoost,desc_fullname,178,True,0.38,0.4009597283450494,0.38,0.3638276746593868,0.4859177486526213
2,target_population,3,100,43,57,43,K-Fold,5.0,AdaBoost,desc_fullname,178,False,0.5,0.25,0.5,0.3333333333333332,0.5064617288762193
2,target_population,3,100,43,57,43,LOOCV,,AdaBoost,desc_fullname,178,True,0.7,0.6256757178526842,0.7,0.6491388261356597,0.7459059418288717
2,target_population,3,100,43,57,43,LOOCV,,AdaBoost,desc_fullname,178,False,0.5,0.25,0.5,0.3333333333333332,0.3709364749899781
2,target_population,3,100,43,57,43,K-Fold,5.0,XGBoost,desc_fullname,178,True,0.38,0.4863806451612903,0.38,0.3393793940043831,0.5203183688922544
2,target_population,3,100,43,57,43,K-Fold,5.0,XGBoost,desc_fullname,178,False,0.445,0.3304298642533936,0.445,0.3495763620763621,0.5370615295532494
2,target_population,3,100,43,57,43,LOOCV,,XGBoost,desc_fullname,178,True,0.385,0.4462584399431414,0.385,0.3512169445523653,0.4125112177631285
2,target_population,3,100,43,57,43,LOOCV,,XGBoost,desc_fullname,178,False,0.445,0.3359228395061728,0.445,0.3600700836059614,0.4275264353480913
2,target_population,3,100,43,57,43,K-Fold,5.0,LogReg,user_fullname,300,True,0.49,0.4136846405228758,0.49,0.4000527969166601,0.550501133579796
2,target_population,3,100,43,57,43,K-Fold,5.0,LogReg,user_fullname,300,False,0.49,0.2525773195876288,0.49,0.3333333333333332,0.5570550665894616
2,target_population,3,100,43,57,43,LOOCV,,LogReg,user_fullname,300,True,0.495,0.4622449345526268,0.495,0.4108886058179738,0.315343053761525
2,target_population,3,100,43,57,43,LOOCV,,LogReg,user_fullname,300,False,0.49,0.2525773195876288,0.49,0.3333333333333332,0.3173691171885439
2,target_population,3,100,43,57,43,K-Fold,5.0,DecisionTree,user_fullname,300,True,0.265,0.4669345238095237,0.265,0.2180457642180094,0.5418417141775421
2,target_population,3,100,43,57,43,K-Fold,5.0,DecisionTree,user_fullname,300,False,0.49,0.4600350616234594,0.49,0.3817005592272496,0.5423638702062269
2,target_population,3,100,43,57,43,LOOCV,,DecisionTree,user_fullname,300,True,0.25,0.3729482792656445,0.25,0.1975729166666666,0.7018069696227339
2,target_population,3,100,43,57,43,LOOCV,,DecisionTree,user_fullname,300,False,0.475,0.359864810330912,0.475,0.3676553008711474,0.4758301111309072
2,target_population,3,100,43,57,43,K-Fold,5.0,RandomForest,user_fullname,300,True,0.28,0.430133547008547,0.28,0.2446730485004206,0.5194590285510668
2,target_population,3,100,43,57,43,K-Fold,5.0,RandomForest,user_fullname,300,False,0.495,0.4707507892659827,0.495,0.3864816806858621,0.5355112378067792
2,target_population,3,100,43,57,43,LOOCV,,RandomForest,user_fullname,300,True,0.27,0.3954581447963801,0.27,0.2416281693640378,0.5414008952830609
2,target_population,3,100,43,57,43,LOOCV,,RandomForest,user_fullname,300,False,0.475,0.3463661202185792,0.475,0.3509974301317057,0.4798544819829851
2,target_population,3,100,43,57,43,K-Fold,5.0,SVM,user_fullname,300,True,0.5,0.4362602339181286,0.5,0.4094195431602847,0.4452553494276424
2,target_population,3,100,43,57,43,K-Fold,5.0,SVM,user_fullname,300,False,0.47,0.2486772486772486,0.47,0.3252595155709342,0.4374430069930069
2,target_population,3,100,43,57,43,LOOCV,,SVM,user_fullname,300,True,0.505,0.4793779069767442,0.505,0.4137370537958773,0.2416500534497349
2,target_population,3,100,43,57,43,LOOCV,,SVM,user_fullname,300,False,0.485,0.2539267015706806,0.485,0.3333333333333332,0.2530423010110908
2,target_population,3,100,43,57,43,K-Fold,5.0,AdaBoost,user_fullname,300,True,0.445,0.405625,0.445,0.4004767810389968,0.4995251581221326
2,target_population,3,100,43,57,43,K-Fold,5.0,AdaBoost,user_fullname,300,False,0.49,0.30375,0.49,0.3456298683857104,0.5046317513696494
2,target_population,3,100,43,57,43,LOOCV,,AdaBoost,user_fullname,300,True,0.055,0.0945289855072463,0.055,0.065735562362833,0.1433338537258919
2,target_population,3,100,43,57,43,LOOCV,,AdaBoost,user_fullname,300,False,0.47,0.2422680412371134,0.47,0.3197278911564626,0.4840561066322212
2,target_population,3,100,43,57,43,K-Fold,5.0,XGBoost,user_fullname,300,True,0.45,0.4044206093189963,0.45,0.4079102743929166,0.5184370206226894
2,target_population,3,100,43,57,43,K-Fold,5.0,XGBoost,user_fullname,300,False,0.495,0.4359346846846846,0.495,0.3749066985645933,0.5314273105875017
2,target_population,3,100,43,57,43,LOOCV,,XGBoost,user_fullname,300,True,0.125,0.1813851312621804,0.125,0.1404970262121686,0.2722502717028194
2,target_population,3,100,43,57,43,LOOCV,,XGBoost,user_fullname,300,False,0.49,0.3842222222222222,0.49,0.3748339424757667,0.2666710636497261
2,target_population,3,100,43,57,43,K-Fold,5.0,LogReg,desc_user_fullname,178,True,0.48,0.5025149638802889,0.48,0.4776252319109461,0.6273552659124316
2,target_population,3,100,43,57,43,K-Fold,5.0,LogReg,desc_user_fullname,178,False,0.49,0.3758756684491979,0.49,0.3836290638464552,0.6244220558104315
2,target_population,3,100,43,57,43,LOOCV,,LogReg,desc_user_fullname,178,True,0.47,0.5050346058051537,0.47,0.4740386490809296,0.6093055676807269
2,target_population,3,100,43,57,43,LOOCV,,LogReg,desc_user_fullname,178,False,0.48,0.3881472868217054,0.48,0.3848426193118757,0.5959412676495479
2,target_population,3,100,43,57,43,K-Fold,5.0,DecisionTree,desc_user_fullname,178,True,0.405,0.4506127579737335,0.405,0.3809664602683178,0.5502694111620865
2,target_population,3,100,43,57,43,K-Fold,5.0,DecisionTree,desc_user_fullname,178,False,0.385,0.4019053578049684,0.385,0.3527644372700601,0.530388219901118
2,target_population,3,100,43,57,43,LOOCV,,DecisionTree,desc_user_fullname,178,True,0.4,0.4554224464060529,0.4,0.3816606368970763,0.4890804752572268
2,target_population,3,100,43,57,43,LOOCV,,DecisionTree,desc_user_fullname,178,False,0.425,0.4941034137389197,0.425,0.4128035607664333,0.4851760745623804
2,target_population,3,100,43,57,43,K-Fold,5.0,RandomForest,desc_user_fullname,178,True,0.435,0.4744713198956077,0.435,0.4164757979730014,0.6081115495969001
2,target_population,3,100,43,57,43,K-Fold,5.0,RandomForest,desc_user_fullname,178,False,0.435,0.4464088788785093,0.435,0.4162456170874853,0.6009153077813906
2,target_population,3,100,43,57,43,LOOCV,,RandomForest,desc_user_fullname,178,True,0.46,0.5028608490566038,0.46,0.4524854927345811,0.5967076299496682
2,target_population,3,100,43,57,43,LOOCV,,RandomForest,desc_user_fullname,178,False,0.475,0.4902292647828362,0.475,0.4636256268494425,0.5848291345597078
2,target_population,3,100,43,57,43,K-Fold,5.0,SVM,desc_user_fullname,178,True,0.505,0.518970695970696,0.505,0.498469387755102,0.589203876219322
2,target_population,3,100,43,57,43,K-Fold,5.0,SVM,desc_user_fullname,178,False,0.495,0.4138459302325581,0.495,0.4022606315253374,0.5573911240033851
2,target_population,3,100,43,57,43,LOOCV,,SVM,desc_user_fullname,178,True,0.485,0.5044678725148596,0.485,0.4859517078666016,0.5961335642064941
2,target_population,3,100,43,57,43,LOOCV,,SVM,desc_user_fullname,178,False,0.49,0.399995670995671,0.49,0.4014081253631532,0.5476954010957196
2,target_population,3,100,43,57,43,K-Fold,5.0,AdaBoost,desc_user_fullname,178,True,0.38,0.4009597283450494,0.38,0.3638276746593868,0.4859177486526213
2,target_population,3,100,43,57,43,K-Fold,5.0,AdaBoost,desc_user_fullname,178,False,0.5,0.25,0.5,0.3333333333333332,0.5064617288762193
2,target_population,3,100,43,57,43,LOOCV,,AdaBoost,desc_user_fullname,178,True,0.7,0.6256757178526842,0.7,0.6491388261356597,0.7459059418288717
2,target_population,3,100,43,57,43,LOOCV,,AdaBoost,desc_user_fullname,178,False,0.5,0.25,0.5,0.3333333333333332,0.3709364749899781
2,target_population,3,100,43,57,43,K-Fold,5.0,XGBoost,desc_user_fullname,178,True,0.38,0.4863806451612903,0.38,0.3393793940043831,0.5203183688922544
2,target_population,3,100,43,57,43,K-Fold,5.0,XGBoost,desc_user_fullname,178,False,0.445,0.3304298642533936,0.445,0.3495763620763621,0.5370615295532494
2,target_population,3,100,43,57,43,LOOCV,,XGBoost,desc_user_fullname,178,True,0.385,0.4462584399431414,0.385,0.3512169445523653,0.4125112177631285
2,target_population,3,100,43,57,43,LOOCV,,XGBoost,desc_user_fullname,178,False,0.445,0.3359228395061728,0.445,0.3600700836059614,0.4275264353480913
2,target_population,3,100,43,57,43,K-Fold,5.0,LogReg,numeric,11,True,0.6,0.6193041781533064,0.6,0.6030831870831871,0.770167019286446
2,target_population,3,100,43,57,43,K-Fold,5.0,LogReg,numeric,11,False,0.64,0.6394696688592792,0.64,0.6313913120768517,0.763012170950069
2,target_population,3,100,43,57,43,LOOCV,,LogReg,numeric,11,True,0.55,0.566223316912972,0.55,0.5547504456327986,0.7520269297581399
2,target_population,3,100,43,57,43,LOOCV,,LogReg,numeric,11,False,0.625,0.6360454895643648,0.625,0.6113967894850247,0.7450541646251837
2,target_population,3,100,43,57,43,K-Fold,5.0,DecisionTree,numeric,11,True,0.56,0.5707884333546278,0.56,0.563616171627776,0.6540621798583581
2,target_population,3,100,43,57,43,K-Fold,5.0,DecisionTree,numeric,11,False,0.485,0.4914162399969659,0.485,0.4872202158994766,0.5969032559796891
2,target_population,3,100,43,57,43,LOOCV,,DecisionTree,numeric,11,True,0.495,0.5029355000931273,0.495,0.4977503217653122,0.6002656897242885
2,target_population,3,100,43,57,43,LOOCV,,DecisionTree,numeric,11,False,0.535,0.5308797543919495,0.535,0.5327258403361345,0.6248634804685761
2,target_population,3,100,43,57,43,K-Fold,5.0,RandomForest,numeric,11,True,0.635,0.6374556315256831,0.635,0.6236626272759433,0.7310207852656897
2,target_population,3,100,43,57,43,K-Fold,5.0,RandomForest,numeric,11,False,0.59,0.5934741995971943,0.59,0.5826350561893229,0.7396981092156252
2,target_population,3,100,43,57,43,LOOCV,,RandomForest,numeric,11,True,0.62,0.6107989222915485,0.62,0.6023224067398091,0.7247860318025923
2,target_population,3,100,43,57,43,LOOCV,,RandomForest,numeric,11,False,0.59,0.5859794713160855,0.59,0.5760356985134439,0.7157283072023517
2,target_population,3,100,43,57,43,K-Fold,5.0,SVM,numeric,11,True,0.61,0.6298434245493069,0.61,0.6127172758702965,0.7543001915282171
2,target_population,3,100,43,57,43,K-Fold,5.0,SVM,numeric,11,False,0.62,0.6178415823022122,0.62,0.6067311096430879,0.7298737918132824
2,target_population,3,100,43,57,43,LOOCV,,SVM,numeric,11,True,0.575,0.6042909174159175,0.575,0.5792385512669527,0.7307636363636364
2,target_population,3,100,43,57,43,LOOCV,,SVM,numeric,11,False,0.59,0.5991655335146376,0.59,0.5705973604364162,0.6774134626519978
2,target_population,3,100,43,57,43,K-Fold,5.0,AdaBoost,numeric,11,True,0.555,0.5785555555555555,0.555,0.5599747474747474,0.7237897198343057
2,target_population,3,100,43,57,43,K-Fold,5.0,AdaBoost,numeric,11,False,0.615,0.604666970646908,0.615,0.6021804974086448,0.7181531268094963
2,target_population,3,100,43,57,43,LOOCV,,AdaBoost,numeric,11,True,0.5,0.530149058687791,0.5,0.507729343220339,0.682383655516458
2,target_population,3,100,43,57,43,LOOCV,,AdaBoost,numeric,11,False,0.525,0.5259121442820502,0.525,0.5117987163092662,0.6688419780856085
2,target_population,3,100,43,57,43,K-Fold,5.0,XGBoost,numeric,11,True,0.565,0.5662138627655869,0.565,0.5655896875682762,0.7264288918088281
2,target_population,3,100,43,57,43,K-Fold,5.0,XGBoost,numeric,11,False,0.58,0.5753661275831087,0.58,0.5773019433937655,0.7255519464611822
2,target_population,3,100,43,57,43,LOOCV,,XGBoost,numeric,11,True,0.575,0.5765570175438596,0.575,0.5752186586179985,0.7286734755690171
2,target_population,3,100,43,57,43,LOOCV,,XGBoost,numeric,11,False,0.575,0.5689083820662769,0.575,0.5709357434357435,0.7298108369337669
2,target_population,3,100,43,57,43,K-Fold,5.0,LogReg,desc+numeric,160,True,0.575,0.5991912871427058,0.575,0.5823369347739095,0.7615419736314641
2,target_population,3,100,43,57,43,K-Fold,5.0,LogReg,desc+numeric,160,False,0.635,0.6286130462828576,0.635,0.6256723117801333,0.7595928555520912
2,target_population,3,100,43,57,43,LOOCV,,LogReg,desc+numeric,160,True,0.555,0.5718413793103448,0.555,0.5609236386636767,0.7457449089127434
2,target_population,3,100,43,57,43,LOOCV,,LogReg,desc+numeric,160,False,0.615,0.6052265690286914,0.615,0.6044560466245751,0.7424895951182576
2,target_population,3,100,43,57,43,K-Fold,5.0,DecisionTree,desc+numeric,160,True,0.54,0.546343840094436,0.54,0.5422938724938049,0.6368128368446839
2,target_population,3,100,43,57,43,K-Fold,5.0,DecisionTree,desc+numeric,160,False,0.545,0.5328646974408037,0.545,0.5366732866043613,0.6242835508440604
2,target_population,3,100,43,57,43,LOOCV,,DecisionTree,desc+numeric,160,True,0.475,0.486205018939394,0.475,0.4788254105662229,0.5862796757382744
2,target_population,3,100,43,57,43,LOOCV,,DecisionTree,desc+numeric,160,False,0.555,0.5502229780801209,0.555,0.5513570391872279,0.6364660816890116
2,target_population,3,100,43,57,43,K-Fold,5.0,RandomForest,desc+numeric,160,True,0.63,0.6283853073463268,0.63,0.6182322006472493,0.7367648757293662
2,target_population,3,100,43,57,43,K-Fold,5.0,RandomForest,desc+numeric,160,False,0.635,0.638965367965368,0.635,0.6199163090880869,0.7419261903701394
2,target_population,3,100,43,57,43,LOOCV,,RandomForest,desc+numeric,160,True,0.615,0.6062991106608128,0.615,0.5987988913741126,0.723893375573471
2,target_population,3,100,43,57,43,LOOCV,,RandomForest,desc+numeric,160,False,0.615,0.6075387596899224,0.615,0.5971752592601743,0.7258308616542694
2,target_population,3,100,43,57,43,K-Fold,5.0,SVM,desc+numeric,160,True,0.58,0.5937753807575948,0.58,0.5850319016495488,0.7482141842234199
2,target_population,3,100,43,57,43,K-Fold,5.0,SVM,desc+numeric,160,False,0.605,0.5979023533634126,0.605,0.5971489781536293,0.7432014832301457
2,target_population,3,100,43,57,43,LOOCV,,SVM,desc+numeric,160,True,0.585,0.6028522461145411,0.585,0.5894715985141293,0.7270863346844239
2,target_population,3,100,43,57,43,LOOCV,,SVM,desc+numeric,160,False,0.57,0.5621630094043888,0.57,0.5632654244306418,0.7280008618769765
2,target_population,3,100,43,57,43,K-Fold,5.0,AdaBoost,desc+numeric,160,True,0.595,0.6006341862600295,0.595,0.5967674658168152,0.7241100184846999
2,target_population,3,100,43,57,43,K-Fold,5.0,AdaBoost,desc+numeric,160,False,0.605,0.5982415413533835,0.605,0.5837731151076855,0.7038625250545633
2,target_population,3,100,43,57,43,LOOCV,,AdaBoost,desc+numeric,160,True,0.515,0.549030612244898,0.515,0.5228260869565218,0.6782636742238651
2,target_population,3,100,43,57,43,LOOCV,,AdaBoost,desc+numeric,160,False,0.555,0.5732912561576355,0.555,0.5326849733028223,0.6740798539040577
2,target_population,3,100,43,57,43,K-Fold,5.0,XGBoost,desc+numeric,160,True,0.57,0.5630461626139818,0.57,0.5652520325203253,0.7293155226938666
2,target_population,3,100,43,57,43,K-Fold,5.0,XGBoost,desc+numeric,160,False,0.565,0.5594718017831225,0.565,0.5617003547121173,0.7172189145249654
2,target_population,3,100,43,57,43,LOOCV,,XGBoost,desc+numeric,160,True,0.575,0.5763214285714285,0.575,0.5741494684177612,0.7268677096788562
2,target_population,3,100,43,57,43,LOOCV,,XGBoost,desc+numeric,160,False,0.555,0.5517483220871071,0.555,0.5523508667863709,0.722916221994566
2,target_population,2,100,43,0,43,K-Fold,5.0,LogReg,desc,149,True,0.5664335664335665,0.5664335664335665,0.5664335664335665,0.5664335664335665,0.5690697674418603
2,target_population,2,100,43,0,43,K-Fold,5.0,LogReg,desc,149,False,0.6993006993006993,0.489021468042447,0.6993006993006993,0.5755561311116867,0.5672093023255814
2,target_population,2,100,43,0,43,LOOCV,,LogReg,desc,149,True,0.5874125874125874,0.5732250205934416,0.5874125874125874,0.579709961823783,0.5283720930232558
2,target_population,2,100,43,0,43,LOOCV,,LogReg,desc,149,False,0.6993006993006993,0.489021468042447,0.6993006993006993,0.5755561311116867,0.4920930232558139
2,target_population,2,100,43,0,43,K-Fold,5.0,DecisionTree,desc,149,True,0.4405594405594406,0.6114215817186114,0.4405594405594406,0.4389726079866924,0.506046511627907
2,target_population,2,100,43,0,43,K-Fold,5.0,DecisionTree,desc,149,False,0.6713286713286714,0.5913450417267211,0.6713286713286714,0.6007568189386371,0.554186046511628
2,target_population,2,100,43,0,43,LOOCV,,DecisionTree,desc,149,True,0.4405594405594406,0.6310461468356205,0.4405594405594406,0.4320681277203016,0.4702325581395349
2,target_population,2,100,43,0,43,LOOCV,,DecisionTree,desc,149,False,0.6993006993006993,0.6521379383974804,0.6993006993006993,0.6347349620076893,0.4165116279069767
2,target_population,2,100,43,0,43,K-Fold,5.0,RandomForest,desc,149,True,0.5104895104895105,0.6330955049007787,0.5104895104895105,0.5257383044171019,0.5815116279069767
2,target_population,2,100,43,0,43,K-Fold,5.0,RandomForest,desc,149,False,0.6573426573426573,0.5925407925407924,0.6573426573426573,0.6061625078018521,0.5826744186046511
2,target_population,2,100,43,0,43,LOOCV,,RandomForest,desc,149,True,0.5314685314685315,0.6604711078395289,0.5314685314685315,0.545395156860125,0.568139534883721
2,target_population,2,100,43,0,43,LOOCV,,RandomForest,desc,149,False,0.6853146853146853,0.6413127522883622,0.6853146853146853,0.6441002943245095,0.5651162790697675
2,target_population,2,100,43,0,43,K-Fold,5.0,SVM,desc,149,True,0.6083916083916084,0.5866059866059866,0.6083916083916084,0.5958400573785189,0.5025581395348837
2,target_population,2,100,43,0,43,K-Fold,5.0,SVM,desc,149,False,0.6993006993006993,0.6413480136884392,0.6993006993006993,0.5878936185990128,0.5066279069767442
2,target_population,2,100,43,0,43,LOOCV,,SVM,desc,149,True,0.5874125874125874,0.5790413470025121,0.5874125874125874,0.5830048638523919,0.4820930232558139
2,target_population,2,100,43,0,43,LOOCV,,SVM,desc,149,False,0.6993006993006993,0.6413480136884392,0.6993006993006993,0.5878936185990128,0.4774418604651163
2,target_population,2,100,43,0,43,K-Fold,5.0,AdaBoost,desc,149,True,0.6153846153846154,0.5791014295439074,0.6153846153846154,0.5928751292440275,0.5231395348837209
2,target_population,2,100,43,0,43,K-Fold,5.0,AdaBoost,desc,149,False,0.6993006993006993,0.6413480136884392,0.6993006993006993,0.5878936185990128,0.523953488372093
2,target_population,2,100,43,0,43,LOOCV,,AdaBoost,desc,149,True,0.6853146853146853,0.563176032600493,0.6853146853146853,0.5804289185398417,0.1781395348837209
2,target_population,2,100,43,0,43,LOOCV,,AdaBoost,desc,149,False,0.7062937062937062,0.7931645818969763,0.7062937062937062,0.5916026122637693,0.3551162790697674
2,target_population,2,100,43,0,43,K-Fold,5.0,XGBoost,desc,149,True,0.6013986013986014,0.4868296074004735,0.6013986013986014,0.5338985661542222,0.4332558139534883
2,target_population,2,100,43,0,43,K-Fold,5.0,XGBoost,desc,149,False,0.6993006993006993,0.489021468042447,0.6993006993006993,0.5755561311116867,0.4674418604651162
2,target_population,2,100,43,0,43,LOOCV,,XGBoost,desc,149,True,0.6013986013986014,0.4868296074004735,0.6013986013986014,0.5338985661542222,0.2383720930232558
2,target_population,2,100,43,0,43,LOOCV,,XGBoost,desc,149,False,0.6713286713286714,0.482970267142929,0.6713286713286714,0.5617813149193902,0.1597674418604651
2,target_population,2,100,43,0,43,K-Fold,5.0,LogReg,username,200,True,0.6993006993006993,0.489021468042447,0.6993006993006993,0.5755561311116867,0.486046511627907
2,target_population,2,100,43,0,43,K-Fold,5.0,LogReg,username,200,False,0.6993006993006993,0.489021468042447,0.6993006993006993,0.5755561311116867,0.4860465116279069
2,target_population,2,100,43,0,43,LOOCV,,LogReg,username,200,True,0.6993006993006993,0.489021468042447,0.6993006993006993,0.5755561311116867,0.0
2,target_population,2,100,43,0,43,LOOCV,,LogReg,username,200,False,0.6993006993006993,0.489021468042447,0.6993006993006993,0.5755561311116867,0.0
2,target_population,2,100,43,0,43,K-Fold,5.0,DecisionTree,username,200,True,0.6993006993006993,0.489021468042447,0.6993006993006993,0.5755561311116867,0.5
2,target_population,2,100,43,0,43,K-Fold,5.0,DecisionTree,username,200,False,0.6993006993006993,0.489021468042447,0.6993006993006993,0.5755561311116867,0.5
2,target_population,2,100,43,0,43,LOOCV,,DecisionTree,username,200,True,0.6993006993006993,0.489021468042447,0.6993006993006993,0.5755561311116867,0.5
2,target_population,2,100,43,0,43,LOOCV,,DecisionTree,username,200,False,0.6993006993006993,0.489021468042447,0.6993006993006993,0.5755561311116867,0.5
2,target_population,2,100,43,0,43,K-Fold,5.0,RandomForest,username,200,True,0.6993006993006993,0.489021468042447,0.6993006993006993,0.5755561311116867,0.5116279069767442
2,target_population,2,100,43,0,43,K-Fold,5.0,RandomForest,username,200,False,0.6993006993006993,0.489021468042447,0.6993006993006993,0.5755561311116867,0.5139534883720931
2,target_population,2,100,43,0,43,LOOCV,,RandomForest,username,200,True,0.6993006993006993,0.489021468042447,0.6993006993006993,0.5755561311116867,0.3988372093023256
2,target_population,2,100,43,0,43,LOOCV,,RandomForest,username,200,False,0.6993006993006993,0.489021468042447,0.6993006993006993,0.5755561311116867,0.4716279069767441
2,target_population,2,100,43,0,43,K-Fold,5.0,SVM,username,200,True,0.6993006993006993,0.489021468042447,0.6993006993006993,0.5755561311116867,0.4860465116279069
2,target_population,2,100,43,0,43,K-Fold,5.0,SVM,username,200,False,0.6993006993006993,0.489021468042447,0.6993006993006993,0.5755561311116867,0.4860465116279069
2,target_population,2,100,43,0,43,LOOCV,,SVM,username,200,True,0.6993006993006993,0.489021468042447,0.6993006993006993,0.5755561311116867,0.0
2,target_population,2,100,43,0,43,LOOCV,,SVM,username,200,False,0.6993006993006993,0.489021468042447,0.6993006993006993,0.5755561311116867,0.0
2,target_population,2,100,43,0,43,K-Fold,5.0,AdaBoost,username,200,True,0.6993006993006993,0.489021468042447,0.6993006993006993,0.5755561311116867,0.4860465116279069
2,target_population,2,100,43,0,43,K-Fold,5.0,AdaBoost,username,200,False,0.6993006993006993,0.489021468042447,0.6993006993006993,0.5755561311116867,0.4860465116279069
2,target_population,2,100,43,0,43,LOOCV,,AdaBoost,username,200,True,0.6993006993006993,0.489021468042447,0.6993006993006993,0.5755561311116867,0.0
2,target_population,2,100,43,0,43,LOOCV,,AdaBoost,username,200,False,0.6993006993006993,0.489021468042447,0.6993006993006993,0.5755561311116867,0.0
2,target_population,2,100,43,0,43,K-Fold,5.0,XGBoost,username,200,True,0.6993006993006993,0.489021468042447,0.6993006993006993,0.5755561311116867,0.5
2,target_population,2,100,43,0,43,K-Fold,5.0,XGBoost,username,200,False,0.6993006993006993,0.489021468042447,0.6993006993006993,0.5755561311116867,0.4860465116279069
2,target_population,2,100,43,0,43,LOOCV,,XGBoost,username,200,True,1.0,1.0,1.0,1.0,1.0
2,target_population,2,100,43,0,43,LOOCV,,XGBoost,username,200,False,0.6993006993006993,0.489021468042447,0.6993006993006993,0.5755561311116867,0.0
2,target_population,2,100,43,0,43,K-Fold,5.0,LogReg,fullname,300,True,0.7062937062937062,0.6697942580295522,0.7062937062937062,0.6595519524723066,0.5523255813953489
2,target_population,2,100,43,0,43,K-Fold,5.0,LogReg,fullname,300,False,0.6993006993006993,0.489021468042447,0.6993006993006993,0.5755561311116867,0.55
2,target_population,2,100,43,0,43,LOOCV,,LogReg,fullname,300,True,0.7062937062937062,0.6697942580295522,0.7062937062937062,0.6595519524723066,0.3837209302325581
2,target_population,2,100,43,0,43,LOOCV,,LogReg,fullname,300,False,0.6923076923076923,0.4875406283856988,0.6923076923076923,0.5721551176096631,0.3453488372093023
2,target_population,2,100,43,0,43,K-Fold,5.0,DecisionTree,fullname,300,True,0.3986013986013986,0.6330165560934793,0.3986013986013986,0.3610736485736485,0.5695348837209303
2,target_population,2,100,43,0,43,K-Fold,5.0,DecisionTree,fullname,300,False,0.5384615384615384,0.6287179487179487,0.5384615384615384,0.5570869808157943,0.6083720930232558
2,target_population,2,100,43,0,43,LOOCV,,DecisionTree,fullname,300,True,0.3986013986013986,0.6330165560934793,0.3986013986013986,0.3610736485736485,0.757674418604651
2,target_population,2,100,43,0,43,LOOCV,,DecisionTree,fullname,300,False,0.3636363636363636,0.5452070615409998,0.3636363636363636,0.332404178056674,0.5183720930232558
2,target_population,2,100,43,0,43,K-Fold,5.0,RandomForest,fullname,300,True,0.4685314685314685,0.6312763883360029,0.4685314685314685,0.4727436946615028,0.5275581395348838
2,target_population,2,100,43,0,43,K-Fold,5.0,RandomForest,fullname,300,False,0.5804195804195804,0.607174795854041,0.5804195804195804,0.5912311372837689,0.53
2,target_population,2,100,43,0,43,LOOCV,,RandomForest,fullname,300,True,0.3986013986013986,0.6186074794770448,0.3986013986013986,0.3664855713906346,0.4725581395348837
2,target_population,2,100,43,0,43,LOOCV,,RandomForest,fullname,300,False,0.3916083916083916,0.5875616319164706,0.3916083916083916,0.366799317402617,0.3882558139534884
2,target_population,2,100,43,0,43,K-Fold,5.0,SVM,fullname,300,True,0.7062937062937062,0.6697942580295522,0.7062937062937062,0.6595519524723066,0.5006976744186047
2,target_population,2,100,43,0,43,K-Fold,5.0,SVM,fullname,300,False,0.6923076923076923,0.5897435897435898,0.6923076923076923,0.5841694537346711,0.4739534883720931
2,target_population,2,100,43,0,43,LOOCV,,SVM,fullname,300,True,0.7062937062937062,0.6697942580295522,0.7062937062937062,0.6595519524723066,0.4084883720930232
2,target_population,2,100,43,0,43,LOOCV,,SVM,fullname,300,False,0.6713286713286714,0.482970267142929,0.6713286713286714,0.5617813149193902,0.266046511627907
2,target_population,2,100,43,0,43,K-Fold,5.0,AdaBoost,fullname,300,True,0.7062937062937062,0.6675632060247444,0.7062937062937062,0.6467771359075707,0.5636046511627907
2,target_population,2,100,43,0,43,K-Fold,5.0,AdaBoost,fullname,300,False,0.6923076923076923,0.629417017476719,0.6923076923076923,0.6140696909927679,0.5652325581395349
2,target_population,2,100,43,0,43,LOOCV,,AdaBoost,fullname,300,True,0.7062937062937062,0.6675632060247444,0.7062937062937062,0.6467771359075707,0.306046511627907
2,target_population,2,100,43,0,43,LOOCV,,AdaBoost,fullname,300,False,0.6643356643356644,0.4814026553156987,0.6643356643356644,0.5582652641476171,0.2606976744186046
2,target_population,2,100,43,0,43,K-Fold,5.0,XGBoost,fullname,300,True,0.6853146853146853,0.6326296734761301,0.6853146853146853,0.6320251838059648,0.5141860465116279
2,target_population,2,100,43,0,43,K-Fold,5.0,XGBoost,fullname,300,False,0.7202797202797203,0.6999364272091545,0.7202797202797203,0.6566906911734498,0.5290697674418604
2,target_population,2,100,43,0,43,LOOCV,,XGBoost,fullname,300,True,0.6713286713286714,0.6083296624635207,0.6713286713286714,0.6156707475306743,0.216046511627907
2,target_population,2,100,43,0,43,LOOCV,,XGBoost,fullname,300,False,0.7132867132867133,0.6851779799148219,0.7132867132867133,0.6443306470839064,0.1674418604651163
2,target_population,2,100,43,0,43,K-Fold,5.0,LogReg,desc_user,149,True,0.5664335664335665,0.5664335664335665,0.5664335664335665,0.5664335664335665,0.5690697674418603
2,target_population,2,100,43,0,43,K-Fold,5.0,LogReg,desc_user,149,False,0.6993006993006993,0.489021468042447,0.6993006993006993,0.5755561311116867,0.5672093023255814
2,target_population,2,100,43,0,43,LOOCV,,LogReg,desc_user,149,True,0.5874125874125874,0.5732250205934416,0.5874125874125874,0.579709961823783,0.5283720930232558
2,target_population,2,100,43,0,43,LOOCV,,LogReg,desc_user,149,False,0.6993006993006993,0.489021468042447,0.6993006993006993,0.5755561311116867,0.4920930232558139
2,target_population,2,100,43,0,43,K-Fold,5.0,DecisionTree,desc_user,149,True,0.4405594405594406,0.6114215817186114,0.4405594405594406,0.4389726079866924,0.506046511627907
2,target_population,2,100,43,0,43,K-Fold,5.0,DecisionTree,desc_user,149,False,0.6713286713286714,0.5913450417267211,0.6713286713286714,0.6007568189386371,0.554186046511628
2,target_population,2,100,43,0,43,LOOCV,,DecisionTree,desc_user,149,True,0.4405594405594406,0.6310461468356205,0.4405594405594406,0.4320681277203016,0.4702325581395349
2,target_population,2,100,43,0,43,LOOCV,,DecisionTree,desc_user,149,False,0.6993006993006993,0.6521379383974804,0.6993006993006993,0.6347349620076893,0.4165116279069767
2,target_population,2,100,43,0,43,K-Fold,5.0,RandomForest,desc_user,149,True,0.5104895104895105,0.6330955049007787,0.5104895104895105,0.5257383044171019,0.5815116279069767
2,target_population,2,100,43,0,43,K-Fold,5.0,RandomForest,desc_user,149,False,0.6573426573426573,0.5925407925407924,0.6573426573426573,0.6061625078018521,0.5826744186046511
2,target_population,2,100,43,0,43,LOOCV,,RandomForest,desc_user,149,True,0.5314685314685315,0.6604711078395289,0.5314685314685315,0.545395156860125,0.568139534883721
2,target_population,2,100,43,0,43,LOOCV,,RandomForest,desc_user,149,False,0.6853146853146853,0.6413127522883622,0.6853146853146853,0.6441002943245095,0.5651162790697675
2,target_population,2,100,43,0,43,K-Fold,5.0,SVM,desc_user,149,True,0.6083916083916084,0.5866059866059866,0.6083916083916084,0.5958400573785189,0.5025581395348837
2,target_population,2,100,43,0,43,K-Fold,5.0,SVM,desc_user,149,False,0.6993006993006993,0.6413480136884392,0.6993006993006993,0.5878936185990128,0.5066279069767442
2,target_population,2,100,43,0,43,LOOCV,,SVM,desc_user,149,True,0.5874125874125874,0.5790413470025121,0.5874125874125874,0.5830048638523919,0.4820930232558139
2,target_population,2,100,43,0,43,LOOCV,,SVM,desc_user,149,False,0.6993006993006993,0.6413480136884392,0.6993006993006993,0.5878936185990128,0.4774418604651163
2,target_population,2,100,43,0,43,K-Fold,5.0,AdaBoost,desc_user,149,True,0.6153846153846154,0.5791014295439074,0.6153846153846154,0.5928751292440275,0.5231395348837209
2,target_population,2,100,43,0,43,K-Fold,5.0,AdaBoost,desc_user,149,False,0.6993006993006993,0.6413480136884392,0.6993006993006993,0.5878936185990128,0.523953488372093
2,target_population,2,100,43,0,43,LOOCV,,AdaBoost,desc_user,149,True,0.6853146853146853,0.563176032600493,0.6853146853146853,0.5804289185398417,0.1781395348837209
2,target_population,2,100,43,0,43,LOOCV,,AdaBoost,desc_user,149,False,0.7062937062937062,0.7931645818969763,0.7062937062937062,0.5916026122637693,0.3551162790697674
2,target_population,2,100,43,0,43,K-Fold,5.0,XGBoost,desc_user,149,True,0.6013986013986014,0.4868296074004735,0.6013986013986014,0.5338985661542222,0.4332558139534883
2,target_population,2,100,43,0,43,K-Fold,5.0,XGBoost,desc_user,149,False,0.6993006993006993,0.489021468042447,0.6993006993006993,0.5755561311116867,0.4674418604651162
2,target_population,2,100,43,0,43,LOOCV,,XGBoost,desc_user,149,True,0.6013986013986014,0.4868296074004735,0.6013986013986014,0.5338985661542222,0.2383720930232558
2,target_population,2,100,43,0,43,LOOCV,,XGBoost,desc_user,149,False,0.6713286713286714,0.482970267142929,0.6713286713286714,0.5617813149193902,0.1597674418604651
2,target_population,2,100,43,0,43,K-Fold,5.0,LogReg,desc_fullname,178,True,0.6713286713286714,0.6564857779811051,0.6713286713286714,0.6623245280372414,0.6401162790697674
2,target_population,2,100,43,0,43,K-Fold,5.0,LogReg,desc_fullname,178,False,0.6923076923076923,0.4875406283856988,0.6923076923076923,0.5721551176096631,0.6363953488372094
2,target_population,2,100,43,0,43,LOOCV,,LogReg,desc_fullname,178,True,0.6783216783216783,0.6659332508389113,0.6783216783216783,0.6709433770113382,0.6295348837209301
2,target_population,2,100,43,0,43,LOOCV,,LogReg,desc_fullname,178,False,0.6923076923076923,0.4875406283856988,0.6923076923076923,0.5721551176096631,0.6027906976744186
2,target_population,2,100,43,0,43,K-Fold,5.0,DecisionTree,desc_fullname,178,True,0.4615384615384615,0.6097398042686797,0.4615384615384615,0.4696102408344608,0.5236046511627906
2,target_population,2,100,43,0,43,K-Fold,5.0,DecisionTree,desc_fullname,178,False,0.6293706293706294,0.5479409479409479,0.6293706293706294,0.574012508438738,0.4518604651162791
2,target_population,2,100,43,0,43,LOOCV,,DecisionTree,desc_fullname,178,True,0.4615384615384615,0.6097398042686797,0.4615384615384615,0.4696102408344608,0.5232558139534883
2,target_population,2,100,43,0,43,LOOCV,,DecisionTree,desc_fullname,178,False,0.6433566433566433,0.5791517425663768,0.6433566433566433,0.5966470002344442,0.4169767441860464
2,target_population,2,100,43,0,43,K-Fold,5.0,RandomForest,desc_fullname,178,True,0.5454545454545454,0.6458669535592613,0.5454545454545454,0.5629852241422489,0.5809302325581395
2,target_population,2,100,43,0,43,K-Fold,5.0,RandomForest,desc_fullname,178,False,0.6363636363636364,0.6115702479338843,0.6363636363636364,0.6210982000455685,0.5734883720930233
2,target_population,2,100,43,0,43,LOOCV,,RandomForest,desc_fullname,178,True,0.5524475524475524,0.6567119589271487,0.5524475524475524,0.5693582706777429,0.5653488372093023
2,target_population,2,100,43,0,43,LOOCV,,RandomForest,desc_fullname,178,False,0.6713286713286714,0.6306683512565866,0.6713286713286714,0.6389834523140595,0.5630232558139535
2,target_population,2,100,43,0,43,K-Fold,5.0,SVM,desc_fullname,178,True,0.6853146853146853,0.6713740568880756,0.6853146853146853,0.6766936970569332,0.5824418604651163
2,target_population,2,100,43,0,43,K-Fold,5.0,SVM,desc_fullname,178,False,0.6503496503496503,0.5367662640389913,0.6503496503496503,0.5708633639668123,0.5191860465116279
2,target_population,2,100,43,0,43,LOOCV,,SVM,desc_fullname,178,True,0.6923076923076923,0.6806574353744165,0.6923076923076923,0.6852501867064973,0.6248837209302325
2,target_population,2,100,43,0,43,LOOCV,,SVM,desc_fullname,178,False,0.6713286713286714,0.5620953120953122,0.6713286713286714,0.5830248183189359,0.5706976744186048
2,target_population,2,100,43,0,43,K-Fold,5.0,AdaBoost,desc_fullname,178,True,0.6363636363636364,0.5536032594856124,0.6363636363636364,0.5784928935371413,0.4958139534883721
2,target_population,2,100,43,0,43,K-Fold,5.0,AdaBoost,desc_fullname,178,False,0.6853146853146853,0.4860387839111244,0.6853146853146853,0.5687258799291994,0.4862790697674419
2,target_population,2,100,43,0,43,LOOCV,,AdaBoost,desc_fullname,178,True,0.6293706293706294,0.5001556967205822,0.6293706293706294,0.5497896043350589,0.7113953488372093
2,target_population,2,100,43,0,43,LOOCV,,AdaBoost,desc_fullname,178,False,0.6923076923076923,0.4875406283856988,0.6923076923076923,0.5721551176096631,0.7937209302325581
2,target_population,2,100,43,0,43,K-Fold,5.0,XGBoost,desc_fullname,178,True,0.6013986013986014,0.5475464706233937,0.6013986013986014,0.5679089493956255,0.4211627906976744
2,target_population,2,100,43,0,43,K-Fold,5.0,XGBoost,desc_fullname,178,False,0.6853146853146853,0.6048627298627298,0.6853146853146853,0.6007684430713216,0.4783720930232558
2,target_population,2,100,43,0,43,LOOCV,,XGBoost,desc_fullname,178,True,0.6153846153846154,0.5570458952811894,0.6153846153846154,0.5775338271760271,0.3358139534883721
2,target_population,2,100,43,0,43,LOOCV,,XGBoost,desc_fullname,178,False,0.6923076923076923,0.6224951519069166,0.6923076923076923,0.605006518904824,0.2323255813953488
2,target_population,2,100,43,0,43,K-Fold,5.0,LogReg,user_fullname,300,True,0.7062937062937062,0.6697942580295522,0.7062937062937062,0.6595519524723066,0.5518604651162791
2,target_population,2,100,43,0,43,K-Fold,5.0,LogReg,user_fullname,300,False,0.6923076923076923,0.4875406283856988,0.6923076923076923,0.5721551176096631,0.5444186046511628
2,target_population,2,100,43,0,43,LOOCV,,LogReg,user_fullname,300,True,0.7062937062937062,0.6697942580295522,0.7062937062937062,0.6595519524723066,0.3453488372093023
2,target_population,2,100,43,0,43,LOOCV,,LogReg,user_fullname,300,False,0.6923076923076923,0.4875406283856988,0.6923076923076923,0.5721551176096631,0.3413953488372093
2,target_population,2,100,43,0,43,K-Fold,5.0,DecisionTree,user_fullname,300,True,0.3776223776223776,0.5719585919222943,0.3776223776223776,0.34707661370378,0.5161627906976745
2,target_population,2,100,43,0,43,K-Fold,5.0,DecisionTree,user_fullname,300,False,0.6853146853146853,0.6275972089925579,0.6853146853146853,0.6251886472525405,0.5244186046511627
2,target_population,2,100,43,0,43,LOOCV,,DecisionTree,user_fullname,300,True,0.3776223776223776,0.5828287293804535,0.3776223776223776,0.3416229192488292,0.6506976744186047
2,target_population,2,100,43,0,43,LOOCV,,DecisionTree,user_fullname,300,False,0.6993006993006993,0.654496666124573,0.6993006993006993,0.6418469295968722,0.4876744186046512
2,target_population,2,100,43,0,43,K-Fold,5.0,RandomForest,user_fullname,300,True,0.3636363636363636,0.5452070615409998,0.3636363636363636,0.332404178056674,0.4833720930232558
2,target_population,2,100,43,0,43,K-Fold,5.0,RandomForest,user_fullname,300,False,0.6083916083916084,0.5806314897223989,0.6083916083916084,0.5919519077413814,0.5026744186046511
2,target_population,2,100,43,0,43,LOOCV,,RandomForest,user_fullname,300,True,0.3566433566433566,0.5280442271592714,0.3566433566433566,0.3277747893132509,0.5186046511627906
2,target_population,2,100,43,0,43,LOOCV,,RandomForest,user_fullname,300,False,0.6713286713286714,0.5620953120953122,0.6713286713286714,0.5830248183189359,0.4936046511627907
2,target_population,2,100,43,0,43,K-Fold,5.0,SVM,user_fullname,300,True,0.7062937062937062,0.6697942580295522,0.7062937062937062,0.6595519524723066,0.5009302325581395
2,target_population,2,100,43,0,43,K-Fold,5.0,SVM,user_fullname,300,False,0.7062937062937062,0.6770244248505117,0.7062937062937062,0.6134821061291649,0.4388372093023255
2,target_population,2,100,43,0,43,LOOCV,,SVM,user_fullname,300,True,0.7062937062937062,0.6697942580295522,0.7062937062937062,0.6595519524723066,0.356046511627907
2,target_population,2,100,43,0,43,LOOCV,,SVM,user_fullname,300,False,0.6923076923076923,0.4875406283856988,0.6923076923076923,0.5721551176096631,0.247906976744186
2,target_population,2,100,43,0,43,K-Fold,5.0,AdaBoost,user_fullname,300,True,0.6993006993006993,0.6569296844887396,0.6993006993006993,0.6483796200812553,0.5733720930232558
2,target_population,2,100,43,0,43,K-Fold,5.0,AdaBoost,user_fullname,300,False,0.6643356643356644,0.5521576267844925,0.6643356643356644,0.5789851174466559,0.5545348837209303
2,target_population,2,100,43,0,43,LOOCV,,AdaBoost,user_fullname,300,True,0.6923076923076923,0.6390532544378699,0.6923076923076923,0.6299569995222168,0.2765116279069768
2,target_population,2,100,43,0,43,LOOCV,,AdaBoost,user_fullname,300,False,0.6503496503496503,0.4781982723159194,0.6503496503496503,0.5511437714827545,0.2753488372093023
2,target_population,2,100,43,0,43,K-Fold,5.0,XGBoost,user_fullname,300,True,0.6713286713286714,0.6006977518605426,0.6713286713286714,0.6085303649082091,0.4711627906976744
2,target_population,2,100,43,0,43,K-Fold,5.0,XGBoost,user_fullname,300,False,0.6923076923076923,0.6346683619410892,0.6923076923076923,0.6223597602907948,0.4851162790697675
2,target_population,2,100,43,0,43,LOOCV,,XGBoost,user_fullname,300,True,0.6573426573426573,0.5840296514509112,0.6573426573426573,0.5993163112553839,0.1823255813953488
2,target_population,2,100,43,0,43,LOOCV,,XGBoost,user_fullname,300,False,0.6923076923076923,0.6346683619410892,0.6923076923076923,0.6223597602907948,0.1430232558139535
2,target_population,2,100,43,0,43,K-Fold,5.0,LogReg,desc_user_fullname,178,True,0.6713286713286714,0.6564857779811051,0.6713286713286714,0.6623245280372414,0.6401162790697674
2,target_population,2,100,43,0,43,K-Fold,5.0,LogReg,desc_user_fullname,178,False,0.6923076923076923,0.4875406283856988,0.6923076923076923,0.5721551176096631,0.6363953488372094
2,target_population,2,100,43,0,43,LOOCV,,LogReg,desc_user_fullname,178,True,0.6783216783216783,0.6659332508389113,0.6783216783216783,0.6709433770113382,0.6295348837209301
2,target_population,2,100,43,0,43,LOOCV,,LogReg,desc_user_fullname,178,False,0.6923076923076923,0.4875406283856988,0.6923076923076923,0.5721551176096631,0.6027906976744186
2,target_population,2,100,43,0,43,K-Fold,5.0,DecisionTree,desc_user_fullname,178,True,0.4615384615384615,0.6097398042686797,0.4615384615384615,0.4696102408344608,0.5236046511627906
2,target_population,2,100,43,0,43,K-Fold,5.0,DecisionTree,desc_user_fullname,178,False,0.6293706293706294,0.5479409479409479,0.6293706293706294,0.574012508438738,0.4518604651162791
2,target_population,2,100,43,0,43,LOOCV,,DecisionTree,desc_user_fullname,178,True,0.4615384615384615,0.6097398042686797,0.4615384615384615,0.4696102408344608,0.5232558139534883
2,target_population,2,100,43,0,43,LOOCV,,DecisionTree,desc_user_fullname,178,False,0.6433566433566433,0.5791517425663768,0.6433566433566433,0.5966470002344442,0.4169767441860464
2,target_population,2,100,43,0,43,K-Fold,5.0,RandomForest,desc_user_fullname,178,True,0.5454545454545454,0.6458669535592613,0.5454545454545454,0.5629852241422489,0.5809302325581395
2,target_population,2,100,43,0,43,K-Fold,5.0,RandomForest,desc_user_fullname,178,False,0.6363636363636364,0.6115702479338843,0.6363636363636364,0.6210982000455685,0.5734883720930233
2,target_population,2,100,43,0,43,LOOCV,,RandomForest,desc_user_fullname,178,True,0.5524475524475524,0.6567119589271487,0.5524475524475524,0.5693582706777429,0.5653488372093023
2,target_population,2,100,43,0,43,LOOCV,,RandomForest,desc_user_fullname,178,False,0.6713286713286714,0.6306683512565866,0.6713286713286714,0.6389834523140595,0.5630232558139535
2,target_population,2,100,43,0,43,K-Fold,5.0,SVM,desc_user_fullname,178,True,0.6853146853146853,0.6713740568880756,0.6853146853146853,0.6766936970569332,0.5824418604651163
2,target_population,2,100,43,0,43,K-Fold,5.0,SVM,desc_user_fullname,178,False,0.6503496503496503,0.5367662640389913,0.6503496503496503,0.5708633639668123,0.5191860465116279
2,target_population,2,100,43,0,43,LOOCV,,SVM,desc_user_fullname,178,True,0.6923076923076923,0.6806574353744165,0.6923076923076923,0.6852501867064973,0.6248837209302325
2,target_population,2,100,43,0,43,LOOCV,,SVM,desc_user_fullname,178,False,0.6713286713286714,0.5620953120953122,0.6713286713286714,0.5830248183189359,0.5706976744186048
2,target_population,2,100,43,0,43,K-Fold,5.0,AdaBoost,desc_user_fullname,178,True,0.6363636363636364,0.5536032594856124,0.6363636363636364,0.5784928935371413,0.4958139534883721
2,target_population,2,100,43,0,43,K-Fold,5.0,AdaBoost,desc_user_fullname,178,False,0.6853146853146853,0.4860387839111244,0.6853146853146853,0.5687258799291994,0.4862790697674419
2,target_population,2,100,43,0,43,LOOCV,,AdaBoost,desc_user_fullname,178,True,0.6293706293706294,0.5001556967205822,0.6293706293706294,0.5497896043350589,0.7113953488372093
2,target_population,2,100,43,0,43,LOOCV,,AdaBoost,desc_user_fullname,178,False,0.6923076923076923,0.4875406283856988,0.6923076923076923,0.5721551176096631,0.7937209302325581
2,target_population,2,100,43,0,43,K-Fold,5.0,XGBoost,desc_user_fullname,178,True,0.6013986013986014,0.5475464706233937,0.6013986013986014,0.5679089493956255,0.4211627906976744
2,target_population,2,100,43,0,43,K-Fold,5.0,XGBoost,desc_user_fullname,178,False,0.6853146853146853,0.6048627298627298,0.6853146853146853,0.6007684430713216,0.4783720930232558
2,target_population,2,100,43,0,43,LOOCV,,XGBoost,desc_user_fullname,178,True,0.6153846153846154,0.5570458952811894,0.6153846153846154,0.5775338271760271,0.3358139534883721
2,target_population,2,100,43,0,43,LOOCV,,XGBoost,desc_user_fullname,178,False,0.6923076923076923,0.6224951519069166,0.6923076923076923,0.605006518904824,0.2323255813953488
2,target_population,2,100,43,0,43,K-Fold,5.0,LogReg,numeric,11,True,0.7412587412587412,0.7642108203905956,0.7412587412587412,0.7484001298434289,0.7727906976744187
2,target_population,2,100,43,0,43,K-Fold,5.0,LogReg,numeric,11,False,0.7902097902097902,0.7820957022408928,0.7902097902097902,0.7766758163954426,0.7620930232558139
2,target_population,2,100,43,0,43,LOOCV,,LogReg,numeric,11,True,0.7832167832167832,0.7955019174374013,0.7832167832167832,0.7874439895165284,0.8397674418604651
2,target_population,2,100,43,0,43,LOOCV,,LogReg,numeric,11,False,0.8321678321678322,0.8316051764327627,0.8321678321678322,0.821340653116354,0.8309302325581395
2,target_population,2,100,43,0,43,K-Fold,5.0,DecisionTree,numeric,11,True,0.6573426573426573,0.664225957816276,0.6573426573426573,0.6605087150344665,0.6025581395348837
2,target_population,2,100,43,0,43,K-Fold,5.0,DecisionTree,numeric,11,False,0.6713286713286714,0.673518400791128,0.6713286713286714,0.6723917796522197,0.6125581395348838
2,target_population,2,100,43,0,43,LOOCV,,DecisionTree,numeric,11,True,0.7482517482517482,0.7421552806168191,0.7482517482517482,0.7445796671047746,0.6874418604651162
2,target_population,2,100,43,0,43,LOOCV,,DecisionTree,numeric,11,False,0.6923076923076923,0.7007637752318603,0.6923076923076923,0.6960055817198675,0.6474418604651162
2,target_population,2,100,43,0,43,K-Fold,5.0,RandomForest,numeric,11,True,0.7762237762237763,0.7662210076003179,0.7762237762237763,0.7589373589373589,0.7082558139534884
2,target_population,2,100,43,0,43,K-Fold,5.0,RandomForest,numeric,11,False,0.7902097902097902,0.7856015171269408,0.7902097902097902,0.7711045026209625,0.6932558139534883
2,target_population,2,100,43,0,43,LOOCV,,RandomForest,numeric,11,True,0.8111888111888111,0.8078660469964818,0.8111888111888111,0.7978304041193003,0.7575581395348837
2,target_population,2,100,43,0,43,LOOCV,,RandomForest,numeric,11,False,0.8111888111888111,0.8078660469964818,0.8111888111888111,0.7978304041193003,0.7501162790697674
2,target_population,2,100,43,0,43,K-Fold,5.0,SVM,numeric,11,True,0.7342657342657343,0.7652620737076061,0.7342657342657343,0.742866380930897,0.7880232558139534
2,target_population,2,100,43,0,43,K-Fold,5.0,SVM,numeric,11,False,0.7832167832167832,0.7779132632073809,0.7832167832167832,0.7618827025901244,0.7587209302325582
2,target_population,2,100,43,0,43,LOOCV,,SVM,numeric,11,True,0.7482517482517482,0.7684977496298251,0.7482517482517482,0.7547386823702613,0.7936046511627907
2,target_population,2,100,43,0,43,LOOCV,,SVM,numeric,11,False,0.7832167832167832,0.7932400932400933,0.7832167832167832,0.7508375049358657,0.672093023255814
2,target_population,2,100,43,0,43,K-Fold,5.0,AdaBoost,numeric,11,True,0.6853146853146853,0.7055444555444556,0.6853146853146853,0.6928067798831095,0.7461627906976744
2,target_population,2,100,43,0,43,K-Fold,5.0,AdaBoost,numeric,11,False,0.7692307692307693,0.7650298730395818,0.7692307692307693,0.7667654323242191,0.7560465116279069
2,target_population,2,100,43,0,43,LOOCV,,AdaBoost,numeric,11,True,0.7482517482517482,0.7554927342161386,0.7482517482517482,0.751277294134437,0.8113953488372093
2,target_population,2,100,43,0,43,LOOCV,,AdaBoost,numeric,11,False,0.8111888111888111,0.8049222768596758,0.8111888111888111,0.8042197037412349,0.8113953488372093
2,target_population,2,100,43,0,43,K-Fold,5.0,XGBoost,numeric,11,True,0.7552447552447552,0.7569047114501659,0.7552447552447552,0.7560364316559084,0.7441860465116279
2,target_population,2,100,43,0,43,K-Fold,5.0,XGBoost,numeric,11,False,0.7482517482517482,0.7421552806168191,0.7482517482517482,0.7445796671047746,0.7404651162790697
2,target_population,2,100,43,0,43,LOOCV,,XGBoost,numeric,11,True,0.7972027972027972,0.7985978667796849,0.7972027972027972,0.7978587576577527,0.7783720930232557
2,target_population,2,100,43,0,43,LOOCV,,XGBoost,numeric,11,False,0.7902097902097902,0.7854581316119778,0.7902097902097902,0.7871497225873123,0.7767441860465115
2,target_population,2,100,43,0,43,K-Fold,5.0,LogReg,desc+numeric,160,True,0.7482517482517482,0.7684977496298251,0.7482517482517482,0.7547386823702613,0.7632558139534884
2,target_population,2,100,43,0,43,K-Fold,5.0,LogReg,desc+numeric,160,False,0.7832167832167832,0.7736431709883037,0.7832167832167832,0.7705296183011792,0.7544186046511628
2,target_population,2,100,43,0,43,LOOCV,,LogReg,desc+numeric,160,True,0.7832167832167832,0.7879419997304353,0.7832167832167832,0.7852197993075195,0.8246511627906976
2,target_population,2,100,43,0,43,LOOCV,,LogReg,desc+numeric,160,False,0.8391608391608392,0.8384904181364358,0.8391608391608392,0.8297477813202297,0.8162790697674419
2,target_population,2,100,43,0,43,K-Fold,5.0,DecisionTree,desc+numeric,160,True,0.6713286713286714,0.7022661246799179,0.6713286713286714,0.6814836975264782,0.6523255813953488
2,target_population,2,100,43,0,43,K-Fold,5.0,DecisionTree,desc+numeric,160,False,0.6993006993006993,0.701313837677474,0.6993006993006993,0.700273330320116,0.6458139534883721
2,target_population,2,100,43,0,43,LOOCV,,DecisionTree,desc+numeric,160,True,0.7482517482517482,0.7421552806168191,0.7482517482517482,0.7445796671047746,0.6874418604651162
2,target_population,2,100,43,0,43,LOOCV,,DecisionTree,desc+numeric,160,False,0.7412587412587412,0.7395772544287397,0.7412587412587412,0.740380368826374,0.6890697674418605
2,target_population,2,100,43,0,43,K-Fold,5.0,RandomForest,desc+numeric,160,True,0.7482517482517482,0.7335396843593566,0.7482517482517482,0.71745652995653,0.7093023255813954
2,target_population,2,100,43,0,43,K-Fold,5.0,RandomForest,desc+numeric,160,False,0.7552447552447552,0.7449144351583376,0.7552447552447552,0.7231891178079519,0.690813953488372
2,target_population,2,100,43,0,43,LOOCV,,RandomForest,desc+numeric,160,True,0.7832167832167832,0.7813962896607525,0.7832167832167832,0.7584976109862988,0.7432558139534884
2,target_population,2,100,43,0,43,LOOCV,,RandomForest,desc+numeric,160,False,0.7832167832167832,0.7932400932400933,0.7832167832167832,0.7508375049358657,0.736860465116279
2,target_population,2,100,43,0,43,K-Fold,5.0,SVM,desc+numeric,160,True,0.7552447552447552,0.7728809651886575,0.7552447552447552,0.7610719399090852,0.7604651162790698
2,target_population,2,100,43,0,43,K-Fold,5.0,SVM,desc+numeric,160,False,0.7902097902097902,0.7824693824693825,0.7902097902097902,0.7834857450242065,0.765813953488372
2,target_population,2,100,43,0,43,LOOCV,,SVM,desc+numeric,160,True,0.7762237762237763,0.7793666650809509,0.7762237762237763,0.7776365049092321,0.7751162790697674
2,target_population,2,100,43,0,43,LOOCV,,SVM,desc+numeric,160,False,0.8111888111888111,0.8049222768596758,0.8111888111888111,0.8042197037412349,0.7953488372093023
2,target_population,2,100,43,0,43,K-Fold,5.0,AdaBoost,desc+numeric,160,True,0.6783216783216783,0.6963854559762488,0.6783216783216783,0.6853084858404007,0.7405813953488372
2,target_population,2,100,43,0,43,K-Fold,5.0,AdaBoost,desc+numeric,160,False,0.7622377622377622,0.754278358051943,0.7622377622377622,0.7567842351822933,0.7498837209302326
2,target_population,2,100,43,0,43,LOOCV,,AdaBoost,desc+numeric,160,True,0.7692307692307693,0.770802429893339,0.7692307692307693,0.7699772069898564,0.8090697674418604
2,target_population,2,100,43,0,43,LOOCV,,AdaBoost,desc+numeric,160,False,0.7832167832167832,0.7736431709883037,0.7832167832167832,0.7705296183011792,0.8002325581395349
2,target_population,2,100,43,0,43,K-Fold,5.0,XGBoost,desc+numeric,160,True,0.7552447552447552,0.7569047114501659,0.7552447552447552,0.7560364316559084,0.7441860465116279
2,target_population,2,100,43,0,43,K-Fold,5.0,XGBoost,desc+numeric,160,False,0.7482517482517482,0.7421552806168191,0.7482517482517482,0.7445796671047746,0.7404651162790697
2,target_population,2,100,43,0,43,LOOCV,,XGBoost,desc+numeric,160,True,0.7762237762237763,0.7762237762237763,0.7762237762237763,0.7762237762237763,0.77
2,target_population,2,100,43,0,43,LOOCV,,XGBoost,desc+numeric,160,False,0.7902097902097902,0.7854581316119778,0.7902097902097902,0.7871497225873123,0.7772093023255813
2,locals_vs_diaspora,3,3,28,169,3,K-Fold,5.0,LogReg,desc,149,True,0.765,0.774913506320692,0.765,0.7699204545454544,0.6025583013773748
2,locals_vs_diaspora,3,3,28,169,3,K-Fold,5.0,LogReg,desc,149,False,0.845,0.714025,0.845,0.774010840108401,0.6492169536673509
2,locals_vs_diaspora,3,3,28,169,3,LOOCV,,LogReg,desc,149,True,0.75,0.7849375,0.75,0.7667558257345491,0.5764356238171218
2,locals_vs_diaspora,3,3,28,169,3,LOOCV,,LogReg,desc,149,False,0.845,0.714025,0.845,0.774010840108401,0.5553587714822106
2,locals_vs_diaspora,3,3,28,169,3,K-Fold,5.0,DecisionTree,desc,149,True,0.475,0.7539177987566198,0.475,0.5761048513302035,0.5827588218437857
2,locals_vs_diaspora,3,3,28,169,3,K-Fold,5.0,DecisionTree,desc,149,False,0.855,0.825622340425532,0.855,0.8253029632905795,0.6156855505119934
2,locals_vs_diaspora,3,3,28,169,3,LOOCV,,DecisionTree,desc,149,True,0.825,0.7931159420289855,0.825,0.8010056657223796,0.5398769973267429
2,locals_vs_diaspora,3,3,28,169,3,LOOCV,,DecisionTree,desc,149,False,0.845,0.8047058823529412,0.845,0.8144367617401326,0.4934205101084915
2,locals_vs_diaspora,3,3,28,169,3,K-Fold,5.0,RandomForest,desc,149,True,0.815,0.7864395424836601,0.815,0.7975912129894938,0.5858935085928842
2,locals_vs_diaspora,3,3,28,169,3,K-Fold,5.0,RandomForest,desc,149,False,0.855,0.8292857142857143,0.855,0.8041130136986301,0.680067931005594
2,locals_vs_diaspora,3,3,28,169,3,LOOCV,,RandomForest,desc,149,True,0.805,0.778370577281192,0.805,0.7892516241879061,0.5181670909478638
2,locals_vs_diaspora,3,3,28,169,3,LOOCV,,RandomForest,desc,149,False,0.855,0.8292857142857143,0.855,0.8041130136986301,0.5865289307733025
2,locals_vs_diaspora,3,3,28,169,3,K-Fold,5.0,SVM,desc,149,True,0.82,0.7818348357080547,0.82,0.7986589665653496,0.4949685787563642
2,locals_vs_diaspora,3,3,28,169,3,K-Fold,5.0,SVM,desc,149,False,0.845,0.714025,0.845,0.774010840108401,0.591124898134432
2,locals_vs_diaspora,3,3,28,169,3,LOOCV,,SVM,desc,149,True,0.805,0.7862086956521739,0.805,0.7950011399908802,0.4664204820240593
2,locals_vs_diaspora,3,3,28,169,3,LOOCV,,SVM,desc,149,False,0.845,0.714025,0.845,0.774010840108401,0.4777412357531007
2,locals_vs_diaspora,3,3,28,169,3,K-Fold,5.0,AdaBoost,desc,149,True,0.855,0.8749739583333332,0.855,0.8168005540166206,0.6159930940857042
2,locals_vs_diaspora,3,3,28,169,3,K-Fold,5.0,AdaBoost,desc,149,False,0.845,0.714025,0.845,0.774010840108401,0.582225819779818
2,locals_vs_diaspora,3,3,28,169,3,LOOCV,,AdaBoost,desc,149,True,0.83,0.8032275132275132,0.83,0.7916899441340783,0.6714289311541084
2,locals_vs_diaspora,3,3,28,169,3,LOOCV,,AdaBoost,desc,149,False,0.845,0.714025,0.845,0.774010840108401,0.7487171697746773
2,locals_vs_diaspora,3,3,28,169,3,K-Fold,5.0,XGBoost,desc,149,True,0.82,0.7656436170212767,0.82,0.7842621259029928,0.5210998649091206
2,locals_vs_diaspora,3,3,28,169,3,K-Fold,5.0,XGBoost,desc,149,False,0.83,0.743,0.83,0.774556277056277,0.5243512162939211
2,locals_vs_diaspora,3,3,28,169,3,LOOCV,,XGBoost,desc,149,True,0.82,0.7774774774774775,0.82,0.7918418079096046,0.4466673251434686
2,locals_vs_diaspora,3,3,28,169,3,LOOCV,,XGBoost,desc,149,False,0.815,0.7099742268041237,0.815,0.7588705234159779,0.2543456374880522
2,locals_vs_diaspora,3,3,28,169,3,K-Fold,5.0,LogReg,username,200,True,0.845,0.714025,0.845,0.774010840108401,0.4805627168213373
2,locals_vs_diaspora,3,3,28,169,3,K-Fold,5.0,LogReg,username,200,False,0.845,0.714025,0.845,0.774010840108401,0.4805627168213373
2,locals_vs_diaspora,3,3,28,169,3,LOOCV,,LogReg,username,200,True,0.845,0.714025,0.845,0.774010840108401,0.0
2,locals_vs_diaspora,3,3,28,169,3,LOOCV,,LogReg,username,200,False,0.845,0.714025,0.845,0.774010840108401,0.0
2,locals_vs_diaspora,3,3,28,169,3,K-Fold,5.0,DecisionTree,username,200,True,0.845,0.714025,0.845,0.774010840108401,0.5
2,locals_vs_diaspora,3,3,28,169,3,K-Fold,5.0,DecisionTree,username,200,False,0.845,0.714025,0.845,0.774010840108401,0.5
2,locals_vs_diaspora,3,3,28,169,3,LOOCV,,DecisionTree,username,200,True,0.845,0.714025,0.845,0.774010840108401,0.5
2,locals_vs_diaspora,3,3,28,169,3,LOOCV,,DecisionTree,username,200,False,0.845,0.714025,0.845,0.774010840108401,0.5
2,locals_vs_diaspora,3,3,28,169,3,K-Fold,5.0,RandomForest,username,200,True,0.845,0.714025,0.845,0.774010840108401,0.5070330082520631
2,locals_vs_diaspora,3,3,28,169,3,K-Fold,5.0,RandomForest,username,200,False,0.845,0.714025,0.845,0.774010840108401,0.5070330082520631
2,locals_vs_diaspora,3,3,28,169,3,LOOCV,,RandomForest,username,200,True,0.845,0.714025,0.845,0.774010840108401,0.5267254313578396
2,locals_vs_diaspora,3,3,28,169,3,LOOCV,,RandomForest,username,200,False,0.845,0.714025,0.845,0.774010840108401,0.5238184546136534
2,locals_vs_diaspora,3,3,28,169,3,K-Fold,5.0,SVM,username,200,True,0.845,0.714025,0.845,0.774010840108401,0.4934659426277889
2,locals_vs_diaspora,3,3,28,169,3,K-Fold,5.0,SVM,username,200,False,0.845,0.714025,0.845,0.774010840108401,0.4805627168213373
2,locals_vs_diaspora,3,3,28,169,3,LOOCV,,SVM,username,200,True,0.845,0.714025,0.845,0.774010840108401,0.0
2,locals_vs_diaspora,3,3,28,169,3,LOOCV,,SVM,username,200,False,0.845,0.714025,0.845,0.774010840108401,0.0
2,locals_vs_diaspora,3,3,28,169,3,K-Fold,5.0,AdaBoost,username,200,True,0.555,0.7287083333333334,0.555,0.6165487632961681,0.4805627168213373
2,locals_vs_diaspora,3,3,28,169,3,K-Fold,5.0,AdaBoost,username,200,False,0.845,0.714025,0.845,0.774010840108401,0.4805627168213373
2,locals_vs_diaspora,3,3,28,169,3,LOOCV,,AdaBoost,username,200,True,0.0,0.0,0.0,0.0,0.0
2,locals_vs_diaspora,3,3,28,169,3,LOOCV,,AdaBoost,username,200,False,0.845,0.714025,0.845,0.774010840108401,0.0
2,locals_vs_diaspora,3,3,28,169,3,K-Fold,5.0,XGBoost,username,200,True,0.845,0.714025,0.845,0.774010840108401,0.4805627168213373
2,locals_vs_diaspora,3,3,28,169,3,K-Fold,5.0,XGBoost,username,200,False,0.845,0.714025,0.845,0.774010840108401,0.4805627168213373
2,locals_vs_diaspora,3,3,28,169,3,LOOCV,,XGBoost,username,200,True,0.845,0.714025,0.845,0.774010840108401,0.0
2,locals_vs_diaspora,3,3,28,169,3,LOOCV,,XGBoost,username,200,False,0.845,0.714025,0.845,0.774010840108401,0.0
2,locals_vs_diaspora,3,3,28,169,3,K-Fold,5.0,LogReg,fullname,300,True,0.82,0.7106666666666667,0.82,0.7614285714285713,0.5432793810762334
2,locals_vs_diaspora,3,3,28,169,3,K-Fold,5.0,LogReg,fullname,300,False,0.845,0.714025,0.845,0.774010840108401,0.550154378696197
2,locals_vs_diaspora,3,3,28,169,3,LOOCV,,LogReg,fullname,300,True,0.81,0.7092746113989636,0.81,0.7562983425414365,0.4164443490314202
2,locals_vs_diaspora,3,3,28,169,3,LOOCV,,LogReg,fullname,300,False,0.845,0.714025,0.845,0.774010840108401,0.4122843210802701
2,locals_vs_diaspora,3,3,28,169,3,K-Fold,5.0,DecisionTree,fullname,300,True,0.37,0.7447236704900939,0.37,0.4273014629049111,0.5576973930982746
2,locals_vs_diaspora,3,3,28,169,3,K-Fold,5.0,DecisionTree,fullname,300,False,0.835,0.7506632653061225,0.835,0.7773527397260274,0.4703704051012752
2,locals_vs_diaspora,3,3,28,169,3,LOOCV,,DecisionTree,fullname,300,True,0.27,0.6986125172572482,0.27,0.2970152788388082,0.7188737809452364
2,locals_vs_diaspora,3,3,28,169,3,LOOCV,,DecisionTree,fullname,300,False,0.815,0.7440263157894736,0.815,0.7726477056150125,0.4195470742685672
2,locals_vs_diaspora,3,3,28,169,3,K-Fold,5.0,RandomForest,fullname,300,True,0.84,0.7629864636209814,0.84,0.7801524766437511,0.4793577494944802
2,locals_vs_diaspora,3,3,28,169,3,K-Fold,5.0,RandomForest,fullname,300,False,0.845,0.714025,0.845,0.774010840108401,0.5761989910548703
2,locals_vs_diaspora,3,3,28,169,3,LOOCV,,RandomForest,fullname,300,True,0.84,0.7133668341708542,0.84,0.7715217391304346,0.4360550488193114
2,locals_vs_diaspora,3,3,28,169,3,LOOCV,,RandomForest,fullname,300,False,0.84,0.7133668341708542,0.84,0.7715217391304346,0.5509729970563707
2,locals_vs_diaspora,3,3,28,169,3,K-Fold,5.0,SVM,fullname,300,True,0.815,0.7099742268041237,0.815,0.7588705234159779,0.5528179871744586
2,locals_vs_diaspora,3,3,28,169,3,K-Fold,5.0,SVM,fullname,300,False,0.845,0.714025,0.845,0.774010840108401,0.4296569177192774
2,locals_vs_diaspora,3,3,28,169,3,LOOCV,,SVM,fullname,300,True,0.81,0.7092746113989636,0.81,0.7562983425414365,0.2353861514236427
2,locals_vs_diaspora,3,3,28,169,3,LOOCV,,SVM,fullname,300,False,0.845,0.714025,0.845,0.774010840108401,0.2434386626478954
2,locals_vs_diaspora,3,3,28,169,3,K-Fold,5.0,AdaBoost,fullname,300,True,0.555,0.7287083333333334,0.555,0.6165487632961681,0.4805627168213373
2,locals_vs_diaspora,3,3,28,169,3,K-Fold,5.0,AdaBoost,fullname,300,False,0.845,0.714025,0.845,0.774010840108401,0.4801660551559209
2,locals_vs_diaspora,3,3,28,169,3,LOOCV,,AdaBoost,fullname,300,True,0.0,0.0,0.0,0.0,0.000813953488372
2,locals_vs_diaspora,3,3,28,169,3,LOOCV,,AdaBoost,fullname,300,False,0.84,0.7133668341708542,0.84,0.7715217391304346,0.0105232558139534
2,locals_vs_diaspora,3,3,28,169,3,K-Fold,5.0,XGBoost,fullname,300,True,0.82,0.7789746062359368,0.82,0.7959128787878789,0.5522026644034105
2,locals_vs_diaspora,3,3,28,169,3,K-Fold,5.0,XGBoost,fullname,300,False,0.835,0.7809210526315788,0.835,0.7967995895030053,0.5374812810118773
2,locals_vs_diaspora,3,3,28,169,3,LOOCV,,XGBoost,fullname,300,True,0.82,0.7789746062359368,0.82,0.7959128787878789,0.3176338723005625
2,locals_vs_diaspora,3,3,28,169,3,LOOCV,,XGBoost,fullname,300,False,0.81,0.7092746113989636,0.81,0.7562983425414365,0.3796558133822796
2,locals_vs_diaspora,3,3,28,169,3,K-Fold,5.0,LogReg,desc_user,149,True,0.765,0.774913506320692,0.765,0.7699204545454544,0.6025583013773748
2,locals_vs_diaspora,3,3,28,169,3,K-Fold,5.0,LogReg,desc_user,149,False,0.845,0.714025,0.845,0.774010840108401,0.6492169536673509
2,locals_vs_diaspora,3,3,28,169,3,LOOCV,,LogReg,desc_user,149,True,0.75,0.7849375,0.75,0.7667558257345491,0.5764356238171218
2,locals_vs_diaspora,3,3,28,169,3,LOOCV,,LogReg,desc_user,149,False,0.845,0.714025,0.845,0.774010840108401,0.5553587714822106
2,locals_vs_diaspora,3,3,28,169,3,K-Fold,5.0,DecisionTree,desc_user,149,True,0.475,0.7539177987566198,0.475,0.5761048513302035,0.5827588218437857
2,locals_vs_diaspora,3,3,28,169,3,K-Fold,5.0,DecisionTree,desc_user,149,False,0.855,0.825622340425532,0.855,0.8253029632905795,0.6156855505119934
2,locals_vs_diaspora,3,3,28,169,3,LOOCV,,DecisionTree,desc_user,149,True,0.825,0.7931159420289855,0.825,0.8010056657223796,0.5398769973267429
2,locals_vs_diaspora,3,3,28,169,3,LOOCV,,DecisionTree,desc_user,149,False,0.845,0.8047058823529412,0.845,0.8144367617401326,0.4934205101084915
2,locals_vs_diaspora,3,3,28,169,3,K-Fold,5.0,RandomForest,desc_user,149,True,0.815,0.7864395424836601,0.815,0.7975912129894938,0.5858935085928842
2,locals_vs_diaspora,3,3,28,169,3,K-Fold,5.0,RandomForest,desc_user,149,False,0.855,0.8292857142857143,0.855,0.8041130136986301,0.680067931005594
2,locals_vs_diaspora,3,3,28,169,3,LOOCV,,RandomForest,desc_user,149,True,0.805,0.778370577281192,0.805,0.7892516241879061,0.5181670909478638
2,locals_vs_diaspora,3,3,28,169,3,LOOCV,,RandomForest,desc_user,149,False,0.855,0.8292857142857143,0.855,0.8041130136986301,0.5865289307733025
2,locals_vs_diaspora,3,3,28,169,3,K-Fold,5.0,SVM,desc_user,149,True,0.82,0.7818348357080547,0.82,0.7986589665653496,0.4949685787563642
2,locals_vs_diaspora,3,3,28,169,3,K-Fold,5.0,SVM,desc_user,149,False,0.845,0.714025,0.845,0.774010840108401,0.591124898134432
2,locals_vs_diaspora,3,3,28,169,3,LOOCV,,SVM,desc_user,149,True,0.805,0.7862086956521739,0.805,0.7950011399908802,0.4664204820240593
2,locals_vs_diaspora,3,3,28,169,3,LOOCV,,SVM,desc_user,149,False,0.845,0.714025,0.845,0.774010840108401,0.4777412357531007
2,locals_vs_diaspora,3,3,28,169,3,K-Fold,5.0,AdaBoost,desc_user,149,True,0.855,0.8749739583333332,0.855,0.8168005540166206,0.6159930940857042
2,locals_vs_diaspora,3,3,28,169,3,K-Fold,5.0,AdaBoost,desc_user,149,False,0.845,0.714025,0.845,0.774010840108401,0.582225819779818
2,locals_vs_diaspora,3,3,28,169,3,LOOCV,,AdaBoost,desc_user,149,True,0.83,0.8032275132275132,0.83,0.7916899441340783,0.6714289311541084
2,locals_vs_diaspora,3,3,28,169,3,LOOCV,,AdaBoost,desc_user,149,False,0.845,0.714025,0.845,0.774010840108401,0.7487171697746773
2,locals_vs_diaspora,3,3,28,169,3,K-Fold,5.0,XGBoost,desc_user,149,True,0.82,0.7656436170212767,0.82,0.7842621259029928,0.5210998649091206
2,locals_vs_diaspora,3,3,28,169,3,K-Fold,5.0,XGBoost,desc_user,149,False,0.83,0.743,0.83,0.774556277056277,0.5243512162939211
2,locals_vs_diaspora,3,3,28,169,3,LOOCV,,XGBoost,desc_user,149,True,0.82,0.7774774774774775,0.82,0.7918418079096046,0.4466673251434686
2,locals_vs_diaspora,3,3,28,169,3,LOOCV,,XGBoost,desc_user,149,False,0.815,0.7099742268041237,0.815,0.7588705234159779,0.2543456374880522
2,locals_vs_diaspora,3,3,28,169,3,K-Fold,5.0,LogReg,desc_fullname,178,True,0.795,0.7849083184257603,0.795,0.7898392527424786,0.6513985214260418
2,locals_vs_diaspora,3,3,28,169,3,K-Fold,5.0,LogReg,desc_fullname,178,False,0.845,0.714025,0.845,0.774010840108401,0.6604173322835786
2,locals_vs_diaspora,3,3,28,169,3,LOOCV,,LogReg,desc_fullname,178,True,0.765,0.7813262195121952,0.765,0.7728108108108108,0.6398345065327246
2,locals_vs_diaspora,3,3,28,169,3,LOOCV,,LogReg,desc_fullname,178,False,0.845,0.714025,0.845,0.774010840108401,0.6079263502423831
2,locals_vs_diaspora,3,3,28,169,3,K-Fold,5.0,DecisionTree,desc_fullname,178,True,0.815,0.7991902071563088,0.815,0.8045740135712491,0.6089370827795781
2,locals_vs_diaspora,3,3,28,169,3,K-Fold,5.0,DecisionTree,desc_fullname,178,False,0.81,0.7548817204301075,0.81,0.7764269829503335,0.5425305739505941
2,locals_vs_diaspora,3,3,28,169,3,LOOCV,,DecisionTree,desc_fullname,178,True,0.765,0.7531541582150101,0.765,0.7577337220602526,0.5115037595058664
2,locals_vs_diaspora,3,3,28,169,3,LOOCV,,DecisionTree,desc_fullname,178,False,0.79,0.7326721014492754,0.79,0.7586430594900851,0.4576946774764757
2,locals_vs_diaspora,3,3,28,169,3,K-Fold,5.0,RandomForest,desc_fullname,178,True,0.78,0.7415833333333333,0.78,0.7591491217142144,0.5181932832510158
2,locals_vs_diaspora,3,3,28,169,3,K-Fold,5.0,RandomForest,desc_fullname,178,False,0.825,0.7423298969072165,0.825,0.7720110192837466,0.5960432485976824
2,locals_vs_diaspora,3,3,28,169,3,LOOCV,,RandomForest,desc_fullname,178,True,0.785,0.7493611111111111,0.785,0.7652360782359537,0.4870716600469915
2,locals_vs_diaspora,3,3,28,169,3,LOOCV,,RandomForest,desc_fullname,178,False,0.825,0.7423298969072165,0.825,0.7720110192837466,0.5525530938572206
2,locals_vs_diaspora,3,3,28,169,3,K-Fold,5.0,SVM,desc_fullname,178,True,0.8,0.7872277456647399,0.8,0.7933752620545073,0.6008884343547816
2,locals_vs_diaspora,3,3,28,169,3,K-Fold,5.0,SVM,desc_fullname,178,False,0.845,0.714025,0.845,0.774010840108401,0.592007518059718
2,locals_vs_diaspora,3,3,28,169,3,LOOCV,,SVM,desc_fullname,178,True,0.765,0.7629841628959276,0.765,0.7639429695181909,0.5560574788367142
2,locals_vs_diaspora,3,3,28,169,3,LOOCV,,SVM,desc_fullname,178,False,0.84,0.7133668341708542,0.84,0.7715217391304346,0.4921968261735485
2,locals_vs_diaspora,3,3,28,169,3,K-Fold,5.0,AdaBoost,desc_fullname,178,True,0.415,0.7348333333333333,0.415,0.4837411095305832,0.4831937830587088
2,locals_vs_diaspora,3,3,28,169,3,K-Fold,5.0,AdaBoost,desc_fullname,178,False,0.835,0.8556632653061225,0.835,0.7782579121398205,0.512438906839654
2,locals_vs_diaspora,3,3,28,169,3,LOOCV,,AdaBoost,desc_fullname,178,True,0.005,0.0008383233532934,0.005,0.0014358974358974,0.1099868717179294
2,locals_vs_diaspora,3,3,28,169,3,LOOCV,,AdaBoost,desc_fullname,178,False,0.825,0.715,0.825,0.7660714285714286,0.085004688672168
2,locals_vs_diaspora,3,3,28,169,3,K-Fold,5.0,XGBoost,desc_fullname,178,True,0.775,0.7462995269071555,0.775,0.759247654669201,0.5132422382245307
2,locals_vs_diaspora,3,3,28,169,3,K-Fold,5.0,XGBoost,desc_fullname,178,False,0.835,0.765352233676976,0.835,0.7846524064171122,0.5469019443947282
2,locals_vs_diaspora,3,3,28,169,3,LOOCV,,XGBoost,desc_fullname,178,True,0.785,0.7511911764705883,0.785,0.7657771410378861,0.5027499514472527
2,locals_vs_diaspora,3,3,28,169,3,LOOCV,,XGBoost,desc_fullname,178,False,0.83,0.7646977547495684,0.83,0.7821059473513162,0.45821583409811845
2,locals_vs_diaspora,3,3,28,169,3,K-Fold,5,LogReg,user_fullname,300,True,0.795,0.762638888888889,0.795,0.7760276113571243,0.5520104883454365
2,locals_vs_diaspora,3,3,28,169,3,K-Fold,5,LogReg,user_fullname,300,False,0.845,0.714025,0.845,0.774010840108401,0.5481397966877506
2,locals_vs_diaspora,3,3,28,169,3,LOOCV,,LogReg,user_fullname,300,True,0.785,0.7462777777777777,0.785,0.7639915285910054,0.4400014756227128
2,locals_vs_diaspora,3,3,28,169,3,LOOCV,,LogReg,user_fullname,300,False,0.845,0.714025,0.845,0.774010840108401,0.40230876405649646
2,locals_vs_diaspora,3,3,28,169,3,K-Fold,5,DecisionTree,user_fullname,300,True,0.155,0.6226623376623377,0.155,0.23044117647058823,0.4179370056663913
2,locals_vs_diaspora,3,3,28,169,3,K-Fold,5,DecisionTree,user_fullname,300,False,0.84,0.7629864636209814,0.84,0.7801524766437511,0.41404622411948167
2,locals_vs_diaspora,3,3,28,169,3,LOOCV,,DecisionTree,user_fullname,300,True,0.14,0.587593268886502,0.14,0.21898215930794293,0.4833363329728372
2,locals_vs_diaspora,3,3,28,169,3,LOOCV,,DecisionTree,user_fullname,300,False,0.83,0.75,0.83,0.7748214285714287,0.3446874083685896
2,locals_vs_diaspora,3,3,28,169,3,K-Fold,5,RandomForest,user_fullname,300,True,0.2,0.6590608330288638,0.2,0.2931399584868895,0.4047785899520565
2,locals_vs_diaspora,3,3,28,169,3,K-Fold,5,RandomForest,user_fullname,300,False,0.845,0.714025,0.845,0.774010840108401,0.41324325212013663
2,locals_vs_diaspora,3,3,28,169,3,LOOCV,,RandomForest,user_fullname,300,True,0.205,0.6378429919137467,0.205,0.3047142947142947,0.3343673719825896
2,locals_vs_diaspora,3,3,28,169,3,LOOCV,,RandomForest,user_fullname,300,False,0.84,0.7133668341708542,0.84,0.7715217391304346,0.3211350061500146
2,locals_vs_diaspora,3,3,28,169,3,K-Fold,5,SVM,user_fullname,300,True,0.805,0.7618697478991598,0.805,0.7808148148148149,0.5477217289728523
2,locals_vs_diaspora,3,3,28,169,3,K-Fold,5,SVM,user_fullname,300,False,0.845,0.714025,0.845,0.774010840108401,0.5332382730834994
2,locals_vs_diaspora,3,3,28,169,3,LOOCV,,SVM,user_fullname,300,True,0.79,0.74695211786372,0.79,0.7666894409937888,
2,locals_vs_diaspora,3,3,28,169,3,LOOCV,,SVM,user_fullname,300,False,0.845,0.714025,0.845,0.774010840108401,
2,locals_vs_diaspora,3,3,28,169,3,K-Fold,5,AdaBoost,user_fullname,300,True,0.675,0.7485164835164835,0.675,0.705360759493671,0.5290980874977628
2,locals_vs_diaspora,3,3,28,169,3,K-Fold,5,AdaBoost,user_fullname,300,False,0.845,0.714025,0.845,0.774010840108401,0.5387761685027856
2,locals_vs_diaspora,3,3,28,169,3,LOOCV,,AdaBoost,user_fullname,300,True,0.805,0.757886531661845,0.805,0.7786672979797981,0.763429171061801
2,locals_vs_diaspora,3,3,28,169,3,LOOCV,,AdaBoost,user_fullname,300,False,0.84,0.7133668341708542,0.84,0.7715217391304346,0.16332812422648807
2,locals_vs_diaspora,3,3,28,169,3,K-Fold,5,XGBoost,user_fullname,300,True,0.8,0.7572268907563026,0.8,0.7759999999999999,0.5182787694068187
2,locals_vs_diaspora,3,3,28,169,3,K-Fold,5,XGBoost,user_fullname,300,False,0.84,0.7133668341708542,0.84,0.7715217391304346,0.45154786396472213
2,locals_vs_diaspora,3,3,28,169,3,LOOCV,,XGBoost,user_fullname,300,True,0.785,0.7533736809435134,0.785,0.7673650674662669,0.2594193377024459
2,locals_vs_diaspora,3,3,28,169,3,LOOCV,,XGBoost,user_fullname,300,False,0.835,0.7127020202020202,0.835,0.7690190735694823,0.26960558508916566
2,locals_vs_diaspora,3,3,28,169,3,K-Fold,5,LogReg,desc_user_fullname,178,True,0.795,0.7849083184257603,0.795,0.7898392527424786,0.6513985214260418
2,locals_vs_diaspora,3,3,28,169,3,K-Fold,5,LogReg,desc_user_fullname,178,False,0.845,0.714025,0.845,0.774010840108401,0.6604173322835786
2,locals_vs_diaspora,3,3,28,169,3,LOOCV,,LogReg,desc_user_fullname,178,True,0.765,0.7813262195121952,0.765,0.7728108108108108,0.6398345065327246
2,locals_vs_diaspora,3,3,28,169,3,LOOCV,,LogReg,desc_user_fullname,178,False,0.845,0.714025,0.845,0.774010840108401,0.6079263502423831
2,locals_vs_diaspora,3,3,28,169,3,K-Fold,5,DecisionTree,desc_user_fullname,178,True,0.815,0.7991902071563088,0.815,0.8045740135712491,0.6089370827795781
2,locals_vs_diaspora,3,3,28,169,3,K-Fold,5,DecisionTree,desc_user_fullname,178,False,0.81,0.7548817204301075,0.81,0.7764269829503335,0.5425305739505941
2,locals_vs_diaspora,3,3,28,169,3,LOOCV,,DecisionTree,desc_user_fullname,178,True,0.765,0.7531541582150101,0.765,0.7577337220602526,0.5115037595058664
2,locals_vs_diaspora,3,3,28,169,3,LOOCV,,DecisionTree,desc_user_fullname,178,False,0.79,0.7326721014492754,0.79,0.7586430594900851,0.45769467747647574
2,locals_vs_diaspora,3,3,28,169,3,K-Fold,5,RandomForest,desc_user_fullname,178,True,0.78,0.7415833333333333,0.78,0.7591491217142144,0.5181932832510158
2,locals_vs_diaspora,3,3,28,169,3,K-Fold,5,RandomForest,desc_user_fullname,178,False,0.825,0.7423298969072165,0.825,0.7720110192837466,0.5960432485976824
2,locals_vs_diaspora,3,3,28,169,3,LOOCV,,RandomForest,desc_user_fullname,178,True,0.785,0.7493611111111111,0.785,0.7652360782359537,0.4870716600469914
2,locals_vs_diaspora,3,3,28,169,3,LOOCV,,RandomForest,desc_user_fullname,178,False,0.825,0.7423298969072165,0.825,0.7720110192837466,0.5525530938572207
2,locals_vs_diaspora,3,3,28,169,3,K-Fold,5,SVM,desc_user_fullname,178,True,0.8,0.7872277456647399,0.8,0.7933752620545073,0.6008884343547816
2,locals_vs_diaspora,3,3,28,169,3,K-Fold,5,SVM,desc_user_fullname,178,False,0.845,0.714025,0.845,0.774010840108401,0.592007518059718
2,locals_vs_diaspora,3,3,28,169,3,LOOCV,,SVM,desc_user_fullname,178,True,0.765,0.7629841628959276,0.765,0.7639429695181909,
2,locals_vs_diaspora,3,3,28,169,3,LOOCV,,SVM,desc_user_fullname,178,False,0.84,0.7133668341708542,0.84,0.7715217391304346,
2,locals_vs_diaspora,3,3,28,169,3,K-Fold,5,AdaBoost,desc_user_fullname,178,True,0.415,0.7348333333333333,0.415,0.48374110953058325,0.48319378305870886
2,locals_vs_diaspora,3,3,28,169,3,K-Fold,5,AdaBoost,desc_user_fullname,178,False,0.835,0.8556632653061225,0.835,0.7782579121398205,0.512438906839654
2,locals_vs_diaspora,3,3,28,169,3,LOOCV,,AdaBoost,desc_user_fullname,178,True,0.005,0.0008383233532934133,0.005,0.0014358974358974358,0.10998687171792947
2,locals_vs_diaspora,3,3,28,169,3,LOOCV,,AdaBoost,desc_user_fullname,178,False,0.825,0.715,0.825,0.7660714285714286,0.08500468867216805
2,locals_vs_diaspora,3,3,28,169,3,K-Fold,5,XGBoost,desc_user_fullname,178,True,0.775,0.7462995269071555,0.775,0.759247654669201,0.5132422382245307
2,locals_vs_diaspora,3,3,28,169,3,K-Fold,5,XGBoost,desc_user_fullname,178,False,0.835,0.765352233676976,0.835,0.7846524064171122,0.5469019443947282
2,locals_vs_diaspora,3,3,28,169,3,LOOCV,,XGBoost,desc_user_fullname,178,True,0.785,0.7511911764705883,0.785,0.7657771410378861,0.5027499514472527
2,locals_vs_diaspora,3,3,28,169,3,LOOCV,,XGBoost,desc_user_fullname,178,False,0.83,0.7646977547495684,0.83,0.7821059473513162,0.45821583409811845
2,locals_vs_diaspora,3,3,28,169,3,K-Fold,5,LogReg,numeric,11,True,0.695,0.8296273847376787,0.695,0.7529306431273645,0.749619584464644
2,locals_vs_diaspora,3,3,28,169,3,K-Fold,5,LogReg,numeric,11,False,0.885,0.8627445652173913,0.885,0.8663069791398403,0.7229949666985273
2,locals_vs_diaspora,3,3,28,169,3,LOOCV,,LogReg,numeric,11,True,0.76,0.8593813521873618,0.76,0.8055829970406241,0.7847610776425071
2,locals_vs_diaspora,3,3,28,169,3,LOOCV,,LogReg,numeric,11,False,0.88,0.8563153153153154,0.88,0.8593397713835239,0.7653021504106993
2,locals_vs_diaspora,3,3,28,169,3,K-Fold,5,DecisionTree,numeric,11,True,0.81,0.8076137512639029,0.81,0.808215743775516,0.6269383018343418
2,locals_vs_diaspora,3,3,28,169,3,K-Fold,5,DecisionTree,numeric,11,False,0.79,0.8149444444444444,0.79,0.8009460486322189,0.6678297112349153
2,locals_vs_diaspora,3,3,28,169,3,LOOCV,,DecisionTree,numeric,11,True,0.77,0.7958220679576179,0.77,0.7820107526881721,0.6301265989086104
2,locals_vs_diaspora,3,3,28,169,3,LOOCV,,DecisionTree,numeric,11,False,0.785,0.8212286288970836,0.785,0.8007129577988473,0.6917357511966824
2,locals_vs_diaspora,3,3,28,169,3,K-Fold,5,RandomForest,numeric,11,True,0.88,0.8556117021276596,0.88,0.8535602240896358,0.728041384552991
2,locals_vs_diaspora,3,3,28,169,3,K-Fold,5,RandomForest,numeric,11,False,0.885,0.8607087753134042,0.885,0.8668541666666667,0.6987547481730839
2,locals_vs_diaspora,3,3,28,169,3,LOOCV,,RandomForest,numeric,11,True,0.87,0.8425113122171947,0.87,0.844749931488079,0.6918267352371088
2,locals_vs_diaspora,3,3,28,169,3,LOOCV,,RandomForest,numeric,11,False,0.88,0.8547619047619047,0.88,0.8626731078904991,0.6426226647080553
2,locals_vs_diaspora,3,3,28,169,3,K-Fold,5,SVM,numeric,11,True,0.75,0.8449719800747197,0.75,0.7931381733021078,0.7731268635686842
2,locals_vs_diaspora,3,3,28,169,3,K-Fold,5,SVM,numeric,11,False,0.885,0.8627445652173913,0.885,0.8663069791398403,0.6469684806988549
2,locals_vs_diaspora,3,3,28,169,3,LOOCV,,SVM,numeric,11,True,0.785,0.8812399885583524,0.785,0.8301795858530328,
2,locals_vs_diaspora,3,3,28,169,3,LOOCV,,SVM,numeric,11,False,0.895,0.8749603174603174,0.895,0.8796618357487922,
2,locals_vs_diaspora,3,3,28,169,3,K-Fold,5,AdaBoost,numeric,11,True,0.645,0.7848474576271187,0.645,0.6974912543728135,0.6462787294222032
2,locals_vs_diaspora,3,3,28,169,3,K-Fold,5,AdaBoost,numeric,11,False,0.845,0.8284875813128326,0.845,0.8339548715433196,0.6699801147939268
2,locals_vs_diaspora,3,3,28,169,3,LOOCV,,AdaBoost,numeric,11,True,0.73,0.8124652777777777,0.73,0.7625794518244493,0.682445849406514
2,locals_vs_diaspora,3,3,28,169,3,LOOCV,,AdaBoost,numeric,11,False,0.88,0.8604112318840579,0.88,0.8615712497529482,0.6676598575405274
2,locals_vs_diaspora,3,3,28,169,3,K-Fold,5,XGBoost,numeric,11,True,0.865,0.8442977528089888,0.865,0.8526924660354055,0.6986425984668756
2,locals_vs_diaspora,3,3,28,169,3,K-Fold,5,XGBoost,numeric,11,False,0.855,0.8221504339440693,0.855,0.8337840909090909,0.7071520100837391
2,locals_vs_diaspora,3,3,28,169,3,LOOCV,,XGBoost,numeric,11,True,0.845,0.8354860069965017,0.845,0.83943920425313,0.6832792906348414
2,locals_vs_diaspora,3,3,28,169,3,LOOCV,,XGBoost,numeric,11,False,0.865,0.8418538980969921,0.865,0.8491850931677019,0.69084689319538
2,locals_vs_diaspora,3,3,28,169,3,K-Fold,5,LogReg,desc+numeric,160,True,0.8,0.8425925925925926,0.8,0.8205438066465257,0.7451223719635494
2,locals_vs_diaspora,3,3,28,169,3,K-Fold,5,LogReg,desc+numeric,160,False,0.885,0.8607087753134042,0.885,0.8668541666666667,0.7266927106142017
2,locals_vs_diaspora,3,3,28,169,3,LOOCV,,LogReg,desc+numeric,160,True,0.825,0.8603658536585367,0.825,0.8420304920304921,0.7671609019006022
2,locals_vs_diaspora,3,3,28,169,3,LOOCV,,LogReg,desc+numeric,160,False,0.88,0.8563153153153154,0.88,0.8593397713835239,0.7555113270703461
2,locals_vs_diaspora,3,3,28,169,3,K-Fold,5,DecisionTree,desc+numeric,160,True,0.76,0.8099617407938786,0.76,0.7810973084886129,0.6643477176400698
2,locals_vs_diaspora,3,3,28,169,3,K-Fold,5,DecisionTree,desc+numeric,160,False,0.83,0.83,0.83,0.83,0.6907166195102076
2,locals_vs_diaspora,3,3,28,169,3,LOOCV,,DecisionTree,desc+numeric,160,True,0.79,0.8093711656441718,0.79,0.7991927710843372,0.6549765613992331
2,locals_vs_diaspora,3,3,28,169,3,LOOCV,,DecisionTree,desc+numeric,160,False,0.83,0.821247591522158,0.83,0.8251664417453891,0.6642725084824506
2,locals_vs_diaspora,3,3,28,169,3,K-Fold,5,RandomForest,desc+numeric,160,True,0.87,0.8477108784176847,0.87,0.8369451951951952,0.7679801961911799
2,locals_vs_diaspora,3,3,28,169,3,K-Fold,5,RandomForest,desc+numeric,160,False,0.87,0.8439874939874941,0.87,0.8410671823520985,0.769579502267699
2,locals_vs_diaspora,3,3,28,169,3,LOOCV,,RandomForest,desc+numeric,160,True,0.85,0.8077515997673066,0.85,0.8124211711711712,0.729006268064478
2,locals_vs_diaspora,3,3,28,169,3,LOOCV,,RandomForest,desc+numeric,160,False,0.865,0.8349556737588653,0.865,0.83709243697479,0.708695492401019
2,locals_vs_diaspora,3,3,28,169,3,K-Fold,5,SVM,desc+numeric,160,True,0.815,0.8404055525313011,0.815,0.8266940476190476,0.7488161412180456
2,locals_vs_diaspora,3,3,28,169,3,K-Fold,5,SVM,desc+numeric,160,False,0.88,0.8547619047619047,0.88,0.8626731078904991,0.6386449785035091
2,locals_vs_diaspora,3,3,28,169,3,LOOCV,,SVM,desc+numeric,160,True,0.825,0.8564622124863089,0.825,0.8396059701492539,
2,locals_vs_diaspora,3,3,28,169,3,LOOCV,,SVM,desc+numeric,160,False,0.89,0.8687932538528642,0.89,0.8752899696048633,
2,locals_vs_diaspora,3,3,28,169,3,K-Fold,5,AdaBoost,desc+numeric,160,True,0.56,0.7632774390243903,0.56,0.625031381429958,0.618611027280932
2,locals_vs_diaspora,3,3,28,169,3,K-Fold,5,AdaBoost,desc+numeric,160,False,0.865,0.8459836065573769,0.865,0.8477015063424947,0.6753096618063146
2,locals_vs_diaspora,3,3,28,169,3,LOOCV,,AdaBoost,desc+numeric,160,True,0.655,0.7916111111111112,0.655,0.7043812709030101,0.6843090039641889
2,locals_vs_diaspora,3,3,28,169,3,LOOCV,,AdaBoost,desc+numeric,160,False,0.87,0.8447677595628416,0.87,0.8510227272727272,0.6765201817586376
2,locals_vs_diaspora,3,3,28,169,3,K-Fold,5,XGBoost,desc+numeric,160,True,0.865,0.8442977528089888,0.865,0.8526924660354055,0.7035339973952879
2,locals_vs_diaspora,3,3,28,169,3,K-Fold,5,XGBoost,desc+numeric,160,False,0.855,0.8221504339440693,0.855,0.8337840909090909,0.708134189321442
2,locals_vs_diaspora,3,3,28,169,3,LOOCV,,XGBoost,desc+numeric,160,True,0.85,0.8401204281891169,0.85,0.8421504120034438,0.6778587714822106
2,locals_vs_diaspora,3,3,28,169,3,LOOCV,,XGBoost,desc+numeric,160,False,0.87,0.847373949579832,0.87,0.8532592592592593,0.6894583227025031
2,locals_vs_diaspora,2,3,28,0,3,K-Fold,5,LogReg,desc,149,True,0.8387096774193549,0.8097886540600668,0.8387096774193549,0.8239954725523485,0.25
2,locals_vs_diaspora,2,3,28,0,3,K-Fold,5,LogReg,desc,149,False,0.9032258064516129,0.8158168574401664,0.9032258064516129,0.8572990705303445,0.1785714285714286
2,locals_vs_diaspora,2,3,28,0,3,LOOCV,,LogReg,desc,149,True,0.8064516129032258,0.8064516129032258,0.8064516129032258,0.8064516129032258,0.1785714285714286
2,locals_vs_diaspora,2,3,28,0,3,LOOCV,,LogReg,desc,149,False,0.9032258064516129,0.8158168574401664,0.9032258064516129,0.8572990705303445,0.0
2,locals_vs_diaspora,2,3,28,0,3,K-Fold,5,DecisionTree,desc,149,True,0.6129032258064516,0.8217008797653959,0.6129032258064516,0.6912442396313364,0.386904761904762
2,locals_vs_diaspora,2,3,28,0,3,K-Fold,5,DecisionTree,desc,149,False,0.8387096774193549,0.8097886540600668,0.8387096774193549,0.8239954725523485,0.386904761904762
2,locals_vs_diaspora,2,3,28,0,3,LOOCV,,DecisionTree,desc,149,True,0.5483870967741935,0.810311552247036,0.5483870967741935,0.6404277699859748,0.33333333333333337
2,locals_vs_diaspora,2,3,28,0,3,LOOCV,,DecisionTree,desc,149,False,0.8387096774193549,0.8097886540600668,0.8387096774193549,0.8239954725523485,0.13095238095238096
2,locals_vs_diaspora,2,3,28,0,3,K-Fold,5,RandomForest,desc,149,True,0.9032258064516129,0.8158168574401664,0.9032258064516129,0.8572990705303445,0.2142857142857143
2,locals_vs_diaspora,2,3,28,0,3,K-Fold,5,RandomForest,desc,149,False,0.9032258064516129,0.8158168574401664,0.9032258064516129,0.8572990705303445,0.20238095238095238
2,locals_vs_diaspora,2,3,28,0,3,LOOCV,,RandomForest,desc,149,True,0.9032258064516129,0.8158168574401664,0.9032258064516129,0.8572990705303445,0.09523809523809525
2,locals_vs_diaspora,2,3,28,0,3,LOOCV,,RandomForest,desc,149,False,0.9032258064516129,0.8158168574401664,0.9032258064516129,0.8572990705303445,0.07142857142857144
2,locals_vs_diaspora,2,3,28,0,3,K-Fold,5,SVM,desc,149,True,0.8709677419354839,0.8129032258064516,0.8709677419354839,0.8409343715239154,0.7202380952380952
2,locals_vs_diaspora,2,3,28,0,3,K-Fold,5,SVM,desc,149,False,0.9032258064516129,0.8158168574401664,0.9032258064516129,0.8572990705303445,0.41071428571428575
2,locals_vs_diaspora,2,3,28,0,3,LOOCV,,SVM,desc,149,True,0.8387096774193549,0.8097886540600668,0.8387096774193549,0.8239954725523485,
2,locals_vs_diaspora,2,3,28,0,3,LOOCV,,SVM,desc,149,False,0.9032258064516129,0.8158168574401664,0.9032258064516129,0.8572990705303445,
2,locals_vs_diaspora,2,3,28,0,3,K-Fold,5,AdaBoost,desc,149,True,0.8064516129032258,0.8064516129032258,0.8064516129032258,0.8064516129032258,0.4285714285714286
2,locals_vs_diaspora,2,3,28,0,3,K-Fold,5,AdaBoost,desc,149,False,0.8709677419354839,0.8129032258064516,0.8709677419354839,0.8409343715239154,0.1785714285714286
2,locals_vs_diaspora,2,3,28,0,3,LOOCV,,AdaBoost,desc,149,True,0.7741935483870968,0.8028673835125447,0.7741935483870968,0.7882697947214076,0.5476190476190477
2,locals_vs_diaspora,2,3,28,0,3,LOOCV,,AdaBoost,desc,149,False,0.8064516129032258,0.8064516129032258,0.8064516129032258,0.8064516129032258,0.02380952380952381
2,locals_vs_diaspora,2,3,28,0,3,K-Fold,5,XGBoost,desc,149,True,0.8709677419354839,0.8129032258064516,0.8709677419354839,0.8409343715239154,0.5357142857142858
2,locals_vs_diaspora,2,3,28,0,3,K-Fold,5,XGBoost,desc,149,False,0.9032258064516129,0.8158168574401664,0.9032258064516129,0.8572990705303445,0.27380952380952384
2,locals_vs_diaspora,2,3,28,0,3,LOOCV,,XGBoost,desc,149,True,0.8709677419354839,0.8129032258064516,0.8709677419354839,0.8409343715239154,0.6428571428571429
2,locals_vs_diaspora,2,3,28,0,3,LOOCV,,XGBoost,desc,149,False,0.9032258064516129,0.8158168574401664,0.9032258064516129,0.8572990705303445,0.0
2,locals_vs_diaspora,2,3,28,0,3,K-Fold,5,LogReg,username,200,True,0.9032258064516129,0.8158168574401664,0.9032258064516129,0.8572990705303445,0.27380952380952384
2,locals_vs_diaspora,2,3,28,0,3,K-Fold,5,LogReg,username,200,False,0.9032258064516129,0.8158168574401664,0.9032258064516129,0.8572990705303445,0.27380952380952384
2,locals_vs_diaspora,2,3,28,0,3,LOOCV,,LogReg,username,200,True,0.9032258064516129,0.8158168574401664,0.9032258064516129,0.8572990705303445,0.0
2,locals_vs_diaspora,2,3,28,0,3,LOOCV,,LogReg,username,200,False,0.9032258064516129,0.8158168574401664,0.9032258064516129,0.8572990705303445,0.0
2,locals_vs_diaspora,2,3,28,0,3,K-Fold,5,DecisionTree,username,200,True,0.9032258064516129,0.8158168574401664,0.9032258064516129,0.8572990705303445,0.5
2,locals_vs_diaspora,2,3,28,0,3,K-Fold,5,DecisionTree,username,200,False,0.9032258064516129,0.8158168574401664,0.9032258064516129,0.8572990705303445,0.5
2,locals_vs_diaspora,2,3,28,0,3,LOOCV,,DecisionTree,username,200,True,0.9032258064516129,0.8158168574401664,0.9032258064516129,0.8572990705303445,0.5
2,locals_vs_diaspora,2,3,28,0,3,LOOCV,,DecisionTree,username,200,False,0.9032258064516129,0.8158168574401664,0.9032258064516129,0.8572990705303445,0.5
2,locals_vs_diaspora,2,3,28,0,3,K-Fold,5,RandomForest,username,200,True,0.9032258064516129,0.8158168574401664,0.9032258064516129,0.8572990705303445,0.32142857142857145
2,locals_vs_diaspora,2,3,28,0,3,K-Fold,5,RandomForest,username,200,False,0.9032258064516129,0.8158168574401664,0.9032258064516129,0.8572990705303445,0.32142857142857145
2,locals_vs_diaspora,2,3,28,0,3,LOOCV,,RandomForest,username,200,True,0.9032258064516129,0.8158168574401664,0.9032258064516129,0.8572990705303445,0.2142857142857143
2,locals_vs_diaspora,2,3,28,0,3,LOOCV,,RandomForest,username,200,False,0.9032258064516129,0.8158168574401664,0.9032258064516129,0.8572990705303445,0.22023809523809523
2,locals_vs_diaspora,2,3,28,0,3,K-Fold,5,SVM,username,200,True,0.9032258064516129,0.8158168574401664,0.9032258064516129,0.8572990705303445,0.27380952380952384
2,locals_vs_diaspora,2,3,28,0,3,K-Fold,5,SVM,username,200,False,0.9032258064516129,0.8158168574401664,0.9032258064516129,0.8572990705303445,0.27380952380952384
2,locals_vs_diaspora,2,3,28,0,3,LOOCV,,SVM,username,200,True,0.9032258064516129,0.8158168574401664,0.9032258064516129,0.8572990705303445,
2,locals_vs_diaspora,2,3,28,0,3,LOOCV,,SVM,username,200,False,0.9032258064516129,0.8158168574401664,0.9032258064516129,0.8572990705303445,
2,locals_vs_diaspora,2,3,28,0,3,K-Fold,5,AdaBoost,username,200,True,0.9032258064516129,0.8158168574401664,0.9032258064516129,0.8572990705303445,0.2976190476190476
2,locals_vs_diaspora,2,3,28,0,3,K-Fold,5,AdaBoost,username,200,False,0.9032258064516129,0.8158168574401664,0.9032258064516129,0.8572990705303445,0.27380952380952384
2,locals_vs_diaspora,2,3,28,0,3,LOOCV,,AdaBoost,username,200,True,0.9032258064516129,0.8158168574401664,0.9032258064516129,0.8572990705303445,0.0
2,locals_vs_diaspora,2,3,28,0,3,LOOCV,,AdaBoost,username,200,False,0.9032258064516129,0.8158168574401664,0.9032258064516129,0.8572990705303445,0.0
2,locals_vs_diaspora,2,3,28,0,3,K-Fold,5,XGBoost,username,200,True,0.9032258064516129,0.8158168574401664,0.9032258064516129,0.8572990705303445,0.27380952380952384
2,locals_vs_diaspora,2,3,28,0,3,K-Fold,5,XGBoost,username,200,False,0.9032258064516129,0.8158168574401664,0.9032258064516129,0.8572990705303445,0.27380952380952384
2,locals_vs_diaspora,2,3,28,0,3,LOOCV,,XGBoost,username,200,True,0.9032258064516129,0.8158168574401664,0.9032258064516129,0.8572990705303445,0.0
2,locals_vs_diaspora,2,3,28,0,3,LOOCV,,XGBoost,username,200,False,0.9032258064516129,0.8158168574401664,0.9032258064516129,0.8572990705303445,0.0
2,locals_vs_diaspora,2,3,28,0,3,K-Fold,5,LogReg,fullname,300,True,0.9032258064516129,0.8158168574401664,0.9032258064516129,0.8572990705303445,0.2619047619047619
2,locals_vs_diaspora,2,3,28,0,3,K-Fold,5,LogReg,fullname,300,False,0.9032258064516129,0.8158168574401664,0.9032258064516129,0.8572990705303445,0.25
2,locals_vs_diaspora,2,3,28,0,3,LOOCV,,LogReg,fullname,300,True,0.9032258064516129,0.8158168574401664,0.9032258064516129,0.8572990705303445,0.0
2,locals_vs_diaspora,2,3,28,0,3,LOOCV,,LogReg,fullname,300,False,0.9032258064516129,0.8158168574401664,0.9032258064516129,0.8572990705303445,0.0
2,locals_vs_diaspora,2,3,28,0,3,K-Fold,5,DecisionTree,fullname,300,True,0.8709677419354839,0.8129032258064516,0.8709677419354839,0.8409343715239154,0.48214285714285715
2,locals_vs_diaspora,2,3,28,0,3,K-Fold,5,DecisionTree,fullname,300,False,0.8709677419354839,0.8129032258064516,0.8709677419354839,0.8409343715239154,0.48214285714285715
2,locals_vs_diaspora,2,3,28,0,3,LOOCV,,DecisionTree,fullname,300,True,0.9032258064516129,0.8158168574401664,0.9032258064516129,0.8572990705303445,0.5
2,locals_vs_diaspora,2,3,28,0,3,LOOCV,,DecisionTree,fullname,300,False,0.9032258064516129,0.8158168574401664,0.9032258064516129,0.8572990705303445,0.5
2,locals_vs_diaspora,2,3,28,0,3,K-Fold,5,RandomForest,fullname,300,True,0.9032258064516129,0.8158168574401664,0.9032258064516129,0.8572990705303445,0.3571428571428572
2,locals_vs_diaspora,2,3,28,0,3,K-Fold,5,RandomForest,fullname,300,False,0.9032258064516129,0.8158168574401664,0.9032258064516129,0.8572990705303445,0.32738095238095244
2,locals_vs_diaspora,2,3,28,0,3,LOOCV,,RandomForest,fullname,300,True,0.9032258064516129,0.8158168574401664,0.9032258064516129,0.8572990705303445,0.4940476190476191
2,locals_vs_diaspora,2,3,28,0,3,LOOCV,,RandomForest,fullname,300,False,0.9032258064516129,0.8158168574401664,0.9032258064516129,0.8572990705303445,0.48214285714285715
2,locals_vs_diaspora,2,3,28,0,3,K-Fold,5,SVM,fullname,300,True,0.9032258064516129,0.8158168574401664,0.9032258064516129,0.8572990705303445,0.40476190476190477
2,locals_vs_diaspora,2,3,28,0,3,K-Fold,5,SVM,fullname,300,False,0.9032258064516129,0.8158168574401664,0.9032258064516129,0.8572990705303445,0.4642857142857143
2,locals_vs_diaspora,2,3,28,0,3,LOOCV,,SVM,fullname,300,True,0.9032258064516129,0.8158168574401664,0.9032258064516129,0.8572990705303445,
2,locals_vs_diaspora,2,3,28,0,3,LOOCV,,SVM,fullname,300,False,0.9032258064516129,0.8158168574401664,0.9032258064516129,0.8572990705303445,
2,locals_vs_diaspora,2,3,28,0,3,K-Fold,5,AdaBoost,fullname,300,True,0.8709677419354839,0.8129032258064516,0.8709677419354839,0.8409343715239154,0.2857142857142857
2,locals_vs_diaspora,2,3,28,0,3,K-Fold,5,AdaBoost,fullname,300,False,0.8709677419354839,0.8129032258064516,0.8709677419354839,0.8409343715239154,0.25
2,locals_vs_diaspora,2,3,28,0,3,LOOCV,,AdaBoost,fullname,300,True,0.9032258064516129,0.8158168574401664,0.9032258064516129,0.8572990705303445,0.0
2,locals_vs_diaspora,2,3,28,0,3,LOOCV,,AdaBoost,fullname,300,False,0.9032258064516129,0.8158168574401664,0.9032258064516129,0.8572990705303445,0.0
2,locals_vs_diaspora,2,3,28,0,3,K-Fold,5,XGBoost,fullname,300,True,0.8709677419354839,0.8129032258064516,0.8709677419354839,0.8409343715239154,0.25
2,locals_vs_diaspora,2,3,28,0,3,K-Fold,5,XGBoost,fullname,300,False,0.9032258064516129,0.8158168574401664,0.9032258064516129,0.8572990705303445,0.27380952380952384
2,locals_vs_diaspora,2,3,28,0,3,LOOCV,,XGBoost,fullname,300,True,0.8709677419354839,0.8129032258064516,0.8709677419354839,0.8409343715239154,0.0
2,locals_vs_diaspora,2,3,28,0,3,LOOCV,,XGBoost,fullname,300,False,0.9032258064516129,0.8158168574401664,0.9032258064516129,0.8572990705303445,0.0
2,locals_vs_diaspora,2,3,28,0,3,K-Fold,5,LogReg,desc_user,149,True,0.8387096774193549,0.8097886540600668,0.8387096774193549,0.8239954725523485,0.25
2,locals_vs_diaspora,2,3,28,0,3,K-Fold,5,LogReg,desc_user,149,False,0.9032258064516129,0.8158168574401664,0.9032258064516129,0.8572990705303445,0.1785714285714286
2,locals_vs_diaspora,2,3,28,0,3,LOOCV,,LogReg,desc_user,149,True,0.8064516129032258,0.8064516129032258,0.8064516129032258,0.8064516129032258,0.1785714285714286
2,locals_vs_diaspora,2,3,28,0,3,LOOCV,,LogReg,desc_user,149,False,0.9032258064516129,0.8158168574401664,0.9032258064516129,0.8572990705303445,0.0
2,locals_vs_diaspora,2,3,28,0,3,K-Fold,5,DecisionTree,desc_user,149,True,0.6129032258064516,0.8217008797653959,0.6129032258064516,0.6912442396313364,0.386904761904762
2,locals_vs_diaspora,2,3,28,0,3,K-Fold,5,DecisionTree,desc_user,149,False,0.8387096774193549,0.8097886540600668,0.8387096774193549,0.8239954725523485,0.386904761904762
2,locals_vs_diaspora,2,3,28,0,3,LOOCV,,DecisionTree,desc_user,149,True,0.5483870967741935,0.810311552247036,0.5483870967741935,0.6404277699859748,0.33333333333333337
2,locals_vs_diaspora,2,3,28,0,3,LOOCV,,DecisionTree,desc_user,149,False,0.8387096774193549,0.8097886540600668,0.8387096774193549,0.8239954725523485,0.13095238095238096
2,locals_vs_diaspora,2,3,28,0,3,K-Fold,5,RandomForest,desc_user,149,True,0.9032258064516129,0.8158168574401664,0.9032258064516129,0.8572990705303445,0.2142857142857143
2,locals_vs_diaspora,2,3,28,0,3,K-Fold,5,RandomForest,desc_user,149,False,0.9032258064516129,0.8158168574401664,0.9032258064516129,0.8572990705303445,0.20238095238095238
2,locals_vs_diaspora,2,3,28,0,3,LOOCV,,RandomForest,desc_user,149,True,0.9032258064516129,0.8158168574401664,0.9032258064516129,0.8572990705303445,0.09523809523809525
2,locals_vs_diaspora,2,3,28,0,3,LOOCV,,RandomForest,desc_user,149,False,0.9032258064516129,0.8158168574401664,0.9032258064516129,0.8572990705303445,0.07142857142857144
2,locals_vs_diaspora,2,3,28,0,3,K-Fold,5,SVM,desc_user,149,True,0.8709677419354839,0.8129032258064516,0.8709677419354839,0.8409343715239154,0.7202380952380952
2,locals_vs_diaspora,2,3,28,0,3,K-Fold,5,SVM,desc_user,149,False,0.9032258064516129,0.8158168574401664,0.9032258064516129,0.8572990705303445,0.41071428571428575
2,locals_vs_diaspora,2,3,28,0,3,LOOCV,,SVM,desc_user,149,True,0.8387096774193549,0.8097886540600668,0.8387096774193549,0.8239954725523485,
2,locals_vs_diaspora,2,3,28,0,3,LOOCV,,SVM,desc_user,149,False,0.9032258064516129,0.8158168574401664,0.9032258064516129,0.8572990705303445,
2,locals_vs_diaspora,2,3,28,0,3,K-Fold,5,AdaBoost,desc_user,149,True,0.8064516129032258,0.8064516129032258,0.8064516129032258,0.8064516129032258,0.4285714285714286
2,locals_vs_diaspora,2,3,28,0,3,K-Fold,5,AdaBoost,desc_user,149,False,0.8709677419354839,0.8129032258064516,0.8709677419354839,0.8409343715239154,0.1785714285714286
2,locals_vs_diaspora,2,3,28,0,3,LOOCV,,AdaBoost,desc_user,149,True,0.7741935483870968,0.8028673835125447,0.7741935483870968,0.7882697947214076,0.5476190476190477
2,locals_vs_diaspora,2,3,28,0,3,LOOCV,,AdaBoost,desc_user,149,False,0.8064516129032258,0.8064516129032258,0.8064516129032258,0.8064516129032258,0.02380952380952381
2,locals_vs_diaspora,2,3,28,0,3,K-Fold,5,XGBoost,desc_user,149,True,0.8709677419354839,0.8129032258064516,0.8709677419354839,0.8409343715239154,0.5357142857142858
2,locals_vs_diaspora,2,3,28,0,3,K-Fold,5,XGBoost,desc_user,149,False,0.9032258064516129,0.8158168574401664,0.9032258064516129,0.8572990705303445,0.27380952380952384
2,locals_vs_diaspora,2,3,28,0,3,LOOCV,,XGBoost,desc_user,149,True,0.8709677419354839,0.8129032258064516,0.8709677419354839,0.8409343715239154,0.6428571428571429
2,locals_vs_diaspora,2,3,28,0,3,LOOCV,,XGBoost,desc_user,149,False,0.9032258064516129,0.8158168574401664,0.9032258064516129,0.8572990705303445,0.0
2,locals_vs_diaspora,2,3,28,0,3,K-Fold,5,LogReg,desc_fullname,178,True,0.9032258064516129,0.8158168574401664,0.9032258064516129,0.8572990705303445,0.1904761904761905
2,locals_vs_diaspora,2,3,28,0,3,K-Fold,5,LogReg,desc_fullname,178,False,0.9032258064516129,0.8158168574401664,0.9032258064516129,0.8572990705303445,0.16666666666666669
2,locals_vs_diaspora,2,3,28,0,3,LOOCV,,LogReg,desc_fullname,178,True,0.9032258064516129,0.8158168574401664,0.9032258064516129,0.8572990705303445,0.0
2,locals_vs_diaspora,2,3,28,0,3,LOOCV,,LogReg,desc_fullname,178,False,0.9032258064516129,0.8158168574401664,0.9032258064516129,0.8572990705303445,0.0
2,locals_vs_diaspora,2,3,28,0,3,K-Fold,5,DecisionTree,desc_fullname,178,True,0.9032258064516129,0.8158168574401664,0.9032258064516129,0.8572990705303445,0.5
2,locals_vs_diaspora,2,3,28,0,3,K-Fold,5,DecisionTree,desc_fullname,178,False,0.9032258064516129,0.8158168574401664,0.9032258064516129,0.8572990705303445,0.5
2,locals_vs_diaspora,2,3,28,0,3,LOOCV,,DecisionTree,desc_fullname,178,True,0.8387096774193549,0.8097886540600668,0.8387096774193549,0.8239954725523485,0.4642857142857143
2,locals_vs_diaspora,2,3,28,0,3,LOOCV,,DecisionTree,desc_fullname,178,False,0.8387096774193549,0.8097886540600668,0.8387096774193549,0.8239954725523485,0.4642857142857143
2,locals_vs_diaspora,2,3,28,0,3,K-Fold,5,RandomForest,desc_fullname,178,True,0.9032258064516129,0.8158168574401664,0.9032258064516129,0.8572990705303445,0.4107142857142857
2,locals_vs_diaspora,2,3,28,0,3,K-Fold,5,RandomForest,desc_fullname,178,False,0.9032258064516129,0.8158168574401664,0.9032258064516129,0.8572990705303445,0.4107142857142857
2,locals_vs_diaspora,2,3,28,0,3,LOOCV,,RandomForest,desc_fullname,178,True,0.9032258064516129,0.8158168574401664,0.9032258064516129,0.8572990705303445,0.4107142857142857
2,locals_vs_diaspora,2,3,28,0,3,LOOCV,,RandomForest,desc_fullname,178,False,0.9032258064516129,0.8158168574401664,0.9032258064516129,0.8572990705303445,0.4107142857142857
2,locals_vs_diaspora,2,3,28,0,3,K-Fold,5,SVM,desc_fullname,178,True,0.9032258064516129,0.8158168574401664,0.9032258064516129,0.8572990705303445,0.5595238095238095
2,locals_vs_diaspora,2,3,28,0,3,K-Fold,5,SVM,desc_fullname,178,False,0.9032258064516129,0.8158168574401664,0.9032258064516129,0.8572990705303445,0.44047619047619047
2,locals_vs_diaspora,2,3,28,0,3,LOOCV,,SVM,desc_fullname,178,True,0.9032258064516129,0.8158168574401664,0.9032258064516129,0.8572990705303445,
2,locals_vs_diaspora,2,3,28,0,3,LOOCV,,SVM,desc_fullname,178,False,0.9032258064516129,0.8158168574401664,0.9032258064516129,0.8572990705303445,
2,locals_vs_diaspora,2,3,28,0,3,K-Fold,5,AdaBoost,desc_fullname,178,True,0.9032258064516129,0.8158168574401664,0.9032258064516129,0.8572990705303445,0.22619047619047622
2,locals_vs_diaspora,2,3,28,0,3,K-Fold,5,AdaBoost,desc_fullname,178,False,0.9032258064516129,0.8158168574401664,0.9032258064516129,0.8572990705303445,0.23809523809523814
2,locals_vs_diaspora,2,3,28,0,3,LOOCV,,AdaBoost,desc_fullname,178,True,0.8387096774193549,0.8097886540600668,0.8387096774193549,0.8239954725523485,0.0
2,locals_vs_diaspora,2,3,28,0,3,LOOCV,,AdaBoost,desc_fullname,178,False,0.8709677419354839,0.8129032258064516,0.8709677419354839,0.8409343715239154,0.0
2,locals_vs_diaspora,2,3,28,0,3,K-Fold,5,XGBoost,desc_fullname,178,True,0.8709677419354839,0.8129032258064516,0.8709677419354839,0.8409343715239154,0.25
2,locals_vs_diaspora,2,3,28,0,3,K-Fold,5,XGBoost,desc_fullname,178,False,0.9032258064516129,0.8158168574401664,0.9032258064516129,0.8572990705303445,0.27380952380952384
2,locals_vs_diaspora,2,3,28,0,3,LOOCV,,XGBoost,desc_fullname,178,True,0.8709677419354839,0.8129032258064516,0.8709677419354839,0.8409343715239154,0.0
2,locals_vs_diaspora,2,3,28,0,3,LOOCV,,XGBoost,desc_fullname,178,False,0.9032258064516129,0.8158168574401664,0.9032258064516129,0.8572990705303445,0.0
2,locals_vs_diaspora,2,3,28,0,3,K-Fold,5,LogReg,user_fullname,300,True,0.8709677419354839,0.8129032258064516,0.8709677419354839,0.8409343715239154,0.47619047619047616
2,locals_vs_diaspora,2,3,28,0,3,K-Fold,5,LogReg,user_fullname,300,False,0.9032258064516129,0.8158168574401664,0.9032258064516129,0.8572990705303445,0.25
2,locals_vs_diaspora,2,3,28,0,3,LOOCV,,LogReg,user_fullname,300,True,0.8709677419354839,0.8129032258064516,0.8709677419354839,0.8409343715239154,0.4285714285714286
2,locals_vs_diaspora,2,3,28,0,3,LOOCV,,LogReg,user_fullname,300,False,0.9032258064516129,0.8158168574401664,0.9032258064516129,0.8572990705303445,0.0
2,locals_vs_diaspora,2,3,28,0,3,K-Fold,5,DecisionTree,user_fullname,300,True,0.3870967741935484,0.7696443341604633,0.3870967741935484,0.4938743396650557,0.41071428571428575
2,locals_vs_diaspora,2,3,28,0,3,K-Fold,5,DecisionTree,user_fullname,300,False,0.9032258064516129,0.8158168574401664,0.9032258064516129,0.8572990705303445,0.3392857142857143
2,locals_vs_diaspora,2,3,28,0,3,LOOCV,,DecisionTree,user_fullname,300,True,0.22580645161290322,0.6816269284712483,0.22580645161290322,0.30851943755169553,0.40476190476190477
2,locals_vs_diaspora,2,3,28,0,3,LOOCV,,DecisionTree,user_fullname,300,False,0.9032258064516129,0.8158168574401664,0.9032258064516129,0.8572990705303445,0.255952380952381
2,locals_vs_diaspora,2,3,28,0,3,K-Fold,5,RandomForest,user_fullname,300,True,0.6774193548387096,0.7903225806451613,0.6774193548387096,0.7295285359801489,0.38095238095238093
2,locals_vs_diaspora,2,3,28,0,3,K-Fold,5,RandomForest,user_fullname,300,False,0.9032258064516129,0.8158168574401664,0.9032258064516129,0.8572990705303445,0.3095238095238096
2,locals_vs_diaspora,2,3,28,0,3,LOOCV,,RandomForest,user_fullname,300,True,0.8064516129032258,0.8531017369727047,0.8064516129032258,0.8270609318996415,0.33333333333333337
2,locals_vs_diaspora,2,3,28,0,3,LOOCV,,RandomForest,user_fullname,300,False,0.9032258064516129,0.8158168574401664,0.9032258064516129,0.8572990705303445,0.33333333333333337
2,locals_vs_diaspora,2,3,28,0,3,K-Fold,5,SVM,user_fullname,300,True,0.8709677419354839,0.8129032258064516,0.8709677419354839,0.8409343715239154,0.4523809523809524
2,locals_vs_diaspora,2,3,28,0,3,K-Fold,5,SVM,user_fullname,300,False,0.9032258064516129,0.8158168574401664,0.9032258064516129,0.8572990705303445,0.34523809523809523
2,locals_vs_diaspora,2,3,28,0,3,LOOCV,,SVM,user_fullname,300,True,0.8709677419354839,0.8129032258064516,0.8709677419354839,0.8409343715239154,
2,locals_vs_diaspora,2,3,28,0,3,LOOCV,,SVM,user_fullname,300,False,0.9032258064516129,0.8158168574401664,0.9032258064516129,0.8572990705303445,
2,locals_vs_diaspora,2,3,28,0,3,K-Fold,5,AdaBoost,user_fullname,300,True,0.8709677419354839,0.8129032258064516,0.8709677419354839,0.8409343715239154,0.5714285714285714
2,locals_vs_diaspora,2,3,28,0,3,K-Fold,5,AdaBoost,user_fullname,300,False,0.8709677419354839,0.8129032258064516,0.8709677419354839,0.8409343715239154,0.4285714285714286
2,locals_vs_diaspora,2,3,28,0,3,LOOCV,,AdaBoost,user_fullname,300,True,0.8709677419354839,0.8129032258064516,0.8709677419354839,0.8409343715239154,0.6428571428571429
2,locals_vs_diaspora,2,3,28,0,3,LOOCV,,AdaBoost,user_fullname,300,False,0.9032258064516129,0.8158168574401664,0.9032258064516129,0.8572990705303445,0.1785714285714286
2,locals_vs_diaspora,2,3,28,0,3,K-Fold,5,XGBoost,user_fullname,300,True,0.8709677419354839,0.8129032258064516,0.8709677419354839,0.8409343715239154,0.2857142857142857
2,locals_vs_diaspora,2,3,28,0,3,K-Fold,5,XGBoost,user_fullname,300,False,0.9032258064516129,0.8158168574401664,0.9032258064516129,0.8572990705303445,0.27380952380952384
2,locals_vs_diaspora,2,3,28,0,3,LOOCV,,XGBoost,user_fullname,300,True,0.8709677419354839,0.8129032258064516,0.8709677419354839,0.8409343715239154,0.6428571428571429
2,locals_vs_diaspora,2,3,28,0,3,LOOCV,,XGBoost,user_fullname,300,False,0.9032258064516129,0.8158168574401664,0.9032258064516129,0.8572990705303445,0.0
2,locals_vs_diaspora,2,3,28,0,3,K-Fold,5,LogReg,desc_user_fullname,178,True,0.9032258064516129,0.8158168574401664,0.9032258064516129,0.8572990705303445,0.1904761904761905
2,locals_vs_diaspora,2,3,28,0,3,K-Fold,5,LogReg,desc_user_fullname,178,False,0.9032258064516129,0.8158168574401664,0.9032258064516129,0.8572990705303445,0.16666666666666669
2,locals_vs_diaspora,2,3,28,0,3,LOOCV,,LogReg,desc_user_fullname,178,True,0.9032258064516129,0.8158168574401664,0.9032258064516129,0.8572990705303445,0.0
2,locals_vs_diaspora,2,3,28,0,3,LOOCV,,LogReg,desc_user_fullname,178,False,0.9032258064516129,0.8158168574401664,0.9032258064516129,0.8572990705303445,0.0
2,locals_vs_diaspora,2,3,28,0,3,K-Fold,5,DecisionTree,desc_user_fullname,178,True,0.9032258064516129,0.8158168574401664,0.9032258064516129,0.8572990705303445,0.5
2,locals_vs_diaspora,2,3,28,0,3,K-Fold,5,DecisionTree,desc_user_fullname,178,False,0.9032258064516129,0.8158168574401664,0.9032258064516129,0.8572990705303445,0.5
2,locals_vs_diaspora,2,3,28,0,3,LOOCV,,DecisionTree,desc_user_fullname,178,True,0.8387096774193549,0.8097886540600668,0.8387096774193549,0.8239954725523485,0.4642857142857143
2,locals_vs_diaspora,2,3,28,0,3,LOOCV,,DecisionTree,desc_user_fullname,178,False,0.8387096774193549,0.8097886540600668,0.8387096774193549,0.8239954725523485,0.4642857142857143
2,locals_vs_diaspora,2,3,28,0,3,K-Fold,5,RandomForest,desc_user_fullname,178,True,0.9032258064516129,0.8158168574401664,0.9032258064516129,0.8572990705303445,0.4107142857142857
2,locals_vs_diaspora,2,3,28,0,3,K-Fold,5,RandomForest,desc_user_fullname,178,False,0.9032258064516129,0.8158168574401664,0.9032258064516129,0.8572990705303445,0.4107142857142857
2,locals_vs_diaspora,2,3,28,0,3,LOOCV,,RandomForest,desc_user_fullname,178,True,0.9032258064516129,0.8158168574401664,0.9032258064516129,0.8572990705303445,0.4107142857142857
2,locals_vs_diaspora,2,3,28,0,3,LOOCV,,RandomForest,desc_user_fullname,178,False,0.9032258064516129,0.8158168574401664,0.9032258064516129,0.8572990705303445,0.4107142857142857
2,locals_vs_diaspora,2,3,28,0,3,K-Fold,5,SVM,desc_user_fullname,178,True,0.9032258064516129,0.8158168574401664,0.9032258064516129,0.8572990705303445,0.5595238095238095
2,locals_vs_diaspora,2,3,28,0,3,K-Fold,5,SVM,desc_user_fullname,178,False,0.9032258064516129,0.8158168574401664,0.9032258064516129,0.8572990705303445,0.44047619047619047
2,locals_vs_diaspora,2,3,28,0,3,LOOCV,,SVM,desc_user_fullname,178,True,0.9032258064516129,0.8158168574401664,0.9032258064516129,0.8572990705303445,
2,locals_vs_diaspora,2,3,28,0,3,LOOCV,,SVM,desc_user_fullname,178,False,0.9032258064516129,0.8158168574401664,0.9032258064516129,0.8572990705303445,
2,locals_vs_diaspora,2,3,28,0,3,K-Fold,5,AdaBoost,desc_user_fullname,178,True,0.9032258064516129,0.8158168574401664,0.9032258064516129,0.8572990705303445,0.22619047619047622
2,locals_vs_diaspora,2,3,28,0,3,K-Fold,5,AdaBoost,desc_user_fullname,178,False,0.9032258064516129,0.8158168574401664,0.9032258064516129,0.8572990705303445,0.23809523809523814
2,locals_vs_diaspora,2,3,28,0,3,LOOCV,,AdaBoost,desc_user_fullname,178,True,0.8387096774193549,0.8097886540600668,0.8387096774193549,0.8239954725523485,0.0
2,locals_vs_diaspora,2,3,28,0,3,LOOCV,,AdaBoost,desc_user_fullname,178,False,0.8709677419354839,0.8129032258064516,0.8709677419354839,0.8409343715239154,0.0
2,locals_vs_diaspora,2,3,28,0,3,K-Fold,5,XGBoost,desc_user_fullname,178,True,0.8709677419354839,0.8129032258064516,0.8709677419354839,0.8409343715239154,0.25
2,locals_vs_diaspora,2,3,28,0,3,K-Fold,5,XGBoost,desc_user_fullname,178,False,0.9032258064516129,0.8158168574401664,0.9032258064516129,0.8572990705303445,0.27380952380952384
2,locals_vs_diaspora,2,3,28,0,3,LOOCV,,XGBoost,desc_user_fullname,178,True,0.8709677419354839,0.8129032258064516,0.8709677419354839,0.8409343715239154,0.0
2,locals_vs_diaspora,2,3,28,0,3,LOOCV,,XGBoost,desc_user_fullname,178,False,0.9032258064516129,0.8158168574401664,0.9032258064516129,0.8572990705303445,0.0
2,locals_vs_diaspora,2,3,28,0,3,K-Fold,5,LogReg,numeric,11,True,0.7419354838709677,0.7990074441687344,0.7419354838709677,0.7694145758661888,0.5595238095238095
2,locals_vs_diaspora,2,3,28,0,3,K-Fold,5,LogReg,numeric,11,False,0.9032258064516129,0.8158168574401664,0.9032258064516129,0.8572990705303445,0.5595238095238095
2,locals_vs_diaspora,2,3,28,0,3,LOOCV,,LogReg,numeric,11,True,0.6774193548387096,0.7903225806451613,0.6774193548387096,0.7295285359801489,0.5357142857142858
2,locals_vs_diaspora,2,3,28,0,3,LOOCV,,LogReg,numeric,11,False,0.9032258064516129,0.8158168574401664,0.9032258064516129,0.8572990705303445,0.5
2,locals_vs_diaspora,2,3,28,0,3,K-Fold,5,DecisionTree,numeric,11,True,0.7741935483870968,0.8028673835125447,0.7741935483870968,0.7882697947214076,0.42857142857142855
2,locals_vs_diaspora,2,3,28,0,3,K-Fold,5,DecisionTree,numeric,11,False,0.7741935483870968,0.8028673835125447,0.7741935483870968,0.7882697947214076,0.42857142857142855
2,locals_vs_diaspora,2,3,28,0,3,LOOCV,,DecisionTree,numeric,11,True,0.7741935483870968,0.8028673835125447,0.7741935483870968,0.7882697947214076,0.42857142857142855
2,locals_vs_diaspora,2,3,28,0,3,LOOCV,,DecisionTree,numeric,11,False,0.7741935483870968,0.8028673835125447,0.7741935483870968,0.7882697947214076,0.42857142857142855
2,locals_vs_diaspora,2,3,28,0,3,K-Fold,5,RandomForest,numeric,11,True,0.8709677419354839,0.8129032258064516,0.8709677419354839,0.8409343715239154,0.36904761904761907
2,locals_vs_diaspora,2,3,28,0,3,K-Fold,5,RandomForest,numeric,11,False,0.8709677419354839,0.8129032258064516,0.8709677419354839,0.8409343715239154,0.33333333333333337
2,locals_vs_diaspora,2,3,28,0,3,LOOCV,,RandomForest,numeric,11,True,0.9032258064516129,0.8158168574401664,0.9032258064516129,0.8572990705303445,0.38095238095238104
2,locals_vs_diaspora,2,3,28,0,3,LOOCV,,RandomForest,numeric,11,False,0.9032258064516129,0.8158168574401664,0.9032258064516129,0.8572990705303445,0.21428571428571433
2,locals_vs_diaspora,2,3,28,0,3,K-Fold,5,SVM,numeric,11,True,0.6774193548387096,0.7903225806451613,0.6774193548387096,0.7295285359801489,0.34523809523809523
2,locals_vs_diaspora,2,3,28,0,3,K-Fold,5,SVM,numeric,11,False,0.9032258064516129,0.8158168574401664,0.9032258064516129,0.8572990705303445,0.3333333333333333
2,locals_vs_diaspora,2,3,28,0,3,LOOCV,,SVM,numeric,11,True,0.7096774193548387,0.7948387096774193,0.7096774193548387,0.7498478393183202,
2,locals_vs_diaspora,2,3,28,0,3,LOOCV,,SVM,numeric,11,False,0.9032258064516129,0.8158168574401664,0.9032258064516129,0.8572990705303445,
2,locals_vs_diaspora,2,3,28,0,3,K-Fold,5,AdaBoost,numeric,11,True,0.7419354838709677,0.7990074441687344,0.7419354838709677,0.7694145758661888,0.36309523809523814
2,locals_vs_diaspora,2,3,28,0,3,K-Fold,5,AdaBoost,numeric,11,False,0.7096774193548387,0.7948387096774193,0.7096774193548387,0.7498478393183202,0.33333333333333337
2,locals_vs_diaspora,2,3,28,0,3,LOOCV,,AdaBoost,numeric,11,True,0.7741935483870968,0.8028673835125447,0.7741935483870968,0.7882697947214076,0.34523809523809523
2,locals_vs_diaspora,2,3,28,0,3,LOOCV,,AdaBoost,numeric,11,False,0.7419354838709677,0.7990074441687344,0.7419354838709677,0.7694145758661888,0.35714285714285715
2,locals_vs_diaspora,2,3,28,0,3,K-Fold,5,XGBoost,numeric,11,True,0.8064516129032258,0.8064516129032258,0.8064516129032258,0.8064516129032258,0.2380952380952381
2,locals_vs_diaspora,2,3,28,0,3,K-Fold,5,XGBoost,numeric,11,False,0.9032258064516129,0.8158168574401664,0.9032258064516129,0.8572990705303445,0.5595238095238095
2,locals_vs_diaspora,2,3,28,0,3,LOOCV,,XGBoost,numeric,11,True,0.6774193548387096,0.7903225806451613,0.6774193548387096,0.7295285359801489,0.380952380952381
2,locals_vs_diaspora,2,3,28,0,3,LOOCV,,XGBoost,numeric,11,False,0.8709677419354839,0.8129032258064516,0.8709677419354839,0.8409343715239154,0.5714285714285714
2,locals_vs_diaspora,2,3,28,0,3,K-Fold,5,LogReg,desc+numeric,160,True,0.7419354838709677,0.7990074441687344,0.7419354838709677,0.7694145758661888,0.5
2,locals_vs_diaspora,2,3,28,0,3,K-Fold,5,LogReg,desc+numeric,160,False,0.9032258064516129,0.8158168574401664,0.9032258064516129,0.8572990705303445,0.5238095238095238
2,locals_vs_diaspora,2,3,28,0,3,LOOCV,,LogReg,desc+numeric,160,True,0.7096774193548387,0.7948387096774193,0.7096774193548387,0.7498478393183202,0.4880952380952381
2,locals_vs_diaspora,2,3,28,0,3,LOOCV,,LogReg,desc+numeric,160,False,0.9032258064516129,0.8158168574401664,0.9032258064516129,0.8572990705303445,0.48809523809523814
2,locals_vs_diaspora,2,3,28,0,3,K-Fold,5,DecisionTree,desc+numeric,160,True,0.7419354838709677,0.7990074441687344,0.7419354838709677,0.7694145758661888,0.4107142857142857
2,locals_vs_diaspora,2,3,28,0,3,K-Fold,5,DecisionTree,desc+numeric,160,False,0.7741935483870968,0.8028673835125447,0.7741935483870968,0.7882697947214076,0.42857142857142855
2,locals_vs_diaspora,2,3,28,0,3,LOOCV,,DecisionTree,desc+numeric,160,True,0.7741935483870968,0.8028673835125447,0.7741935483870968,0.7882697947214076,0.42857142857142855
2,locals_vs_diaspora,2,3,28,0,3,LOOCV,,DecisionTree,desc+numeric,160,False,0.7741935483870968,0.8028673835125447,0.7741935483870968,0.7882697947214076,0.42857142857142855
2,locals_vs_diaspora,2,3,28,0,3,K-Fold,5,RandomForest,desc+numeric,160,True,0.9032258064516129,0.8158168574401664,0.9032258064516129,0.8572990705303445,0.38690476190476186
2,locals_vs_diaspora,2,3,28,0,3,K-Fold,5,RandomForest,desc+numeric,160,False,0.9032258064516129,0.8158168574401664,0.9032258064516129,0.8572990705303445,0.30952380952380953
2,locals_vs_diaspora,2,3,28,0,3,LOOCV,,RandomForest,desc+numeric,160,True,0.9032258064516129,0.8158168574401664,0.9032258064516129,0.8572990705303445,0.3035714285714286
2,locals_vs_diaspora,2,3,28,0,3,LOOCV,,RandomForest,desc+numeric,160,False,0.9032258064516129,0.8158168574401664,0.9032258064516129,0.8572990705303445,0.3392857142857143
2,locals_vs_diaspora,2,3,28,0,3,K-Fold,5,SVM,desc+numeric,160,True,0.8064516129032258,0.8064516129032258,0.8064516129032258,0.8064516129032258,0.22619047619047622
2,locals_vs_diaspora,2,3,28,0,3,K-Fold,5,SVM,desc+numeric,160,False,0.9032258064516129,0.8158168574401664,0.9032258064516129,0.8572990705303445,0.28571428571428575
2,locals_vs_diaspora,2,3,28,0,3,LOOCV,,SVM,desc+numeric,160,True,0.7741935483870968,0.8028673835125447,0.7741935483870968,0.7882697947214076,
2,locals_vs_diaspora,2,3,28,0,3,LOOCV,,SVM,desc+numeric,160,False,0.9032258064516129,0.8158168574401664,0.9032258064516129,0.8572990705303445,
2,locals_vs_diaspora,2,3,28,0,3,K-Fold,5,AdaBoost,desc+numeric,160,True,0.7419354838709677,0.7990074441687344,0.7419354838709677,0.7694145758661888,0.32738095238095244
2,locals_vs_diaspora,2,3,28,0,3,K-Fold,5,AdaBoost,desc+numeric,160,False,0.7419354838709677,0.7990074441687344,0.7419354838709677,0.7694145758661888,0.2380952380952381
2,locals_vs_diaspora,2,3,28,0,3,LOOCV,,AdaBoost,desc+numeric,160,True,0.7419354838709677,0.7990074441687344,0.7419354838709677,0.7694145758661888,0.2619047619047619
2,locals_vs_diaspora,2,3,28,0,3,LOOCV,,AdaBoost,desc+numeric,160,False,0.7096774193548387,0.7948387096774193,0.7096774193548387,0.7498478393183202,0.28571428571428575
2,locals_vs_diaspora,2,3,28,0,3,K-Fold,5,XGBoost,desc+numeric,160,True,0.8064516129032258,0.8064516129032258,0.8064516129032258,0.8064516129032258,0.33333333333333337
2,locals_vs_diaspora,2,3,28,0,3,K-Fold,5,XGBoost,desc+numeric,160,False,0.9032258064516129,0.8158168574401664,0.9032258064516129,0.8572990705303445,0.5595238095238095
2,locals_vs_diaspora,2,3,28,0,3,LOOCV,,XGBoost,desc+numeric,160,True,0.6774193548387096,0.7903225806451613,0.6774193548387096,0.7295285359801489,0.40476190476190477
2,locals_vs_diaspora,2,3,28,0,3,LOOCV,,XGBoost,desc+numeric,160,False,0.8709677419354839,0.8129032258064516,0.8709677419354839,0.8409343715239154,0.5714285714285714
2,person_vs_organization,3,32,103,65,32,K-Fold,5,LogReg,desc,149,True,0.42,0.44933238298883343,0.42,0.4051742160278745,0.5321994081710577
2,person_vs_organization,3,32,103,65,32,K-Fold,5,LogReg,desc,149,False,0.49,0.4793302707930367,0.49,0.36305652838751046,0.5202076446844488
2,person_vs_organization,3,32,103,65,32,LOOCV,,LogReg,desc,149,True,0.44,0.4592979835698282,0.44,0.4286904761904762,0.5059076937762506
2,person_vs_organization,3,32,103,65,32,LOOCV,,LogReg,desc,149,False,0.49,0.4867213114754098,0.49,0.3781285993418346,0.4843380447826324
2,person_vs_organization,3,32,103,65,32,K-Fold,5,DecisionTree,desc,149,True,0.37,0.3980458430458431,0.37,0.32193838028169014,0.47081245227185947
2,person_vs_organization,3,32,103,65,32,K-Fold,5,DecisionTree,desc,149,False,0.365,0.37575566586785347,0.365,0.3320108065953654,0.4783399948180876
2,person_vs_organization,3,32,103,65,32,LOOCV,,DecisionTree,desc,149,True,0.4,0.4423621040723982,0.4,0.35740118901415824,0.41415185048819075
2,person_vs_organization,3,32,103,65,32,LOOCV,,DecisionTree,desc,149,False,0.38,0.4276914647360126,0.38,0.3272106972860634,0.3740313471608575
2,person_vs_organization,3,32,103,65,32,K-Fold,5,RandomForest,desc,149,True,0.405,0.42710470085470087,0.405,0.366502688172043,0.5251987399770905
2,person_vs_organization,3,32,103,65,32,K-Fold,5,RandomForest,desc,149,False,0.42,0.4196585623678647,0.42,0.4083465539822571,0.5237865052091856
2,person_vs_organization,3,32,103,65,32,LOOCV,,RandomForest,desc,149,True,0.425,0.44637717084974843,0.425,0.39898741827906004,0.49229900316369396
2,person_vs_organization,3,32,103,65,32,LOOCV,,RandomForest,desc,149,False,0.46,0.4668398268398268,0.46,0.44506993464052286,0.48726737304314627
2,person_vs_organization,3,32,103,65,32,K-Fold,5,SVM,desc,149,True,0.42,0.4434984413513122,0.42,0.39796197560757934,0.4843211217476682
2,person_vs_organization,3,32,103,65,32,K-Fold,5,SVM,desc,149,False,0.505,0.3738802083333333,0.505,0.36397087610408213,0.5223553803250968
2,person_vs_organization,3,32,103,65,32,LOOCV,,SVM,desc,149,True,0.46,0.5004206167592895,0.46,0.44492361111111106,
2,person_vs_organization,3,32,103,65,32,LOOCV,,SVM,desc,149,False,0.5,0.4261261261261261,0.5,0.3814814377457155,
2,person_vs_organization,3,32,103,65,32,K-Fold,5,AdaBoost,desc,149,True,0.435,0.4024851190476191,0.435,0.41106177044788067,0.5056434810178367
2,person_vs_organization,3,32,103,65,32,K-Fold,5,AdaBoost,desc,149,False,0.515,0.5916497461928933,0.515,0.3600484848484849,0.5346758781977854
2,person_vs_organization,3,32,103,65,32,LOOCV,,AdaBoost,desc,149,True,0.495,0.2913145896656535,0.495,0.3550779804388052,0.8326831533300606
2,person_vs_organization,3,32,103,65,32,LOOCV,,AdaBoost,desc,149,False,0.51,0.42653553299492386,0.51,0.3564681592039801,0.21853044373534064
2,person_vs_organization,3,32,103,65,32,K-Fold,5,XGBoost,desc,149,True,0.37,0.41018668263951286,0.37,0.29622787267080747,0.5125867765777561
2,person_vs_organization,3,32,103,65,32,K-Fold,5,XGBoost,desc,149,False,0.47,0.30816931671680275,0.47,0.3571678486997636,0.484271389025255
2,person_vs_organization,3,32,103,65,32,LOOCV,,XGBoost,desc,149,True,0.4,0.4850034722222222,0.4,0.35301877691645134,0.3707503545519009
2,person_vs_organization,3,32,103,65,32,LOOCV,,XGBoost,desc,149,False,0.45,0.3168095238095238,0.45,0.3512916939175932,0.24852309360170186
2,person_vs_organization,3,32,103,65,32,K-Fold,5,LogReg,username,200,True,0.515,0.265225,0.515,0.35013201320132015,0.4902430044182622
2,person_vs_organization,3,32,103,65,32,K-Fold,5,LogReg,username,200,False,0.515,0.265225,0.515,0.35013201320132015,0.4902430044182622
2,person_vs_organization,3,32,103,65,32,LOOCV,,LogReg,username,200,True,0.515,0.265225,0.515,0.35013201320132015,0.0
2,person_vs_organization,3,32,103,65,32,LOOCV,,LogReg,username,200,False,0.515,0.265225,0.515,0.35013201320132015,0.0
2,person_vs_organization,3,32,103,65,32,K-Fold,5,DecisionTree,username,200,True,0.515,0.265225,0.515,0.35013201320132015,0.5
2,person_vs_organization,3,32,103,65,32,K-Fold,5,DecisionTree,username,200,False,0.515,0.265225,0.515,0.35013201320132015,0.5
2,person_vs_organization,3,32,103,65,32,LOOCV,,DecisionTree,username,200,True,0.515,0.265225,0.515,0.35013201320132015,0.5
2,person_vs_organization,3,32,103,65,32,LOOCV,,DecisionTree,username,200,False,0.515,0.265225,0.515,0.35013201320132015,0.5
2,person_vs_organization,3,32,103,65,32,K-Fold,5,RandomForest,username,200,True,0.515,0.265225,0.515,0.35013201320132015,0.49262395679921456
2,person_vs_organization,3,32,103,65,32,K-Fold,5,RandomForest,username,200,False,0.515,0.265225,0.515,0.35013201320132015,0.49809769268532156
2,person_vs_organization,3,32,103,65,32,LOOCV,,RandomForest,username,200,True,0.515,0.265225,0.515,0.35013201320132015,0.4211553210058365
2,person_vs_organization,3,32,103,65,32,LOOCV,,RandomForest,username,200,False,0.515,0.265225,0.515,0.35013201320132015,0.44663708203785524
2,person_vs_organization,3,32,103,65,32,K-Fold,5,SVM,username,200,True,0.515,0.265225,0.515,0.35013201320132015,0.5026141384388807
2,person_vs_organization,3,32,103,65,32,K-Fold,5,SVM,username,200,False,0.515,0.265225,0.515,0.35013201320132015,0.4902430044182622
2,person_vs_organization,3,32,103,65,32,LOOCV,,SVM,username,200,True,0.515,0.265225,0.515,0.35013201320132015,
2,person_vs_organization,3,32,103,65,32,LOOCV,,SVM,username,200,False,0.515,0.265225,0.515,0.35013201320132015,
2,person_vs_organization,3,32,103,65,32,K-Fold,5,AdaBoost,username,200,True,0.395,0.363125,0.395,0.36216363904888493,0.4902430044182622
2,person_vs_organization,3,32,103,65,32,K-Fold,5,AdaBoost,username,200,False,0.515,0.265225,0.515,0.35013201320132015,0.5026141384388807
2,person_vs_organization,3,32,103,65,32,LOOCV,,AdaBoost,username,200,True,0.84,0.7327835051546391,0.84,0.7758024691358025,0.7629629629629631
2,person_vs_organization,3,32,103,65,32,LOOCV,,AdaBoost,username,200,False,0.515,0.265225,0.515,0.35013201320132015,0.3298969072164949
2,person_vs_organization,3,32,103,65,32,K-Fold,5,XGBoost,username,200,True,0.16,0.0256,0.16,0.044137931034482755,0.5
2,person_vs_organization,3,32,103,65,32,K-Fold,5,XGBoost,username,200,False,0.515,0.265225,0.515,0.35013201320132015,0.4902430044182622
2,person_vs_organization,3,32,103,65,32,LOOCV,,XGBoost,username,200,True,0.16,0.0256,0.16,0.044137931034482755,0.5385185185185185
2,person_vs_organization,3,32,103,65,32,LOOCV,,XGBoost,username,200,False,0.515,0.265225,0.515,0.35013201320132015,0.0
2,person_vs_organization,3,32,103,65,32,K-Fold,5,LogReg,fullname,300,True,0.505,0.5043478260869566,0.505,0.3982321472565375,0.5110549828178694
2,person_vs_organization,3,32,103,65,32,K-Fold,5,LogReg,fullname,300,False,0.5,0.2614213197969543,0.5,0.34333333333333327,0.5150148707249222
2,person_vs_organization,3,32,103,65,32,LOOCV,,LogReg,fullname,300,True,0.52,0.5274585635359117,0.52,0.42477514208055356,0.3263338651611848
2,person_vs_organization,3,32,103,65,32,LOOCV,,LogReg,fullname,300,False,0.505,0.34400510204081636,0.505,0.35390189520624304,0.3316938512518409
2,person_vs_organization,3,32,103,65,32,K-Fold,5,DecisionTree,fullname,300,True,0.37,0.41322344322344323,0.37,0.33753750143135236,0.5522656752850051
2,person_vs_organization,3,32,103,65,32,K-Fold,5,DecisionTree,fullname,300,False,0.51,0.4241709844559585,0.51,0.3719218146718147,0.5596738258877434
2,person_vs_organization,3,32,103,65,32,LOOCV,,DecisionTree,fullname,300,True,0.485,0.3680883204633204,0.485,0.36612366087109244,0.7904988545246278
2,person_vs_organization,3,32,103,65,32,LOOCV,,DecisionTree,fullname,300,False,0.495,0.42158730158730157,0.495,0.36605870841487276,0.5278264229804178
2,person_vs_organization,3,32,103,65,32,K-Fold,5,RandomForest,fullname,300,True,0.475,0.5173403716216216,0.475,0.41475094524501815,0.5187044707631049
2,person_vs_organization,3,32,103,65,32,K-Fold,5,RandomForest,fullname,300,False,0.505,0.4693496240601503,0.505,0.37744611029849934,0.5213914593901707
2,person_vs_organization,3,32,103,65,32,LOOCV,,RandomForest,fullname,300,True,0.515,0.5010833333333333,0.515,0.4209164628069222,0.6029788939344352
2,person_vs_organization,3,32,103,65,32,LOOCV,,RandomForest,fullname,300,False,0.52,0.5247432432432433,0.52,0.41257657657657654,0.5219942760322914
2,person_vs_organization,3,32,103,65,32,K-Fold,5,SVM,fullname,300,True,0.47,0.5142832415420928,0.47,0.4205358100531422,0.4716723667703049
2,person_vs_organization,3,32,103,65,32,K-Fold,5,SVM,fullname,300,False,0.51,0.5325043177892919,0.51,0.3725000720951426,0.4642790323460427
2,person_vs_organization,3,32,103,65,32,LOOCV,,SVM,fullname,300,True,0.18,0.3222682172196735,0.18,0.20548397411053407,
2,person_vs_organization,3,32,103,65,32,LOOCV,,SVM,fullname,300,False,0.515,0.5475065789473684,0.515,0.3900409776328129,
2,person_vs_organization,3,32,103,65,32,K-Fold,5,AdaBoost,fullname,300,True,0.395,0.3569940840473276,0.395,0.3632464307883302,0.4908820126275023
2,person_vs_organization,3,32,103,65,32,K-Fold,5,AdaBoost,fullname,300,False,0.515,0.265225,0.515,0.35013201320132015,0.5028806046473572
2,person_vs_organization,3,32,103,65,32,LOOCV,,AdaBoost,fullname,300,True,0.825,0.7170911949685536,0.825,0.7626709466416328,0.7856449162712049
2,person_vs_organization,3,32,103,65,32,LOOCV,,AdaBoost,fullname,300,False,0.515,0.265225,0.515,0.35013201320132015,0.3018207535591556
2,person_vs_organization,3,32,103,65,32,K-Fold,5,XGBoost,fullname,300,True,0.41,0.5483875502008032,0.41,0.3502126528442318,0.5472386032018765
2,person_vs_organization,3,32,103,65,32,K-Fold,5,XGBoost,fullname,300,False,0.51,0.42403553299492386,0.51,0.35646363636363637,0.5319065005727377
2,person_vs_organization,3,32,103,65,32,LOOCV,,XGBoost,fullname,300,True,0.395,0.5153089430894309,0.395,0.3377489575467052,0.3946352410952927
2,person_vs_organization,3,32,103,65,32,LOOCV,,XGBoost,fullname,300,False,0.485,0.26154450261780104,0.485,0.3398299319727891,0.24210486554300986
2,person_vs_organization,3,32,103,65,32,K-Fold,5,LogReg,desc_user,149,True,0.42,0.44933238298883343,0.42,0.4051742160278745,0.5321994081710577
2,person_vs_organization,3,32,103,65,32,K-Fold,5,LogReg,desc_user,149,False,0.49,0.4793302707930367,0.49,0.36305652838751046,0.5202076446844488
2,person_vs_organization,3,32,103,65,32,LOOCV,,LogReg,desc_user,149,True,0.44,0.4592979835698282,0.44,0.4286904761904762,0.5059076937762506
2,person_vs_organization,3,32,103,65,32,LOOCV,,LogReg,desc_user,149,False,0.49,0.4867213114754098,0.49,0.3781285993418346,0.4843380447826324
2,person_vs_organization,3,32,103,65,32,K-Fold,5,DecisionTree,desc_user,149,True,0.37,0.3980458430458431,0.37,0.32193838028169014,0.47081245227185947
2,person_vs_organization,3,32,103,65,32,K-Fold,5,DecisionTree,desc_user,149,False,0.365,0.37575566586785347,0.365,0.3320108065953654,0.4783399948180876
2,person_vs_organization,3,32,103,65,32,LOOCV,,DecisionTree,desc_user,149,True,0.4,0.4423621040723982,0.4,0.35740118901415824,0.41415185048819075
2,person_vs_organization,3,32,103,65,32,LOOCV,,DecisionTree,desc_user,149,False,0.38,0.4276914647360126,0.38,0.3272106972860634,0.3740313471608575
2,person_vs_organization,3,32,103,65,32,K-Fold,5,RandomForest,desc_user,149,True,0.405,0.42710470085470087,0.405,0.366502688172043,0.5251987399770905
2,person_vs_organization,3,32,103,65,32,K-Fold,5,RandomForest,desc_user,149,False,0.42,0.4196585623678647,0.42,0.4083465539822571,0.5237865052091856
2,person_vs_organization,3,32,103,65,32,LOOCV,,RandomForest,desc_user,149,True,0.425,0.44637717084974843,0.425,0.39898741827906004,0.4922990031636938
2,person_vs_organization,3,32,103,65,32,LOOCV,,RandomForest,desc_user,149,False,0.46,0.4668398268398268,0.46,0.44506993464052286,0.48726737304314627
2,person_vs_organization,3,32,103,65,32,K-Fold,5,SVM,desc_user,149,True,0.42,0.4434984413513122,0.42,0.39796197560757934,0.4843211217476682
2,person_vs_organization,3,32,103,65,32,K-Fold,5,SVM,desc_user,149,False,0.505,0.3738802083333333,0.505,0.36397087610408213,0.5223553803250968
2,person_vs_organization,3,32,103,65,32,LOOCV,,SVM,desc_user,149,True,0.46,0.5004206167592895,0.46,0.44492361111111106,
2,person_vs_organization,3,32,103,65,32,LOOCV,,SVM,desc_user,149,False,0.5,0.4261261261261261,0.5,0.3814814377457155,
2,person_vs_organization,3,32,103,65,32,K-Fold,5,AdaBoost,desc_user,149,True,0.435,0.4024851190476191,0.435,0.41106177044788067,0.5056434810178367
2,person_vs_organization,3,32,103,65,32,K-Fold,5,AdaBoost,desc_user,149,False,0.515,0.5916497461928933,0.515,0.3600484848484849,0.5346758781977854
2,person_vs_organization,3,32,103,65,32,LOOCV,,AdaBoost,desc_user,149,True,0.495,0.2913145896656535,0.495,0.3550779804388052,0.8326831533300606
2,person_vs_organization,3,32,103,65,32,LOOCV,,AdaBoost,desc_user,149,False,0.51,0.42653553299492386,0.51,0.3564681592039801,0.21853044373534064
2,person_vs_organization,3,32,103,65,32,K-Fold,5,XGBoost,desc_user,149,True,0.37,0.41018668263951286,0.37,0.29622787267080747,0.5125867765777561
2,person_vs_organization,3,32,103,65,32,K-Fold,5,XGBoost,desc_user,149,False,0.47,0.30816931671680275,0.47,0.3571678486997636,0.484271389025255
2,person_vs_organization,3,32,103,65,32,LOOCV,,XGBoost,desc_user,149,True,0.4,0.4850034722222222,0.4,0.35301877691645134,0.3707503545519009
2,person_vs_organization,3,32,103,65,32,LOOCV,,XGBoost,desc_user,149,False,0.45,0.3168095238095238,0.45,0.3512916939175932,0.24852309360170186
2,person_vs_organization,3,32,103,65,32,K-Fold,5,LogReg,desc_fullname,178,True,0.445,0.44333816340555743,0.445,0.43276128064937247,0.5537138970708558
2,person_vs_organization,3,32,103,65,32,K-Fold,5,LogReg,desc_fullname,178,False,0.475,0.33875,0.475,0.3609759584145549,0.5422332746959035
2,person_vs_organization,3,32,103,65,32,LOOCV,,LogReg,desc_fullname,178,True,0.47,0.48515050167224083,0.47,0.46760473909869943,0.5755629329624175
2,person_vs_organization,3,32,103,65,32,LOOCV,,LogReg,desc_fullname,178,False,0.485,0.3644472214054689,0.485,0.3788044579533941,0.5552022854961
2,person_vs_organization,3,32,103,65,32,K-Fold,5,DecisionTree,desc_fullname,178,True,0.385,0.42059447004608297,0.385,0.366838605140492,0.4862068742158948
2,person_vs_organization,3,32,103,65,32,K-Fold,5,DecisionTree,desc_fullname,178,False,0.385,0.4100867843863373,0.385,0.3670693154996066,0.4603248547700868
2,person_vs_organization,3,32,103,65,32,LOOCV,,DecisionTree,desc_fullname,178,True,0.405,0.4413569844789357,0.405,0.38611722077585264,0.48818432607865603
2,person_vs_organization,3,32,103,65,32,LOOCV,,DecisionTree,desc_fullname,178,False,0.415,0.4565731203824424,0.415,0.3973879781420766,0.4355621829487809
2,person_vs_organization,3,32,103,65,32,K-Fold,5,RandomForest,desc_fullname,178,True,0.41,0.4278922518159806,0.41,0.39128752702807473,0.5380390552555501
2,person_vs_organization,3,32,103,65,32,K-Fold,5,RandomForest,desc_fullname,178,False,0.405,0.4129729853479854,0.405,0.38810103496403714,0.5302816437571592
2,person_vs_organization,3,32,103,65,32,LOOCV,,RandomForest,desc_fullname,178,True,0.47,0.4938863863863864,0.47,0.4603439077757095,0.5511565073910435
2,person_vs_organization,3,32,103,65,32,LOOCV,,RandomForest,desc_fullname,178,False,0.475,0.4812309941520468,0.475,0.4648536545033623,0.5466900330005999
2,person_vs_organization,3,32,103,65,32,K-Fold,5,SVM,desc_fullname,178,True,0.46,0.45973639455782317,0.46,0.44860225058233,0.4508485654284623
2,person_vs_organization,3,32,103,65,32,K-Fold,5,SVM,desc_fullname,178,False,0.475,0.34017265193370166,0.475,0.3621339766997045,0.4466097133584247
2,person_vs_organization,3,32,103,65,32,LOOCV,,SVM,desc_fullname,178,True,0.48,0.4968012211009352,0.48,0.47821996568832015,
2,person_vs_organization,3,32,103,65,32,LOOCV,,SVM,desc_fullname,178,False,0.47,0.3886904761904762,0.47,0.3832211958584051,
2,person_vs_organization,3,32,103,65,32,K-Fold,5,AdaBoost,desc_fullname,178,True,0.45,0.37833017975402083,0.45,0.39334641895499944,0.4695738149784542
2,person_vs_organization,3,32,103,65,32,K-Fold,5,AdaBoost,desc_fullname,178,False,0.505,0.34400510204081636,0.505,0.35390189520624304,0.5007587990236186
2,person_vs_organization,3,32,103,65,32,LOOCV,,AdaBoost,desc_fullname,178,True,0.48,0.28445945945945944,0.48,0.3477569444444444,0.4697255359188348
2,person_vs_organization,3,32,103,65,32,LOOCV,,AdaBoost,desc_fullname,178,False,0.51,0.37236886632825716,0.51,0.35632549019607845,0.12822700867288497
2,person_vs_organization,3,32,103,65,32,K-Fold,5,XGBoost,desc_fullname,178,True,0.39,0.4334047619047619,0.39,0.3527976549460722,0.512892768504882
2,person_vs_organization,3,32,103,65,32,K-Fold,5,XGBoost,desc_fullname,178,False,0.435,0.30882994186046514,0.435,0.34071560044893373,0.49886595210822016
2,person_vs_organization,3,32,103,65,32,LOOCV,,XGBoost,desc_fullname,178,True,0.41,0.4584252310852448,0.41,0.38985750891265597,0.42864970272186764
2,person_vs_organization,3,32,103,65,32,LOOCV,,XGBoost,desc_fullname,178,False,0.47,0.37838638373121136,0.47,0.3791167268351384,0.391033546064474
2,person_vs_organization,3,32,103,65,32,K-Fold,5,LogReg,user_fullname,300,True,0.5,0.4967213114754098,0.5,0.3954856254856255,0.5028641657121038
2,person_vs_organization,3,32,103,65,32,K-Fold,5,LogReg,user_fullname,300,False,0.505,0.26270202020202016,0.505,0.3456146179401993,0.512776230022364
2,person_vs_organization,3,32,103,65,32,LOOCV,,LogReg,user_fullname,300,True,0.505,0.4714784517158819,0.505,0.40994268232889297,0.3074262872961327
2,person_vs_organization,3,32,103,65,32,LOOCV,,LogReg,user_fullname,300,False,0.5,0.2614213197969543,0.5,0.34333333333333327,0.3139885043364425
2,person_vs_organization,3,32,103,65,32,K-Fold,5,DecisionTree,user_fullname,300,True,0.405,0.5994047619047619,0.405,0.3635578093306288,0.53934209485627
2,person_vs_organization,3,32,103,65,32,K-Fold,5,DecisionTree,user_fullname,300,False,0.495,0.5367575757575758,0.495,0.4223051011449355,0.5655636932035129
2,person_vs_organization,3,32,103,65,32,LOOCV,,DecisionTree,user_fullname,300,True,0.43,0.619907280741754,0.43,0.39817211958722576,0.7481718826705941
2,person_vs_organization,3,32,103,65,32,LOOCV,,DecisionTree,user_fullname,300,False,0.51,0.4784075043630018,0.51,0.3799168343393695,0.5043622224949544
2,person_vs_organization,3,32,103,65,32,K-Fold,5,RandomForest,user_fullname,300,True,0.44,0.570497311827957,0.44,0.42719999999999997,0.551961715213004
2,person_vs_organization,3,32,103,65,32,K-Fold,5,RandomForest,user_fullname,300,False,0.49,0.52116206762534,0.49,0.4176597517259692,0.5572561432935145
2,person_vs_organization,3,32,103,65,32,LOOCV,,RandomForest,user_fullname,300,True,0.43,0.6031304996271439,0.43,0.4072571821698727,0.5666914921180386
2,person_vs_organization,3,32,103,65,32,LOOCV,,RandomForest,user_fullname,300,False,0.49,0.48854996096799375,0.49,0.38344078706104023,0.49936762941144397
2,person_vs_organization,3,32,103,65,32,K-Fold,5,SVM,user_fullname,300,True,0.465,0.5103571428571428,0.465,0.41705197360712104,0.48288351606392843
2,person_vs_organization,3,32,103,65,32,K-Fold,5,SVM,user_fullname,300,False,0.51,0.3941025641025641,0.51,0.364209012464046,0.4515165753013692
2,person_vs_organization,3,32,103,65,32,LOOCV,,SVM,user_fullname,300,True,0.18,0.3222682172196735,0.18,0.20548397411053407,
2,person_vs_organization,3,32,103,65,32,LOOCV,,SVM,user_fullname,300,False,0.515,0.5338802083333333,0.515,0.38279440551584687,
2,person_vs_organization,3,32,103,65,32,K-Fold,5,AdaBoost,user_fullname,300,True,0.395,0.3590358056265985,0.395,0.36371749408983445,0.4935880413734796
2,person_vs_organization,3,32,103,65,32,K-Fold,5,AdaBoost,user_fullname,300,False,0.515,0.265225,0.515,0.35013201320132015,0.5005431155566464
2,person_vs_organization,3,32,103,65,32,LOOCV,,AdaBoost,user_fullname,300,True,0.83,0.7097272727272727,0.83,0.7622686657579888,0.7993644929907816
2,person_vs_organization,3,32,103,65,32,LOOCV,,AdaBoost,user_fullname,300,False,0.515,0.265225,0.515,0.35013201320132015,0.2706848306332843
2,person_vs_organization,3,32,103,65,32,K-Fold,5,XGBoost,user_fullname,300,True,0.395,0.5427852865697177,0.395,0.33424748155631284,0.5331923716794852
2,person_vs_organization,3,32,103,65,32,K-Fold,5,XGBoost,user_fullname,300,False,0.5,0.4215025906735751,0.5,0.35983704292527824,0.52013125579556
2,person_vs_organization,3,32,103,65,32,LOOCV,,XGBoost,user_fullname,300,True,0.375,0.48651219512195126,0.375,0.3172600715763207,0.3952204630993291
2,person_vs_organization,3,32,103,65,32,LOOCV,,XGBoost,user_fullname,300,False,0.495,0.4201822916666667,0.495,0.3575014955134596,0.2413162125675012
2,person_vs_organization,3,32,103,65,32,K-Fold,5,LogReg,desc_user_fullname,178,True,0.445,0.44333816340555743,0.445,0.43276128064937247,0.5537138970708558
2,person_vs_organization,3,32,103,65,32,K-Fold,5,LogReg,desc_user_fullname,178,False,0.475,0.33875,0.475,0.3609759584145549,0.5422332746959035
2,person_vs_organization,3,32,103,65,32,LOOCV,,LogReg,desc_user_fullname,178,True,0.47,0.48515050167224083,0.47,0.46760473909869943,0.5755629329624175
2,person_vs_organization,3,32,103,65,32,LOOCV,,LogReg,desc_user_fullname,178,False,0.485,0.3644472214054689,0.485,0.3788044579533941,0.5552022854961
2,person_vs_organization,3,32,103,65,32,K-Fold,5,DecisionTree,desc_user_fullname,178,True,0.385,0.42059447004608297,0.385,0.366838605140492,0.4862068742158948
2,person_vs_organization,3,32,103,65,32,K-Fold,5,DecisionTree,desc_user_fullname,178,False,0.385,0.4100867843863373,0.385,0.3670693154996066,0.4603248547700868
2,person_vs_organization,3,32,103,65,32,LOOCV,,DecisionTree,desc_user_fullname,178,True,0.405,0.4413569844789357,0.405,0.38611722077585264,0.48818432607865603
2,person_vs_organization,3,32,103,65,32,LOOCV,,DecisionTree,desc_user_fullname,178,False,0.415,0.4565731203824424,0.415,0.3973879781420766,0.4355621829487809
2,person_vs_organization,3,32,103,65,32,K-Fold,5,RandomForest,desc_user_fullname,178,True,0.41,0.4278922518159806,0.41,0.39128752702807473,0.5380390552555501
2,person_vs_organization,3,32,103,65,32,K-Fold,5,RandomForest,desc_user_fullname,178,False,0.405,0.4129729853479854,0.405,0.38810103496403714,0.5302816437571592
2,person_vs_organization,3,32,103,65,32,LOOCV,,RandomForest,desc_user_fullname,178,True,0.47,0.4938863863863864,0.47,0.4603439077757095,0.5511565073910435
2,person_vs_organization,3,32,103,65,32,LOOCV,,RandomForest,desc_user_fullname,178,False,0.475,0.4812309941520468,0.475,0.4648536545033623,0.5466900330005999
2,person_vs_organization,3,32,103,65,32,K-Fold,5,SVM,desc_user_fullname,178,True,0.46,0.45973639455782317,0.46,0.44860225058233,0.4508485654284623
2,person_vs_organization,3,32,103,65,32,K-Fold,5,SVM,desc_user_fullname,178,False,0.475,0.34017265193370166,0.475,0.3621339766997045,0.4466097133584247
2,person_vs_organization,3,32,103,65,32,LOOCV,,SVM,desc_user_fullname,178,True,0.48,0.4968012211009352,0.48,0.47821996568832015,
2,person_vs_organization,3,32,103,65,32,LOOCV,,SVM,desc_user_fullname,178,False,0.47,0.3886904761904762,0.47,0.3832211958584051,
2,person_vs_organization,3,32,103,65,32,K-Fold,5,AdaBoost,desc_user_fullname,178,True,0.45,0.37833017975402083,0.45,0.39334641895499944,0.4695738149784542
2,person_vs_organization,3,32,103,65,32,K-Fold,5,AdaBoost,desc_user_fullname,178,False,0.505,0.34400510204081636,0.505,0.35390189520624304,0.5007587990236186
2,person_vs_organization,3,32,103,65,32,LOOCV,,AdaBoost,desc_user_fullname,178,True,0.48,0.28445945945945944,0.48,0.3477569444444444,0.4697255359188348
2,person_vs_organization,3,32,103,65,32,LOOCV,,AdaBoost,desc_user_fullname,178,False,0.51,0.37236886632825716,0.51,0.35632549019607845,0.12822700867288497
2,person_vs_organization,3,32,103,65,32,K-Fold,5,XGBoost,desc_user_fullname,178,True,0.39,0.4334047619047619,0.39,0.3527976549460722,0.512892768504882
2,person_vs_organization,3,32,103,65,32,K-Fold,5,XGBoost,desc_user_fullname,178,False,0.435,0.30882994186046514,0.435,0.34071560044893373,0.49886595210822016
2,person_vs_organization,3,32,103,65,32,LOOCV,,XGBoost,desc_user_fullname,178,True,0.41,0.4584252310852448,0.41,0.38985750891265597,0.42864970272186764
2,person_vs_organization,3,32,103,65,32,LOOCV,,XGBoost,desc_user_fullname,178,False,0.47,0.37838638373121136,0.47,0.3791167268351384,0.391033546064474
2,person_vs_organization,3,32,103,65,32,K-Fold,5,LogReg,numeric,11,True,0.46,0.4929978354978355,0.46,0.4582302313071544,0.6113072192221677
2,person_vs_organization,3,32,103,65,32,K-Fold,5,LogReg,numeric,11,False,0.495,0.479803594351733,0.495,0.48234234284502675,0.6009337397043583
2,person_vs_organization,3,32,103,65,32,LOOCV,,LogReg,numeric,11,True,0.455,0.5026250927463519,0.455,0.4469888485307284,0.6464284759722905
2,person_vs_organization,3,32,103,65,32,LOOCV,,LogReg,numeric,11,False,0.565,0.5583031045751633,0.565,0.5458960575380594,0.6297980826924126
2,person_vs_organization,3,32,103,65,32,K-Fold,5,DecisionTree,numeric,11,True,0.44,0.4474886189079737,0.44,0.4420470055355173,0.540251186385207
2,person_vs_organization,3,32,103,65,32,K-Fold,5,DecisionTree,numeric,11,False,0.425,0.42718708827404483,0.425,0.4258704004728831,0.5233445153548246
2,person_vs_organization,3,32,103,65,32,LOOCV,,DecisionTree,numeric,11,True,0.4,0.40213713745271124,0.4,0.4008759000030901,0.4975754104620084
2,person_vs_organization,3,32,103,65,32,LOOCV,,DecisionTree,numeric,11,False,0.36,0.36965413533834585,0.36,0.364245942007136,0.47592797141766213
2,person_vs_organization,3,32,103,65,32,K-Fold,5,RandomForest,numeric,11,True,0.515,0.48480555555555555,0.515,0.4836126433762367,0.6025452769595812
2,person_vs_organization,3,32,103,65,32,K-Fold,5,RandomForest,numeric,11,False,0.525,0.49583479660520924,0.525,0.4975632137472874,0.601765907107402
2,person_vs_organization,3,32,103,65,32,LOOCV,,RandomForest,numeric,11,True,0.515,0.49039165628891657,0.515,0.4765293941164396,0.6035912527955054
2,person_vs_organization,3,32,103,65,32,LOOCV,,RandomForest,numeric,11,False,0.495,0.4592600422832981,0.495,0.4696551724137931,0.6125208196967218
2,person_vs_organization,3,32,103,65,32,K-Fold,5,SVM,numeric,11,True,0.425,0.45828878648233484,0.425,0.42017696927527737,0.5614488899798179
2,person_vs_organization,3,32,103,65,32,K-Fold,5,SVM,numeric,11,False,0.48,0.4670960081585082,0.48,0.4651945960165035,0.5447615979381443
2,person_vs_organization,3,32,103,65,32,LOOCV,,SVM,numeric,11,True,0.425,0.48116202270381836,0.425,0.42465714285714284,
2,person_vs_organization,3,32,103,65,32,LOOCV,,SVM,numeric,11,False,0.5,0.4358884812912693,0.5,0.45493087557603684,
2,person_vs_organization,3,32,103,65,32,K-Fold,5,AdaBoost,numeric,11,True,0.505,0.5209547908232119,0.505,0.5044180037397435,0.612644111711122
2,person_vs_organization,3,32,103,65,32,K-Fold,5,AdaBoost,numeric,11,False,0.515,0.5063045454545454,0.515,0.5070360317834947,0.6138878354606448
2,person_vs_organization,3,32,103,65,32,LOOCV,,AdaBoost,numeric,11,True,0.455,0.47753508771929826,0.455,0.46202070770281034,0.6548550700921834
2,person_vs_organization,3,32,103,65,32,LOOCV,,AdaBoost,numeric,11,False,0.53,0.5176108374384235,0.53,0.5204629883906263,0.6665854197349043
2,person_vs_organization,3,32,103,65,32,K-Fold,5,XGBoost,numeric,11,True,0.47,0.46928933948518703,0.47,0.4691930172295035,0.5885238436153385
2,person_vs_organization,3,32,103,65,32,K-Fold,5,XGBoost,numeric,11,False,0.455,0.44486673414304995,0.455,0.4485305577625934,0.582665821196749
2,person_vs_organization,3,32,103,65,32,LOOCV,,XGBoost,numeric,11,True,0.49,0.4930087516960651,0.49,0.4913945709462951,0.6103965253913708
2,person_vs_organization,3,32,103,65,32,LOOCV,,XGBoost,numeric,11,False,0.46,0.45038671023965143,0.46,0.4542500801767451,0.5926781350570011
2,person_vs_organization,3,32,103,65,32,K-Fold,5,LogReg,desc+numeric,160,True,0.425,0.4406529371790999,0.425,0.4253249042145594,0.5974842906234659
2,person_vs_organization,3,32,103,65,32,K-Fold,5,LogReg,desc+numeric,160,False,0.505,0.4911449169110459,0.505,0.4925229615160835,0.5963067623956799
2,person_vs_organization,3,32,103,65,32,LOOCV,,LogReg,desc+numeric,160,True,0.46,0.47599918657314305,0.46,0.45871164278196097,0.6359260622920416
2,person_vs_organization,3,32,103,65,32,LOOCV,,LogReg,desc+numeric,160,False,0.55,0.5416723646723647,0.55,0.5333989733232349,0.6289436739758905
2,person_vs_organization,3,32,103,65,32,K-Fold,5,DecisionTree,desc+numeric,160,True,0.425,0.4394444444444444,0.425,0.4302722140592375,0.5364070255822834
2,person_vs_organization,3,32,103,65,32,K-Fold,5,DecisionTree,desc+numeric,160,False,0.42,0.41615753295854946,0.42,0.41797961799030936,0.5138329787814324
2,person_vs_organization,3,32,103,65,32,LOOCV,,DecisionTree,desc+numeric,160,True,0.4,0.4065079979360165,0.4,0.40281951219512196,0.5026598210876562
2,person_vs_organization,3,32,103,65,32,LOOCV,,DecisionTree,desc+numeric,160,False,0.39,0.38075717274040094,0.39,0.3850088687426094,0.4836285659739268
2,person_vs_organization,3,32,103,65,32,K-Fold,5,RandomForest,desc+numeric,160,True,0.535,0.4945854591836734,0.535,0.491025641025641,0.6068455074183167
2,person_vs_organization,3,32,103,65,32,K-Fold,5,RandomForest,desc+numeric,160,False,0.525,0.4640704295704296,0.525,0.4773514696685428,0.6301436344297169
2,person_vs_organization,3,32,103,65,32,LOOCV,,RandomForest,desc+numeric,160,True,0.55,0.5172697368421052,0.55,0.49922128851540615,0.6434413625702285
2,person_vs_organization,3,32,103,65,32,LOOCV,,RandomForest,desc+numeric,160,False,0.55,0.5106030701754386,0.55,0.49582396342698415,0.6498680691921672
2,person_vs_organization,3,32,103,65,32,K-Fold,5,SVM,desc+numeric,160,True,0.43,0.443625,0.43,0.4308837384586395,0.5380189889816179
2,person_vs_organization,3,32,103,65,32,K-Fold,5,SVM,desc+numeric,160,False,0.51,0.4961775780915703,0.51,0.4976112332466605,0.5672964872088584
2,person_vs_organization,3,32,103,65,32,LOOCV,,SVM,desc+numeric,160,True,0.445,0.4621286375889956,0.445,0.44245581148852225,
2,person_vs_organization,3,32,103,65,32,LOOCV,,SVM,desc+numeric,160,False,0.545,0.5365355142510346,0.545,0.5341730971958676,
2,person_vs_organization,3,32,103,65,32,K-Fold,5,AdaBoost,desc+numeric,160,True,0.515,0.523952380952381,0.515,0.5171524133588166,0.6188709874270443
2,person_vs_organization,3,32,103,65,32,K-Fold,5,AdaBoost,desc+numeric,160,False,0.505,0.4818558160106148,0.505,0.4825425232731266,0.5968136250204549
2,person_vs_organization,3,32,103,65,32,LOOCV,,AdaBoost,desc+numeric,160,True,0.53,0.5363832713721974,0.53,0.5327124830393487,0.6640109092892598
2,person_vs_organization,3,32,103,65,32,LOOCV,,AdaBoost,desc+numeric,160,False,0.555,0.5382197513151603,0.555,0.5389709228824273,0.6515372143129876
2,person_vs_organization,3,32,103,65,32,K-Fold,5,XGBoost,desc+numeric,160,True,0.45,0.4475230766969457,0.45,0.4485363824619406,0.582233676975945
2,person_vs_organization,3,32,103,65,32,K-Fold,5,XGBoost,desc+numeric,160,False,0.465,0.4529179523141655,0.465,0.45689103780709645,0.5718706567392136
2,person_vs_organization,3,32,103,65,32,LOOCV,,XGBoost,desc+numeric,160,True,0.495,0.48883372237784,0.495,0.4915371687857192,0.6165951290023455
2,person_vs_organization,3,32,103,65,32,LOOCV,,XGBoost,desc+numeric,160,False,0.505,0.49039963478016574,0.505,0.4962735615079365,0.6072791005291006
2,person_vs_organization,2,32,103,0,32,K-Fold,5,LogReg,desc,149,True,0.7333333333333333,0.7046393134888711,0.7333333333333333,0.7148148148148149,0.6585254854368932
2,person_vs_organization,2,32,103,0,32,K-Fold,5,LogReg,desc,149,False,0.762962962962963,0.5821124828532236,0.762962962962963,0.660379707438531,0.6518507281553398
2,person_vs_organization,2,32,103,0,32,LOOCV,,LogReg,desc,149,True,0.674074074074074,0.6517891215138921,0.674074074074074,0.6618279958553218,0.6083131067961165
2,person_vs_organization,2,32,103,0,32,LOOCV,,LogReg,desc,149,False,0.762962962962963,0.5821124828532236,0.762962962962963,0.660379707438531,0.589502427184466
2,person_vs_organization,2,32,103,0,32,K-Fold,5,DecisionTree,desc,149,True,0.7037037037037037,0.6695867226840679,0.7037037037037037,0.6831275720164608,0.519872572815534
2,person_vs_organization,2,32,103,0,32,K-Fold,5,DecisionTree,desc,149,False,0.674074074074074,0.6435101768435101,0.674074074074074,0.6568857241754438,0.47785194174757284
2,person_vs_organization,2,32,103,0,32,LOOCV,,DecisionTree,desc,149,True,0.6518518518518519,0.6134460547504026,0.6518518518518519,0.6306538250724297,0.4660194174757281
2,person_vs_organization,2,32,103,0,32,LOOCV,,DecisionTree,desc,149,False,0.6962962962962963,0.6566787338717163,0.6962962962962963,0.672477433524299,0.3490594660194175
2,person_vs_organization,2,32,103,0,32,K-Fold,5,RandomForest,desc,149,True,0.762962962962963,0.7166814814814816,0.762962962962963,0.7123178316160772,0.5843446601941747
2,person_vs_organization,2,32,103,0,32,K-Fold,5,RandomForest,desc,149,False,0.762962962962963,0.7166814814814816,0.762962962962963,0.7123178316160772,0.6377427184466019
2,person_vs_organization,2,32,103,0,32,LOOCV,,RandomForest,desc,149,True,0.7481481481481481,0.7006078096987187,0.7481481481481481,0.7089918334483551,0.5263956310679612
2,person_vs_organization,2,32,103,0,32,LOOCV,,RandomForest,desc,149,False,0.7555555555555555,0.7097660081266639,0.7555555555555555,0.7142716049382717,0.5934466019417475
2,person_vs_organization,2,32,103,0,32,K-Fold,5,SVM,desc,149,True,0.7555555555555555,0.7332729468599034,0.7555555555555555,0.7406718346253229,0.6378944174757282
2,person_vs_organization,2,32,103,0,32,K-Fold,5,SVM,desc,149,False,0.7481481481481481,0.6416737348035058,0.7481481481481481,0.6652738208293764,0.6416868932038835
2,person_vs_organization,2,32,103,0,32,LOOCV,,SVM,desc,149,True,0.6962962962962963,0.6794924554183814,0.6962962962962963,0.687025880406875,
2,person_vs_organization,2,32,103,0,32,LOOCV,,SVM,desc,149,False,0.7555555555555555,0.6916914682539682,0.7555555555555555,0.6904354904354904,
2,person_vs_organization,2,32,103,0,32,K-Fold,5,AdaBoost,desc,149,True,0.7481481481481481,0.6942487202649804,0.7481481481481481,0.7020529781591728,0.5500606796116505
2,person_vs_organization,2,32,103,0,32,K-Fold,5,AdaBoost,desc,149,False,0.7555555555555555,0.5807628524046434,0.7555555555555555,0.6567276136896391,0.5708434466019418
2,person_vs_organization,2,32,103,0,32,LOOCV,,AdaBoost,desc,149,True,0.7407407407407407,0.6768762897795155,0.7407407407407407,0.6894254155805227,0.31432038834951453
2,person_vs_organization,2,32,103,0,32,LOOCV,,AdaBoost,desc,149,False,0.7407407407407407,0.5780022446689114,0.7407407407407407,0.6493301812450749,0.11741504854368932
2,person_vs_organization,2,32,103,0,32,K-Fold,5,XGBoost,desc,149,True,0.7407407407407407,0.6989217532587423,0.7407407407407407,0.7098565922095333,0.5062196601941747
2,person_vs_organization,2,32,103,0,32,K-Fold,5,XGBoost,desc,149,False,0.762962962962963,0.7067571388182076,0.762962962962963,0.6849635960747072,0.5033373786407767
2,person_vs_organization,2,32,103,0,32,LOOCV,,XGBoost,desc,149,True,0.7333333333333333,0.6985507246376811,0.7333333333333333,0.709903552105387,0.3698422330097087
2,person_vs_organization,2,32,103,0,32,LOOCV,,XGBoost,desc,149,False,0.7703703703703704,0.7315145502645503,0.7703703703703704,0.7091969758636426,0.15200242718446602
2,person_vs_organization,2,32,103,0,32,K-Fold,5,LogReg,username,200,True,0.762962962962963,0.5821124828532236,0.762962962962963,0.660379707438531,0.4754247572815534
2,person_vs_organization,2,32,103,0,32,K-Fold,5,LogReg,username,200,False,0.762962962962963,0.5821124828532236,0.762962962962963,0.660379707438531,0.4754247572815534
2,person_vs_organization,2,32,103,0,32,LOOCV,,LogReg,username,200,True,0.762962962962963,0.5821124828532236,0.762962962962963,0.660379707438531,0.0
2,person_vs_organization,2,32,103,0,32,LOOCV,,LogReg,username,200,False,0.762962962962963,0.5821124828532236,0.762962962962963,0.660379707438531,0.0
2,person_vs_organization,2,32,103,0,32,K-Fold,5,DecisionTree,username,200,True,0.762962962962963,0.5821124828532236,0.762962962962963,0.660379707438531,0.5
2,person_vs_organization,2,32,103,0,32,K-Fold,5,DecisionTree,username,200,False,0.762962962962963,0.5821124828532236,0.762962962962963,0.660379707438531,0.5
2,person_vs_organization,2,32,103,0,32,LOOCV,,DecisionTree,username,200,True,0.762962962962963,0.5821124828532236,0.762962962962963,0.660379707438531,0.5
2,person_vs_organization,2,32,103,0,32,LOOCV,,DecisionTree,username,200,False,0.762962962962963,0.5821124828532236,0.762962962962963,0.660379707438531,0.5
2,person_vs_organization,2,32,103,0,32,K-Fold,5,RandomForest,username,200,True,0.762962962962963,0.5821124828532236,0.762962962962963,0.660379707438531,0.5
2,person_vs_organization,2,32,103,0,32,K-Fold,5,RandomForest,username,200,False,0.762962962962963,0.5821124828532236,0.762962962962963,0.660379707438531,0.5040958737864077
2,person_vs_organization,2,32,103,0,32,LOOCV,,RandomForest,username,200,True,0.762962962962963,0.5821124828532236,0.762962962962963,0.660379707438531,0.4714805825242719
2,person_vs_organization,2,32,103,0,32,LOOCV,,RandomForest,username,200,False,0.762962962962963,0.5821124828532236,0.762962962962963,0.660379707438531,0.502882281553398
2,person_vs_organization,2,32,103,0,32,K-Fold,5,SVM,username,200,True,0.762962962962963,0.5821124828532236,0.762962962962963,0.660379707438531,0.4754247572815534
2,person_vs_organization,2,32,103,0,32,K-Fold,5,SVM,username,200,False,0.762962962962963,0.5821124828532236,0.762962962962963,0.660379707438531,0.4754247572815534
2,person_vs_organization,2,32,103,0,32,LOOCV,,SVM,username,200,True,0.762962962962963,0.5821124828532236,0.762962962962963,0.660379707438531,
2,person_vs_organization,2,32,103,0,32,LOOCV,,SVM,username,200,False,0.762962962962963,0.5821124828532236,0.762962962962963,0.660379707438531,
2,person_vs_organization,2,32,103,0,32,K-Fold,5,AdaBoost,username,200,True,0.762962962962963,0.5821124828532236,0.762962962962963,0.660379707438531,0.4754247572815534
2,person_vs_organization,2,32,103,0,32,K-Fold,5,AdaBoost,username,200,False,0.762962962962963,0.5821124828532236,0.762962962962963,0.660379707438531,0.47542475728155337
2,person_vs_organization,2,32,103,0,32,LOOCV,,AdaBoost,username,200,True,0.762962962962963,0.5821124828532236,0.762962962962963,0.660379707438531,0.0
2,person_vs_organization,2,32,103,0,32,LOOCV,,AdaBoost,username,200,False,0.762962962962963,0.5821124828532236,0.762962962962963,0.660379707438531,0.0
2,person_vs_organization,2,32,103,0,32,K-Fold,5,XGBoost,username,200,True,0.5703703703703704,0.6548696844993142,0.5703703703703704,0.5996386173838145,0.5245752427184466
2,person_vs_organization,2,32,103,0,32,K-Fold,5,XGBoost,username,200,False,0.762962962962963,0.5821124828532236,0.762962962962963,0.660379707438531,0.4754247572815534
2,person_vs_organization,2,32,103,0,32,LOOCV,,XGBoost,username,200,True,0.23703703703703705,0.05618655692729767,0.23703703703703705,0.09084054113994235,0.5
2,person_vs_organization,2,32,103,0,32,LOOCV,,XGBoost,username,200,False,0.762962962962963,0.5821124828532236,0.762962962962963,0.660379707438531,0.0
2,person_vs_organization,2,32,103,0,32,K-Fold,5,LogReg,fullname,300,True,0.8,0.8111607142857143,0.8,0.7467199467199466,0.6410800970873787
2,person_vs_organization,2,32,103,0,32,K-Fold,5,LogReg,fullname,300,False,0.762962962962963,0.5821124828532236,0.762962962962963,0.660379707438531,0.6513956310679612
2,person_vs_organization,2,32,103,0,32,LOOCV,,LogReg,fullname,300,True,0.8,0.8111607142857143,0.8,0.7467199467199466,0.4265776699029126
2,person_vs_organization,2,32,103,0,32,LOOCV,,LogReg,fullname,300,False,0.762962962962963,0.5821124828532236,0.762962962962963,0.660379707438531,0.4186893203883495
2,person_vs_organization,2,32,103,0,32,K-Fold,5,DecisionTree,fullname,300,True,0.562962962962963,0.6905575905575905,0.562962962962963,0.595621591438289,0.5854065533980581
2,person_vs_organization,2,32,103,0,32,K-Fold,5,DecisionTree,fullname,300,False,0.7851851851851852,0.7882621082621083,0.7851851851851852,0.7192531587381373,0.6048240291262136
2,person_vs_organization,2,32,103,0,32,LOOCV,,DecisionTree,fullname,300,True,0.7555555555555555,0.7045780384490061,0.7555555555555555,0.707172534690207,0.874241504854369
2,person_vs_organization,2,32,103,0,32,LOOCV,,DecisionTree,fullname,300,False,0.7851851851851852,0.7713376322751323,0.7851851851851852,0.7279584612917946,0.6266686893203883
2,person_vs_organization,2,32,103,0,32,K-Fold,5,RandomForest,fullname,300,True,0.7851851851851852,0.7713376322751323,0.7851851851851852,0.7279584612917946,0.6089199029126213
2,person_vs_organization,2,32,103,0,32,K-Fold,5,RandomForest,fullname,300,False,0.7925925925925926,0.836923946847611,0.7925925925925926,0.7243431465653688,0.6148361650485437
2,person_vs_organization,2,32,103,0,32,LOOCV,,RandomForest,fullname,300,True,0.7925925925925926,0.8008039046798737,0.7925925925925926,0.7332593936949654,0.7466626213592233
2,person_vs_organization,2,32,103,0,32,LOOCV,,RandomForest,fullname,300,False,0.7851851851851852,0.8323793490460157,0.7851851851851852,0.7094450073173477,0.6776395631067962
2,person_vs_organization,2,32,103,0,32,K-Fold,5,SVM,fullname,300,True,0.8,0.8111607142857143,0.8,0.7467199467199466,0.6383495145631068
2,person_vs_organization,2,32,103,0,32,K-Fold,5,SVM,fullname,300,False,0.7777777777777778,0.8279030910609858,0.7777777777777778,0.6938628558768141,0.6459344660194175
2,person_vs_organization,2,32,103,0,32,LOOCV,,SVM,fullname,300,True,0.8,0.8111607142857143,0.8,0.7467199467199466,
2,person_vs_organization,2,32,103,0,32,LOOCV,,SVM,fullname,300,False,0.7777777777777778,0.8279030910609858,0.7777777777777778,0.6938628558768141,
2,person_vs_organization,2,32,103,0,32,K-Fold,5,AdaBoost,fullname,300,True,0.7925925925925926,0.8008039046798737,0.7925925925925926,0.7332593936949654,0.5609830097087378
2,person_vs_organization,2,32,103,0,32,K-Fold,5,AdaBoost,fullname,300,False,0.762962962962963,0.5821124828532236,0.762962962962963,0.660379707438531,0.5923847087378642
2,person_vs_organization,2,32,103,0,32,LOOCV,,AdaBoost,fullname,300,True,0.7555555555555555,0.5807628524046434,0.7555555555555555,0.6567276136896391,0.17688106796116504
2,person_vs_organization,2,32,103,0,32,LOOCV,,AdaBoost,fullname,300,False,0.762962962962963,0.5821124828532236,0.762962962962963,0.660379707438531,0.29095873786407767
2,person_vs_organization,2,32,103,0,32,K-Fold,5,XGBoost,fullname,300,True,0.48148148148148145,0.6455143668258423,0.48148148148148145,0.5178111844011521,0.5301881067961165
2,person_vs_organization,2,32,103,0,32,K-Fold,5,XGBoost,fullname,300,False,0.762962962962963,0.5821124828532236,0.762962962962963,0.660379707438531,0.5192657766990291
2,person_vs_organization,2,32,103,0,32,LOOCV,,XGBoost,fullname,300,True,0.7925925925925926,0.7845435987168271,0.7925925925925926,0.7411916264090177,0.29004854368932037
2,person_vs_organization,2,32,103,0,32,LOOCV,,XGBoost,fullname,300,False,0.762962962962963,0.5821124828532236,0.762962962962963,0.660379707438531,0.11286407766990292
2,person_vs_organization,2,32,103,0,32,K-Fold,5,LogReg,desc_user,149,True,0.7333333333333333,0.7046393134888711,0.7333333333333333,0.7148148148148149,0.6585254854368932
2,person_vs_organization,2,32,103,0,32,K-Fold,5,LogReg,desc_user,149,False,0.762962962962963,0.5821124828532236,0.762962962962963,0.660379707438531,0.6518507281553398
2,person_vs_organization,2,32,103,0,32,LOOCV,,LogReg,desc_user,149,True,0.674074074074074,0.6517891215138921,0.674074074074074,0.6618279958553218,0.6083131067961165
2,person_vs_organization,2,32,103,0,32,LOOCV,,LogReg,desc_user,149,False,0.762962962962963,0.5821124828532236,0.762962962962963,0.660379707438531,0.589502427184466
2,person_vs_organization,2,32,103,0,32,K-Fold,5,DecisionTree,desc_user,149,True,0.7037037037037037,0.6695867226840679,0.7037037037037037,0.6831275720164608,0.519872572815534
2,person_vs_organization,2,32,103,0,32,K-Fold,5,DecisionTree,desc_user,149,False,0.674074074074074,0.6435101768435101,0.674074074074074,0.6568857241754438,0.47785194174757284
2,person_vs_organization,2,32,103,0,32,LOOCV,,DecisionTree,desc_user,149,True,0.6518518518518519,0.6134460547504026,0.6518518518518519,0.6306538250724297,0.4660194174757281
2,person_vs_organization,2,32,103,0,32,LOOCV,,DecisionTree,desc_user,149,False,0.6962962962962963,0.6566787338717163,0.6962962962962963,0.672477433524299,0.3490594660194175
2,person_vs_organization,2,32,103,0,32,K-Fold,5,RandomForest,desc_user,149,True,0.762962962962963,0.7166814814814816,0.762962962962963,0.7123178316160772,0.5843446601941747
2,person_vs_organization,2,32,103,0,32,K-Fold,5,RandomForest,desc_user,149,False,0.762962962962963,0.7166814814814816,0.762962962962963,0.7123178316160772,0.6377427184466019
2,person_vs_organization,2,32,103,0,32,LOOCV,,RandomForest,desc_user,149,True,0.7481481481481481,0.7006078096987187,0.7481481481481481,0.7089918334483551,0.5263956310679612
2,person_vs_organization,2,32,103,0,32,LOOCV,,RandomForest,desc_user,149,False,0.7555555555555555,0.7097660081266639,0.7555555555555555,0.7142716049382717,0.5934466019417476
2,person_vs_organization,2,32,103,0,32,K-Fold,5,SVM,desc_user,149,True,0.7555555555555555,0.7332729468599034,0.7555555555555555,0.7406718346253229,0.6378944174757282
2,person_vs_organization,2,32,103,0,32,K-Fold,5,SVM,desc_user,149,False,0.7481481481481481,0.6416737348035058,0.7481481481481481,0.6652738208293764,0.6416868932038835
2,person_vs_organization,2,32,103,0,32,LOOCV,,SVM,desc_user,149,True,0.6962962962962963,0.6794924554183814,0.6962962962962963,0.687025880406875,
2,person_vs_organization,2,32,103,0,32,LOOCV,,SVM,desc_user,149,False,0.7555555555555555,0.6916914682539682,0.7555555555555555,0.6904354904354904,
2,person_vs_organization,2,32,103,0,32,K-Fold,5,AdaBoost,desc_user,149,True,0.7481481481481481,0.6942487202649804,0.7481481481481481,0.7020529781591728,0.5500606796116505
2,person_vs_organization,2,32,103,0,32,K-Fold,5,AdaBoost,desc_user,149,False,0.7555555555555555,0.5807628524046434,0.7555555555555555,0.6567276136896391,0.5708434466019418
2,person_vs_organization,2,32,103,0,32,LOOCV,,AdaBoost,desc_user,149,True,0.7407407407407407,0.6768762897795155,0.7407407407407407,0.6894254155805227,0.31432038834951453
2,person_vs_organization,2,32,103,0,32,LOOCV,,AdaBoost,desc_user,149,False,0.7407407407407407,0.5780022446689114,0.7407407407407407,0.6493301812450749,0.11741504854368932
2,person_vs_organization,2,32,103,0,32,K-Fold,5,XGBoost,desc_user,149,True,0.7407407407407407,0.6989217532587423,0.7407407407407407,0.7098565922095333,0.5062196601941747
2,person_vs_organization,2,32,103,0,32,K-Fold,5,XGBoost,desc_user,149,False,0.762962962962963,0.7067571388182076,0.762962962962963,0.6849635960747072,0.5033373786407767
2,person_vs_organization,2,32,103,0,32,LOOCV,,XGBoost,desc_user,149,True,0.7333333333333333,0.6985507246376811,0.7333333333333333,0.709903552105387,0.3698422330097087
2,person_vs_organization,2,32,103,0,32,LOOCV,,XGBoost,desc_user,149,False,0.7703703703703704,0.7315145502645503,0.7703703703703704,0.7091969758636426,0.15200242718446602
2,person_vs_organization,2,32,103,0,32,K-Fold,5,LogReg,desc_fullname,178,True,0.7555555555555555,0.7285992759676969,0.7555555555555555,0.7363842757634602,0.7252730582524272
2,person_vs_organization,2,32,103,0,32,K-Fold,5,LogReg,desc_fullname,178,False,0.762962962962963,0.5821124828532236,0.762962962962963,0.660379707438531,0.721632281553398
2,person_vs_organization,2,32,103,0,32,LOOCV,,LogReg,desc_fullname,178,True,0.7185185185185186,0.7001385294963276,0.7185185185185186,0.7079423600568688,0.683859223300971
2,person_vs_organization,2,32,103,0,32,LOOCV,,LogReg,desc_fullname,178,False,0.762962962962963,0.5821124828532236,0.762962962962963,0.660379707438531,0.6647451456310681
2,person_vs_organization,2,32,103,0,32,K-Fold,5,DecisionTree,desc_fullname,178,True,0.725925925925926,0.6858607246084559,0.725925925925926,0.6991295351220143,0.5182038834951457
2,person_vs_organization,2,32,103,0,32,K-Fold,5,DecisionTree,desc_fullname,178,False,0.6962962962962963,0.6259876543209877,0.6962962962962963,0.6529473085336075,0.4473604368932039
2,person_vs_organization,2,32,103,0,32,LOOCV,,DecisionTree,desc_fullname,178,True,0.725925925925926,0.6703086419753087,0.725925925925926,0.6868061077010604,0.5116808252427184
2,person_vs_organization,2,32,103,0,32,LOOCV,,DecisionTree,desc_fullname,178,False,0.7111111111111111,0.6581034673756508,0.7111111111111111,0.6766973456049085,0.46359223300970875
2,person_vs_organization,2,32,103,0,32,K-Fold,5,RandomForest,desc_fullname,178,True,0.7925925925925926,0.7845435987168271,0.7925925925925926,0.7411916264090177,0.6738470873786407
2,person_vs_organization,2,32,103,0,32,K-Fold,5,RandomForest,desc_fullname,178,False,0.7851851851851852,0.7713376322751323,0.7851851851851852,0.7279584612917946,0.6970570388349515
2,person_vs_organization,2,32,103,0,32,LOOCV,,RandomForest,desc_fullname,178,True,0.7703703703703704,0.7322797871184968,0.7703703703703704,0.7249196537998915,0.6611043689320388
2,person_vs_organization,2,32,103,0,32,LOOCV,,RandomForest,desc_fullname,178,False,0.7777777777777778,0.746488888888889,0.7777777777777778,0.7302979671400723,0.6709648058252428
2,person_vs_organization,2,32,103,0,32,K-Fold,5,SVM,desc_fullname,178,True,0.7555555555555555,0.7428669410150892,0.7555555555555555,0.7480940013030946,0.6952366504854368
2,person_vs_organization,2,32,103,0,32,K-Fold,5,SVM,desc_fullname,178,False,0.7481481481481481,0.6416737348035058,0.7481481481481481,0.6652738208293764,0.6899271844660193
2,person_vs_organization,2,32,103,0,32,LOOCV,,SVM,desc_fullname,178,True,0.7037037037037037,0.697283950617284,0.7037037037037037,0.7003492326072972,
2,person_vs_organization,2,32,103,0,32,LOOCV,,SVM,desc_fullname,178,False,0.7407407407407407,0.6284330484330485,0.7407407407407407,0.6611676053736139,
2,person_vs_organization,2,32,103,0,32,K-Fold,5,AdaBoost,desc_fullname,178,True,0.7333333333333333,0.6773711137347501,0.7333333333333333,0.6918737060041408,0.5314016990291263
2,person_vs_organization,2,32,103,0,32,K-Fold,5,AdaBoost,desc_fullname,178,False,0.7555555555555555,0.5807628524046434,0.7555555555555555,0.6567276136896391,0.5543082524271845
2,person_vs_organization,2,32,103,0,32,LOOCV,,AdaBoost,desc_fullname,178,True,0.7407407407407407,0.6768762897795155,0.7407407407407407,0.6894254155805227,0.2199635922330097
2,person_vs_organization,2,32,103,0,32,LOOCV,,AdaBoost,desc_fullname,178,False,0.7481481481481481,0.5793929267613478,0.7481481481481481,0.6530445699937226,0.1586771844660194
2,person_vs_organization,2,32,103,0,32,K-Fold,5,XGBoost,desc_fullname,178,True,0.7407407407407407,0.6924691358024692,0.7407407407407407,0.703735507284787,0.5828276699029127
2,person_vs_organization,2,32,103,0,32,K-Fold,5,XGBoost,desc_fullname,178,False,0.7703703703703704,0.7475869809203143,0.7703703703703704,0.6894067319599234,0.5364077669902914
2,person_vs_organization,2,32,103,0,32,LOOCV,,XGBoost,desc_fullname,178,True,0.7037037037037037,0.6695867226840679,0.7037037037037037,0.6831275720164608,0.42597087378640774
2,person_vs_organization,2,32,103,0,32,LOOCV,,XGBoost,desc_fullname,178,False,0.7777777777777778,0.7489063867016623,0.7777777777777778,0.7227053140096618,0.35558252427184467
2,person_vs_organization,2,32,103,0,32,K-Fold,5,LogReg,user_fullname,300,True,0.8,0.8111607142857143,0.8,0.7467199467199466,0.6523058252427185
2,person_vs_organization,2,32,103,0,32,K-Fold,5,LogReg,user_fullname,300,False,0.762962962962963,0.5821124828532236,0.762962962962963,0.660379707438531,0.6553398058252426
2,person_vs_organization,2,32,103,0,32,LOOCV,,LogReg,user_fullname,300,True,0.8,0.8111607142857143,0.8,0.7467199467199466,0.42688106796116504
2,person_vs_organization,2,32,103,0,32,LOOCV,,LogReg,user_fullname,300,False,0.762962962962963,0.5821124828532236,0.762962962962963,0.660379707438531,0.42293689320388345
2,person_vs_organization,2,32,103,0,32,K-Fold,5,DecisionTree,user_fullname,300,True,0.6370370370370371,0.6984162140308319,0.6370370370370371,0.6588020118884316,0.6659587378640777
2,person_vs_organization,2,32,103,0,32,K-Fold,5,DecisionTree,user_fullname,300,False,0.7851851851851852,0.7882621082621083,0.7851851851851852,0.7192531587381373,0.6183252427184466
2,person_vs_organization,2,32,103,0,32,LOOCV,,DecisionTree,user_fullname,300,True,0.7407407407407407,0.6852785951146606,0.7407407407407407,0.696954732510288,0.8235740291262136
2,person_vs_organization,2,32,103,0,32,LOOCV,,DecisionTree,user_fullname,300,False,0.7925925925925926,0.8008039046798737,0.7925925925925926,0.7332593936949654,0.6133191747572815
2,person_vs_organization,2,32,103,0,32,K-Fold,5,RandomForest,user_fullname,300,True,0.7111111111111111,0.6953360768175583,0.7111111111111111,0.7022929106309297,0.6595873786407767
2,person_vs_organization,2,32,103,0,32,K-Fold,5,RandomForest,user_fullname,300,False,0.7851851851851852,0.8323793490460157,0.7851851851851852,0.7094450073173477,0.6717233009708737
2,person_vs_organization,2,32,103,0,32,LOOCV,,RandomForest,user_fullname,300,True,0.7703703703703704,0.7322797871184968,0.7703703703703704,0.7249196537998915,0.7075242718446603
2,person_vs_organization,2,32,103,0,32,LOOCV,,RandomForest,user_fullname,300,False,0.7777777777777778,0.8279030910609858,0.7777777777777778,0.6938628558768141,0.6310679611650485
2,person_vs_organization,2,32,103,0,32,K-Fold,5,SVM,user_fullname,300,True,0.8,0.8111607142857143,0.8,0.7467199467199466,0.6359223300970874
2,person_vs_organization,2,32,103,0,32,K-Fold,5,SVM,user_fullname,300,False,0.7777777777777778,0.8279030910609858,0.7777777777777778,0.6938628558768141,0.6492718446601942
2,person_vs_organization,2,32,103,0,32,LOOCV,,SVM,user_fullname,300,True,0.8,0.8111607142857143,0.8,0.7467199467199466,
2,person_vs_organization,2,32,103,0,32,LOOCV,,SVM,user_fullname,300,False,0.7777777777777778,0.8279030910609858,0.7777777777777778,0.6938628558768141,
2,person_vs_organization,2,32,103,0,32,K-Fold,5,AdaBoost,user_fullname,300,True,0.7777777777777778,0.7718405428329093,0.7777777777777778,0.7046533713200379,0.5550667475728155
2,person_vs_organization,2,32,103,0,32,K-Fold,5,AdaBoost,user_fullname,300,False,0.762962962962963,0.5821124828532236,0.762962962962963,0.660379707438531,0.5506674757281553
2,person_vs_organization,2,32,103,0,32,LOOCV,,AdaBoost,user_fullname,300,True,0.762962962962963,0.5821124828532236,0.762962962962963,0.660379707438531,0.17688106796116504
2,person_vs_organization,2,32,103,0,32,LOOCV,,AdaBoost,user_fullname,300,False,0.762962962962963,0.5821124828532236,0.762962962962963,0.660379707438531,0.2660800970873786
2,person_vs_organization,2,32,103,0,32,K-Fold,5,XGBoost,user_fullname,300,True,0.5703703703703704,0.6403311546840958,0.5703703703703704,0.596957466028561,0.5241201456310679
2,person_vs_organization,2,32,103,0,32,K-Fold,5,XGBoost,user_fullname,300,False,0.762962962962963,0.5821124828532236,0.762962962962963,0.660379707438531,0.5192657766990291
2,person_vs_organization,2,32,103,0,32,LOOCV,,XGBoost,user_fullname,300,True,0.7925925925925926,0.772116832279434,0.7925925925925926,0.7546318643663776,0.32402912621359226
2,person_vs_organization,2,32,103,0,32,LOOCV,,XGBoost,user_fullname,300,False,0.762962962962963,0.5821124828532236,0.762962962962963,0.660379707438531,0.11286407766990292
2,person_vs_organization,2,32,103,0,32,K-Fold,5,LogReg,desc_user_fullname,178,True,0.7555555555555555,0.7285992759676969,0.7555555555555555,0.7363842757634602,0.7252730582524272
2,person_vs_organization,2,32,103,0,32,K-Fold,5,LogReg,desc_user_fullname,178,False,0.762962962962963,0.5821124828532236,0.762962962962963,0.660379707438531,0.721632281553398
2,person_vs_organization,2,32,103,0,32,LOOCV,,LogReg,desc_user_fullname,178,True,0.7185185185185186,0.7001385294963276,0.7185185185185186,0.7079423600568688,0.683859223300971
2,person_vs_organization,2,32,103,0,32,LOOCV,,LogReg,desc_user_fullname,178,False,0.762962962962963,0.5821124828532236,0.762962962962963,0.660379707438531,0.6647451456310681
2,person_vs_organization,2,32,103,0,32,K-Fold,5,DecisionTree,desc_user_fullname,178,True,0.725925925925926,0.6858607246084559,0.725925925925926,0.6991295351220143,0.5182038834951457
2,person_vs_organization,2,32,103,0,32,K-Fold,5,DecisionTree,desc_user_fullname,178,False,0.6962962962962963,0.6259876543209877,0.6962962962962963,0.6529473085336075,0.4473604368932039
2,person_vs_organization,2,32,103,0,32,LOOCV,,DecisionTree,desc_user_fullname,178,True,0.725925925925926,0.6703086419753087,0.725925925925926,0.6868061077010604,0.5116808252427184
2,person_vs_organization,2,32,103,0,32,LOOCV,,DecisionTree,desc_user_fullname,178,False,0.7111111111111111,0.6581034673756508,0.7111111111111111,0.6766973456049085,0.46359223300970875
2,person_vs_organization,2,32,103,0,32,K-Fold,5,RandomForest,desc_user_fullname,178,True,0.7925925925925926,0.7845435987168271,0.7925925925925926,0.7411916264090177,0.6738470873786407
2,person_vs_organization,2,32,103,0,32,K-Fold,5,RandomForest,desc_user_fullname,178,False,0.7851851851851852,0.7713376322751323,0.7851851851851852,0.7279584612917946,0.6970570388349515
2,person_vs_organization,2,32,103,0,32,LOOCV,,RandomForest,desc_user_fullname,178,True,0.7703703703703704,0.7322797871184968,0.7703703703703704,0.7249196537998915,0.6611043689320388
2,person_vs_organization,2,32,103,0,32,LOOCV,,RandomForest,desc_user_fullname,178,False,0.7777777777777778,0.746488888888889,0.7777777777777778,0.7302979671400723,0.6709648058252428
2,person_vs_organization,2,32,103,0,32,K-Fold,5,SVM,desc_user_fullname,178,True,0.7555555555555555,0.7428669410150892,0.7555555555555555,0.7480940013030946,0.6952366504854368
2,person_vs_organization,2,32,103,0,32,K-Fold,5,SVM,desc_user_fullname,178,False,0.7481481481481481,0.6416737348035058,0.7481481481481481,0.6652738208293764,0.6899271844660193
2,person_vs_organization,2,32,103,0,32,LOOCV,,SVM,desc_user_fullname,178,True,0.7037037037037037,0.697283950617284,0.7037037037037037,0.7003492326072972,
2,person_vs_organization,2,32,103,0,32,LOOCV,,SVM,desc_user_fullname,178,False,0.7407407407407407,0.6284330484330485,0.7407407407407407,0.6611676053736139,
2,person_vs_organization,2,32,103,0,32,K-Fold,5,AdaBoost,desc_user_fullname,178,True,0.7333333333333333,0.6773711137347501,0.7333333333333333,0.6918737060041408,0.5314016990291263
2,person_vs_organization,2,32,103,0,32,K-Fold,5,AdaBoost,desc_user_fullname,178,False,0.7555555555555555,0.5807628524046434,0.7555555555555555,0.6567276136896391,0.5543082524271845
2,person_vs_organization,2,32,103,0,32,LOOCV,,AdaBoost,desc_user_fullname,178,True,0.7407407407407407,0.6768762897795155,0.7407407407407407,0.6894254155805227,0.2199635922330097
2,person_vs_organization,2,32,103,0,32,LOOCV,,AdaBoost,desc_user_fullname,178,False,0.7481481481481481,0.5793929267613478,0.7481481481481481,0.6530445699937226,0.1586771844660194
2,person_vs_organization,2,32,103,0,32,K-Fold,5,XGBoost,desc_user_fullname,178,True,0.7407407407407407,0.6924691358024692,0.7407407407407407,0.703735507284787,0.5828276699029127
2,person_vs_organization,2,32,103,0,32,K-Fold,5,XGBoost,desc_user_fullname,178,False,0.7703703703703704,0.7475869809203143,0.7703703703703704,0.6894067319599234,0.5364077669902914
2,person_vs_organization,2,32,103,0,32,LOOCV,,XGBoost,desc_user_fullname,178,True,0.7037037037037037,0.6695867226840679,0.7037037037037037,0.6831275720164608,0.42597087378640774
2,person_vs_organization,2,32,103,0,32,LOOCV,,XGBoost,desc_user_fullname,178,False,0.7777777777777778,0.7489063867016623,0.7777777777777778,0.7227053140096618,0.35558252427184467
2,person_vs_organization,2,32,103,0,32,K-Fold,5,LogReg,numeric,11,True,0.7037037037037037,0.7791495198902607,0.7037037037037037,0.7238887016440101,0.7290655339805825
2,person_vs_organization,2,32,103,0,32,K-Fold,5,LogReg,numeric,11,False,0.7555555555555555,0.7239665255091753,0.7555555555555555,0.7316560718655803,0.7348300970873788
2,person_vs_organization,2,32,103,0,32,LOOCV,,LogReg,numeric,11,True,0.6888888888888889,0.7653406492912666,0.6888888888888889,0.7100831367262106,0.7075242718446603
2,person_vs_organization,2,32,103,0,32,LOOCV,,LogReg,numeric,11,False,0.762962962962963,0.731497309275087,0.762962962962963,0.7373198653198653,0.7041868932038835
2,person_vs_organization,2,32,103,0,32,K-Fold,5,DecisionTree,numeric,11,True,0.6148148148148148,0.6229124873271641,0.6148148148148148,0.6187627913118109,0.4783070388349515
2,person_vs_organization,2,32,103,0,32,K-Fold,5,DecisionTree,numeric,11,False,0.6814814814814815,0.6848946986201888,0.6814814814814815,0.683154749496213,0.5650788834951457
2,person_vs_organization,2,32,103,0,32,LOOCV,,DecisionTree,numeric,11,True,0.6518518518518519,0.6319615912208505,0.6518518518518519,0.6412247897347102,0.49180825242718446
2,person_vs_organization,2,32,103,0,32,LOOCV,,DecisionTree,numeric,11,False,0.6444444444444445,0.6195561828589352,0.6444444444444445,0.6310850863876238,0.47618325242718446
2,person_vs_organization,2,32,103,0,32,K-Fold,5,RandomForest,numeric,11,True,0.7703703703703704,0.7311581422692535,0.7703703703703704,0.717493678575796,0.7044902912621358
2,person_vs_organization,2,32,103,0,32,K-Fold,5,RandomForest,numeric,11,False,0.7555555555555555,0.7146296296296296,0.7555555555555555,0.7206649068685135,0.7195084951456311
2,person_vs_organization,2,32,103,0,32,LOOCV,,RandomForest,numeric,11,True,0.7481481481481481,0.6942487202649804,0.7481481481481481,0.7020529781591728,0.6647451456310679
2,person_vs_organization,2,32,103,0,32,LOOCV,,RandomForest,numeric,11,False,0.7481481481481481,0.7006078096987187,0.7481481481481481,0.7089918334483551,0.666868932038835
2,person_vs_organization,2,32,103,0,32,K-Fold,5,SVM,numeric,11,True,0.674074074074074,0.7595070658361798,0.674074074074074,0.697028897028897,0.7189016990291263
2,person_vs_organization,2,32,103,0,32,K-Fold,5,SVM,numeric,11,False,0.7185185185185186,0.6639277933395581,0.7185185185185186,0.6817484150817484,0.5925364077669903
2,person_vs_organization,2,32,103,0,32,LOOCV,,SVM,numeric,11,True,0.6592592592592592,0.7377229080932785,0.6592592592592592,0.6824720068906115,
2,person_vs_organization,2,32,103,0,32,LOOCV,,SVM,numeric,11,False,0.725925925925926,0.5751566951566952,0.725925925925926,0.6418057542521062,
2,person_vs_organization,2,32,103,0,32,K-Fold,5,AdaBoost,numeric,11,True,0.7407407407407407,0.755091826520398,0.7407407407407407,0.7469095745106993,0.7295206310679613
2,person_vs_organization,2,32,103,0,32,K-Fold,5,AdaBoost,numeric,11,False,0.7703703703703704,0.7430194259595347,0.7703703703703704,0.7479193402373633,0.7038834951456311
2,person_vs_organization,2,32,103,0,32,LOOCV,,AdaBoost,numeric,11,True,0.6666666666666666,0.6978031482442484,0.6666666666666666,0.6796003986741767,0.6777912621359223
2,person_vs_organization,2,32,103,0,32,LOOCV,,AdaBoost,numeric,11,False,0.7407407407407407,0.7161548194156891,0.7407407407407407,0.7249549761177668,0.6832524271844661
2,person_vs_organization,2,32,103,0,32,K-Fold,5,XGBoost,numeric,11,True,0.7407407407407407,0.7216026936026936,0.7407407407407407,0.729081441213885,0.643507281553398
2,person_vs_organization,2,32,103,0,32,K-Fold,5,XGBoost,numeric,11,False,0.7333333333333333,0.6851540616246499,0.7333333333333333,0.6984984984984984,0.665351941747573
2,person_vs_organization,2,32,103,0,32,LOOCV,,XGBoost,numeric,11,True,0.6592592592592592,0.6356726521864137,0.6592592592592592,0.6464565411214729,0.641383495145631
2,person_vs_organization,2,32,103,0,32,LOOCV,,XGBoost,numeric,11,False,0.6962962962962963,0.6566787338717163,0.6962962962962963,0.672477433524299,0.6410800970873787
2,person_vs_organization,2,32,103,0,32,K-Fold,5,LogReg,desc+numeric,160,True,0.7111111111111111,0.7460847095831928,0.7111111111111111,0.7241481481481482,0.7308859223300971
2,person_vs_organization,2,32,103,0,32,K-Fold,5,LogReg,desc+numeric,160,False,0.7703703703703704,0.7430194259595347,0.7703703703703704,0.7479193402373633,0.7320995145631068
2,person_vs_organization,2,32,103,0,32,LOOCV,,LogReg,desc+numeric,160,True,0.7481481481481481,0.7773909085737043,0.7481481481481481,0.7587403730260872,0.7093446601941747
2,person_vs_organization,2,32,103,0,32,LOOCV,,LogReg,desc+numeric,160,False,0.7703703703703704,0.7367901234567902,0.7703703703703704,0.7375943064522399,0.7111650485436893
2,person_vs_organization,2,32,103,0,32,K-Fold,5,DecisionTree,desc+numeric,160,True,0.6,0.6389144905273938,0.6,0.616822945394374,0.5009101941747574
2,person_vs_organization,2,32,103,0,32,K-Fold,5,DecisionTree,desc+numeric,160,False,0.6962962962962963,0.6648004370830458,0.6962962962962963,0.6778044005950983,0.5317050970873787
2,person_vs_organization,2,32,103,0,32,LOOCV,,DecisionTree,desc+numeric,160,True,0.6222222222222222,0.6488960113960115,0.6222222222222222,0.6342007376475493,0.5154733009708738
2,person_vs_organization,2,32,103,0,32,LOOCV,,DecisionTree,desc+numeric,160,False,0.6962962962962963,0.6723501683501684,0.6962962962962963,0.6826382597076939,0.5424757281553398
2,person_vs_organization,2,32,103,0,32,K-Fold,5,RandomForest,desc+numeric,160,True,0.7703703703703704,0.734985754985755,0.7703703703703704,0.6998913076166295,0.7509101941747572
2,person_vs_organization,2,32,103,0,32,K-Fold,5,RandomForest,desc+numeric,160,False,0.7851851851851852,0.7882621082621083,0.7851851851851852,0.7192531587381373,0.7786711165048545
2,person_vs_organization,2,32,103,0,32,LOOCV,,RandomForest,desc+numeric,160,True,0.7851851851851852,0.8323793490460157,0.7851851851851852,0.7094450073173477,0.6944781553398058
2,person_vs_organization,2,32,103,0,32,LOOCV,,RandomForest,desc+numeric,160,False,0.762962962962963,0.7099626758541487,0.762962962962963,0.6951535927942462,0.7345266990291262
2,person_vs_organization,2,32,103,0,32,K-Fold,5,SVM,desc+numeric,160,True,0.725925925925926,0.7170919781199547,0.725925925925926,0.7211534383234124,0.7011529126213593
2,person_vs_organization,2,32,103,0,32,K-Fold,5,SVM,desc+numeric,160,False,0.7703703703703704,0.7465794114916922,0.7703703703703704,0.7523609863232504,0.6975121359223301
2,person_vs_organization,2,32,103,0,32,LOOCV,,SVM,desc+numeric,160,True,0.7111111111111111,0.70799558864075,0.7111111111111111,0.7095161414001995,
2,person_vs_organization,2,32,103,0,32,LOOCV,,SVM,desc+numeric,160,False,0.7777777777777778,0.7488328664799253,0.7777777777777778,0.7487487487487487,
2,person_vs_organization,2,32,103,0,32,K-Fold,5,AdaBoost,desc+numeric,160,True,0.7703703703703704,0.7632063423215018,0.7703703703703704,0.7663717996763727,0.7193567961165048
2,person_vs_organization,2,32,103,0,32,K-Fold,5,AdaBoost,desc+numeric,160,False,0.7851851851851852,0.7589506172839506,0.7851851851851852,0.7545237060359663,0.7164745145631067
2,person_vs_organization,2,32,103,0,32,LOOCV,,AdaBoost,desc+numeric,160,True,0.725925925925926,0.7288836073149798,0.725925925925926,0.7273657146827879,0.6850728155339805
2,person_vs_organization,2,32,103,0,32,LOOCV,,AdaBoost,desc+numeric,160,False,0.762962962962963,0.7355233494363929,0.762962962962963,0.7421364907603439,0.7060072815533981
2,person_vs_organization,2,32,103,0,32,K-Fold,5,XGBoost,desc+numeric,160,True,0.7481481481481481,0.7272605939272606,0.7481481481481481,0.7348662414082974,0.6410800970873787
2,person_vs_organization,2,32,103,0,32,K-Fold,5,XGBoost,desc+numeric,160,False,0.7185185185185186,0.6724279835390947,0.7185185185185186,0.6880673400673399,0.6574635922330097
2,person_vs_organization,2,32,103,0,32,LOOCV,,XGBoost,desc+numeric,160,True,0.7037037037037037,0.697283950617284,0.7037037037037037,0.7003492326072972,0.6480582524271845
2,person_vs_organization,2,32,103,0,32,LOOCV,,XGBoost,desc+numeric,160,False,0.7111111111111111,0.6819185645272603,0.7111111111111111,0.6935212591026545,0.6183252427184466
