iteration,target_column,#classes,#class_0,#class_1,#class_2,min_class_size,training_type,K,algorithm,feature_set,Features_count,balanced,accuracy,precision,recall,F1,AUC
7,target_population,3,270,196,174,174,K-Fold,5.0,LogReg,desc,300,True,0.4265625,0.4815585072715496,0.4265625,0.4053224460073885,0.6030072098654449
7,target_population,3,270,196,174,174,LOOCV,,LogReg,desc,300,True,0.4390625,0.5035436638624408,0.4390625,0.4254674761739198,0.502520740295016
7,target_population,3,270,196,174,174,K-Fold,5.0,DecisionTree,desc,300,True,0.3765625,0.4515095594373143,0.3765625,0.3351167312657783,0.5405717204597302
7,target_population,3,270,196,174,174,LOOCV,,DecisionTree,desc,300,True,0.3984375,0.5079799218360738,0.3984375,0.3714453513753798,0.4778267442267911
7,target_population,3,270,196,174,174,K-Fold,5.0,RandomForest,desc,300,True,0.4109375,0.4891232375811949,0.4109375,0.3866741093674711,0.5973619468449136
7,target_population,3,270,196,174,174,LOOCV,,RandomForest,desc,300,True,0.415625,0.4910294440782246,0.415625,0.3938699741402889,0.5507503570496461
7,target_population,3,270,196,174,174,K-Fold,5.0,SVM,desc,300,True,0.4,0.4798595993864537,0.4,0.3688677135376288,0.602179347064339
7,target_population,3,270,196,174,174,LOOCV,,SVM,desc,300,True,0.409375,0.5031964285714287,0.409375,0.3789715250965251,
7,target_population,3,270,196,174,174,K-Fold,5.0,AdaBoost,desc,300,True,0.309375,0.5093035714285714,0.309375,0.2043455878304187,0.5291541246181805
7,target_population,3,270,196,174,174,LOOCV,,AdaBoost,desc,300,True,0.3328125,0.6421152726970403,0.3328125,0.2417201634024321,0.778523001609442
7,target_population,3,270,196,174,174,K-Fold,5.0,XGBoost,desc,300,True,0.378125,0.4716769333623569,0.378125,0.3401114431027159,0.5683878951711905
7,target_population,3,270,196,174,174,LOOCV,,XGBoost,desc,300,True,0.384375,0.4898366863180444,0.384375,0.3516799826919726,0.3900614566417276
7,target_population,3,270,196,174,174,K-Fold,5.0,LogReg,username,300,True,0.421875,0.177978515625,0.421875,0.2503434065934066,0.5004291845493561
7,target_population,3,270,196,174,174,LOOCV,,LogReg,username,300,True,0.421875,0.177978515625,0.421875,0.2503434065934066,0.2548368959759115
7,target_population,3,270,196,174,174,K-Fold,5.0,DecisionTree,username,300,True,0.2875,0.16884765625,0.2875,0.2093705395375392,0.5004291845493561
7,target_population,3,270,196,174,174,LOOCV,,DecisionTree,username,300,True,0.271875,0.073916015625,0.271875,0.1162315724815724,0.46875
7,target_population,3,270,196,174,174,K-Fold,5.0,RandomForest,username,300,True,0.278125,0.167120361328125,0.278125,0.1839036011229888,0.5004291845493561
7,target_population,3,270,196,174,174,LOOCV,,RandomForest,username,300,True,0.271875,0.073916015625,0.271875,0.1162315724815724,0.5822125448275528
7,target_population,3,270,196,174,174,K-Fold,5.0,SVM,username,300,True,0.421875,0.177978515625,0.421875,0.2503434065934066,0.4982407300003866
7,target_population,3,270,196,174,174,LOOCV,,SVM,username,300,True,0.421875,0.177978515625,0.421875,0.2503434065934066,
7,target_population,3,270,196,174,174,K-Fold,5.0,AdaBoost,username,300,True,0.30625,0.0937890625,0.30625,0.1436004784688995,0.4982407300003866
7,target_population,3,270,196,174,174,LOOCV,,AdaBoost,username,300,True,0.30625,0.1288090128755364,0.30625,0.1813444108761329,0.2497262105855855
7,target_population,3,270,196,174,174,K-Fold,5.0,XGBoost,username,300,True,0.421875,0.177978515625,0.421875,0.2503434065934066,0.5
7,target_population,3,270,196,174,174,LOOCV,,XGBoost,username,300,True,0.421875,0.177978515625,0.421875,0.2503434065934066,0.5
7,target_population,3,270,196,174,174,K-Fold,5.0,LogReg,fullname,300,True,0.478125,0.4599512418662768,0.478125,0.41691712784045,0.5823134898914472
7,target_population,3,270,196,174,174,LOOCV,,LogReg,fullname,300,True,0.48125,0.4599726519395637,0.48125,0.4218051010618724,0.4372780583024011
7,target_population,3,270,196,174,174,K-Fold,5.0,DecisionTree,fullname,300,True,0.3640625,0.386973735662148,0.3640625,0.3351156475104541,0.5654411571912579
7,target_population,3,270,196,174,174,LOOCV,,DecisionTree,fullname,300,True,0.3734375,0.4502010195463271,0.3734375,0.3141377770296444,0.4864247338137494
7,target_population,3,270,196,174,174,K-Fold,5.0,RandomForest,fullname,300,True,0.3671875,0.384228220122273,0.3671875,0.3382130990003828,0.5715392177652437
7,target_population,3,270,196,174,174,LOOCV,,RandomForest,fullname,300,True,0.3875,0.4578272960567003,0.3875,0.3322605566984712,0.523098426685806
7,target_population,3,270,196,174,174,K-Fold,5.0,SVM,fullname,300,True,0.475,0.4594605654761904,0.475,0.4132803003428378,0.5812397929716197
7,target_population,3,270,196,174,174,LOOCV,,SVM,fullname,300,True,0.48125,0.4619936530932442,0.48125,0.4197928309388508,
7,target_population,3,270,196,174,174,K-Fold,5.0,AdaBoost,fullname,300,True,0.36875,0.379580007667559,0.36875,0.3702336203196676,0.5416059214055794
7,target_population,3,270,196,174,174,LOOCV,,AdaBoost,fullname,300,True,0.1046875,0.2214140661524077,0.1046875,0.1387237773088381,0.2287554433457062
7,target_population,3,270,196,174,174,K-Fold,5.0,XGBoost,fullname,300,True,0.45,0.4172268038393644,0.45,0.3716291530383887,0.5524809724558248
7,target_population,3,270,196,174,174,LOOCV,,XGBoost,fullname,300,True,0.4640625,0.4325579751131222,0.4640625,0.3869195178104273,0.3604945500086997
7,target_population,3,270,196,174,174,K-Fold,5.0,LogReg,desc_user,300,True,0.425,0.4769911268858807,0.425,0.4023368741422892,0.5991018585310095
7,target_population,3,270,196,174,174,LOOCV,,LogReg,desc_user,300,True,0.44375,0.5051552964254578,0.44375,0.429850104925055,0.5031145543343774
7,target_population,3,270,196,174,174,K-Fold,5.0,DecisionTree,desc_user,300,True,0.3703125,0.4485219451434082,0.3703125,0.3329467080806104,0.544206790951359
7,target_population,3,270,196,174,174,LOOCV,,DecisionTree,desc_user,300,True,0.403125,0.5109933712121213,0.403125,0.3731597099982397,0.4822484265045625
7,target_population,3,270,196,174,174,K-Fold,5.0,RandomForest,desc_user,300,True,0.4109375,0.4941921095292541,0.4109375,0.3861777767971787,0.5942411124241194
7,target_population,3,270,196,174,174,LOOCV,,RandomForest,desc_user,300,True,0.4109375,0.4940280387815575,0.4109375,0.3906281525851197,0.5553985997129104
7,target_population,3,270,196,174,174,K-Fold,5.0,SVM,desc_user,300,True,0.39375,0.4688122814685315,0.39375,0.3605907245800384,0.6018730984538723
7,target_population,3,270,196,174,174,LOOCV,,SVM,desc_user,300,True,0.4,0.486638317189047,0.4,0.3662495642540653,
7,target_population,3,270,196,174,174,K-Fold,5.0,AdaBoost,desc_user,300,True,0.3109375,0.5253533663225385,0.3109375,0.2071171276033737,0.5323424631713259
7,target_population,3,270,196,174,174,LOOCV,,AdaBoost,desc_user,300,True,0.3328125,0.6761071639537938,0.3328125,0.2419935766358463,0.9617870183756718
7,target_population,3,270,196,174,174,K-Fold,5.0,XGBoost,desc_user,300,True,0.3859375,0.4956276384252897,0.3859375,0.3507323355537641,0.5712341396855547
7,target_population,3,270,196,174,174,LOOCV,,XGBoost,desc_user,300,True,0.3921875,0.5120066817755549,0.3921875,0.364269404953324,0.3974618059583188
7,target_population,3,270,196,174,174,K-Fold,5.0,LogReg,desc_fullname,300,True,0.45625,0.5026274785151774,0.45625,0.4560633913998896,0.6397115570506127
7,target_population,3,270,196,174,174,LOOCV,,LogReg,desc_fullname,300,True,0.471875,0.5187380086541901,0.471875,0.4738357838950069,0.6120852968043151
7,target_population,3,270,196,174,174,K-Fold,5.0,DecisionTree,desc_fullname,300,True,0.3921875,0.4700668685996666,0.3921875,0.3781717989455819,0.5679141881621428
7,target_population,3,270,196,174,174,LOOCV,,DecisionTree,desc_fullname,300,True,0.403125,0.4842930122512118,0.403125,0.3976077417744747,0.528362872999072
7,target_population,3,270,196,174,174,K-Fold,5.0,RandomForest,desc_fullname,300,True,0.44375,0.5123910504326225,0.44375,0.4448788218194678,0.6192139243924719
7,target_population,3,270,196,174,174,LOOCV,,RandomForest,desc_fullname,300,True,0.4359375,0.4962087255489003,0.4359375,0.4357012350545511,0.6046790933234737
7,target_population,3,270,196,174,174,K-Fold,5.0,SVM,desc_fullname,300,True,0.4578125,0.5097691887332174,0.4578125,0.4606649604744117,0.6303433083700654
7,target_population,3,270,196,174,174,LOOCV,,SVM,desc_fullname,300,True,0.4515625,0.500773973614066,0.4515625,0.4509114806692658,
7,target_population,3,270,196,174,174,K-Fold,5.0,AdaBoost,desc_fullname,300,True,0.4,0.429797495995032,0.4,0.3844844293486668,0.5720423436110468
7,target_population,3,270,196,174,174,LOOCV,,AdaBoost,desc_fullname,300,True,0.159375,0.2478725109901641,0.159375,0.1733240014694347,0.3209686436704945
7,target_population,3,270,196,174,174,K-Fold,5.0,XGBoost,desc_fullname,300,True,0.4203125,0.5032194698786425,0.4203125,0.4056491093967994,0.6048369896183736
7,target_population,3,270,196,174,174,LOOCV,,XGBoost,desc_fullname,300,True,0.41875,0.4879779913477479,0.41875,0.4046894534375832,0.543036036640181
7,target_population,3,270,196,174,174,K-Fold,5.0,LogReg,user_fullname,300,True,0.475,0.4541497406853618,0.475,0.4149523120607606,0.580067528298148
7,target_population,3,270,196,174,174,LOOCV,,LogReg,user_fullname,300,True,0.4765625,0.4507888531563373,0.4765625,0.417484178629376,0.430121112931601
7,target_population,3,270,196,174,174,K-Fold,5.0,DecisionTree,user_fullname,300,True,0.365625,0.3670320355417943,0.365625,0.325421089745071,0.5508391180209179
7,target_population,3,270,196,174,174,LOOCV,,DecisionTree,user_fullname,300,True,0.384375,0.4698256784511744,0.384375,0.3300218211934895,0.4824511307176274
7,target_population,3,270,196,174,174,K-Fold,5.0,RandomForest,user_fullname,300,True,0.36875,0.3826732255017978,0.36875,0.3555866424847445,0.5641220686888605
7,target_population,3,270,196,174,174,LOOCV,,RandomForest,user_fullname,300,True,0.3984375,0.4766938025210084,0.3984375,0.3539232336956521,0.52090471305533
7,target_population,3,270,196,174,174,K-Fold,5.0,SVM,user_fullname,300,True,0.471875,0.4493826148078724,0.471875,0.4083727117808931,0.5774062367088119
7,target_population,3,270,196,174,174,LOOCV,,SVM,user_fullname,300,True,0.478125,0.4546712737027178,0.478125,0.4144671336779387,
7,target_population,3,270,196,174,174,K-Fold,5.0,AdaBoost,user_fullname,300,True,0.3765625,0.3671543521907537,0.3765625,0.3660944804968251,0.5415539286939837
7,target_population,3,270,196,174,174,LOOCV,,AdaBoost,user_fullname,300,True,0.446875,0.4074008165919931,0.446875,0.3908044626471509,0.7322257816426944
7,target_population,3,270,196,174,174,K-Fold,5.0,XGBoost,user_fullname,300,True,0.45,0.4180920517519982,0.45,0.3712248323763738,0.5431031526094228
7,target_population,3,270,196,174,174,LOOCV,,XGBoost,user_fullname,300,True,0.4640625,0.4417181158550541,0.4640625,0.3870761966128834,0.351421018322507
7,target_population,3,270,196,174,174,K-Fold,5.0,LogReg,desc_user_fullname,300,True,0.465625,0.5126205095411743,0.465625,0.4669806549427709,0.6451704474055602
7,target_population,3,270,196,174,174,LOOCV,,LogReg,desc_user_fullname,300,True,0.475,0.5227806597791335,0.475,0.4779940614876697,0.6142105245669489
7,target_population,3,270,196,174,174,K-Fold,5.0,DecisionTree,desc_user_fullname,300,True,0.4125,0.4932757072294567,0.4125,0.4026522183015212,0.5908405241682133
7,target_population,3,270,196,174,174,LOOCV,,DecisionTree,desc_user_fullname,300,True,0.396875,0.4674866526874358,0.396875,0.3895822891818504,0.5240355611781309
7,target_population,3,270,196,174,174,K-Fold,5.0,RandomForest,desc_user_fullname,300,True,0.4265625,0.491331121804493,0.4265625,0.4237297894060587,0.6229164476641341
7,target_population,3,270,196,174,174,LOOCV,,RandomForest,desc_user_fullname,300,True,0.4390625,0.497855918799179,0.4390625,0.4383467818851922,0.6011704220314735
7,target_population,3,270,196,174,174,K-Fold,5.0,SVM,desc_user_fullname,300,True,0.4625,0.5132554579339723,0.4625,0.4653182751540041,0.6363212286857673
7,target_population,3,270,196,174,174,LOOCV,,SVM,desc_user_fullname,300,True,0.4609375,0.5103236654916865,0.4609375,0.4622164512408414,
7,target_population,3,270,196,174,174,K-Fold,5.0,AdaBoost,desc_user_fullname,300,True,0.3546875,0.4359237132352941,0.3546875,0.3408119404503527,0.5726415949546649
7,target_population,3,270,196,174,174,LOOCV,,AdaBoost,desc_user_fullname,300,True,0.3453125,0.3391554084383975,0.3453125,0.3084421857408747,0.4617184962591346
7,target_population,3,270,196,174,174,K-Fold,5.0,XGBoost,desc_user_fullname,300,True,0.4078125,0.486088061844083,0.4078125,0.3932123348801427,0.6007233849998068
7,target_population,3,270,196,174,174,LOOCV,,XGBoost,desc_user_fullname,300,True,0.4140625,0.4844941073587585,0.4140625,0.4007625265814208,0.531526631916251
7,target_population,3,270,196,174,174,K-Fold,5.0,LogReg,numeric,11,True,0.553125,0.5768494438476665,0.553125,0.5503191757837506,0.7346697079321812
7,target_population,3,270,196,174,174,LOOCV,,LogReg,numeric,11,True,0.5515625,0.5776178619931707,0.5515625,0.5475327123441293,0.7351120084676952
7,target_population,3,270,196,174,174,K-Fold,5.0,DecisionTree,numeric,11,True,0.4890625,0.4908969114020171,0.4890625,0.4897464550000419,0.6106561497119436
7,target_population,3,270,196,174,174,LOOCV,,DecisionTree,numeric,11,True,0.478125,0.4782714095221977,0.478125,0.47799337854748,0.5991696632254572
7,target_population,3,270,196,174,174,K-Fold,5.0,RandomForest,numeric,11,True,0.565625,0.5646521587598128,0.565625,0.5644768416498477,0.7187330129552836
7,target_population,3,270,196,174,174,LOOCV,,RandomForest,numeric,11,True,0.56875,0.568319637695819,0.56875,0.5681654040124398,0.7222745210339094
7,target_population,3,270,196,174,174,K-Fold,5.0,SVM,numeric,11,True,0.5546875,0.5805199918615866,0.5546875,0.551213852217826,0.7268843249768009
7,target_population,3,270,196,174,174,LOOCV,,SVM,numeric,11,True,0.5421875,0.5619308536793944,0.5421875,0.5351339388160694,
7,target_population,3,270,196,174,174,K-Fold,5.0,AdaBoost,numeric,11,True,0.546875,0.5540934373825529,0.546875,0.5476773652101483,0.7195970172157136
7,target_population,3,270,196,174,174,LOOCV,,AdaBoost,numeric,11,True,0.59375,0.601882852898485,0.59375,0.5929379344765382,0.7396750848219463
7,target_population,3,270,196,174,174,K-Fold,5.0,XGBoost,numeric,11,True,0.5578125,0.5548947368421053,0.5578125,0.5548682127382359,0.7201102292609132
7,target_population,3,270,196,174,174,LOOCV,,XGBoost,numeric,11,True,0.584375,0.5829068675640251,0.584375,0.5826377538905225,0.721323793280942
7,target_population,3,270,196,174,174,K-Fold,5.0,LogReg,desc+numeric,311,True,0.565625,0.5871896398307384,0.565625,0.5647109102599619,0.7431262113105596
7,target_population,3,270,196,174,174,LOOCV,,LogReg,desc+numeric,311,True,0.565625,0.5852132787861514,0.565625,0.564165945068603,0.7433078384178169
7,target_population,3,270,196,174,174,K-Fold,5.0,DecisionTree,desc+numeric,311,True,0.5,0.5000479137406366,0.5,0.4999921289245548,0.6167623632215907
7,target_population,3,270,196,174,174,LOOCV,,DecisionTree,desc+numeric,311,True,0.4875,0.4868490486472397,0.4875,0.4869756673564605,0.6055011019603294
7,target_population,3,270,196,174,174,K-Fold,5.0,RandomForest,desc+numeric,311,True,0.5640625,0.5642464169356767,0.5640625,0.5639591653202036,0.7340519365261183
7,target_population,3,270,196,174,174,LOOCV,,RandomForest,desc+numeric,311,True,0.5875,0.5866838469989445,0.5875,0.5862818542437143,0.7364231796509493
7,target_population,3,270,196,174,174,K-Fold,5.0,SVM,desc+numeric,311,True,0.559375,0.5898456141573275,0.559375,0.5561871751812187,0.7339152759250667
7,target_population,3,270,196,174,174,LOOCV,,SVM,desc+numeric,311,True,0.5546875,0.5774060621015649,0.5546875,0.5489854123796156,
7,target_population,3,270,196,174,174,K-Fold,5.0,AdaBoost,desc+numeric,311,True,0.5359375,0.5387144996586248,0.5359375,0.5362723339033822,0.7188973977665972
7,target_population,3,270,196,174,174,LOOCV,,AdaBoost,desc+numeric,311,True,0.56875,0.5751283001853777,0.56875,0.568408165458384,0.7260692428614236
7,target_population,3,270,196,174,174,K-Fold,5.0,XGBoost,desc+numeric,311,True,0.5546875,0.5524480438926384,0.5546875,0.5527418524453938,0.7259191037872637
7,target_population,3,270,196,174,174,LOOCV,,XGBoost,desc+numeric,311,True,0.565625,0.5636176914204596,0.565625,0.5639017556968695,0.7257870135425124
7,target_population,2,270,196,0,196,K-Fold,5.0,LogReg,desc,300,True,0.5600858369098712,0.5635610285731577,0.5600858369098712,0.5615158514746498,0.6120464852607709
7,target_population,2,270,196,0,196,LOOCV,,LogReg,desc,300,True,0.5965665236051502,0.5830279006390404,0.5965665236051502,0.5749116384751325,0.5326530612244897
7,target_population,2,270,196,0,196,K-Fold,5.0,DecisionTree,desc,300,True,0.4742489270386266,0.554042806403654,0.4742489270386266,0.4247502661761235,0.515551776266062
7,target_population,2,270,196,0,196,LOOCV,,DecisionTree,desc,300,True,0.4785407725321888,0.5520767663065145,0.4785407725321888,0.4369062641830498,0.3958427815570672
7,target_population,2,270,196,0,196,K-Fold,5.0,RandomForest,desc,300,True,0.5407725321888412,0.6078171260700925,0.5407725321888412,0.5234834424830884,0.5923563869992441
7,target_population,2,270,196,0,196,LOOCV,,RandomForest,desc,300,True,0.5343347639484979,0.6040236846107242,0.5343347639484979,0.5145758495221094,0.503665910808768
7,target_population,2,270,196,0,196,K-Fold,5.0,SVM,desc,300,True,0.5600858369098712,0.5629147009244253,0.5600858369098712,0.5612944433852446,0.6030706727135299
7,target_population,2,270,196,0,196,LOOCV,,SVM,desc,300,True,0.3669527896995708,0.3785250674759911,0.3669527896995708,0.3709277885418332,
7,target_population,2,270,196,0,196,K-Fold,5.0,AdaBoost,desc,300,True,0.5944206008583691,0.6169743774001837,0.5944206008583691,0.4834302308562491,0.5279572940287226
7,target_population,2,270,196,0,196,LOOCV,,AdaBoost,desc,300,True,0.5686695278969958,0.4893765074898843,0.5686695278969958,0.4443614037095209,0.2261337868480726
7,target_population,2,270,196,0,196,K-Fold,5.0,XGBoost,desc,300,True,0.5793991416309013,0.5535944206008584,0.5793991416309013,0.5158561613190151,0.5330498866213151
7,target_population,2,270,196,0,196,LOOCV,,XGBoost,desc,300,True,0.5901287553648069,0.5740536822954805,0.5901287553648069,0.5214975504024902,0.3348450491307634
7,target_population,2,270,196,0,196,K-Fold,5.0,LogReg,username,300,True,0.5793991416309013,0.3357033653226252,0.5793991416309013,0.4251026310878895,0.5020408163265306
7,target_population,2,270,196,0,196,LOOCV,,LogReg,username,300,True,0.5793991416309013,0.3357033653226252,0.5793991416309013,0.4251026310878895,0.2252645502645502
7,target_population,2,270,196,0,196,K-Fold,5.0,DecisionTree,username,300,True,0.4527896995708154,0.5134610580811445,0.4527896995708154,0.4044898405211828,0.5020408163265306
7,target_population,2,270,196,0,196,LOOCV,,DecisionTree,username,300,True,0.4206008583690987,0.1769050820608226,0.4206008583690987,0.2490567016324572,0.4642857142857143
7,target_population,2,270,196,0,196,K-Fold,5.0,RandomForest,username,300,True,0.4527896995708154,0.5134610580811445,0.4527896995708154,0.4044898405211828,0.5020408163265306
7,target_population,2,270,196,0,196,LOOCV,,RandomForest,username,300,True,0.4206008583690987,0.1769050820608226,0.4206008583690987,0.2490567016324572,0.4988851095993953
7,target_population,2,270,196,0,196,K-Fold,5.0,SVM,username,300,True,0.5793991416309013,0.3357033653226252,0.5793991416309013,0.4251026310878895,0.5020408163265306
7,target_population,2,270,196,0,196,LOOCV,,SVM,username,300,True,0.5793991416309013,0.3357033653226252,0.5793991416309013,0.4251026310878895,
7,target_population,2,270,196,0,196,K-Fold,5.0,AdaBoost,username,300,True,0.5793991416309013,0.3357033653226252,0.5793991416309013,0.4251026310878895,0.4979591836734695
7,target_population,2,270,196,0,196,LOOCV,,AdaBoost,username,300,True,0.5793991416309013,0.3357033653226252,0.5793991416309013,0.4251026310878895,0.0
7,target_population,2,270,196,0,196,K-Fold,5.0,XGBoost,username,300,True,0.5793991416309013,0.3357033653226252,0.5793991416309013,0.4251026310878895,0.5
7,target_population,2,270,196,0,196,LOOCV,,XGBoost,username,300,True,0.5793991416309013,0.3357033653226252,0.5793991416309013,0.4251026310878895,1.0
7,target_population,2,270,196,0,196,K-Fold,5.0,LogReg,fullname,300,True,0.6502145922746781,0.6630052460306889,0.6502145922746781,0.6109492772234322,0.6567932728647015
7,target_population,2,270,196,0,196,LOOCV,,LogReg,fullname,300,True,0.6545064377682404,0.6679209117513106,0.6545064377682404,0.6169844001358028,0.4962018140589569
7,target_population,2,270,196,0,196,K-Fold,5.0,DecisionTree,fullname,300,True,0.5622317596566524,0.5882815749386099,0.5622317596566524,0.5630543897324634,0.636130007558579
7,target_population,2,270,196,0,196,LOOCV,,DecisionTree,fullname,300,True,0.5257510729613734,0.681077986403546,0.5257510729613734,0.46886993454387,0.5039304610733183
7,target_population,2,270,196,0,196,K-Fold,5.0,RandomForest,fullname,300,True,0.5793991416309013,0.5805931136855013,0.5793991416309013,0.5799539822023968,0.6492441421012849
7,target_population,2,270,196,0,196,LOOCV,,RandomForest,fullname,300,True,0.5450643776824035,0.6736398761441845,0.5450643776824035,0.5042493721558775,0.5801303854875284
7,target_population,2,270,196,0,196,K-Fold,5.0,SVM,fullname,300,True,0.648068669527897,0.66050228823525,0.648068669527897,0.6079096342715712,0.653344671201814
7,target_population,2,270,196,0,196,LOOCV,,SVM,fullname,300,True,0.6545064377682404,0.6694742240784658,0.6545064377682404,0.615722905723758,
7,target_population,2,270,196,0,196,K-Fold,5.0,AdaBoost,fullname,300,True,0.5085836909871244,0.5895300278634112,0.5085836909871244,0.4757416337968247,0.5998677248677249
7,target_population,2,270,196,0,196,LOOCV,,AdaBoost,fullname,300,True,0.482832618025751,0.7492540591119365,0.482832618025751,0.3754541715996568,0.2906840513983371
7,target_population,2,270,196,0,196,K-Fold,5.0,XGBoost,fullname,300,True,0.648068669527897,0.6815386586381399,0.648068669527897,0.5932969391123898,0.6140967498110356
7,target_population,2,270,196,0,196,LOOCV,,XGBoost,fullname,300,True,0.6523605150214592,0.6927704815338243,0.6523605150214592,0.5966396783796247,0.3727702191987905
7,target_population,2,270,196,0,196,K-Fold,5.0,LogReg,desc_user,300,True,0.5536480686695279,0.5568316949103649,0.5536480686695279,0.5549888423297714,0.6063019652305366
7,target_population,2,270,196,0,196,LOOCV,,LogReg,desc_user,300,True,0.6008583690987125,0.5879783329706345,0.6008583690987125,0.5784698704322154,0.5389077853363567
7,target_population,2,270,196,0,196,K-Fold,5.0,DecisionTree,desc_user,300,True,0.482832618025751,0.5649650598568245,0.482832618025751,0.4371845159435492,0.5207766439909297
7,target_population,2,270,196,0,196,LOOCV,,DecisionTree,desc_user,300,True,0.4742489270386266,0.5502496307780589,0.4742489270386266,0.4278431801085875,0.3993197278911564
7,target_population,2,270,196,0,196,K-Fold,5.0,RandomForest,desc_user,300,True,0.5386266094420601,0.6024100355892786,0.5386266094420601,0.5225211285213976,0.591751700680272
7,target_population,2,270,196,0,196,LOOCV,,RandomForest,desc_user,300,True,0.5386266094420601,0.6059541252285311,0.5386266094420601,0.520825359078977,0.5092214663643235
7,target_population,2,270,196,0,196,K-Fold,5.0,SVM,desc_user,300,True,0.555793991416309,0.5586430693373087,0.555793991416309,0.557014389174369,0.6004251700680271
7,target_population,2,270,196,0,196,LOOCV,,SVM,desc_user,300,True,0.3540772532188841,0.3651483761227104,0.3540772532188841,0.3580762640334848,
7,target_population,2,270,196,0,196,K-Fold,5.0,AdaBoost,desc_user,300,True,0.592274678111588,0.6095527833725258,0.592274678111588,0.4792394258171827,0.5230914588057446
7,target_population,2,270,196,0,196,LOOCV,,AdaBoost,desc_user,300,True,0.5686695278969958,0.4893765074898843,0.5686695278969958,0.4443614037095209,0.8532501889644747
7,target_population,2,270,196,0,196,K-Fold,5.0,XGBoost,desc_user,300,True,0.5815450643776824,0.5575936189201465,0.5815450643776824,0.5192644946655439,0.5395691609977324
7,target_population,2,270,196,0,196,LOOCV,,XGBoost,desc_user,300,True,0.5879828326180258,0.569499864980268,0.5879828326180258,0.5219433225239997,0.326379440665155
7,target_population,2,270,196,0,196,K-Fold,5.0,LogReg,desc_fullname,300,True,0.6566523605150214,0.6513168903134677,0.6566523605150214,0.6473047753882826,0.7037698412698413
7,target_population,2,270,196,0,196,LOOCV,,LogReg,desc_fullname,300,True,0.6609442060085837,0.6559544376233679,0.6609442060085837,0.6517134656959289,0.6884920634920635
7,target_population,2,270,196,0,196,K-Fold,5.0,DecisionTree,desc_fullname,300,True,0.5901287553648069,0.6003906035852213,0.5901287553648069,0.5926663336557992,0.6460128495842781
7,target_population,2,270,196,0,196,LOOCV,,DecisionTree,desc_fullname,300,True,0.5836909871244635,0.6706146142841422,0.5836909871244635,0.5656144115653943,0.6008597883597884
7,target_population,2,270,196,0,196,K-Fold,5.0,RandomForest,desc_fullname,300,True,0.6094420600858369,0.6200289919446432,0.6094420600858369,0.6118790580766845,0.6904289493575209
7,target_population,2,270,196,0,196,LOOCV,,RandomForest,desc_fullname,300,True,0.6223175965665236,0.6709085048280727,0.6223175965665236,0.6186361553279164,0.6761337868480726
7,target_population,2,270,196,0,196,K-Fold,5.0,SVM,desc_fullname,300,True,0.6416309012875536,0.6351933122886015,0.6416309012875536,0.63276973492828,0.684589947089947
7,target_population,2,270,196,0,196,LOOCV,,SVM,desc_fullname,300,True,0.6502145922746781,0.6443655824038395,0.6502145922746781,0.6409872671761826,
7,target_population,2,270,196,0,196,K-Fold,5.0,AdaBoost,desc_fullname,300,True,0.6330472103004292,0.6524066196344728,0.6330472103004292,0.5767778052985623,0.6118669690098262
7,target_population,2,270,196,0,196,LOOCV,,AdaBoost,desc_fullname,300,True,0.6502145922746781,0.6739422640640631,0.6502145922746781,0.6026912237033408,0.398941798941799
7,target_population,2,270,196,0,196,K-Fold,5.0,XGBoost,desc_fullname,300,True,0.6244635193133047,0.6219214262132717,0.6244635193133047,0.5863347444733056,0.615712396069539
7,target_population,2,270,196,0,196,LOOCV,,XGBoost,desc_fullname,300,True,0.630901287553648,0.6293063449715811,0.630901287553648,0.5965352901405138,0.5105442176870748
7,target_population,2,270,196,0,196,K-Fold,5.0,LogReg,user_fullname,300,True,0.6523605150214592,0.6654776976376464,0.6523605150214592,0.6139741365382859,0.6566137566137566
7,target_population,2,270,196,0,196,LOOCV,,LogReg,user_fullname,300,True,0.6566523605150214,0.6718931398763401,0.6566523605150214,0.6187398879390478,0.5047430083144369
7,target_population,2,270,196,0,196,K-Fold,5.0,DecisionTree,user_fullname,300,True,0.575107296137339,0.5745171348482758,0.575107296137339,0.5748017625438717,0.6384164777021921
7,target_population,2,270,196,0,196,LOOCV,,DecisionTree,user_fullname,300,True,0.5407725321888412,0.6879857767193551,0.5407725321888412,0.492564444952709,0.5119425547996976
7,target_population,2,270,196,0,196,K-Fold,5.0,RandomForest,user_fullname,300,True,0.5815450643776824,0.5818387706725213,0.5815450643776824,0.5816892726717168,0.656528722600151
7,target_population,2,270,196,0,196,LOOCV,,RandomForest,user_fullname,300,True,0.555793991416309,0.6900462070263335,0.555793991416309,0.5165858705407249,0.5957105064247922
7,target_population,2,270,196,0,196,K-Fold,5.0,SVM,user_fullname,300,True,0.6437768240343348,0.6526468131602586,0.6437768240343348,0.6044426337367621,0.6487433862433862
7,target_population,2,270,196,0,196,LOOCV,,SVM,user_fullname,300,True,0.6523605150214592,0.6654776976376464,0.6523605150214592,0.6139741365382859,
7,target_population,2,270,196,0,196,K-Fold,5.0,AdaBoost,user_fullname,300,True,0.5665236051502146,0.5665236051502146,0.5665236051502146,0.5665236051502146,0.6099017384731671
7,target_population,2,270,196,0,196,LOOCV,,AdaBoost,user_fullname,300,True,0.5,0.7566204287515763,0.5,0.405803425329988,0.3070861678004535
7,target_population,2,270,196,0,196,K-Fold,5.0,XGBoost,user_fullname,300,True,0.6502145922746781,0.6903069959426815,0.6502145922746781,0.5933234247925052,0.6178760393046108
7,target_population,2,270,196,0,196,LOOCV,,XGBoost,user_fullname,300,True,0.6502145922746781,0.6937874674108034,0.6502145922746781,0.5916445063644289,0.3688586545729403
7,target_population,2,270,196,0,196,K-Fold,5.0,LogReg,desc_user_fullname,300,True,0.6566523605150214,0.651295107181036,0.6566523605150214,0.6478808041449321,0.7038548752834467
7,target_population,2,270,196,0,196,LOOCV,,LogReg,desc_user_fullname,300,True,0.6652360515021459,0.6604752543593747,0.6652360515021459,0.6572293261360116,0.6904195011337868
7,target_population,2,270,196,0,196,K-Fold,5.0,DecisionTree,desc_user_fullname,300,True,0.5643776824034334,0.5785478579956094,0.5643776824034334,0.5671055260616883,0.6146164021164021
7,target_population,2,270,196,0,196,LOOCV,,DecisionTree,desc_user_fullname,300,True,0.6072961373390557,0.6896833204775314,0.6072961373390557,0.5935877512530966,0.619501133786848
7,target_population,2,270,196,0,196,K-Fold,5.0,RandomForest,desc_user_fullname,300,True,0.6180257510729614,0.6285873735082468,0.6180257510729614,0.6204091886684057,0.6862433862433862
7,target_population,2,270,196,0,196,LOOCV,,RandomForest,desc_user_fullname,300,True,0.6266094420600858,0.6690994431428452,0.6266094420600858,0.6244891564434653,0.6731670445956162
7,target_population,2,270,196,0,196,K-Fold,5.0,SVM,desc_user_fullname,300,True,0.6545064377682404,0.6490740192730962,0.6545064377682404,0.6470568928913383,0.6909297052154194
7,target_population,2,270,196,0,196,LOOCV,,SVM,desc_user_fullname,300,True,0.6502145922746781,0.6445199547858018,0.6502145922746781,0.6426725064676282,
7,target_population,2,270,196,0,196,K-Fold,5.0,AdaBoost,desc_user_fullname,300,True,0.5944206008583691,0.5810427053089733,0.5944206008583691,0.5749984308738755,0.6027116402116403
7,target_population,2,270,196,0,196,LOOCV,,AdaBoost,desc_user_fullname,300,True,0.6437768240343348,0.6640941010725983,0.6437768240343348,0.5946287873935046,0.3808390022675736
7,target_population,2,270,196,0,196,K-Fold,5.0,XGBoost,desc_user_fullname,300,True,0.6223175965665236,0.618529676200664,0.6223175965665236,0.58462103507821,0.6064153439153439
7,target_population,2,270,196,0,196,LOOCV,,XGBoost,desc_user_fullname,300,True,0.6180257510729614,0.6114647372694583,0.6180257510729614,0.5824609397965782,0.7540627362055933
7,target_population,2,270,196,0,196,K-Fold,5.0,LogReg,numeric,11,True,0.6781115879828327,0.6806677842345994,0.6781115879828327,0.6790784920647391,0.7434618291761149
7,target_population,2,270,196,0,196,LOOCV,,LogReg,numeric,11,True,0.7060085836909872,0.7076238639439398,0.7060085836909872,0.7066569305160654,0.7539115646258503
7,target_population,2,270,196,0,196,K-Fold,5.0,DecisionTree,numeric,11,True,0.6244635193133047,0.6232000702710542,0.6244635193133047,0.6237602174624585,0.6130007558578987
7,target_population,2,270,196,0,196,LOOCV,,DecisionTree,numeric,11,True,0.6566523605150214,0.6581874389155654,0.6566523605150213,0.6573114887258785,0.6498677248677249
7,target_population,2,270,196,0,196,K-Fold,5.0,RandomForest,numeric,11,True,0.6888412017167382,0.6871483770279284,0.6888412017167382,0.6877357708963164,0.7301681783824642
7,target_population,2,270,196,0,196,LOOCV,,RandomForest,numeric,11,True,0.6909871244635193,0.6888729637555434,0.6909871244635193,0.6894668094008113,0.7405801209372638
7,target_population,2,270,196,0,196,K-Fold,5.0,SVM,numeric,11,True,0.6695278969957081,0.6807973913676028,0.6695278969957081,0.6716129331815986,0.7240551776266062
7,target_population,2,270,196,0,196,LOOCV,,SVM,numeric,11,True,0.648068669527897,0.66590540445462,0.648068669527897,0.6500975419430355,
7,target_population,2,270,196,0,196,K-Fold,5.0,AdaBoost,numeric,11,True,0.6952789699570815,0.6977486241413905,0.6952789699570815,0.6961943058212863,0.7523904006046862
7,target_population,2,270,196,0,196,LOOCV,,AdaBoost,numeric,11,True,0.7339055793991416,0.7351712102540725,0.7339055793991416,0.7344164037625558,0.7975245653817082
7,target_population,2,270,196,0,196,K-Fold,5.0,XGBoost,numeric,11,True,0.6845493562231759,0.685239623395465,0.6845493562231759,0.6848661230106472,0.7259826152683295
7,target_population,2,270,196,0,196,LOOCV,,XGBoost,numeric,11,True,0.7124463519313304,0.7105753693329575,0.7124463519313304,0.7110316143035328,0.753042328042328
7,target_population,2,270,196,0,196,K-Fold,5.0,LogReg,desc+numeric,311,True,0.6866952789699571,0.6876230275258963,0.6866952789699571,0.6871085785793364,0.7558390022675737
7,target_population,2,270,196,0,196,LOOCV,,LogReg,desc+numeric,311,True,0.7017167381974249,0.7033488999719204,0.7017167381974249,0.7023745499396575,0.7674792139077854
7,target_population,2,270,196,0,196,K-Fold,5.0,DecisionTree,desc+numeric,311,True,0.6330472103004292,0.6349494764196094,0.6330472103004292,0.6338564607171328,0.6260015117157975
7,target_population,2,270,196,0,196,LOOCV,,DecisionTree,desc+numeric,311,True,0.6459227467811158,0.6447450937934727,0.6459227467811158,0.6452596336074609,0.6350151171579743
7,target_population,2,270,196,0,196,K-Fold,5.0,RandomForest,desc+numeric,311,True,0.723175965665236,0.7229863675328732,0.723175965665236,0.7230778155001297,0.75151171579743
7,target_population,2,270,196,0,196,LOOCV,,RandomForest,desc+numeric,311,True,0.7145922746781116,0.7131037883291714,0.7145922746781116,0.7135783277876558,0.7466931216931216
7,target_population,2,270,196,0,196,K-Fold,5.0,SVM,desc+numeric,311,True,0.6716738197424893,0.6808332789185103,0.6716738197424893,0.6736654697847243,0.7258314436885865
7,target_population,2,270,196,0,196,LOOCV,,SVM,desc+numeric,311,True,0.6824034334763949,0.6927752352352732,0.6824034334763949,0.6843851681063149,
7,target_population,2,270,196,0,196,K-Fold,5.0,AdaBoost,desc+numeric,311,True,0.6824034334763949,0.688818180201624,0.6824034334763949,0.6840976609590157,0.7372826908541195
7,target_population,2,270,196,0,196,LOOCV,,AdaBoost,desc+numeric,311,True,0.7081545064377682,0.7056785576505763,0.7081545064377682,0.7058386719192478,0.7796674225245654
7,target_population,2,270,196,0,196,K-Fold,5.0,XGBoost,desc+numeric,311,True,0.6888412017167382,0.691063648537921,0.6888412017167382,0.6896960697115145,0.7284013605442177
7,target_population,2,270,196,0,196,LOOCV,,XGBoost,desc+numeric,311,True,0.7145922746781116,0.7131037883291714,0.7145922746781116,0.7135783277876558,0.7447089947089948
7,locals_vs_diaspora,3,34,64,542,34,K-Fold,5.0,LogReg,desc,300,True,0.7328125,0.7651214802186345,0.7328125,0.7479312209821688,0.5604945690180466
7,locals_vs_diaspora,3,34,64,542,34,LOOCV,,LogReg,desc,300,True,0.721875,0.765019268925519,0.721875,0.7418581704508991,0.4894963233269277
7,locals_vs_diaspora,3,34,64,542,34,K-Fold,5.0,DecisionTree,desc,300,True,0.8,0.7665995435723696,0.8,0.7815578984412914,0.4976851929502978
7,locals_vs_diaspora,3,34,64,542,34,LOOCV,,DecisionTree,desc,300,True,0.80625,0.7731635485197368,0.80625,0.787678297683151,0.4586363464850151
7,locals_vs_diaspora,3,34,64,542,34,K-Fold,5.0,RandomForest,desc,300,True,0.765625,0.7616542745829675,0.765625,0.7636227208187479,0.535140333528729
7,locals_vs_diaspora,3,34,64,542,34,LOOCV,,RandomForest,desc,300,True,0.76875,0.7644574070806869,0.76875,0.7665899020834225,0.4579210666901351
7,locals_vs_diaspora,3,34,64,542,34,K-Fold,5.0,SVM,desc,300,True,0.7703125,0.7549869748933378,0.7703125,0.7624698579249218,0.6021559821748677
7,locals_vs_diaspora,3,34,64,542,34,LOOCV,,SVM,desc,300,True,0.7625,0.7532249632198403,0.7625,0.7577989243386695,
7,locals_vs_diaspora,3,34,64,542,34,K-Fold,5.0,AdaBoost,desc,300,True,0.8296875,0.7880588344094701,0.8296875,0.8037108546819788,0.5745779093016126
7,locals_vs_diaspora,3,34,64,542,34,LOOCV,,AdaBoost,desc,300,True,0.825,0.7742456425391525,0.825,0.7923936756303512,0.557751097325533
7,locals_vs_diaspora,3,34,64,542,34,K-Fold,5.0,XGBoost,desc,300,True,0.79375,0.7644905993281815,0.79375,0.7783385868066682,0.53580394261923
7,locals_vs_diaspora,3,34,64,542,34,LOOCV,,XGBoost,desc,300,True,0.7875,0.7624834127510706,0.7875,0.7747028543655002,0.4623835041248864
7,locals_vs_diaspora,3,34,64,542,34,K-Fold,5.0,LogReg,username,300,True,0.846875,0.7171972656250001,0.846875,0.7766603214890017,0.5037172212119172
7,locals_vs_diaspora,3,34,64,542,34,LOOCV,,LogReg,username,300,True,0.846875,0.7171972656250001,0.846875,0.7766603214890017,0.4780781648596939
7,locals_vs_diaspora,3,34,64,542,34,K-Fold,5.0,DecisionTree,username,300,True,0.3796875,0.73013916015625,0.3796875,0.4782104506957048,0.5016764048853866
7,locals_vs_diaspora,3,34,64,542,34,LOOCV,,DecisionTree,username,300,True,0.871875,0.7887119391025641,0.871875,0.8213177530017154,0.4795918367346939
7,locals_vs_diaspora,3,34,64,542,34,K-Fold,5.0,RandomForest,username,300,True,0.3796875,0.73013916015625,0.3796875,0.4782104506957048,0.5037172212119172
7,locals_vs_diaspora,3,34,64,542,34,LOOCV,,RandomForest,username,300,True,0.403125,0.7904820344129554,0.403125,0.5151879510161794,0.6160301569059967
7,locals_vs_diaspora,3,34,64,542,34,K-Fold,5.0,SVM,username,300,True,0.846875,0.7171972656250001,0.846875,0.7766603214890017,0.4931831065759636
7,locals_vs_diaspora,3,34,64,542,34,LOOCV,,SVM,username,300,True,0.846875,0.7171972656250001,0.846875,0.7766603214890017,
7,locals_vs_diaspora,3,34,64,542,34,K-Fold,5.0,AdaBoost,username,300,True,0.5453125,0.72431640625,0.5453125,0.6082545896328294,0.4928530735726634
7,locals_vs_diaspora,3,34,64,542,34,LOOCV,,AdaBoost,username,300,True,0.846875,0.7171972656250001,0.846875,0.7766603214890017,0.2348277396896258
7,locals_vs_diaspora,3,34,64,542,34,K-Fold,5.0,XGBoost,username,300,True,0.846875,0.7171972656250001,0.846875,0.7766603214890017,0.5037172212119172
7,locals_vs_diaspora,3,34,64,542,34,LOOCV,,XGBoost,username,300,True,0.846875,0.7171972656250001,0.846875,0.7766603214890017,0.4780781648596939
7,locals_vs_diaspora,3,34,64,542,34,K-Fold,5.0,LogReg,fullname,300,True,0.7609375,0.7624627560521415,0.7609375,0.7613891463289053,0.6214247712737632
7,locals_vs_diaspora,3,34,64,542,34,LOOCV,,LogReg,fullname,300,True,0.7625,0.7669713050314465,0.7625,0.7634456623134327,0.5264382815832603
7,locals_vs_diaspora,3,34,64,542,34,K-Fold,5.0,DecisionTree,fullname,300,True,0.4703125,0.7704977222359025,0.4703125,0.5707927077205246,0.605079888320066
7,locals_vs_diaspora,3,34,64,542,34,LOOCV,,DecisionTree,fullname,300,True,0.2859375,0.7951032743302645,0.2859375,0.3723346510638549,0.5646331661725644
7,locals_vs_diaspora,3,34,64,542,34,K-Fold,5.0,RandomForest,fullname,300,True,0.5625,0.7596901522329734,0.5625,0.6404192529968746,0.5843453266723355
7,locals_vs_diaspora,3,34,64,542,34,LOOCV,,RandomForest,fullname,300,True,0.2953125,0.7853787597784508,0.2953125,0.3833066012336472,0.5263091037260613
7,locals_vs_diaspora,3,34,64,542,34,K-Fold,5.0,SVM,fullname,300,True,0.76875,0.7529918220830746,0.76875,0.7607863641116804,0.5879687803113457
7,locals_vs_diaspora,3,34,64,542,34,LOOCV,,SVM,fullname,300,True,0.7640625,0.7509705748175183,0.7640625,0.7572164882772681,
7,locals_vs_diaspora,3,34,64,542,34,K-Fold,5.0,AdaBoost,fullname,300,True,0.64375,0.7462226704841228,0.64375,0.6850517635728903,0.5540663700956353
7,locals_vs_diaspora,3,34,64,542,34,LOOCV,,AdaBoost,fullname,300,True,0.7859375,0.7599046229802513,0.7859375,0.7724692902638762,0.7156736132597634
7,locals_vs_diaspora,3,34,64,542,34,K-Fold,5.0,XGBoost,fullname,300,True,0.778125,0.7625849184782608,0.778125,0.7702565514563373,0.6048886711405116
7,locals_vs_diaspora,3,34,64,542,34,LOOCV,,XGBoost,fullname,300,True,0.78125,0.7672332875457875,0.78125,0.773653461595787,0.5577027268854119
7,locals_vs_diaspora,3,34,64,542,34,K-Fold,5.0,LogReg,desc_user,300,True,0.734375,0.7655852064033893,0.734375,0.7490180020871986,0.5651466672297014
7,locals_vs_diaspora,3,34,64,542,34,LOOCV,,LogReg,desc_user,300,True,0.715625,0.7610345256903421,0.715625,0.7365649580700819,0.4836296478420164
7,locals_vs_diaspora,3,34,64,542,34,K-Fold,5.0,DecisionTree,desc_user,300,True,0.8015625,0.765544202795896,0.8015625,0.781373951569264,0.4915497684673601
7,locals_vs_diaspora,3,34,64,542,34,LOOCV,,DecisionTree,desc_user,300,True,0.796875,0.7664441287878788,0.796875,0.7802054835997835,0.4213348874448192
7,locals_vs_diaspora,3,34,64,542,34,K-Fold,5.0,RandomForest,desc_user,300,True,0.7671875,0.7642129142871479,0.7671875,0.7656926317878875,0.5351363892168873
7,locals_vs_diaspora,3,34,64,542,34,LOOCV,,RandomForest,desc_user,300,True,0.7625,0.7669109191355938,0.7625,0.7646863553113553,0.4583277139496475
7,locals_vs_diaspora,3,34,64,542,34,K-Fold,5.0,SVM,desc_user,300,True,0.76875,0.7532367703746313,0.76875,0.7607893886989913,0.607591443958849
7,locals_vs_diaspora,3,34,64,542,34,LOOCV,,SVM,desc_user,300,True,0.75625,0.744766220508167,0.75625,0.7504156118675083,
7,locals_vs_diaspora,3,34,64,542,34,K-Fold,5.0,AdaBoost,desc_user,300,True,0.8328125,0.7907149599704747,0.8328125,0.8059131117724867,0.5757585236162328
7,locals_vs_diaspora,3,34,64,542,34,LOOCV,,AdaBoost,desc_user,300,True,0.825,0.7742456425391525,0.825,0.7923936756303512,0.5567198384678232
7,locals_vs_diaspora,3,34,64,542,34,K-Fold,5.0,XGBoost,desc_user,300,True,0.7921875,0.7632604316979317,0.7921875,0.7769928793723914,0.5271564741175967
7,locals_vs_diaspora,3,34,64,542,34,LOOCV,,XGBoost,desc_user,300,True,0.790625,0.7557181004857416,0.790625,0.7724636867325547,0.4813164465262692
7,locals_vs_diaspora,3,34,64,542,34,K-Fold,5.0,LogReg,desc_fullname,300,True,0.7,0.7702933083066591,0.7,0.7305365859850805,0.6512382236858492
7,locals_vs_diaspora,3,34,64,542,34,LOOCV,,LogReg,desc_fullname,300,True,0.6921875,0.7678805949642523,0.6921875,0.7251929928563033,0.6037229557019796
7,locals_vs_diaspora,3,34,64,542,34,K-Fold,5.0,DecisionTree,desc_fullname,300,True,0.6765625,0.765793867278094,0.6765625,0.7150465566134482,0.5514656675827819
7,locals_vs_diaspora,3,34,64,542,34,LOOCV,,DecisionTree,desc_fullname,300,True,0.7328125,0.7597668630275454,0.7328125,0.7454727851442239,0.5094320776893937
7,locals_vs_diaspora,3,34,64,542,34,K-Fold,5.0,RandomForest,desc_fullname,300,True,0.6625,0.7545465686274511,0.6625,0.7031376000526436,0.5817213978851649
7,locals_vs_diaspora,3,34,64,542,34,LOOCV,,RandomForest,desc_fullname,300,True,0.7078125,0.7533937500000001,0.7078125,0.728223017414915,0.523958994372811
7,locals_vs_diaspora,3,34,64,542,34,K-Fold,5.0,SVM,desc_fullname,300,True,0.7265625,0.7638729534667548,0.7265625,0.7428242283123542,0.6535401807529685
7,locals_vs_diaspora,3,34,64,542,34,LOOCV,,SVM,desc_fullname,300,True,0.725,0.7618594471094005,0.725,0.7413116920725399,
7,locals_vs_diaspora,3,34,64,542,34,K-Fold,5.0,AdaBoost,desc_fullname,300,True,0.775,0.7722238082218219,0.775,0.7735538073213625,0.5947271065146614
7,locals_vs_diaspora,3,34,64,542,34,LOOCV,,AdaBoost,desc_fullname,300,True,0.778125,0.7759134900093101,0.778125,0.774482351635787,0.3122999867748254
7,locals_vs_diaspora,3,34,64,542,34,K-Fold,5.0,XGBoost,desc_fullname,300,True,0.746875,0.7518071553418432,0.746875,0.7488723370615655,0.5075306409337921
7,locals_vs_diaspora,3,34,64,542,34,LOOCV,,XGBoost,desc_fullname,300,True,0.721875,0.7381596531216735,0.721875,0.7296440310365596,0.4587279930858998
7,locals_vs_diaspora,3,34,64,542,34,K-Fold,5.0,LogReg,user_fullname,300,True,0.7578125,0.7596357076350093,0.7578125,0.7584305169395531,0.6120773609019464
7,locals_vs_diaspora,3,34,64,542,34,LOOCV,,LogReg,user_fullname,300,True,0.7671875,0.7732426470588235,0.7671875,0.768464800702731,0.5153159804879563
7,locals_vs_diaspora,3,34,64,542,34,K-Fold,5.0,DecisionTree,user_fullname,300,True,0.3453125,0.754667907523511,0.3453125,0.4488352007950807,0.5584718537173791
7,locals_vs_diaspora,3,34,64,542,34,LOOCV,,DecisionTree,user_fullname,300,True,0.2703125,0.7759537004456954,0.2703125,0.352702541234537,0.5191252065008399
7,locals_vs_diaspora,3,34,64,542,34,K-Fold,5.0,RandomForest,user_fullname,300,True,0.3484375,0.7455669247787611,0.3484375,0.4514984256625363,0.5501067641790885
7,locals_vs_diaspora,3,34,64,542,34,LOOCV,,RandomForest,user_fullname,300,True,0.2921875,0.7655168177570012,0.2921875,0.3801082432828305,0.5312792005693316
7,locals_vs_diaspora,3,34,64,542,34,K-Fold,5.0,SVM,user_fullname,300,True,0.765625,0.7563101180467984,0.765625,0.760903873926204,0.6116561655667321
7,locals_vs_diaspora,3,34,64,542,34,LOOCV,,SVM,user_fullname,300,True,0.7734375,0.7599369542871662,0.7734375,0.7663846875601463,
7,locals_vs_diaspora,3,34,64,542,34,K-Fold,5.0,AdaBoost,user_fullname,300,True,0.7765625,0.7516852546178614,0.7765625,0.7634939960557143,0.5702614711507025
7,locals_vs_diaspora,3,34,64,542,34,LOOCV,,AdaBoost,user_fullname,300,True,0.0625,0.2854989363116607,0.0625,0.099678632064031,0.2532749578469486
7,locals_vs_diaspora,3,34,64,542,34,K-Fold,5.0,XGBoost,user_fullname,300,True,0.7734375,0.7606396748758639,0.7734375,0.7669004696688901,0.5605162457412834
7,locals_vs_diaspora,3,34,64,542,34,LOOCV,,XGBoost,user_fullname,300,True,0.7734375,0.7602796407024348,0.7734375,0.7663045070691867,0.5090420104071951
7,locals_vs_diaspora,3,34,64,542,34,K-Fold,5.0,LogReg,desc_user_fullname,300,True,0.6921875,0.7632304280522344,0.6921875,0.7233048300948909,0.6357751065534247
7,locals_vs_diaspora,3,34,64,542,34,LOOCV,,LogReg,desc_user_fullname,300,True,0.6859375,0.7661819343167179,0.6859375,0.7203920044244987,0.5953747407585146
7,locals_vs_diaspora,3,34,64,542,34,K-Fold,5.0,DecisionTree,desc_user_fullname,300,True,0.68125,0.7694429117147707,0.68125,0.7186034483422246,0.5633860458600467
7,locals_vs_diaspora,3,34,64,542,34,LOOCV,,DecisionTree,desc_user_fullname,300,True,0.740625,0.7689901918320203,0.740625,0.7538289189496656,0.5527742500413945
7,locals_vs_diaspora,3,34,64,542,34,K-Fold,5.0,RandomForest,desc_user_fullname,300,True,0.671875,0.7516361085736657,0.671875,0.7074965153812295,0.5595501861500324
7,locals_vs_diaspora,3,34,64,542,34,LOOCV,,RandomForest,desc_user_fullname,300,True,0.7265625,0.7542336744639376,0.7265625,0.7387144549763034,0.5392866181448343
7,locals_vs_diaspora,3,34,64,542,34,K-Fold,5.0,SVM,desc_user_fullname,300,True,0.7265625,0.7614978140753239,0.7265625,0.7417534360868219,0.6444003466434016
7,locals_vs_diaspora,3,34,64,542,34,LOOCV,,SVM,desc_user_fullname,300,True,0.721875,0.7596147015240244,0.721875,0.7389669657289699,
7,locals_vs_diaspora,3,34,64,542,34,K-Fold,5.0,AdaBoost,desc_user_fullname,300,True,0.7734375,0.7720628985596878,0.7734375,0.7727050008299767,0.6020363460881721
7,locals_vs_diaspora,3,34,64,542,34,LOOCV,,AdaBoost,desc_user_fullname,300,True,0.76875,0.7664889039855072,0.76875,0.7644313095819937,0.2888354181400283
7,locals_vs_diaspora,3,34,64,542,34,K-Fold,5.0,XGBoost,desc_user_fullname,300,True,0.7484375,0.7527786394584791,0.7484375,0.7501459031636786,0.5056405583260017
7,locals_vs_diaspora,3,34,64,542,34,LOOCV,,XGBoost,desc_user_fullname,300,True,0.73125,0.7451755218216319,0.73125,0.7376364726489663,0.4697400288498238
7,locals_vs_diaspora,3,34,64,542,34,K-Fold,5.0,LogReg,numeric,11,True,0.6296875,0.8407287177310522,0.6296875,0.7037570730042179,0.7701686559460315
7,locals_vs_diaspora,3,34,64,542,34,LOOCV,,LogReg,numeric,11,True,0.6515625,0.8501430205949656,0.6515625,0.7200141953784439,0.7838234886247712
7,locals_vs_diaspora,3,34,64,542,34,K-Fold,5.0,DecisionTree,numeric,11,True,0.8015625,0.811222892015096,0.8015625,0.8062852040816326,0.65860667699423
7,locals_vs_diaspora,3,34,64,542,34,LOOCV,,DecisionTree,numeric,11,True,0.790625,0.8021168582572737,0.790625,0.7962497900694926,0.6314033348487911
7,locals_vs_diaspora,3,34,64,542,34,K-Fold,5.0,RandomForest,numeric,11,True,0.8421875,0.8270688410426782,0.8421875,0.8340764751612555,0.7619778270476921
7,locals_vs_diaspora,3,34,64,542,34,LOOCV,,RandomForest,numeric,11,True,0.8546875,0.8426961977973008,0.8546875,0.8476233415751253,0.7459480675327578
7,locals_vs_diaspora,3,34,64,542,34,K-Fold,5.0,SVM,numeric,11,True,0.6078125,0.8476669549052975,0.6078125,0.6920390204307887,0.7436081259094499
7,locals_vs_diaspora,3,34,64,542,34,LOOCV,,SVM,numeric,11,True,0.6109375,0.8665529902526201,0.6109375000000001,0.6974830293942917,
7,locals_vs_diaspora,3,34,64,542,34,K-Fold,5.0,AdaBoost,numeric,11,True,0.6703125,0.8276671744260182,0.6703125,0.7326048812009146,0.7486489073861549
7,locals_vs_diaspora,3,34,64,542,34,LOOCV,,AdaBoost,numeric,11,True,0.6734375,0.8380959566742684,0.6734375,0.7335907497220345,0.7781848624415216
7,locals_vs_diaspora,3,34,64,542,34,K-Fold,5.0,XGBoost,numeric,11,True,0.846875,0.818274794673967,0.846875,0.8307239132331018,0.7057290060658649
7,locals_vs_diaspora,3,34,64,542,34,LOOCV,,XGBoost,numeric,11,True,0.865625,0.8390844749762433,0.865625,0.8488756080389145,0.7223456617524795
7,locals_vs_diaspora,3,34,64,542,34,K-Fold,5.0,LogReg,desc+numeric,311,True,0.7453125,0.8406775290723456,0.7453125,0.7843125588884343,0.7540471275982031
7,locals_vs_diaspora,3,34,64,542,34,LOOCV,,LogReg,desc+numeric,311,True,0.725,0.8332394391885378,0.725,0.7692722709388833,0.7591683884388122
7,locals_vs_diaspora,3,34,64,542,34,K-Fold,5.0,DecisionTree,desc+numeric,311,True,0.7984375,0.8090421321690732,0.7984375,0.8033522766472453,0.6315955734604073
7,locals_vs_diaspora,3,34,64,542,34,LOOCV,,DecisionTree,desc+numeric,311,True,0.7828125,0.8068617155553701,0.7828125,0.7943347425183372,0.6442568363979255
7,locals_vs_diaspora,3,34,64,542,34,K-Fold,5.0,RandomForest,desc+numeric,311,True,0.8625,0.8393377768065268,0.8625,0.8487962105711386,0.7826019904435837
7,locals_vs_diaspora,3,34,64,542,34,LOOCV,,RandomForest,desc+numeric,311,True,0.8578125,0.8352815402476781,0.8578125,0.8447847268739561,0.7836868452968542
7,locals_vs_diaspora,3,34,64,542,34,K-Fold,5.0,SVM,desc+numeric,311,True,0.7515625,0.8253194619116062,0.7515625,0.7843197403230298,0.6966429340339169
7,locals_vs_diaspora,3,34,64,542,34,LOOCV,,SVM,desc+numeric,311,True,0.753125,0.8387683207560233,0.753125,0.7895103474298822,
7,locals_vs_diaspora,3,34,64,542,34,K-Fold,5.0,AdaBoost,desc+numeric,311,True,0.690625,0.8293495639534884,0.690625,0.7452244319325044,0.7492544872412146
7,locals_vs_diaspora,3,34,64,542,34,LOOCV,,AdaBoost,desc+numeric,311,True,0.634375,0.8170283385093168,0.634375,0.7021063334703754,0.7329142090907115
7,locals_vs_diaspora,3,34,64,542,34,K-Fold,5.0,XGBoost,desc+numeric,311,True,0.8453125,0.8143679175001843,0.8453125,0.8275531090742216,0.7120760867839813
7,locals_vs_diaspora,3,34,64,542,34,LOOCV,,XGBoost,desc+numeric,311,True,0.8625,0.8360016165480826,0.8625,0.8465481990009363,0.72789828319168
7,locals_vs_diaspora,2,34,64,0,34,K-Fold,5.0,LogReg,desc,300,True,0.5510204081632653,0.5753158406219631,0.5510204081632653,0.5596849266022198,0.5776654411764706
7,locals_vs_diaspora,2,34,64,0,34,LOOCV,,LogReg,desc,300,True,0.4387755102040816,0.4744962135797715,0.4387755102040816,0.4514657534549035,0.4921875
7,locals_vs_diaspora,2,34,64,0,34,K-Fold,5.0,DecisionTree,desc,300,True,0.4795918367346938,0.6638395617987455,0.4795918367346938,0.4487589630446773,0.6130514705882353
7,locals_vs_diaspora,2,34,64,0,34,LOOCV,,DecisionTree,desc,300,True,0.5204081632653061,0.6738313478756135,0.5204081632653061,0.507408238020483,0.4696691176470587
7,locals_vs_diaspora,2,34,64,0,34,K-Fold,5.0,RandomForest,desc,300,True,0.5204081632653061,0.6587318585605156,0.5204081632653061,0.5116464374663113,0.5666360294117647
7,locals_vs_diaspora,2,34,64,0,34,LOOCV,,RandomForest,desc,300,True,0.5306122448979592,0.6653061224489796,0.5306122448979592,0.5239542625560862,0.5477941176470588
7,locals_vs_diaspora,2,34,64,0,34,K-Fold,5.0,SVM,desc,300,True,0.5612244897959183,0.5314844842046408,0.5612244897959183,0.5421708953283157,0.3814338235294117
7,locals_vs_diaspora,2,34,64,0,34,LOOCV,,SVM,desc,300,True,0.3265306122448979,0.3499648135116115,0.3265306122448979,0.337272702612281,
7,locals_vs_diaspora,2,34,64,0,34,K-Fold,5.0,AdaBoost,desc,300,True,0.4183673469387755,0.5851970417796749,0.4183673469387755,0.3684774392848927,0.5402113970588236
7,locals_vs_diaspora,2,34,64,0,34,LOOCV,,AdaBoost,desc,300,True,0.4489795918367347,0.6380385487528345,0.4489795918367347,0.4055958712111289,0.3014705882352941
7,locals_vs_diaspora,2,34,64,0,34,K-Fold,5.0,XGBoost,desc,300,True,0.5816326530612245,0.5669716162327,0.5816326530612245,0.5728948220892367,0.5165441176470589
7,locals_vs_diaspora,2,34,64,0,34,LOOCV,,XGBoost,desc,300,True,0.2142857142857142,0.2649296196466008,0.2142857142857142,0.2316024163540772,0.3028492647058823
7,locals_vs_diaspora,2,34,64,0,34,K-Fold,5.0,LogReg,username,300,True,0.6530612244897959,0.4264889629321116,0.6530612244897959,0.5159989921894683,0.4850643382352941
7,locals_vs_diaspora,2,34,64,0,34,LOOCV,,LogReg,username,300,True,0.6530612244897959,0.4264889629321116,0.6530612244897959,0.5159989921894683,0.2279411764705882
7,locals_vs_diaspora,2,34,64,0,34,K-Fold,5.0,DecisionTree,username,300,True,0.5204081632653061,0.5362619624120835,0.5204081632653061,0.5270847396760241,0.48828125
7,locals_vs_diaspora,2,34,64,0,34,LOOCV,,DecisionTree,username,300,True,0.1632653061224489,0.0693877551020408,0.1632653061224489,0.0973863229502327,0.4705882352941176
7,locals_vs_diaspora,2,34,64,0,34,K-Fold,5.0,RandomForest,username,300,True,0.4081632653061224,0.5445839874411302,0.4081632653061224,0.3694120505344995,0.4850643382352941
7,locals_vs_diaspora,2,34,64,0,34,LOOCV,,RandomForest,username,300,True,0.3265306122448979,0.1156462585034013,0.3265306122448979,0.1708006279434851,0.5266544117647058
7,locals_vs_diaspora,2,34,64,0,34,K-Fold,5.0,SVM,username,300,True,0.6530612244897959,0.4264889629321116,0.6530612244897959,0.5159989921894683,0.4818474264705883
7,locals_vs_diaspora,2,34,64,0,34,LOOCV,,SVM,username,300,True,0.6530612244897959,0.4264889629321116,0.6530612244897959,0.5159989921894683,
7,locals_vs_diaspora,2,34,64,0,34,K-Fold,5.0,AdaBoost,username,300,True,0.6530612244897959,0.4264889629321116,0.6530612244897959,0.5159989921894683,0.4850643382352941
7,locals_vs_diaspora,2,34,64,0,34,LOOCV,,AdaBoost,username,300,True,0.6530612244897959,0.4264889629321116,0.6530612244897959,0.5159989921894683,0.0
7,locals_vs_diaspora,2,34,64,0,34,K-Fold,5.0,XGBoost,username,300,True,0.5306122448979592,0.5431793770139635,0.5306122448979592,0.5360800234072124,0.4958639705882353
7,locals_vs_diaspora,2,34,64,0,34,LOOCV,,XGBoost,username,300,True,0.3469387755102041,0.1203665139525197,0.3469387755102041,0.178726035868893,0.5
7,locals_vs_diaspora,2,34,64,0,34,K-Fold,5.0,LogReg,fullname,300,True,0.5204081632653061,0.5880916425766924,0.5204081632653061,0.529926472321576,0.5119485294117647
7,locals_vs_diaspora,2,34,64,0,34,LOOCV,,LogReg,fullname,300,True,0.5204081632653061,0.622805312601231,0.5204081632653061,0.5218564776738561,0.3336397058823529
7,locals_vs_diaspora,2,34,64,0,34,K-Fold,5.0,DecisionTree,fullname,300,True,0.4795918367346938,0.6036369570316883,0.4795918367346938,0.4700844321442952,0.5337775735294118
7,locals_vs_diaspora,2,34,64,0,34,LOOCV,,DecisionTree,fullname,300,True,0.5204081632653061,0.6335188620902906,0.5204081632653061,0.5188599651044423,0.4333639705882352
7,locals_vs_diaspora,2,34,64,0,34,K-Fold,5.0,RandomForest,fullname,300,True,0.5,0.6191622532498796,0.5,0.4948410630536738,0.5517003676470588
7,locals_vs_diaspora,2,34,64,0,34,LOOCV,,RandomForest,fullname,300,True,0.5102040816326531,0.6264687693259121,0.5102040816326531,0.506938775510204,0.5565257352941176
7,locals_vs_diaspora,2,34,64,0,34,K-Fold,5.0,SVM,fullname,300,True,0.6122448979591837,0.4766341319136349,0.6122448979591837,0.5113291470434328,0.4802389705882353
7,locals_vs_diaspora,2,34,64,0,34,LOOCV,,SVM,fullname,300,True,0.6428571428571429,0.4241531664212076,0.6428571428571429,0.5110913930789708,
7,locals_vs_diaspora,2,34,64,0,34,K-Fold,5.0,AdaBoost,fullname,300,True,0.6428571428571429,0.4241531664212076,0.6428571428571429,0.5110913930789708,0.5057444852941176
7,locals_vs_diaspora,2,34,64,0,34,LOOCV,,AdaBoost,fullname,300,True,0.1122448979591836,0.1596371882086167,0.1122448979591836,0.1318105223740872,0.1061580882352941
7,locals_vs_diaspora,2,34,64,0,34,K-Fold,5.0,XGBoost,fullname,300,True,0.4081632653061224,0.4925720288115246,0.4081632653061224,0.4081632653061224,0.3901654411764707
7,locals_vs_diaspora,2,34,64,0,34,LOOCV,,XGBoost,fullname,300,True,0.3979591836734694,0.5310337326136317,0.3979591836734694,0.3546307317041328,0.2035845588235294
7,locals_vs_diaspora,2,34,64,0,34,K-Fold,5.0,LogReg,desc_user,300,True,0.5510204081632653,0.5753158406219631,0.5510204081632653,0.5596849266022198,0.5739889705882352
7,locals_vs_diaspora,2,34,64,0,34,LOOCV,,LogReg,desc_user,300,True,0.4285714285714285,0.4672718585762063,0.4285714285714285,0.441871921182266,0.4829963235294118
7,locals_vs_diaspora,2,34,64,0,34,K-Fold,5.0,DecisionTree,desc_user,300,True,0.4897959183673469,0.6712723366858706,0.4897959183673469,0.4626137981619709,0.5900735294117647
7,locals_vs_diaspora,2,34,64,0,34,LOOCV,,DecisionTree,desc_user,300,True,0.5,0.6447574334898278,0.5,0.4864468864468864,0.4708180147058823
7,locals_vs_diaspora,2,34,64,0,34,K-Fold,5.0,RandomForest,desc_user,300,True,0.5204081632653061,0.6738313478756135,0.5204081632653061,0.507408238020483,0.5560661764705882
7,locals_vs_diaspora,2,34,64,0,34,LOOCV,,RandomForest,desc_user,300,True,0.5204081632653061,0.6738313478756135,0.5204081632653061,0.507408238020483,0.4967830882352941
7,locals_vs_diaspora,2,34,64,0,34,K-Fold,5.0,SVM,desc_user,300,True,0.5816326530612245,0.5095320055733136,0.5816326530612245,0.5275579619602944,0.3837316176470588
7,locals_vs_diaspora,2,34,64,0,34,LOOCV,,SVM,desc_user,300,True,0.3163265306122449,0.3366149588909879,0.3163265306122449,0.3258442033679492,
7,locals_vs_diaspora,2,34,64,0,34,K-Fold,5.0,AdaBoost,desc_user,300,True,0.4183673469387755,0.5851970417796749,0.4183673469387755,0.3684774392848927,0.5425091911764706
7,locals_vs_diaspora,2,34,64,0,34,LOOCV,,AdaBoost,desc_user,300,True,0.4489795918367347,0.6380385487528345,0.4489795918367347,0.4055958712111289,0.3010110294117647
7,locals_vs_diaspora,2,34,64,0,34,K-Fold,5.0,XGBoost,desc_user,300,True,0.5816326530612245,0.5669716162327,0.5816326530612245,0.5728948220892367,0.5165441176470589
7,locals_vs_diaspora,2,34,64,0,34,LOOCV,,XGBoost,desc_user,300,True,0.2142857142857142,0.2649296196466008,0.2142857142857142,0.2316024163540772,0.3028492647058823
7,locals_vs_diaspora,2,34,64,0,34,K-Fold,5.0,LogReg,desc_fullname,300,True,0.5306122448979592,0.5369760807548826,0.5306122448979592,0.5335924846128928,0.5280330882352942
7,locals_vs_diaspora,2,34,64,0,34,LOOCV,,LogReg,desc_fullname,300,True,0.3775510204081632,0.3894731131265089,0.3775510204081632,0.3832319632078184,0.4333639705882353
7,locals_vs_diaspora,2,34,64,0,34,K-Fold,5.0,DecisionTree,desc_fullname,300,True,0.5,0.5986394557823129,0.5,0.501509944808914,0.5323988970588236
7,locals_vs_diaspora,2,34,64,0,34,LOOCV,,DecisionTree,desc_fullname,300,True,0.4489795918367347,0.5494743351886209,0.4489795918367347,0.4453061224489796,0.467141544117647
7,locals_vs_diaspora,2,34,64,0,34,K-Fold,5.0,RandomForest,desc_fullname,300,True,0.5408163265306123,0.6267372659624476,0.5408163265306123,0.54680838824725,0.5638786764705882
7,locals_vs_diaspora,2,34,64,0,34,LOOCV,,RandomForest,desc_fullname,300,True,0.5510204081632653,0.6649722388955581,0.5510204081632653,0.5510204081632653,0.5105698529411765
7,locals_vs_diaspora,2,34,64,0,34,K-Fold,5.0,SVM,desc_fullname,300,True,0.5102040816326531,0.4958783513405362,0.5102040816326531,0.5023191094619666,0.4894301470588235
7,locals_vs_diaspora,2,34,64,0,34,LOOCV,,SVM,desc_fullname,300,True,0.3061224489795918,0.3417680203394489,0.3061224489795918,0.3212001880282751,
7,locals_vs_diaspora,2,34,64,0,34,K-Fold,5.0,AdaBoost,desc_fullname,300,True,0.4387755102040816,0.6085602795415301,0.4387755102040816,0.3983845804021577,0.5282628676470588
7,locals_vs_diaspora,2,34,64,0,34,LOOCV,,AdaBoost,desc_fullname,300,True,0.4387755102040816,0.6278956026855187,0.4387755102040816,0.3906361256257736,0.2830882352941176
7,locals_vs_diaspora,2,34,64,0,34,K-Fold,5.0,XGBoost,desc_fullname,300,True,0.4897959183673469,0.5460036857552385,0.4897959183673469,0.5014453984553653,0.555376838235294
7,locals_vs_diaspora,2,34,64,0,34,LOOCV,,XGBoost,desc_fullname,300,True,0.6836734693877551,0.6668021054575676,0.6836734693877551,0.6352962433009759,0.3874080882352941
7,locals_vs_diaspora,2,34,64,0,34,K-Fold,5.0,LogReg,user_fullname,300,True,0.5102040816326531,0.6384353741496599,0.5102040816326531,0.5032566217976552,0.5503216911764707
7,locals_vs_diaspora,2,34,64,0,34,LOOCV,,LogReg,user_fullname,300,True,0.5408163265306123,0.6363965169585779,0.5408163265306123,0.5446927077240484,0.3474264705882353
7,locals_vs_diaspora,2,34,64,0,34,K-Fold,5.0,DecisionTree,user_fullname,300,True,0.5102040816326531,0.6384353741496599,0.5102040816326531,0.5032566217976552,0.5914522058823529
7,locals_vs_diaspora,2,34,64,0,34,LOOCV,,DecisionTree,user_fullname,300,True,0.5510204081632653,0.6534269621827226,0.5510204081632653,0.5536394557823129,0.4418658088235294
7,locals_vs_diaspora,2,34,64,0,34,K-Fold,5.0,RandomForest,user_fullname,300,True,0.4489795918367347,0.5891708034565177,0.4489795918367347,0.4257884972170686,0.5829503676470589
7,locals_vs_diaspora,2,34,64,0,34,LOOCV,,RandomForest,user_fullname,300,True,0.4693877551020408,0.5846938775510204,0.4693877551020408,0.4618613402807931,0.5767463235294118
7,locals_vs_diaspora,2,34,64,0,34,K-Fold,5.0,SVM,user_fullname,300,True,0.5816326530612245,0.5212899974804737,0.5816326530612245,0.5364297443115177,0.4515165441176471
7,locals_vs_diaspora,2,34,64,0,34,LOOCV,,SVM,user_fullname,300,True,0.6326530612244898,0.4217687074829932,0.6326530612244898,0.5061224489795918,
7,locals_vs_diaspora,2,34,64,0,34,K-Fold,5.0,AdaBoost,user_fullname,300,True,0.6428571428571429,0.4241531664212076,0.6428571428571429,0.5110913930789708,0.4501378676470588
7,locals_vs_diaspora,2,34,64,0,34,LOOCV,,AdaBoost,user_fullname,300,True,0.1122448979591836,0.1596371882086167,0.1122448979591836,0.1318105223740872,0.1061580882352941
7,locals_vs_diaspora,2,34,64,0,34,K-Fold,5.0,XGBoost,user_fullname,300,True,0.4081632653061224,0.4925720288115246,0.4081632653061224,0.4081632653061224,0.3890165441176471
7,locals_vs_diaspora,2,34,64,0,34,LOOCV,,XGBoost,user_fullname,300,True,0.4081632653061224,0.5445839874411302,0.4081632653061224,0.3694120505344995,0.2090992647058823
7,locals_vs_diaspora,2,34,64,0,34,K-Fold,5.0,LogReg,desc_user_fullname,300,True,0.5510204081632653,0.5510204081632653,0.5510204081632653,0.5510204081632653,0.5510110294117647
7,locals_vs_diaspora,2,34,64,0,34,LOOCV,,LogReg,desc_user_fullname,300,True,0.3775510204081632,0.3894731131265089,0.3775510204081632,0.3832319632078184,0.4724264705882353
7,locals_vs_diaspora,2,34,64,0,34,K-Fold,5.0,DecisionTree,desc_user_fullname,300,True,0.5,0.6191622532498796,0.5,0.4948410630536738,0.5574448529411765
7,locals_vs_diaspora,2,34,64,0,34,LOOCV,,DecisionTree,desc_user_fullname,300,True,0.4795918367346938,0.5929175714580489,0.4795918367346938,0.4742223309334156,0.5197610294117647
7,locals_vs_diaspora,2,34,64,0,34,K-Fold,5.0,RandomForest,desc_user_fullname,300,True,0.5102040816326531,0.6384353741496599,0.5102040816326531,0.5032566217976552,0.5638786764705883
7,locals_vs_diaspora,2,34,64,0,34,LOOCV,,RandomForest,desc_user_fullname,300,True,0.5306122448979592,0.6403436374549819,0.5306122448979592,0.5306122448979592,0.5454963235294118
7,locals_vs_diaspora,2,34,64,0,34,K-Fold,5.0,SVM,desc_user_fullname,300,True,0.5510204081632653,0.5239839525553811,0.5510204081632653,0.5342937174869948,0.4517463235294118
7,locals_vs_diaspora,2,34,64,0,34,LOOCV,,SVM,desc_user_fullname,300,True,0.3163265306122449,0.3490615696595763,0.3163265306122449,0.3304282752061863,
7,locals_vs_diaspora,2,34,64,0,34,K-Fold,5.0,AdaBoost,desc_user_fullname,300,True,0.4693877551020408,0.5751391465677179,0.4693877551020408,0.4658503401360545,0.5434283088235294
7,locals_vs_diaspora,2,34,64,0,34,LOOCV,,AdaBoost,desc_user_fullname,300,True,0.4387755102040816,0.6085602795415301,0.4387755102040816,0.3983845804021577,0.2941176470588236
7,locals_vs_diaspora,2,34,64,0,34,K-Fold,5.0,XGBoost,desc_user_fullname,300,True,0.4897959183673469,0.5460036857552385,0.4897959183673469,0.5014453984553653,0.5574448529411765
7,locals_vs_diaspora,2,34,64,0,34,LOOCV,,XGBoost,desc_user_fullname,300,True,0.6836734693877551,0.6668021054575676,0.6836734693877551,0.6352962433009759,0.3874080882352941
7,locals_vs_diaspora,2,34,64,0,34,K-Fold,5.0,LogReg,numeric,11,True,0.7448979591836735,0.7558736662852885,0.7448979591836735,0.7484493296149064,0.7807904411764705
7,locals_vs_diaspora,2,34,64,0,34,LOOCV,,LogReg,numeric,11,True,0.7448979591836735,0.7678474349570695,0.7448979591836735,0.7501598041814128,0.785845588235294
7,locals_vs_diaspora,2,34,64,0,34,K-Fold,5.0,DecisionTree,numeric,11,True,0.7142857142857143,0.7106331168831169,0.7142857142857143,0.7121545121545122,0.6778492647058824
7,locals_vs_diaspora,2,34,64,0,34,LOOCV,,DecisionTree,numeric,11,True,0.7857142857142857,0.7843489843489844,0.7857142857142857,0.7849457033768037,0.7601102941176471
7,locals_vs_diaspora,2,34,64,0,34,K-Fold,5.0,RandomForest,numeric,11,True,0.7040816326530612,0.69855462647264,0.7040816326530612,0.7006411255048115,0.7605698529411765
7,locals_vs_diaspora,2,34,64,0,34,LOOCV,,RandomForest,numeric,11,True,0.7244897959183674,0.7264658244250081,0.7244897959183674,0.7254015608297412,0.7633272058823529
7,locals_vs_diaspora,2,34,64,0,34,K-Fold,5.0,SVM,numeric,11,True,0.7448979591836735,0.7509607298834464,0.7448979591836735,0.7472262144294338,0.7573529411764707
7,locals_vs_diaspora,2,34,64,0,34,LOOCV,,SVM,numeric,11,True,0.7551020408163265,0.7588508521688245,0.7551020408163265,0.7566569484936831,
7,locals_vs_diaspora,2,34,64,0,34,K-Fold,5.0,AdaBoost,numeric,11,True,0.7040816326530612,0.7021074163931308,0.7040816326530612,0.7030202570441575,0.7582720588235294
7,locals_vs_diaspora,2,34,64,0,34,LOOCV,,AdaBoost,numeric,11,True,0.7244897959183674,0.735908965933179,0.7244897959183674,0.728325275984099,0.8042279411764706
7,locals_vs_diaspora,2,34,64,0,34,K-Fold,5.0,XGBoost,numeric,11,True,0.6326530612244898,0.622889155662265,0.6326530612244898,0.6267393320964749,0.643841911764706
7,locals_vs_diaspora,2,34,64,0,34,LOOCV,,XGBoost,numeric,11,True,0.673469387755102,0.6691597093382807,0.673469387755102,0.6710337281765854,0.7146139705882352
7,locals_vs_diaspora,2,34,64,0,34,K-Fold,5.0,LogReg,desc+numeric,311,True,0.7448979591836735,0.7558736662852885,0.7448979591836735,0.7484493296149064,0.7922794117647058
7,locals_vs_diaspora,2,34,64,0,34,LOOCV,,LogReg,desc+numeric,311,True,0.7346938775510204,0.7546161321671525,0.7346938775510204,0.7398138202649481,0.7931985294117646
7,locals_vs_diaspora,2,34,64,0,34,K-Fold,5.0,DecisionTree,desc+numeric,311,True,0.7040816326530612,0.7159442655810694,0.7040816326530612,0.7082012223532915,0.6907169117647058
7,locals_vs_diaspora,2,34,64,0,34,LOOCV,,DecisionTree,desc+numeric,311,True,0.7653061224489796,0.7758383666373981,0.7653061224489796,0.7685733832457138,0.7582720588235294
7,locals_vs_diaspora,2,34,64,0,34,K-Fold,5.0,RandomForest,desc+numeric,311,True,0.6428571428571429,0.6453514739229025,0.6428571428571429,0.6440390603348495,0.7182904411764706
7,locals_vs_diaspora,2,34,64,0,34,LOOCV,,RandomForest,desc+numeric,311,True,0.6530612244897959,0.6632653061224489,0.6530612244897959,0.6571026259966352,0.7401194852941176
7,locals_vs_diaspora,2,34,64,0,34,K-Fold,5.0,SVM,desc+numeric,311,True,0.7755102040816326,0.7755102040816326,0.7755102040816326,0.7755102040816326,0.801470588235294
7,locals_vs_diaspora,2,34,64,0,34,LOOCV,,SVM,desc+numeric,311,True,0.8061224489795918,0.8112086660096027,0.8061224489795918,0.8078919229663697,
7,locals_vs_diaspora,2,34,64,0,34,K-Fold,5.0,AdaBoost,desc+numeric,311,True,0.6938775510204082,0.7032939491586108,0.6938775510204082,0.6974434935264427,0.7435661764705882
7,locals_vs_diaspora,2,34,64,0,34,LOOCV,,AdaBoost,desc+numeric,311,True,0.6938775510204082,0.7213632927918642,0.6938775510204082,0.7005294947183567,0.71875
7,locals_vs_diaspora,2,34,64,0,34,K-Fold,5.0,XGBoost,desc+numeric,311,True,0.6326530612244898,0.622889155662265,0.6326530612244898,0.6267393320964749,0.643841911764706
7,locals_vs_diaspora,2,34,64,0,34,LOOCV,,XGBoost,desc+numeric,311,True,0.6836734693877551,0.6859086491739552,0.6836734693877551,0.6847203105822952,0.7155330882352942
7,person_vs_organization,3,82,359,199,82,K-Fold,5.0,LogReg,desc,300,True,0.478125,0.5711557006130003,0.478125,0.4684466971452138,0.6178199485092415
7,person_vs_organization,3,82,359,199,82,LOOCV,,LogReg,desc,300,True,0.4953125,0.5879021927760457,0.4953125,0.4891387744380021,0.5161962107313556
7,person_vs_organization,3,82,359,199,82,K-Fold,5.0,DecisionTree,desc,300,True,0.4171875,0.5515192323838309,0.4171875,0.3748324149554851,0.5377485772714262
7,person_vs_organization,3,82,359,199,82,LOOCV,,DecisionTree,desc,300,True,0.44375,0.5683457978279804,0.44375,0.4103403914984797,0.4926179224631536
7,person_vs_organization,3,82,359,199,82,K-Fold,5.0,RandomForest,desc,300,True,0.465625,0.5893426047332297,0.465625,0.4428503530743615,0.6069855244502805
7,person_vs_organization,3,82,359,199,82,LOOCV,,RandomForest,desc,300,True,0.459375,0.5668268812340101,0.459375,0.4392143024025745,0.6323447011742458
7,person_vs_organization,3,82,359,199,82,K-Fold,5.0,SVM,desc,300,True,0.4640625,0.5983639598759083,0.4640625,0.4418942444210401,0.6328172717339624
7,person_vs_organization,3,82,359,199,82,LOOCV,,SVM,desc,300,True,0.4671875,0.6125954412498343,0.4671875,0.4413636361811595,
7,person_vs_organization,3,82,359,199,82,K-Fold,5.0,AdaBoost,desc,300,True,0.4828125,0.4992213556641747,0.4828125,0.4813571369612289,0.5407270852319807
7,person_vs_organization,3,82,359,199,82,LOOCV,,AdaBoost,desc,300,True,0.575,0.3960642610313663,0.575,0.4523751748863239,0.5539226278656719
7,person_vs_organization,3,82,359,199,82,K-Fold,5.0,XGBoost,desc,300,True,0.4234375,0.5348498822017316,0.4234375,0.3856637112527663,0.5575052852187827
7,person_vs_organization,3,82,359,199,82,LOOCV,,XGBoost,desc,300,True,0.428125,0.5333514074989295,0.428125,0.3933026994251754,0.4022666744011728
7,person_vs_organization,3,82,359,199,82,K-Fold,5.0,LogReg,username,300,True,0.5609375,0.31465087890625,0.5609375,0.4031562812812813,0.5018821043896071
7,person_vs_organization,3,82,359,199,82,LOOCV,,LogReg,username,300,True,0.5609375,0.31465087890625,0.5609375,0.4031562812812813,0.3475242795813462
7,person_vs_organization,3,82,359,199,82,K-Fold,5.0,DecisionTree,username,300,True,0.128125,0.016416015625,0.128125,0.0291031855955678,0.5014285896503782
7,person_vs_organization,3,82,359,199,82,LOOCV,,DecisionTree,username,300,True,0.128125,0.016416015625,0.128125,0.0291031855955678,0.4695029998950945
7,person_vs_organization,3,82,359,199,82,K-Fold,5.0,RandomForest,username,300,True,0.128125,0.016416015625,0.128125,0.0291031855955678,0.5014285896503782
7,person_vs_organization,3,82,359,199,82,LOOCV,,RandomForest,username,300,True,0.128125,0.016416015625,0.128125,0.0291031855955678,0.4848558106397
7,person_vs_organization,3,82,359,199,82,K-Fold,5.0,SVM,username,300,True,0.5609375,0.31465087890625,0.5609375,0.4031562812812813,0.4965942141598537
7,person_vs_organization,3,82,359,199,82,LOOCV,,SVM,username,300,True,0.5609375,0.31465087890625,0.5609375,0.4031562812812813,
7,person_vs_organization,3,82,359,199,82,K-Fold,5.0,AdaBoost,username,300,True,0.5609375,0.31465087890625,0.5609375,0.4031562812812813,0.4977594726713247
7,person_vs_organization,3,82,359,199,82,LOOCV,,AdaBoost,username,300,True,0.3109375,0.09668212890625,0.3109375,0.1475007449344458,0.407817871365628
7,person_vs_organization,3,82,359,199,82,K-Fold,5.0,XGBoost,username,300,True,0.509375,0.4091705322265625,0.509375,0.443833474652145,0.5005537086452841
7,person_vs_organization,3,82,359,199,82,LOOCV,,XGBoost,username,300,True,0.5609375,0.31465087890625,0.5609375,0.4031562812812813,0.4517452336064912
7,person_vs_organization,3,82,359,199,82,K-Fold,5.0,LogReg,fullname,300,True,0.490625,0.4523644282464847,0.490625,0.4587382514669528,0.5266809417439726
7,person_vs_organization,3,82,359,199,82,LOOCV,,LogReg,fullname,300,True,0.53125,0.4657264681611164,0.53125,0.4661310097473309,0.3843359561183751
7,person_vs_organization,3,82,359,199,82,K-Fold,5.0,DecisionTree,fullname,300,True,0.2875,0.4691793431822271,0.2875,0.2868731183261945,0.5332078427396578
7,person_vs_organization,3,82,359,199,82,LOOCV,,DecisionTree,fullname,300,True,0.2953125,0.4940272679881419,0.2953125,0.3013855832229692,0.445166220887247
7,person_vs_organization,3,82,359,199,82,K-Fold,5.0,RandomForest,fullname,300,True,0.296875,0.469553435543928,0.296875,0.2978982763649762,0.5378398044622796
7,person_vs_organization,3,82,359,199,82,LOOCV,,RandomForest,fullname,300,True,0.303125,0.4825476373758854,0.303125,0.3083310155369594,0.5037757830837726
7,person_vs_organization,3,82,359,199,82,K-Fold,5.0,SVM,fullname,300,True,0.490625,0.4480310308301687,0.490625,0.4524844581523591,0.5571346453310785
7,person_vs_organization,3,82,359,199,82,LOOCV,,SVM,fullname,300,True,0.5265625,0.4557108409822136,0.5265625,0.4562461088268555,
7,person_vs_organization,3,82,359,199,82,K-Fold,5.0,AdaBoost,fullname,300,True,0.3484375,0.4361121671539633,0.3484375,0.3530862701470527,0.5188430545574235
7,person_vs_organization,3,82,359,199,82,LOOCV,,AdaBoost,fullname,300,True,0.0859375,0.2202032520325203,0.0859375,0.1103675215594681,0.1599346663219491
7,person_vs_organization,3,82,359,199,82,K-Fold,5.0,XGBoost,fullname,300,True,0.4234375,0.4978039428646656,0.4234375,0.4188751910947445,0.5426595438356149
7,person_vs_organization,3,82,359,199,82,LOOCV,,XGBoost,fullname,300,True,0.3859375,0.5296844754161827,0.3859375,0.3527212783351011,0.3214096353920591
7,person_vs_organization,3,82,359,199,82,K-Fold,5.0,LogReg,desc_user,300,True,0.475,0.566622998959199,0.475,0.4651913335198503,0.614858205119332
7,person_vs_organization,3,82,359,199,82,LOOCV,,LogReg,desc_user,300,True,0.4984375,0.5922482460545272,0.4984375,0.4927311668693535,0.5184049674451152
7,person_vs_organization,3,82,359,199,82,K-Fold,5.0,DecisionTree,desc_user,300,True,0.4359375,0.5649590503913532,0.4359375,0.4016837692004166,0.5553057349915438
7,person_vs_organization,3,82,359,199,82,LOOCV,,DecisionTree,desc_user,300,True,0.434375,0.5522231998132422,0.434375,0.40070178046781,0.4790643720669399
7,person_vs_organization,3,82,359,199,82,K-Fold,5.0,RandomForest,desc_user,300,True,0.4546875,0.5624212170966756,0.4546875,0.4298025340555602,0.6079358011297065
7,person_vs_organization,3,82,359,199,82,LOOCV,,RandomForest,desc_user,300,True,0.4609375,0.5676881092748103,0.4609375,0.4424836050409262,0.6396455409750189
7,person_vs_organization,3,82,359,199,82,K-Fold,5.0,SVM,desc_user,300,True,0.46875,0.6029401284479409,0.46875,0.4482057743931619,0.6319584931320709
7,person_vs_organization,3,82,359,199,82,LOOCV,,SVM,desc_user,300,True,0.4640625,0.6148930781970872,0.4640625,0.4365873097324134,
7,person_vs_organization,3,82,359,199,82,K-Fold,5.0,AdaBoost,desc_user,300,True,0.434375,0.4976343041254458,0.434375,0.438699516259977,0.5397207193502377
7,person_vs_organization,3,82,359,199,82,LOOCV,,AdaBoost,desc_user,300,True,0.3359375,0.2383201503798623,0.3359375,0.2202217196232772,0.7183676318578746
7,person_vs_organization,3,82,359,199,82,K-Fold,5.0,XGBoost,desc_user,300,True,0.425,0.5351139150903543,0.425,0.3856289822736211,0.5606652217709396
7,person_vs_organization,3,82,359,199,82,LOOCV,,XGBoost,desc_user,300,True,0.434375,0.5458642518482802,0.434375,0.4000669591898405,0.5319164097066523
7,person_vs_organization,3,82,359,199,82,K-Fold,5.0,LogReg,desc_fullname,300,True,0.4828125,0.5556497442463662,0.4828125,0.484314267912715,0.6002148014442928
7,person_vs_organization,3,82,359,199,82,LOOCV,,LogReg,desc_fullname,300,True,0.4828125,0.5521558670193851,0.4828125,0.4842895048337889,0.5647966704236127
7,person_vs_organization,3,82,359,199,82,K-Fold,5.0,DecisionTree,desc_fullname,300,True,0.459375,0.5380769473962982,0.459375,0.4488306849689127,0.5614752042656403
7,person_vs_organization,3,82,359,199,82,LOOCV,,DecisionTree,desc_fullname,300,True,0.4671875,0.5465713929935336,0.4671875,0.4624741697478766,0.5076304027331668
7,person_vs_organization,3,82,359,199,82,K-Fold,5.0,RandomForest,desc_fullname,300,True,0.484375,0.5644885768461505,0.484375,0.4804191377737226,0.602550268148529
7,person_vs_organization,3,82,359,199,82,LOOCV,,RandomForest,desc_fullname,300,True,0.46875,0.5430252886572798,0.46875,0.4648026922770549,0.5695951253640782
7,person_vs_organization,3,82,359,199,82,K-Fold,5.0,SVM,desc_fullname,300,True,0.4546875,0.5270929286725068,0.4546875,0.4543070260213433,0.5884771741812421
7,person_vs_organization,3,82,359,199,82,LOOCV,,SVM,desc_fullname,300,True,0.434375,0.5186821490445116,0.434375,0.4263035597267733,
7,person_vs_organization,3,82,359,199,82,K-Fold,5.0,AdaBoost,desc_fullname,300,True,0.5328125,0.4998361356118434,0.5328125,0.4942294684482184,0.5604046893876653
7,person_vs_organization,3,82,359,199,82,LOOCV,,AdaBoost,desc_fullname,300,True,0.3859375,0.5826928364886925,0.3859375,0.3014517828757627,0.4965484088897297
7,person_vs_organization,3,82,359,199,82,K-Fold,5.0,XGBoost,desc_fullname,300,True,0.4546875,0.5589222892325114,0.4546875,0.4390445175698257,0.5979140134211091
7,person_vs_organization,3,82,359,199,82,LOOCV,,XGBoost,desc_fullname,300,True,0.465625,0.5628473720603567,0.465625,0.4504113190789486,0.5184885984202735
7,person_vs_organization,3,82,359,199,82,K-Fold,5.0,LogReg,user_fullname,300,True,0.4765625,0.4465754909165652,0.4765625,0.4500164086426991,0.5269198635931814
7,person_vs_organization,3,82,359,199,82,LOOCV,,LogReg,user_fullname,300,True,0.525,0.4552236024844721,0.525,0.4595810298233099,0.3842883632401991
7,person_vs_organization,3,82,359,199,82,K-Fold,5.0,DecisionTree,user_fullname,300,True,0.2984375,0.4456692244704796,0.2984375,0.3105629059110589,0.5194693163972052
7,person_vs_organization,3,82,359,199,82,LOOCV,,DecisionTree,user_fullname,300,True,0.278125,0.4424689416295022,0.278125,0.2765093685404455,0.445253329258319
7,person_vs_organization,3,82,359,199,82,K-Fold,5.0,RandomForest,user_fullname,300,True,0.3109375,0.447691215641093,0.3109375,0.3239218438195841,0.5271575014761289
7,person_vs_organization,3,82,359,199,82,LOOCV,,RandomForest,user_fullname,300,True,0.29375,0.4648548564618945,0.29375,0.298657297193461,0.4923574193649259
7,person_vs_organization,3,82,359,199,82,K-Fold,5.0,SVM,user_fullname,300,True,0.484375,0.4566816231989993,0.484375,0.4540812203087932,0.5671942873179674
7,person_vs_organization,3,82,359,199,82,LOOCV,,SVM,user_fullname,300,True,0.51875,0.4480089576540362,0.51875,0.4532723936948061,
7,person_vs_organization,3,82,359,199,82,K-Fold,5.0,AdaBoost,user_fullname,300,True,0.3484375,0.4361121671539633,0.3484375,0.3530862701470527,0.517660095472343
7,person_vs_organization,3,82,359,199,82,LOOCV,,AdaBoost,user_fullname,300,True,0.0875,0.221368024759793,0.0875,0.1128533502177197,0.1602337227772714
7,person_vs_organization,3,82,359,199,82,K-Fold,5.0,XGBoost,user_fullname,300,True,0.396875,0.4818434884670341,0.396875,0.3852136626874506,0.5368238964345066
7,person_vs_organization,3,82,359,199,82,LOOCV,,XGBoost,user_fullname,300,True,0.38125,0.5184828751811539,0.38125,0.34713061424496,0.3644637952304291
7,person_vs_organization,3,82,359,199,82,K-Fold,5.0,LogReg,desc_user_fullname,300,True,0.48125,0.5503521107963443,0.48125,0.4829228941330711,0.5973592205173119
7,person_vs_organization,3,82,359,199,82,LOOCV,,LogReg,desc_user_fullname,300,True,0.484375,0.5499221267668549,0.484375,0.4860399758675864,0.5632248669303752
7,person_vs_organization,3,82,359,199,82,K-Fold,5.0,DecisionTree,desc_user_fullname,300,True,0.453125,0.539601135361552,0.453125,0.4422271813985957,0.5636529162879134
7,person_vs_organization,3,82,359,199,82,LOOCV,,DecisionTree,desc_user_fullname,300,True,0.465625,0.5481557766011629,0.465625,0.4594783421388926,0.5089298235676815
7,person_vs_organization,3,82,359,199,82,K-Fold,5.0,RandomForest,desc_user_fullname,300,True,0.4703125,0.5534736716533761,0.4703125,0.4645518637461572,0.604278191852067
7,person_vs_organization,3,82,359,199,82,LOOCV,,RandomForest,desc_user_fullname,300,True,0.4859375,0.5646304382991139,0.4859375,0.4845866516501987,0.573104572642827
7,person_vs_organization,3,82,359,199,82,K-Fold,5.0,SVM,desc_user_fullname,300,True,0.4484375,0.5217210047353962,0.4484375,0.4489347292291089,0.5929283301279222
7,person_vs_organization,3,82,359,199,82,LOOCV,,SVM,desc_user_fullname,300,True,0.440625,0.5225923048452843,0.440625,0.432527395488077,
7,person_vs_organization,3,82,359,199,82,K-Fold,5.0,AdaBoost,desc_user_fullname,300,True,0.53125,0.4984195276147713,0.53125,0.4916831392717578,0.565574011683367
7,person_vs_organization,3,82,359,199,82,LOOCV,,AdaBoost,desc_user_fullname,300,True,0.3828125,0.5603790968942322,0.3828125,0.2981125212231038,0.2602627576807518
7,person_vs_organization,3,82,359,199,82,K-Fold,5.0,XGBoost,desc_user_fullname,300,True,0.4625,0.5681335188948691,0.4625,0.4479651799079566,0.6003776541647826
7,person_vs_organization,3,82,359,199,82,LOOCV,,XGBoost,desc_user_fullname,300,True,0.4703125,0.5749325411079419,0.4703125,0.4537498981388442,0.5277851822170915
7,person_vs_organization,3,82,359,199,82,K-Fold,5.0,LogReg,numeric,11,True,0.45,0.5514113007068768,0.45,0.4418589249030343,0.6606969981818542
7,person_vs_organization,3,82,359,199,82,LOOCV,,LogReg,numeric,11,True,0.4234375,0.5218918564578963,0.4234375,0.410271896888387,0.6618175056848783
7,person_vs_organization,3,82,359,199,82,K-Fold,5.0,DecisionTree,numeric,11,True,0.528125,0.5225653004137507,0.528125,0.5251500936409904,0.5826358936794018
7,person_vs_organization,3,82,359,199,82,LOOCV,,DecisionTree,numeric,11,True,0.5296875,0.5328381628645069,0.5296875,0.5311077185111334,0.5920596264373426
7,person_vs_organization,3,82,359,199,82,K-Fold,5.0,RandomForest,numeric,11,True,0.5609375,0.5656258295591636,0.5609375,0.5630038274082989,0.6787311478936177
7,person_vs_organization,3,82,359,199,82,LOOCV,,RandomForest,numeric,11,True,0.56875,0.5720556378976172,0.56875,0.5697531231299304,0.694514233150881
7,person_vs_organization,3,82,359,199,82,K-Fold,5.0,SVM,numeric,11,True,0.434375,0.5393422976297425,0.434375,0.4307088884771165,0.6417302235558633
7,person_vs_organization,3,82,359,199,82,LOOCV,,SVM,numeric,11,True,0.396875,0.5108497573390152,0.396875,0.380495186733099,
7,person_vs_organization,3,82,359,199,82,K-Fold,5.0,AdaBoost,numeric,11,True,0.521875,0.5789623718805703,0.521875,0.5343989155460986,0.6294281403404837
7,person_vs_organization,3,82,359,199,82,LOOCV,,AdaBoost,numeric,11,True,0.478125,0.5684116857597171,0.478125,0.4792248696463157,0.6609337267030947
7,person_vs_organization,3,82,359,199,82,K-Fold,5.0,XGBoost,numeric,11,True,0.590625,0.5828320125836253,0.590625,0.5856396269792626,0.6729081180768524
7,person_vs_organization,3,82,359,199,82,LOOCV,,XGBoost,numeric,11,True,0.5828125,0.5772173574436505,0.5828125000000001,0.5795639215034509,0.6826073261164567
7,person_vs_organization,3,82,359,199,82,K-Fold,5.0,LogReg,desc+numeric,311,True,0.53125,0.5749795463321925,0.53125,0.5337986042490119,0.699647231718712
7,person_vs_organization,3,82,359,199,82,LOOCV,,LogReg,desc+numeric,311,True,0.51875,0.5718603813258031,0.51875,0.5222840185250869,0.6989573107971234
7,person_vs_organization,3,82,359,199,82,K-Fold,5.0,DecisionTree,desc+numeric,311,True,0.553125,0.5469364589165735,0.553125,0.549660866063627,0.601762282994551
7,person_vs_organization,3,82,359,199,82,LOOCV,,DecisionTree,desc+numeric,311,True,0.5359375,0.5454142005881027,0.5359375,0.5401691425326567,0.602913120247525
7,person_vs_organization,3,82,359,199,82,K-Fold,5.0,RandomForest,desc+numeric,311,True,0.61875,0.6128259960679678,0.61875,0.6150018155109296,0.7081883938080934
7,person_vs_organization,3,82,359,199,82,LOOCV,,RandomForest,desc+numeric,311,True,0.6125,0.6069810870403544,0.6125,0.6085424740296423,0.7100622431701413
7,person_vs_organization,3,82,359,199,82,K-Fold,5.0,SVM,desc+numeric,311,True,0.54375,0.5738764200339519,0.54375,0.5465946429073752,0.6828972566191365
7,person_vs_organization,3,82,359,199,82,LOOCV,,SVM,desc+numeric,311,True,0.5484375,0.585877948542058,0.5484375,0.5515194746549557,
7,person_vs_organization,3,82,359,199,82,K-Fold,5.0,AdaBoost,desc+numeric,311,True,0.5421875,0.5752063471888131,0.5421875,0.5501780596218866,0.6566876714273414
7,person_vs_organization,3,82,359,199,82,LOOCV,,AdaBoost,desc+numeric,311,True,0.4671875,0.5405249169948302,0.4671875,0.470636425626345,0.6104095093199335
7,person_vs_organization,3,82,359,199,82,K-Fold,5.0,XGBoost,desc+numeric,311,True,0.6,0.5902961231099818,0.6,0.5931981088642561,0.6826958662009173
7,person_vs_organization,3,82,359,199,82,LOOCV,,XGBoost,desc+numeric,311,True,0.5828125,0.5746205945322793,0.5828125,0.5777256314903852,0.6791306885633563
7,person_vs_organization,2,82,359,0,82,K-Fold,5.0,LogReg,desc,300,True,0.8344671201814059,0.8189212917101055,0.8344671201814059,0.8235352103533194,0.7370575446701542
7,person_vs_organization,2,82,359,0,82,LOOCV,,LogReg,desc,300,True,0.8367346938775511,0.821035824071233,0.8367346938775511,0.8253809340447769,0.7086079217338134
7,person_vs_organization,2,82,359,0,82,K-Fold,5.0,DecisionTree,desc,300,True,0.8117913832199547,0.7893462487837025,0.8117913832199547,0.7966557703602024,0.57221958013452
7,person_vs_organization,2,82,359,0,82,LOOCV,,DecisionTree,desc,300,True,0.800453514739229,0.7765453367494184,0.800453514739229,0.785142356771289,0.5904443236632924
7,person_vs_organization,2,82,359,0,82,K-Fold,5.0,RandomForest,desc,300,True,0.8231292517006803,0.8050417429959289,0.8231292517006803,0.810829345215175,0.7227393165296555
7,person_vs_organization,2,82,359,0,82,LOOCV,,RandomForest,desc,300,True,0.8276643990929705,0.8129268105801063,0.8276643990929705,0.8180318197739801,0.6942727087438005
7,person_vs_organization,2,82,359,0,82,K-Fold,5.0,SVM,desc,300,True,0.8367346938775511,0.820023853697323,0.8367346938775511,0.8242073828128726,0.7448366057476731
7,person_vs_organization,2,82,359,0,82,LOOCV,,SVM,desc,300,True,0.8276643990929705,0.8142580086853486,0.8276643990929705,0.8191483363248019,
7,person_vs_organization,2,82,359,0,82,K-Fold,5.0,AdaBoost,desc,300,True,0.8163265306122449,0.7838619565698457,0.8163265306122449,0.7888795335251638,0.5809667776343501
7,person_vs_organization,2,82,359,0,82,LOOCV,,AdaBoost,desc,300,True,0.8412698412698413,0.8233962847101532,0.8412698412698413,0.809781488352917,0.2658808342958081
7,person_vs_organization,2,82,359,0,82,K-Fold,5.0,XGBoost,desc,300,True,0.8140589569160998,0.7943790222790595,0.8140589569160998,0.8011282859954405,0.6361335688565799
7,person_vs_organization,2,82,359,0,82,LOOCV,,XGBoost,desc,300,True,0.8117913832199547,0.7893462487837025,0.8117913832199547,0.7966557703602024,0.5364155173585162
7,person_vs_organization,2,82,359,0,82,K-Fold,5.0,LogReg,username,300,True,0.8140589569160998,0.6626919853353284,0.8140589569160998,0.7306179138321995,0.5005605000339697
7,person_vs_organization,2,82,359,0,82,LOOCV,,LogReg,username,300,True,0.8140589569160998,0.6626919853353284,0.8140589569160998,0.7306179138321995,0.4146341463414634
7,person_vs_organization,2,82,359,0,82,K-Fold,5.0,DecisionTree,username,300,True,0.1859410430839002,0.0345740715031288,0.1859410430839002,0.0583065603551809,0.4981146817039201
7,person_vs_organization,2,82,359,0,82,LOOCV,,DecisionTree,username,300,True,0.1859410430839002,0.0345740715031288,0.1859410430839002,0.0583065603551809,0.4146341463414634
7,person_vs_organization,2,82,359,0,82,K-Fold,5.0,RandomForest,username,300,True,0.1859410430839002,0.0345740715031288,0.1859410430839002,0.0583065603551809,0.5005605000339697
7,person_vs_organization,2,82,359,0,82,LOOCV,,RandomForest,username,300,True,0.1859410430839002,0.0345740715031288,0.1859410430839002,0.0583065603551809,0.749201712072831
7,person_vs_organization,2,82,359,0,82,K-Fold,5.0,SVM,username,300,True,0.8140589569160998,0.6626919853353284,0.8140589569160998,0.7306179138321995,0.4940043481214756
7,person_vs_organization,2,82,359,0,82,LOOCV,,SVM,username,300,True,0.8140589569160998,0.6626919853353284,0.8140589569160998,0.7306179138321995,
7,person_vs_organization,2,82,359,0,82,K-Fold,5.0,AdaBoost,username,300,True,0.8140589569160998,0.6626919853353284,0.8140589569160998,0.7306179138321995,0.491558529791426
7,person_vs_organization,2,82,359,0,82,LOOCV,,AdaBoost,username,300,True,0.8140589569160998,0.6626919853353284,0.8140589569160998,0.7306179138321995,0.0
7,person_vs_organization,2,82,359,0,82,K-Fold,5.0,XGBoost,username,300,True,0.1859410430839002,0.0345740715031288,0.1859410430839002,0.0583065603551809,0.5
7,person_vs_organization,2,82,359,0,82,LOOCV,,XGBoost,username,300,True,0.1859410430839002,0.0345740715031288,0.1859410430839002,0.0583065603551809,0.5
7,person_vs_organization,2,82,359,0,82,K-Fold,5.0,LogReg,fullname,300,True,0.8095238095238095,0.7695510636687107,0.8095238095238095,0.7760828649457441,0.6748420408995176
7,person_vs_organization,2,82,359,0,82,LOOCV,,LogReg,fullname,300,True,0.8140589569160998,0.7797696415207935,0.8140589569160998,0.7853381422560275,0.6208641891432841
7,person_vs_organization,2,82,359,0,82,K-Fold,5.0,DecisionTree,fullname,300,True,0.4285714285714285,0.8105445690672963,0.4285714285714285,0.4560589907604833,0.6338406141721584
7,person_vs_organization,2,82,359,0,82,LOOCV,,DecisionTree,fullname,300,True,0.4331065759637188,0.7938630828996277,0.4331065759637188,0.4649787045827179,0.5829879747265441
7,person_vs_organization,2,82,359,0,82,K-Fold,5.0,RandomForest,fullname,300,True,0.4535147392290249,0.8102780872830115,0.4535147392290249,0.486854908024138,0.6694578436035057
7,person_vs_organization,2,82,359,0,82,LOOCV,,RandomForest,fullname,300,True,0.4557823129251701,0.8052309475461333,0.4557823129251701,0.4904894934741404,0.756046606427067
7,person_vs_organization,2,82,359,0,82,K-Fold,5.0,SVM,fullname,300,True,0.8117913832199547,0.7679096329889981,0.8117913832199547,0.771003207253523,0.6494496908757388
7,person_vs_organization,2,82,359,0,82,LOOCV,,SVM,fullname,300,True,0.8140589569160998,0.7783880630441476,0.8140589569160998,0.7834139127890635,
7,person_vs_organization,2,82,359,0,82,K-Fold,5.0,AdaBoost,fullname,300,True,0.7120181405895691,0.7079007792594157,0.7120181405895691,0.7099342098695999,0.5789116108431279
7,person_vs_organization,2,82,359,0,82,LOOCV,,AdaBoost,fullname,300,True,0.8367346938775511,0.8640087125337373,0.8367346938775511,0.7802882077431963,0.3197228072559277
7,person_vs_organization,2,82,359,0,82,K-Fold,5.0,XGBoost,fullname,300,True,0.5034013605442177,0.7192970783559379,0.5034013605442177,0.5563018152587313,0.566037094911339
7,person_vs_organization,2,82,359,0,82,LOOCV,,XGBoost,fullname,300,True,0.8208616780045351,0.7877858213992668,0.8208616780045351,0.7884195765867521,0.3922141449826754
7,person_vs_organization,2,82,359,0,82,K-Fold,5.0,LogReg,desc_user,300,True,0.8367346938775511,0.821035824071233,0.8367346938775511,0.8253809340447769,0.7390108023642911
7,person_vs_organization,2,82,359,0,82,LOOCV,,LogReg,desc_user,300,True,0.8367346938775511,0.8221025943185672,0.8367346938775511,0.8265142981440767,0.707113254976561
7,person_vs_organization,2,82,359,0,82,K-Fold,5.0,DecisionTree,desc_user,300,True,0.7959183673469388,0.7691488883810773,0.7959183673469388,0.7787399141962416,0.545944017936001
7,person_vs_organization,2,82,359,0,82,LOOCV,,DecisionTree,desc_user,300,True,0.8117913832199547,0.7941078300747967,0.8117913832199547,0.8006460107755294,0.6105883551871729
7,person_vs_organization,2,82,359,0,82,K-Fold,5.0,RandomForest,desc_user,300,True,0.8321995464852607,0.8168669392516411,0.8321995464852607,0.8216952508703013,0.7335416808207079
7,person_vs_organization,2,82,359,0,82,LOOCV,,RandomForest,desc_user,300,True,0.8231292517006803,0.8091933723091359,0.8231292517006803,0.8143890820175599,0.6980433453359602
7,person_vs_organization,2,82,359,0,82,K-Fold,5.0,SVM,desc_user,300,True,0.8435374149659864,0.8285958572025302,0.8435374149659864,0.8320993162895453,0.7478259392621781
7,person_vs_organization,2,82,359,0,82,LOOCV,,SVM,desc_user,300,True,0.8321995464852607,0.8206115577544149,0.8321995464852607,0.8249581394774077,
7,person_vs_organization,2,82,359,0,82,K-Fold,5.0,AdaBoost,desc_user,300,True,0.81859410430839,0.7878435996177359,0.81859410430839,0.792381030640614,0.5916842176778314
7,person_vs_organization,2,82,359,0,82,LOOCV,,AdaBoost,desc_user,300,True,0.8435374149659864,0.8268865374631362,0.8435374149659864,0.8134177776660912,0.2661865615870643
7,person_vs_organization,2,82,359,0,82,K-Fold,5.0,XGBoost,desc_user,300,True,0.8117913832199547,0.7925083542453571,0.8117913832199547,0.7993619514976098,0.6426047965215028
7,person_vs_organization,2,82,359,0,82,LOOCV,,XGBoost,desc_user,300,True,0.8117913832199547,0.7893462487837025,0.8117913832199547,0.7966557703602024,0.56247027651335
7,person_vs_organization,2,82,359,0,82,K-Fold,5.0,LogReg,desc_fullname,300,True,0.81859410430839,0.8087512453319153,0.81859410430839,0.8129243526297806,0.7711461376452204
7,person_vs_organization,2,82,359,0,82,LOOCV,,LogReg,desc_fullname,300,True,0.8367346938775511,0.8322807998469756,0.8367346938775511,0.8343112334100714,0.7568109246552075
7,person_vs_organization,2,82,359,0,82,K-Fold,5.0,DecisionTree,desc_fullname,300,True,0.7981859410430839,0.7747751695707523,0.7981859410430839,0.7834324514459353,0.6230892044296488
7,person_vs_organization,2,82,359,0,82,LOOCV,,DecisionTree,desc_fullname,300,True,0.8095238095238095,0.7923389629917844,0.8095238095238095,0.7988772744870307,0.7006250424621239
7,person_vs_organization,2,82,359,0,82,K-Fold,5.0,RandomForest,desc_fullname,300,True,0.81859410430839,0.8087512453319153,0.81859410430839,0.8129243526297806,0.756776954956179
7,person_vs_organization,2,82,359,0,82,LOOCV,,RandomForest,desc_fullname,300,True,0.8163265306122449,0.8137574912474256,0.8163265306122449,0.8149974094443905,0.736021468849786
7,person_vs_organization,2,82,359,0,82,K-Fold,5.0,SVM,desc_fullname,300,True,0.8208616780045351,0.8104084706969901,0.8208616780045351,0.8147433109493092,0.7422379237719954
7,person_vs_organization,2,82,359,0,82,LOOCV,,SVM,desc_fullname,300,True,0.8208616780045351,0.8135170486697756,0.8208616780045351,0.8167697221912829,
7,person_vs_organization,2,82,359,0,82,K-Fold,5.0,AdaBoost,desc_fullname,300,True,0.8276643990929705,0.8012007961954523,0.8276643990929705,0.8027619791085834,0.6508934030844487
7,person_vs_organization,2,82,359,0,82,LOOCV,,AdaBoost,desc_fullname,300,True,0.8344671201814059,0.8106319046502015,0.8344671201814059,0.8063040600855726,0.362626537128881
7,person_vs_organization,2,82,359,0,82,K-Fold,5.0,XGBoost,desc_fullname,300,True,0.8321995464852607,0.8180737724771868,0.8321995464852607,0.8228204560957173,0.7176268768258713
7,person_vs_organization,2,82,359,0,82,LOOCV,,XGBoost,desc_fullname,300,True,0.8276643990929705,0.81845230455165,0.8276643990929705,0.8222781349982916,0.6885997690060466
7,person_vs_organization,2,82,359,0,82,K-Fold,5.0,LogReg,user_fullname,300,True,0.8117913832199547,0.7694643530886297,0.8117913832199547,0.7733276037889711,0.6738739044772063
7,person_vs_organization,2,82,359,0,82,LOOCV,,LogReg,user_fullname,300,True,0.8163265306122449,0.782597357915604,0.8163265306122449,0.7870146748083243,0.5019362728446226
7,person_vs_organization,2,82,359,0,82,K-Fold,5.0,DecisionTree,user_fullname,300,True,0.4331065759637188,0.8055023393323574,0.4331065759637188,0.4627178639774085,0.6224098104490794
7,person_vs_organization,2,82,359,0,82,LOOCV,,DecisionTree,user_fullname,300,True,0.4467120181405896,0.8030427026130571,0.4467120181405896,0.479947359389868,0.5993953393572933
7,person_vs_organization,2,82,359,0,82,K-Fold,5.0,RandomForest,user_fullname,300,True,0.4580498866213152,0.800389480266082,0.4580498866213152,0.4940689238609959,0.6651606766764045
7,person_vs_organization,2,82,359,0,82,LOOCV,,RandomForest,user_fullname,300,True,0.4557823129251701,0.7894237434026504,0.4557823129251701,0.4933720185495041,0.6193015829879747
7,person_vs_organization,2,82,359,0,82,K-Fold,5.0,SVM,user_fullname,300,True,0.8208616780045351,0.7847779150492455,0.8208616780045351,0.7773336018233977,0.6487872817446837
7,person_vs_organization,2,82,359,0,82,LOOCV,,SVM,user_fullname,300,True,0.8299319727891157,0.8030148785325981,0.8299319727891157,0.7951755455924439,
7,person_vs_organization,2,82,359,0,82,K-Fold,5.0,AdaBoost,user_fullname,300,True,0.7120181405895691,0.7079007792594157,0.7120181405895691,0.7099342098695999,0.5789116108431279
7,person_vs_organization,2,82,359,0,82,LOOCV,,AdaBoost,user_fullname,300,True,0.8367346938775511,0.8640087125337373,0.8367346938775511,0.7802882077431963,0.3197907466539846
7,person_vs_organization,2,82,359,0,82,K-Fold,5.0,XGBoost,user_fullname,300,True,0.5056689342403629,0.7200988738453089,0.5056689342403629,0.5584690531216822,0.5683130647462463
7,person_vs_organization,2,82,359,0,82,LOOCV,,XGBoost,user_fullname,300,True,0.2222222222222222,0.4635241301907968,0.2222222222222222,0.2766071410878032,0.3694204769345743
7,person_vs_organization,2,82,359,0,82,K-Fold,5.0,LogReg,desc_user_fullname,300,True,0.8163265306122449,0.8087577943625336,0.8163265306122449,0.8121309809809356,0.767256607106461
7,person_vs_organization,2,82,359,0,82,LOOCV,,LogReg,desc_user_fullname,300,True,0.8253968253968254,0.824578679208309,0.8253968253968254,0.8249826536813405,0.7603777430531965
7,person_vs_organization,2,82,359,0,82,K-Fold,5.0,DecisionTree,desc_user_fullname,300,True,0.8027210884353742,0.78015723833393,0.8027210884353742,0.7882991379302963,0.6216794619199674
7,person_vs_organization,2,82,359,0,82,LOOCV,,DecisionTree,desc_user_fullname,300,True,0.81859410430839,0.8026328867859455,0.81859410430839,0.8084545471305052,0.6911814661322101
7,person_vs_organization,2,82,359,0,82,K-Fold,5.0,RandomForest,desc_user_fullname,300,True,0.8253968253968254,0.8167696871922224,0.8253968253968254,0.8204375485905382,0.7562164549222095
7,person_vs_organization,2,82,359,0,82,LOOCV,,RandomForest,desc_user_fullname,300,True,0.8208616780045351,0.8183599569860348,0.8208616780045351,0.8195653746432945,0.7301786806168897
7,person_vs_organization,2,82,359,0,82,K-Fold,5.0,SVM,desc_user_fullname,300,True,0.8117913832199547,0.8023125453708954,0.8117913832199547,0.8064456692599309,0.7398600448400027
7,person_vs_organization,2,82,359,0,82,LOOCV,,SVM,desc_user_fullname,300,True,0.8140589569160998,0.8105982521566937,0.8140589569160998,0.8122497660190577,
7,person_vs_organization,2,82,359,0,82,K-Fold,5.0,AdaBoost,desc_user_fullname,300,True,0.8253968253968254,0.7982936507936508,0.8253968253968254,0.8010121923165402,0.6493647666281677
7,person_vs_organization,2,82,359,0,82,LOOCV,,AdaBoost,desc_user_fullname,300,True,0.8435374149659864,0.8268865374631362,0.8435374149659864,0.8134177776660912,0.3631021129152796
7,person_vs_organization,2,82,359,0,82,K-Fold,5.0,XGBoost,desc_user_fullname,300,True,0.8344671201814059,0.8200602012447199,0.8344671201814059,0.8246645636941404,0.7256607106461037
7,person_vs_organization,2,82,359,0,82,LOOCV,,XGBoost,desc_user_fullname,300,True,0.8367346938775511,0.8268556752459696,0.8367346938775511,0.8306769265083082,0.6682858889870236
7,person_vs_organization,2,82,359,0,82,K-Fold,5.0,LogReg,numeric,11,True,0.6439909297052154,0.7893765971997265,0.6439909297052154,0.6831005195051449,0.7134995583939125
7,person_vs_organization,2,82,359,0,82,LOOCV,,LogReg,numeric,11,True,0.63718820861678,0.7815807454369632,0.63718820861678,0.6769868441203643,0.7212446497724031
7,person_vs_organization,2,82,359,0,82,K-Fold,5.0,DecisionTree,numeric,11,True,0.764172335600907,0.7574505408988877,0.764172335600907,0.7606717815923255,0.596389020993274
7,person_vs_organization,2,82,359,0,82,LOOCV,,DecisionTree,numeric,11,True,0.7777777777777778,0.7777777777777778,0.7777777777777778,0.7777777777777778,0.6329743868469324
7,person_vs_organization,2,82,359,0,82,K-Fold,5.0,RandomForest,numeric,11,True,0.7777777777777778,0.7840444101067331,0.7777777777777778,0.7807630168172139,0.7397071811943746
7,person_vs_organization,2,82,359,0,82,LOOCV,,RandomForest,numeric,11,True,0.8072562358276644,0.8009972367817801,0.8072562358276644,0.8038898874580215,0.783714926285753
7,person_vs_organization,2,82,359,0,82,K-Fold,5.0,SVM,numeric,11,True,0.6122448979591837,0.774624937810998,0.6122448979591837,0.6552264974890544,0.6955635573068822
7,person_vs_organization,2,82,359,0,82,LOOCV,,SVM,numeric,11,True,0.562358276643991,0.7572333306188491,0.5623582766439909,0.6103564482805223,
7,person_vs_organization,2,82,359,0,82,K-Fold,5.0,AdaBoost,numeric,11,True,0.6938775510204082,0.7791717404071126,0.6938775510204082,0.7225190872327146,0.704718391195054
7,person_vs_organization,2,82,359,0,82,LOOCV,,AdaBoost,numeric,11,True,0.7256235827664399,0.7946863214928801,0.7256235827664399,0.749176818793773,0.7536517426455601
7,person_vs_organization,2,82,359,0,82,K-Fold,5.0,XGBoost,numeric,11,True,0.780045351473923,0.7599851227969141,0.780045351473923,0.7684697659846546,0.7270194986072422
7,person_vs_organization,2,82,359,0,82,LOOCV,,XGBoost,numeric,11,True,0.800453514739229,0.789349126892446,0.800453514739229,0.7942167878927586,0.7608872885386235
7,person_vs_organization,2,82,359,0,82,K-Fold,5.0,LogReg,desc+numeric,311,True,0.7392290249433107,0.799384050726693,0.7392290249433107,0.7601881704298934,0.7417283782865685
7,person_vs_organization,2,82,359,0,82,LOOCV,,LogReg,desc+numeric,311,True,0.7437641723356009,0.8009969283617575,0.7437641723356009,0.7638534841573703,0.7681568041307153
7,person_vs_organization,2,82,359,0,82,K-Fold,5.0,DecisionTree,desc+numeric,311,True,0.7732426303854876,0.7732426303854876,0.7732426303854876,0.7732426303854876,0.6254840682111555
7,person_vs_organization,2,82,359,0,82,LOOCV,,DecisionTree,desc+numeric,311,True,0.7573696145124716,0.7967129871891776,0.7573696145124716,0.77248971990826,0.6816020110061825
7,person_vs_organization,2,82,359,0,82,K-Fold,5.0,RandomForest,desc+numeric,311,True,0.8253968253968254,0.8124236874236874,0.8253968253968254,0.8173199438505561,0.753413954752361
7,person_vs_organization,2,82,359,0,82,LOOCV,,RandomForest,desc+numeric,311,True,0.8367346938775511,0.8255996701710989,0.8367346938775511,0.829689000572613,0.7946022148243767
7,person_vs_organization,2,82,359,0,82,K-Fold,5.0,SVM,desc+numeric,311,True,0.8299319727891157,0.8245143303222928,0.8299319727891157,0.8269616654041366,0.7317752564712277
7,person_vs_organization,2,82,359,0,82,LOOCV,,SVM,desc+numeric,311,True,0.8117913832199547,0.818103501189376,0.8117913832199547,0.8147171223215764,
7,person_vs_organization,2,82,359,0,82,K-Fold,5.0,AdaBoost,desc+numeric,311,True,0.6666666666666666,0.7733224463374087,0.6666666666666666,0.7005756148613292,0.722042937699572
7,person_vs_organization,2,82,359,0,82,LOOCV,,AdaBoost,desc+numeric,311,True,0.7142857142857143,0.7986319751268205,0.7142857142857143,0.7412125805229253,0.7790610775188531
7,person_vs_organization,2,82,359,0,82,K-Fold,5.0,XGBoost,desc+numeric,311,True,0.7891156462585034,0.7742277372278628,0.7891156462585034,0.7806584146060341,0.7308241048984306
7,person_vs_organization,2,82,359,0,82,LOOCV,,XGBoost,desc+numeric,311,True,0.8276643990929705,0.8156234453377311,0.8276643990929705,0.8202272783822024,0.7646239554317548
7,target_population,3,270,196,174,174,K-Fold,5,LogReg,desc,300,False,0.428125,0.3950470509158125,0.428125,0.3375801120742331,0.603062280695395
7,target_population,3,270,196,174,174,LOOCV,,LogReg,desc,300,False,0.4328125,0.4048415682560903,0.4328125,0.349836778067493,0.49802865701001425
7,target_population,3,270,196,174,174,K-Fold,5,DecisionTree,desc,300,False,0.38125,0.46126753714871194,0.38125,0.33978603973561883,0.5491594546867147
7,target_population,3,270,196,174,174,LOOCV,,DecisionTree,desc,300,False,0.384375,0.46893676352350744,0.384375,0.35132865862690377,0.3586479282058346
7,target_population,3,270,196,174,174,K-Fold,5,RandomForest,desc,300,False,0.4234375,0.47331470728236164,0.4234375,0.40167149282248227,0.591131418435603
7,target_population,3,270,196,174,174,LOOCV,,RandomForest,desc,300,False,0.4296875,0.49232236144760755,0.4296875,0.4149780736618972,0.5304172677908594
7,target_population,3,270,196,174,174,K-Fold,5,SVM,desc,300,False,0.4328125,0.40067164797047433,0.4328125,0.3290813772775135,0.5916554975375055
7,target_population,3,270,196,174,174,LOOCV,,SVM,desc,300,False,0.4453125,0.40746672465078493,0.4453125,0.3490503820188736,
7,target_population,3,270,196,174,174,K-Fold,5,AdaBoost,desc,300,False,0.428125,0.362625,0.428125,0.27595101141147504,0.5274203827620539
7,target_population,3,270,196,174,174,LOOCV,,AdaBoost,desc,300,False,0.4375,0.41861044122901037,0.4375,0.2916816405431457,0.622526639770135
7,target_population,3,270,196,174,174,K-Fold,5,XGBoost,desc,300,False,0.421875,0.3800717192388607,0.421875,0.32603274592598874,0.5618666356136179
7,target_population,3,270,196,174,174,LOOCV,,XGBoost,desc,300,False,0.4265625,0.3756172176899957,0.4265625,0.33097644383937175,0.37321905328074856
7,target_population,3,270,196,174,174,K-Fold,5,LogReg,username,300,False,0.421875,0.177978515625,0.421875,0.2503434065934066,0.4986699145497428
7,target_population,3,270,196,174,174,LOOCV,,LogReg,username,300,False,0.421875,0.177978515625,0.421875,0.2503434065934066,0.0
7,target_population,3,270,196,174,174,K-Fold,5,DecisionTree,username,300,False,0.421875,0.177978515625,0.421875,0.2503434065934066,0.5004291845493561
7,target_population,3,270,196,174,174,LOOCV,,DecisionTree,username,300,False,0.421875,0.177978515625,0.421875,0.2503434065934066,0.10924181172186134
7,target_population,3,270,196,174,174,K-Fold,5,RandomForest,username,300,False,0.421875,0.177978515625,0.421875,0.2503434065934066,0.5
7,target_population,3,270,196,174,174,LOOCV,,RandomForest,username,300,False,0.421875,0.177978515625,0.421875,0.2503434065934066,0.2832381895710088
7,target_population,3,270,196,174,174,K-Fold,5,SVM,username,300,False,0.421875,0.177978515625,0.421875,0.2503434065934066,0.49824073000038666
7,target_population,3,270,196,174,174,LOOCV,,SVM,username,300,False,0.421875,0.177978515625,0.421875,0.2503434065934066,
7,target_population,3,270,196,174,174,K-Fold,5,AdaBoost,username,300,False,0.421875,0.177978515625,0.421875,0.2503434065934066,0.49824073000038666
7,target_population,3,270,196,174,174,LOOCV,,AdaBoost,username,300,False,0.421875,0.177978515625,0.421875,0.2503434065934066,0.0
7,target_population,3,270,196,174,174,K-Fold,5,XGBoost,username,300,False,0.421875,0.177978515625,0.421875,0.2503434065934066,0.49824073000038666
7,target_population,3,270,196,174,174,LOOCV,,XGBoost,username,300,False,0.421875,0.177978515625,0.421875,0.2503434065934066,0.0
7,target_population,3,270,196,174,174,K-Fold,5,LogReg,fullname,300,False,0.4921875,0.5285701549434333,0.4921875,0.4139429997923362,0.5842831684621854
7,target_population,3,270,196,174,174,LOOCV,,LogReg,fullname,300,False,0.4859375,0.47968823567652813,0.4859375,0.41310311949067396,0.43739770316185284
7,target_population,3,270,196,174,174,K-Fold,5,DecisionTree,fullname,300,False,0.4765625,0.4510041880610247,0.4765625,0.39850194330480904,0.5673173594396436
7,target_population,3,270,196,174,174,LOOCV,,DecisionTree,fullname,300,False,0.478125,0.4641871684653375,0.478125,0.40695550379704437,0.42128787988632405
7,target_population,3,270,196,174,174,K-Fold,5,RandomForest,fullname,300,False,0.471875,0.44839574613945815,0.471875,0.40216559057940104,0.5660355210024939
7,target_population,3,270,196,174,174,LOOCV,,RandomForest,fullname,300,False,0.4765625,0.457167470858166,0.4765625,0.4109894420922692,0.48685426725679537
7,target_population,3,270,196,174,174,K-Fold,5,SVM,fullname,300,False,0.490625,0.5267830974222052,0.490625,0.4106240679448116,0.5802744585049104
7,target_population,3,270,196,174,174,LOOCV,,SVM,fullname,300,False,0.4859375,0.49258278524909854,0.4859375,0.4095265759096159,
7,target_population,3,270,196,174,174,K-Fold,5,AdaBoost,fullname,300,False,0.453125,0.34039248860895205,0.453125,0.33301936363966517,0.5368178282560996
7,target_population,3,270,196,174,174,LOOCV,,AdaBoost,fullname,300,False,0.4546875,0.34492405642210666,0.4546875,0.3336818740227831,0.34484563191141787
7,target_population,3,270,196,174,174,K-Fold,5,XGBoost,fullname,300,False,0.4609375,0.4017073180689835,0.4609375,0.3676047116223008,0.5494113453582338
7,target_population,3,270,196,174,174,LOOCV,,XGBoost,fullname,300,False,0.465625,0.4122909519725558,0.465625,0.37407119053607363,0.33452001592526004
7,target_population,3,270,196,174,174,K-Fold,5,LogReg,desc_user,300,False,0.4265625,0.39021336835074083,0.4265625,0.33797173478203435,0.6004768138242855
7,target_population,3,270,196,174,174,LOOCV,,LogReg,desc_user,300,False,0.428125,0.3917875167845462,0.428125,0.34481930117134973,0.49922883619939684
7,target_population,3,270,196,174,174,K-Fold,5,DecisionTree,desc_user,300,False,0.3796875,0.4611807790180277,0.3796875,0.3392544120556283,0.5518155294846886
7,target_population,3,270,196,174,174,LOOCV,,DecisionTree,desc_user,300,False,0.4,0.5085576605891288,0.4,0.3691953375135525,0.37046300156111045
7,target_population,3,270,196,174,174,K-Fold,5,RandomForest,desc_user,300,False,0.4265625,0.4781634928456325,0.4265625,0.4062539926090786,0.5911777367160614
7,target_population,3,270,196,174,174,LOOCV,,RandomForest,desc_user,300,False,0.43125,0.4914245951417004,0.43125,0.41570033558753244,0.5408346201620076
7,target_population,3,270,196,174,174,K-Fold,5,SVM,desc_user,300,False,0.4265625,0.37821044376324986,0.4265625,0.3215879956633817,0.5913042250270657
7,target_population,3,270,196,174,174,LOOCV,,SVM,desc_user,300,False,0.4453125,0.40829026321097217,0.4453125,0.3478458172204459,
7,target_population,3,270,196,174,174,K-Fold,5,AdaBoost,desc_user,300,False,0.428125,0.362625,0.428125,0.27595101141147504,0.5265796849021769
7,target_population,3,270,196,174,174,LOOCV,,AdaBoost,desc_user,300,False,0.4265625,0.3732945512357277,0.4265625,0.2703649519326358,0.47173124673761746
7,target_population,3,270,196,174,174,K-Fold,5,XGBoost,desc_user,300,False,0.4234375,0.3828097987540736,0.4234375,0.33063347048112124,0.5639903953041024
7,target_population,3,270,196,174,174,LOOCV,,XGBoost,desc_user,300,False,0.43125,0.3798793900184843,0.43125,0.33935466080000404,0.38139420939179525
7,target_population,3,270,196,174,174,K-Fold,5,LogReg,desc_fullname,300,False,0.4640625,0.43192341198291045,0.4640625,0.4126679972446701,0.638863129156517
7,target_population,3,270,196,174,174,LOOCV,,LogReg,desc_fullname,300,False,0.465625,0.41914496134045953,0.465625,0.40983442318162594,0.6103505913370452
7,target_population,3,270,196,174,174,K-Fold,5,DecisionTree,desc_fullname,300,False,0.3859375,0.41808656837628944,0.3859375,0.37775357385758596,0.55048658888905
7,target_population,3,270,196,174,174,LOOCV,,DecisionTree,desc_fullname,300,False,0.4125,0.4768623529879534,0.4125,0.40688885588193335,0.5014080035306229
7,target_population,3,270,196,174,174,K-Fold,5,RandomForest,desc_fullname,300,False,0.440625,0.44427531108597285,0.440625,0.4285395822291239,0.6246042699754475
7,target_population,3,270,196,174,174,LOOCV,,RandomForest,desc_fullname,300,False,0.4796875,0.5184654402954096,0.4796875,0.4806624918353938,0.6135567098751111
7,target_population,3,270,196,174,174,K-Fold,5,SVM,desc_fullname,300,False,0.4609375,0.4235798509286412,0.4609375,0.40288463707853384,0.6251648832308703
7,target_population,3,270,196,174,174,LOOCV,,SVM,desc_fullname,300,False,0.459375,0.4043473852195536,0.459375,0.3981158659201422,
7,target_population,3,270,196,174,174,K-Fold,5,AdaBoost,desc_fullname,300,False,0.4484375,0.40508331655255736,0.4484375,0.3321019097189183,0.5737785111090168
7,target_population,3,270,196,174,174,LOOCV,,AdaBoost,desc_fullname,300,False,0.459375,0.4820604946524064,0.459375,0.348486600549721,0.7011181121437964
7,target_population,3,270,196,174,174,K-Fold,5,XGBoost,desc_fullname,300,False,0.446875,0.43882728308657504,0.446875,0.39644534436119727,0.5976207700793604
7,target_population,3,270,196,174,174,LOOCV,,XGBoost,desc_fullname,300,False,0.4640625,0.4557095604566454,0.4640625,0.4151111450361477,0.5363005216187218
7,target_population,3,270,196,174,174,K-Fold,5,LogReg,user_fullname,300,False,0.4828125,0.4808773226506734,0.4828125,0.405709652281191,0.5800887730541701
7,target_population,3,270,196,174,174,LOOCV,,LogReg,user_fullname,300,False,0.484375,0.4708929433780032,0.484375,0.41055873568668133,0.43323115128272044
7,target_population,3,270,196,174,174,K-Fold,5,DecisionTree,user_fullname,300,False,0.4734375,0.45713324718759507,0.4734375,0.39834884778653734,0.5533332094836252
7,target_population,3,270,196,174,174,LOOCV,,DecisionTree,user_fullname,300,False,0.4765625,0.462540764624597,0.4765625,0.40684214195150925,0.41400875828886824
7,target_population,3,270,196,174,174,K-Fold,5,RandomForest,user_fullname,300,False,0.4671875,0.43822149311531844,0.4671875,0.3969590195664415,0.5668366972122337
7,target_population,3,270,196,174,174,LOOCV,,RandomForest,user_fullname,300,False,0.471875,0.44157927059712776,0.471875,0.4033260233918129,0.4965995129383677
7,target_population,3,270,196,174,174,K-Fold,5,SVM,user_fullname,300,False,0.4796875,0.5078010732046219,0.4796875,0.3996488600961781,0.581153465194003
7,target_population,3,270,196,174,174,LOOCV,,SVM,user_fullname,300,False,0.475,0.457323893590455,0.475,0.3949328920251933,
7,target_population,3,270,196,174,174,K-Fold,5,AdaBoost,user_fullname,300,False,0.4546875,0.3411274624765478,0.4546875,0.33401906743113435,0.5432332234997873
7,target_population,3,270,196,174,174,LOOCV,,AdaBoost,user_fullname,300,False,0.4546875,0.3388430801921656,0.4546875,0.33373244229586485,0.7067174057775587
7,target_population,3,270,196,174,174,K-Fold,5,XGBoost,user_fullname,300,False,0.4625,0.41429274238619207,0.4625,0.3643692686470778,0.5447167662901636
7,target_population,3,270,196,174,174,LOOCV,,XGBoost,user_fullname,300,False,0.459375,0.3985001774154186,0.459375,0.36467741935483866,0.32666745507578393
7,target_population,3,270,196,174,174,K-Fold,5,LogReg,desc_user_fullname,300,False,0.465625,0.43111328031747725,0.465625,0.4139607274276681,0.6439253137928701
7,target_population,3,270,196,174,174,LOOCV,,LogReg,desc_user_fullname,300,False,0.465625,0.41737271702705714,0.465625,0.40993519953100793,0.6105927779308278
7,target_population,3,270,196,174,174,K-Fold,5,DecisionTree,desc_user_fullname,300,False,0.4171875,0.4036812459547529,0.4171875,0.3879421338392377,0.5670074693456869
7,target_population,3,270,196,174,174,LOOCV,,DecisionTree,desc_user_fullname,300,False,0.3015625,0.35515500734144934,0.3015625,0.3148879566198711,0.5000491577615707
7,target_population,3,270,196,174,174,K-Fold,5,RandomForest,desc_user_fullname,300,False,0.446875,0.4448919706100957,0.446875,0.4266445117727504,0.6281191201595909
7,target_population,3,270,196,174,174,LOOCV,,RandomForest,desc_user_fullname,300,False,0.4609375,0.4960256968641115,0.4609375,0.4642407594046748,0.6105517731049183
7,target_population,3,270,196,174,174,K-Fold,5,SVM,desc_user_fullname,300,False,0.46875,0.43299242795312054,0.46875,0.4106324002601417,0.6293872233620423
7,target_population,3,270,196,174,174,LOOCV,,SVM,desc_user_fullname,300,False,0.4609375,0.40789080710955716,0.4609375,0.39879286405868586,
7,target_population,3,270,196,174,174,K-Fold,5,AdaBoost,desc_user_fullname,300,False,0.4515625,0.4087656039136302,0.4515625,0.33707809334207994,0.570196171896145
7,target_population,3,270,196,174,174,LOOCV,,AdaBoost,desc_user_fullname,300,False,0.459375,0.6176581203494015,0.459375,0.3481942822802198,0.5855708867397441
7,target_population,3,270,196,174,174,K-Fold,5,XGBoost,desc_user_fullname,300,False,0.440625,0.42633759469696975,0.440625,0.3865760906904843,0.593841858724336
7,target_population,3,270,196,174,174,LOOCV,,XGBoost,desc_user_fullname,300,False,0.45625,0.44175,0.45625,0.4073923105549612,0.5265533743910219
7,target_population,3,270,196,174,174,K-Fold,5,LogReg,numeric,11,False,0.565625,0.5787368009979734,0.565625,0.5539126176019777,0.7336843083024011
7,target_population,3,270,196,174,174,LOOCV,,LogReg,numeric,11,False,0.5625,0.5772609766817803,0.5625,0.5507136833698386,0.7318433397856011
7,target_population,3,270,196,174,174,K-Fold,5,DecisionTree,numeric,11,False,0.5015625,0.5016254748744539,0.5015625,0.5015680260905416,0.6166154351776669
7,target_population,3,270,196,174,174,LOOCV,,DecisionTree,numeric,11,False,0.5015625,0.5013010374199407,0.5015625,0.5014260671523493,0.6188957197540889
7,target_population,3,270,196,174,174,K-Fold,5,RandomForest,numeric,11,False,0.596875,0.5968890619496301,0.596875,0.5906483241460946,0.7269234252358581
7,target_population,3,270,196,174,174,LOOCV,,RandomForest,numeric,11,False,0.596875,0.59943306049721,0.596875,0.5911060583595826,0.7175825110921007
7,target_population,3,270,196,174,174,K-Fold,5,SVM,numeric,11,False,0.5703125,0.62017501780345,0.5703125,0.5517281312533863,0.7063445063894366
7,target_population,3,270,196,174,174,LOOCV,,SVM,numeric,11,False,0.5703125,0.6218034656148921,0.5703125,0.5528734606122955,
7,target_population,3,270,196,174,174,K-Fold,5,AdaBoost,numeric,11,False,0.5796875,0.585161654521342,0.5796875,0.5676874430659915,0.7263798866261647
7,target_population,3,270,196,174,174,LOOCV,,AdaBoost,numeric,11,False,0.6203125,0.6203080320066283,0.6203125,0.6099253879362896,0.7423242421606155
7,target_population,3,270,196,174,174,K-Fold,5,XGBoost,numeric,11,False,0.5625,0.5589320487529942,0.5625,0.5590770485301736,0.7210232311845106
7,target_population,3,270,196,174,174,LOOCV,,XGBoost,numeric,11,False,0.575,0.5725584684776839,0.575,0.5727292239700449,0.718401888677841
7,target_population,3,270,196,174,174,K-Fold,5,LogReg,desc+numeric,311,False,0.584375,0.5948520109562979,0.584375,0.5752335081596115,0.7428116390934927
7,target_population,3,270,196,174,174,LOOCV,,LogReg,desc+numeric,311,False,0.5765625,0.5853497755645871,0.5765625,0.5682822122748237,0.7419920802642771
7,target_population,3,270,196,174,174,K-Fold,5,DecisionTree,desc+numeric,311,False,0.5265625,0.5255044628816441,0.5265625,0.5258451576900777,0.6371766616401809
7,target_population,3,270,196,174,174,LOOCV,,DecisionTree,desc+numeric,311,False,0.5140625,0.5135388388991599,0.5140625,0.5134170373543572,0.6252145922746781
7,target_population,3,270,196,174,174,K-Fold,5,RandomForest,desc+numeric,311,False,0.590625,0.5941169518974044,0.590625,0.5849575558525284,0.74206253564455
7,target_population,3,270,196,174,174,LOOCV,,RandomForest,desc+numeric,311,False,0.609375,0.6119837749498,0.609375,0.602106033949242,0.742795937367088
7,target_population,3,270,196,174,174,K-Fold,5,SVM,desc+numeric,311,False,0.571875,0.6013776161832565,0.571875,0.5639414016489989,0.7345149471494026
7,target_population,3,270,196,174,174,LOOCV,,SVM,desc+numeric,311,False,0.5765625,0.6062632029428905,0.5765625,0.567540005663216,
7,target_population,3,270,196,174,174,K-Fold,5,AdaBoost,desc+numeric,311,False,0.559375,0.5641179060813722,0.559375,0.5490720782675803,0.7193605216670532
7,target_population,3,270,196,174,174,LOOCV,,AdaBoost,desc+numeric,311,False,0.596875,0.6051392672406803,0.596875,0.5878947186031421,0.7390212338814136
7,target_population,3,270,196,174,174,K-Fold,5,XGBoost,desc+numeric,311,False,0.5703125,0.5678387763608508,0.5703125,0.5670151295167536,0.720639022203534
7,target_population,3,270,196,174,174,LOOCV,,XGBoost,desc+numeric,311,False,0.590625,0.5893195746214852,0.590625,0.5878638215848467,0.7241145380224645
7,target_population,2,270,196,0,196,K-Fold,5,LogReg,desc,300,False,0.5987124463519313,0.5962886343285887,0.5987124463519313,0.5212586914556665,0.613104686318972
7,target_population,2,270,196,0,196,LOOCV,,LogReg,desc,300,False,0.6115879828326181,0.6262080464383857,0.6115879828326181,0.5366193751522762,0.5306500377928949
7,target_population,2,270,196,0,196,K-Fold,5,DecisionTree,desc,300,False,0.5944206008583691,0.5811656069466479,0.5944206008583691,0.5322281005931476,0.5529195011337869
7,target_population,2,270,196,0,196,LOOCV,,DecisionTree,desc,300,False,0.5879828326180258,0.5690232109085257,0.5879828326180258,0.536207596089472,0.39081632653061227
7,target_population,2,270,196,0,196,K-Fold,5,RandomForest,desc,300,False,0.6008583690987125,0.5880868312381416,0.6008583690987125,0.5596384773626033,0.5932445200302343
7,target_population,2,270,196,0,196,LOOCV,,RandomForest,desc,300,False,0.6158798283261803,0.6086910936747487,0.6158798283261803,0.5794819961463562,0.5452758881330311
7,target_population,2,270,196,0,196,K-Fold,5,SVM,desc,300,False,0.6072961373390557,0.6095863918692604,0.6072961373390557,0.539614745488668,0.5944916855631142
7,target_population,2,270,196,0,196,LOOCV,,SVM,desc,300,False,0.6244635193133047,0.640352728722531,0.6244635193133047,0.5633840450226282,
7,target_population,2,270,196,0,196,K-Fold,5,AdaBoost,desc,300,False,0.5858369098712446,0.5977734001779706,0.5858369098712446,0.45693153624960237,0.5286848072562358
7,target_population,2,270,196,0,196,LOOCV,,AdaBoost,desc,300,False,0.5815450643776824,0.5668708973430004,0.5815450643776824,0.4479434102691144,0.24004157218442934
7,target_population,2,270,196,0,196,K-Fold,5,XGBoost,desc,300,False,0.5901287553648069,0.5763423595887238,0.5901287553648069,0.5110182356579269,0.5408919123204837
7,target_population,2,270,196,0,196,LOOCV,,XGBoost,desc,300,False,0.5901287553648069,0.5748025665634763,0.5901287553648069,0.5174371617912837,0.2934996220710506
7,target_population,2,270,196,0,196,K-Fold,5,LogReg,username,300,False,0.5793991416309013,0.33570336532262524,0.5793991416309013,0.42510263108788954,0.5020408163265306
7,target_population,2,270,196,0,196,LOOCV,,LogReg,username,300,False,0.5793991416309013,0.33570336532262524,0.5793991416309013,0.42510263108788954,0.0
7,target_population,2,270,196,0,196,K-Fold,5,DecisionTree,username,300,False,0.5793991416309013,0.33570336532262524,0.5793991416309013,0.42510263108788954,0.5020408163265306
7,target_population,2,270,196,0,196,LOOCV,,DecisionTree,username,300,False,0.5793991416309013,0.33570336532262524,0.5793991416309013,0.42510263108788954,0.11263227513227513
7,target_population,2,270,196,0,196,K-Fold,5,RandomForest,username,300,False,0.5793991416309013,0.33570336532262524,0.5793991416309013,0.42510263108788954,0.5020408163265306
7,target_population,2,270,196,0,196,LOOCV,,RandomForest,username,300,False,0.5793991416309013,0.33570336532262524,0.5793991416309013,0.42510263108788954,0.3855442176870748
7,target_population,2,270,196,0,196,K-Fold,5,SVM,username,300,False,0.5793991416309013,0.33570336532262524,0.5793991416309013,0.42510263108788954,0.4979591836734695
7,target_population,2,270,196,0,196,LOOCV,,SVM,username,300,False,0.5793991416309013,0.33570336532262524,0.5793991416309013,0.42510263108788954,
7,target_population,2,270,196,0,196,K-Fold,5,AdaBoost,username,300,False,0.5793991416309013,0.33570336532262524,0.5793991416309013,0.42510263108788954,0.49795918367346936
7,target_population,2,270,196,0,196,LOOCV,,AdaBoost,username,300,False,0.5793991416309013,0.33570336532262524,0.5793991416309013,0.42510263108788954,0.0
7,target_population,2,270,196,0,196,K-Fold,5,XGBoost,username,300,False,0.5793991416309013,0.33570336532262524,0.5793991416309013,0.42510263108788954,0.49795918367346936
7,target_population,2,270,196,0,196,LOOCV,,XGBoost,username,300,False,0.5793991416309013,0.33570336532262524,0.5793991416309013,0.42510263108788954,0.0
7,target_population,2,270,196,0,196,K-Fold,5,LogReg,fullname,300,False,0.6566523605150214,0.6975650182563576,0.6566523605150214,0.603216525963307,0.6572845804988663
7,target_population,2,270,196,0,196,LOOCV,,LogReg,fullname,300,False,0.6566523605150214,0.6914032419101312,0.6566523605150214,0.6063121513508293,0.49565381708238854
7,target_population,2,270,196,0,196,K-Fold,5,DecisionTree,fullname,300,False,0.6502145922746781,0.6739422640640631,0.6502145922746781,0.6026912237033408,0.6319633408919123
7,target_population,2,270,196,0,196,LOOCV,,DecisionTree,fullname,300,False,0.648068669527897,0.6654218272620113,0.648068669527897,0.6038439883264239,0.45543272864701434
7,target_population,2,270,196,0,196,K-Fold,5,RandomForest,fullname,300,False,0.6459227467811158,0.6611236119726949,0.6459227467811158,0.6021282850255748,0.6505385487528343
7,target_population,2,270,196,0,196,LOOCV,,RandomForest,fullname,300,False,0.6587982832618026,0.6777083119285601,0.6587982832618026,0.6192239257258926,0.5859032501889645
7,target_population,2,270,196,0,196,K-Fold,5,SVM,fullname,300,False,0.6523605150214592,0.6787185706435832,0.6523605150214592,0.6043967684201671,0.6494803476946335
7,target_population,2,270,196,0,196,LOOCV,,SVM,fullname,300,False,0.6566523605150214,0.679193058169652,0.6566523605150214,0.6135063300745599,
7,target_population,2,270,196,0,196,K-Fold,5,AdaBoost,fullname,300,False,0.6223175965665236,0.660121340328,0.6223175965665236,0.544197739131873,0.6070105820105819
7,target_population,2,270,196,0,196,LOOCV,,AdaBoost,fullname,300,False,0.6244635193133047,0.6677674121297196,0.6244635193133047,0.5457157456367326,0.2793272864701436
7,target_population,2,270,196,0,196,K-Fold,5,XGBoost,fullname,300,False,0.648068669527897,0.6950696116403223,0.648068669527897,0.5865381918146372,0.6114512471655329
7,target_population,2,270,196,0,196,LOOCV,,XGBoost,fullname,300,False,0.6502145922746781,0.6903069959426815,0.6502145922746781,0.5933234247925052,0.3467498110355253
7,target_population,2,270,196,0,196,K-Fold,5,LogReg,desc_user,300,False,0.6030042918454935,0.6098971837383346,0.6030042918454935,0.5220107880260885,0.6082482993197278
7,target_population,2,270,196,0,196,LOOCV,,LogReg,desc_user,300,False,0.6158798283261803,0.6336246272644225,0.6158798283261803,0.5437870593229465,0.534145880574452
7,target_population,2,270,196,0,196,K-Fold,5,DecisionTree,desc_user,300,False,0.6008583690987125,0.5949879137684377,0.6008583690987125,0.53498671496051,0.552749433106576
7,target_population,2,270,196,0,196,LOOCV,,DecisionTree,desc_user,300,False,0.6008583690987125,0.5900679397404041,0.6008583690987125,0.5490980239149893,0.3971655328798186
7,target_population,2,270,196,0,196,K-Fold,5,RandomForest,desc_user,300,False,0.5965665236051502,0.581963101276406,0.5965665236051502,0.5534767978399726,0.5922619047619047
7,target_population,2,270,196,0,196,LOOCV,,RandomForest,desc_user,300,False,0.6094420600858369,0.6001668441214888,0.6094420600858369,0.5704603885467853,0.5494520030234316
7,target_population,2,270,196,0,196,K-Fold,5,SVM,desc_user,300,False,0.6094420600858369,0.6147545273735999,0.6094420600858369,0.5411582372577071,0.5940192743764172
7,target_population,2,270,196,0,196,LOOCV,,SVM,desc_user,300,False,0.6244635193133047,0.642472988075665,0.6244635193133047,0.5615815252378838,
7,target_population,2,270,196,0,196,K-Fold,5,AdaBoost,desc_user,300,False,0.5858369098712446,0.5977734001779706,0.5858369098712446,0.45693153624960237,0.5261715797430083
7,target_population,2,270,196,0,196,LOOCV,,AdaBoost,desc_user,300,False,0.5815450643776824,0.5668708973430004,0.5815450643776824,0.4479434102691144,0.12208994708994714
7,target_population,2,270,196,0,196,K-Fold,5,XGBoost,desc_user,300,False,0.5901287553648069,0.5757653182789223,0.5901287553648069,0.5132029515680602,0.5310941043083901
7,target_population,2,270,196,0,196,LOOCV,,XGBoost,desc_user,300,False,0.5879828326180258,0.5707580346505519,0.5879828326180258,0.5117351734590526,0.28890778533635675
7,target_population,2,270,196,0,196,K-Fold,5,LogReg,desc_fullname,300,False,0.6673819742489271,0.6852498686019645,0.6673819742489271,0.6324471153605569,0.70395880574452
7,target_population,2,270,196,0,196,LOOCV,,LogReg,desc_fullname,300,False,0.6738197424892703,0.6846314293297379,0.6738197424892703,0.6465557605983814,0.6851662887377173
7,target_population,2,270,196,0,196,K-Fold,5,DecisionTree,desc_fullname,300,False,0.6373390557939914,0.6335757264851142,0.6373390557939914,0.611794494694608,0.6472033257747544
7,target_population,2,270,196,0,196,LOOCV,,DecisionTree,desc_fullname,300,False,0.6502145922746781,0.6481345717913718,0.6502145922746781,0.6283930609829628,0.5927815570672714
7,target_population,2,270,196,0,196,K-Fold,5,RandomForest,desc_fullname,300,False,0.6523605150214592,0.6495605071675292,0.6523605150214592,0.6328608548925746,0.6965136054421769
7,target_population,2,270,196,0,196,LOOCV,,RandomForest,desc_fullname,300,False,0.6630901287553648,0.659115405631946,0.6630901287553648,0.6505112842413336,0.6769463340891911
7,target_population,2,270,196,0,196,K-Fold,5,SVM,desc_fullname,300,False,0.6673819742489271,0.674403877323759,0.6673819742489271,0.6410868478258979,0.6883975812547242
7,target_population,2,270,196,0,196,LOOCV,,SVM,desc_fullname,300,False,0.6716738197424893,0.6760452315260684,0.6716738197424893,0.6494490774996845,
7,target_population,2,270,196,0,196,K-Fold,5,AdaBoost,desc_fullname,300,False,0.6180257510729614,0.6347903384863257,0.6180257510729614,0.5493107119932539,0.6105631141345427
7,target_population,2,270,196,0,196,LOOCV,,AdaBoost,desc_fullname,300,False,0.628755364806867,0.6510254012981881,0.628755364806867,0.566592022092308,0.3529100529100529
7,target_population,2,270,196,0,196,K-Fold,5,XGBoost,desc_fullname,300,False,0.630901287553648,0.6366407969934844,0.630901287553648,0.5859707929977229,0.610515873015873
7,target_population,2,270,196,0,196,LOOCV,,XGBoost,desc_fullname,300,False,0.6373390557939914,0.6414108279655951,0.6373390557939914,0.599248790296349,0.47314814814814815
7,target_population,2,270,196,0,196,K-Fold,5,LogReg,user_fullname,300,False,0.6545064377682404,0.6951890388135715,0.6545064377682404,0.5999372967595454,0.6565665154950869
7,target_population,2,270,196,0,196,LOOCV,,LogReg,user_fullname,300,False,0.6566523605150214,0.6914032419101312,0.6566523605150214,0.6063121513508293,0.5035147392290249
7,target_population,2,270,196,0,196,K-Fold,5,DecisionTree,user_fullname,300,False,0.6459227467811158,0.6711035948064173,0.6459227467811158,0.5947868239335672,0.6250850340136054
7,target_population,2,270,196,0,196,LOOCV,,DecisionTree,user_fullname,300,False,0.6502145922746781,0.6718105880157624,0.6502145922746781,0.6041411226056708,0.4662226001511717
7,target_population,2,270,196,0,196,K-Fold,5,RandomForest,user_fullname,300,False,0.6502145922746781,0.6645477685009133,0.6502145922746781,0.6096446534171098,0.6568499622071051
7,target_population,2,270,196,0,196,LOOCV,,RandomForest,user_fullname,300,False,0.6587982832618026,0.6759432021262427,0.6587982832618026,0.6204965342240841,0.5116969009826152
7,target_population,2,270,196,0,196,K-Fold,5,SVM,user_fullname,300,False,0.6437768240343348,0.6640941010725983,0.6437768240343348,0.5946287873935046,0.6463718820861678
7,target_population,2,270,196,0,196,LOOCV,,SVM,user_fullname,300,False,0.648068669527897,0.6672864068391513,0.648068669527897,0.6024305157099906,
7,target_population,2,270,196,0,196,K-Fold,5,AdaBoost,user_fullname,300,False,0.630901287553648,0.6773185295764136,0.630901287553648,0.5566306159870087,0.6206821617535903
7,target_population,2,270,196,0,196,LOOCV,,AdaBoost,user_fullname,300,False,0.6373390557939914,0.6860468706579801,0.6373390557939914,0.5673407425454954,0.2987339380196523
7,target_population,2,270,196,0,196,K-Fold,5,XGBoost,user_fullname,300,False,0.6502145922746781,0.7016008270417594,0.6502145922746781,0.5881793579684778,0.6161281179138322
7,target_population,2,270,196,0,196,LOOCV,,XGBoost,user_fullname,300,False,0.648068669527897,0.6950696116403223,0.648068669527897,0.5865381918146372,0.342687074829932
7,target_population,2,270,196,0,196,K-Fold,5,LogReg,desc_user_fullname,300,False,0.6587982832618026,0.6759432021262427,0.6587982832618026,0.6204965342240841,0.703817082388511
7,target_population,2,270,196,0,196,LOOCV,,LogReg,desc_user_fullname,300,False,0.6695278969957081,0.6828311680779492,0.6695278969957081,0.6387583411723204,0.6872637944066515
7,target_population,2,270,196,0,196,K-Fold,5,DecisionTree,desc_user_fullname,300,False,0.6437768240343348,0.6425753204231637,0.6437768240343348,0.6171765181522187,0.6588813303099017
7,target_population,2,270,196,0,196,LOOCV,,DecisionTree,desc_user_fullname,300,False,0.6115879828326181,0.6010478834029581,0.6115879828326181,0.5842296067439292,0.5458333333333334
7,target_population,2,270,196,0,196,K-Fold,5,RandomForest,desc_user_fullname,300,False,0.6630901287553648,0.6616138849382653,0.6630901287553648,0.6454055856466083,0.694661753590325
7,target_population,2,270,196,0,196,LOOCV,,RandomForest,desc_user_fullname,300,False,0.6673819742489271,0.6645199275231821,0.6673819742489271,0.6536128309677889,0.683371126228269
7,target_population,2,270,196,0,196,K-Fold,5,SVM,desc_user_fullname,300,False,0.6673819742489271,0.674403877323759,0.6673819742489271,0.6410868478258979,0.689191232048375
7,target_population,2,270,196,0,196,LOOCV,,SVM,desc_user_fullname,300,False,0.6673819742489271,0.6706817426943458,0.6673819742489271,0.6448667124996803,
7,target_population,2,270,196,0,196,K-Fold,5,AdaBoost,desc_user_fullname,300,False,0.6180257510729614,0.632602323877316,0.6180257510729614,0.5512426716036917,0.6046579743008315
7,target_population,2,270,196,0,196,LOOCV,,AdaBoost,desc_user_fullname,300,False,0.6330472103004292,0.6570041511292478,0.6330472103004292,0.5733638382792539,0.333843537414966
7,target_population,2,270,196,0,196,K-Fold,5,XGBoost,desc_user_fullname,300,False,0.630901287553648,0.6354850897623783,0.630901287553648,0.5873919284071109,0.6087490551776265
7,target_population,2,270,196,0,196,LOOCV,,XGBoost,desc_user_fullname,300,False,0.6351931330472103,0.6378012155155796,0.6351931330472103,0.5975190384496912,0.4728835978835979
7,target_population,2,270,196,0,196,K-Fold,5,LogReg,numeric,11,False,0.7060085836909872,0.7051901283068961,0.7060085836909872,0.6972380418025542,0.7428004535147393
7,target_population,2,270,196,0,196,LOOCV,,LogReg,numeric,11,False,0.6974248927038627,0.6961904511624497,0.6974248927038627,0.6878535795609076,0.7517195767195767
7,target_population,2,270,196,0,196,K-Fold,5,DecisionTree,numeric,11,False,0.6180257510729614,0.6255493276743146,0.6180257510729614,0.6201611169547091,0.6165343915343916
7,target_population,2,270,196,0,196,LOOCV,,DecisionTree,numeric,11,False,0.6459227467811158,0.6466871658771265,0.6459227467811158,0.6462783013384815,0.63781179138322
7,target_population,2,270,196,0,196,K-Fold,5,RandomForest,numeric,11,False,0.7081545064377682,0.7061097562274359,0.7081545064377682,0.7016360138307749,0.7349678760393046
7,target_population,2,270,196,0,196,LOOCV,,RandomForest,numeric,11,False,0.6995708154506438,0.6969793785521323,0.6995708154506438,0.6928606024728564,0.7387755102040816
7,target_population,2,270,196,0,196,K-Fold,5,SVM,numeric,11,False,0.6802575107296137,0.7082880923651269,0.6802575107296137,0.6443646767257141,0.6497165532879818
7,target_population,2,270,196,0,196,LOOCV,,SVM,numeric,11,False,0.6888412017167382,0.7553103046279975,0.6888412017167382,0.6411273787619386,
7,target_population,2,270,196,0,196,K-Fold,5,AdaBoost,numeric,11,False,0.7253218884120172,0.7276743436297325,0.7253218884120172,0.7158655144789181,0.7630196523053665
7,target_population,2,270,196,0,196,LOOCV,,AdaBoost,numeric,11,False,0.7446351931330472,0.7451298170857386,0.7446351931330472,0.7387310144433057,0.7901360544217687
7,target_population,2,270,196,0,196,K-Fold,5,XGBoost,numeric,11,False,0.6781115879828327,0.6768711758870959,0.6781115879828327,0.6773784822218187,0.7277777777777776
7,target_population,2,270,196,0,196,LOOCV,,XGBoost,numeric,11,False,0.7017167381974249,0.6989124375027653,0.7017167381974249,0.6988576008882488,0.7353552532123963
7,target_population,2,270,196,0,196,K-Fold,5,LogReg,desc+numeric,311,False,0.703862660944206,0.7023299107223702,0.703862660944206,0.6958003687723937,0.7554421768707482
7,target_population,2,270,196,0,196,LOOCV,,LogReg,desc+numeric,311,False,0.7124463519313304,0.7112554115668329,0.7124463519313304,0.7051001734713805,0.7658352229780802
7,target_population,2,270,196,0,196,K-Fold,5,DecisionTree,desc+numeric,311,False,0.6416309012875536,0.6459197555311204,0.6416309012875536,0.6431151959048954,0.6376039304610733
7,target_population,2,270,196,0,196,LOOCV,,DecisionTree,desc+numeric,311,False,0.6630901287553648,0.6615760180006164,0.6630901287553648,0.6621830421816299,0.6519274376417235
7,target_population,2,270,196,0,196,K-Fold,5,RandomForest,desc+numeric,311,False,0.7103004291845494,0.7080736161451396,0.7103004291845494,0.7044918704063178,0.7402588813303098
7,target_population,2,270,196,0,196,LOOCV,,RandomForest,desc+numeric,311,False,0.6995708154506438,0.6968126538534535,0.6995708154506438,0.693321785044597,0.7473733938019651
7,target_population,2,270,196,0,196,K-Fold,5,SVM,desc+numeric,311,False,0.703862660944206,0.7197557209066068,0.703862660944206,0.6817491536446156,0.7248110355253212
7,target_population,2,270,196,0,196,LOOCV,,SVM,desc+numeric,311,False,0.703862660944206,0.7325564611863403,0.703862660944206,0.6753082646034089,
7,target_population,2,270,196,0,196,K-Fold,5,AdaBoost,desc+numeric,311,False,0.7167381974248928,0.7166594078084888,0.7167381974248928,0.7085374523099986,0.7497921390778532
7,target_population,2,270,196,0,196,LOOCV,,AdaBoost,desc+numeric,311,False,0.6995708154506438,0.6996445404039073,0.6995708154506438,0.6886491728355946,0.7795162509448225
7,target_population,2,270,196,0,196,K-Fold,5,XGBoost,desc+numeric,311,False,0.6866952789699571,0.6862700635318062,0.6866952789699571,0.6864699865222489,0.7273620559334845
7,target_population,2,270,196,0,196,LOOCV,,XGBoost,desc+numeric,311,False,0.7103004291845494,0.7076171339981842,0.7103004291845494,0.7061109100047707,0.7450869236583522
7,locals_vs_diaspora,3,34,64,542,34,K-Fold,5,LogReg,desc,300,False,0.846875,0.7171972656250001,0.846875,0.7766603214890017,0.5959065026201281
7,locals_vs_diaspora,3,34,64,542,34,LOOCV,,LogReg,desc,300,False,0.846875,0.7681181426332289,0.846875,0.779571616589625,0.5042421665835269
7,locals_vs_diaspora,3,34,64,542,34,K-Fold,5,DecisionTree,desc,300,False,0.815625,0.7758049545940171,0.815625,0.7920769021200713,0.48431460861727105
7,locals_vs_diaspora,3,34,64,542,34,LOOCV,,DecisionTree,desc,300,False,0.8015625,0.7573346532534247,0.8015625,0.7768923008607733,0.3212275156684992
7,locals_vs_diaspora,3,34,64,542,34,K-Fold,5,RandomForest,desc,300,False,0.8375,0.7560721028173105,0.8375,0.7821349885844748,0.587450832037126
7,locals_vs_diaspora,3,34,64,542,34,LOOCV,,RandomForest,desc,300,False,0.8375,0.7323176081050488,0.8375,0.7753286234885871,0.5040438278820707
7,locals_vs_diaspora,3,34,64,542,34,K-Fold,5,SVM,desc,300,False,0.8515625,0.8015108267716535,0.8515625,0.7901148061270978,0.576290885401319
7,locals_vs_diaspora,3,34,64,542,34,LOOCV,,SVM,desc,300,False,0.846875,0.7690448113207548,0.846875,0.78230425446919,
7,locals_vs_diaspora,3,34,64,542,34,K-Fold,5,AdaBoost,desc,300,False,0.846875,0.7690448113207548,0.846875,0.78230425446919,0.5670536046997955
7,locals_vs_diaspora,3,34,64,542,34,LOOCV,,AdaBoost,desc,300,False,0.8421875,0.7165865384615384,0.8421875,0.7743267599660729,0.8878435903419742
7,locals_vs_diaspora,3,34,64,542,34,K-Fold,5,XGBoost,desc,300,False,0.83125,0.774653423777197,0.83125,0.79231165525939,0.5811106201550081
7,locals_vs_diaspora,3,34,64,542,34,LOOCV,,XGBoost,desc,300,False,0.8265625,0.761939549180328,0.8265625,0.7844648957057884,0.39565523526603286
7,locals_vs_diaspora,3,34,64,542,34,K-Fold,5,LogReg,username,300,False,0.846875,0.7171972656250001,0.846875,0.7766603214890017,0.4925230405693631
7,locals_vs_diaspora,3,34,64,542,34,LOOCV,,LogReg,username,300,False,0.846875,0.7171972656250001,0.846875,0.7766603214890017,0.0
7,locals_vs_diaspora,3,34,64,542,34,K-Fold,5,DecisionTree,username,300,False,0.846875,0.7171972656250001,0.846875,0.7766603214890017,0.49759477223232534
7,locals_vs_diaspora,3,34,64,542,34,LOOCV,,DecisionTree,username,300,False,0.846875,0.7171972656250001,0.846875,0.7766603214890017,0.11196290240970046
7,locals_vs_diaspora,3,34,64,542,34,K-Fold,5,RandomForest,username,300,False,0.846875,0.7171972656250001,0.846875,0.7766603214890017,0.49759477223232534
7,locals_vs_diaspora,3,34,64,542,34,LOOCV,,RandomForest,username,300,False,0.846875,0.7171972656250001,0.846875,0.7766603214890017,0.21596540491003022
7,locals_vs_diaspora,3,34,64,542,34,K-Fold,5,SVM,username,300,False,0.846875,0.7171972656250001,0.846875,0.7766603214890017,0.49659562257246126
7,locals_vs_diaspora,3,34,64,542,34,LOOCV,,SVM,username,300,False,0.846875,0.7171972656250001,0.846875,0.7766603214890017,
7,locals_vs_diaspora,3,34,64,542,34,K-Fold,5,AdaBoost,username,300,False,0.846875,0.7171972656250001,0.846875,0.7766603214890017,0.49693470622572466
7,locals_vs_diaspora,3,34,64,542,34,LOOCV,,AdaBoost,username,300,False,0.846875,0.7171972656250001,0.846875,0.7766603214890017,0.34693877551020413
7,locals_vs_diaspora,3,34,64,542,34,K-Fold,5,XGBoost,username,300,False,0.846875,0.7171972656250001,0.846875,0.7766603214890017,0.4925230405693631
7,locals_vs_diaspora,3,34,64,542,34,LOOCV,,XGBoost,username,300,False,0.846875,0.7171972656250001,0.846875,0.7766603214890017,0.0
7,locals_vs_diaspora,3,34,64,542,34,K-Fold,5,LogReg,fullname,300,False,0.846875,0.7171972656250001,0.846875,0.7766603214890017,0.6269210782884731
7,locals_vs_diaspora,3,34,64,542,34,LOOCV,,LogReg,fullname,300,False,0.846875,0.7171972656250001,0.846875,0.7766603214890017,0.4954485732772895
7,locals_vs_diaspora,3,34,64,542,34,K-Fold,5,DecisionTree,fullname,300,False,0.8296875,0.7497490095443904,0.8296875,0.7808858035733076,0.5398022050939548
7,locals_vs_diaspora,3,34,64,542,34,LOOCV,,DecisionTree,fullname,300,False,0.821875,0.7422088306001545,0.821875,0.7751255672038805,0.3968874051786556
7,locals_vs_diaspora,3,34,64,542,34,K-Fold,5,RandomForest,fullname,300,False,0.8375,0.7471840111642742,0.8375,0.7802572711719418,0.5965517843088916
7,locals_vs_diaspora,3,34,64,542,34,LOOCV,,RandomForest,fullname,300,False,0.828125,0.7247408691548068,0.828125,0.7697846033105022,0.5117908586637522
7,locals_vs_diaspora,3,34,64,542,34,K-Fold,5,SVM,fullname,300,False,0.84375,0.7167907523510972,0.84375,0.7751059322033897,0.5143347167146561
7,locals_vs_diaspora,3,34,64,542,34,LOOCV,,SVM,fullname,300,False,0.840625,0.7163816823899372,0.840625,0.7735462648556876,
7,locals_vs_diaspora,3,34,64,542,34,K-Fold,5,AdaBoost,fullname,300,False,0.846875,0.7171972656250001,0.846875,0.7766603214890017,0.5536809698288867
7,locals_vs_diaspora,3,34,64,542,34,LOOCV,,AdaBoost,fullname,300,False,0.846875,0.7183196400625979,0.846875,0.7773179508890771,0.269303262088406
7,locals_vs_diaspora,3,34,64,542,34,K-Fold,5,XGBoost,fullname,300,False,0.8375,0.7542252813504823,0.8375,0.7851643041237113,0.5838932499406271
7,locals_vs_diaspora,3,34,64,542,34,LOOCV,,XGBoost,fullname,300,False,0.834375,0.7454554574638844,0.834375,0.7805472103004292,0.3492946500485508
7,locals_vs_diaspora,3,34,64,542,34,K-Fold,5,LogReg,desc_user,300,False,0.846875,0.7171972656250001,0.846875,0.7766603214890017,0.5947916255572464
7,locals_vs_diaspora,3,34,64,542,34,LOOCV,,LogReg,desc_user,300,False,0.846875,0.7681181426332289,0.846875,0.779571616589625,0.509771730571096
7,locals_vs_diaspora,3,34,64,542,34,K-Fold,5,DecisionTree,desc_user,300,False,0.815625,0.7765098659176479,0.815625,0.7926720659229671,0.46928549130821884
7,locals_vs_diaspora,3,34,64,542,34,LOOCV,,DecisionTree,desc_user,300,False,0.796875,0.7539671165478018,0.796875,0.7728847823406092,0.3150951919320998
7,locals_vs_diaspora,3,34,64,542,34,K-Fold,5,RandomForest,desc_user,300,False,0.8359375,0.751427283653846,0.8359375,0.78172858980642,0.587504490244943
7,locals_vs_diaspora,3,34,64,542,34,LOOCV,,RandomForest,desc_user,300,False,0.8390625,0.742537206323971,0.8390625,0.7793105792964683,0.492189573011032
7,locals_vs_diaspora,3,34,64,542,34,K-Fold,5,SVM,desc_user,300,False,0.8484375,0.7951771653543307,0.8484375,0.7859050927082813,0.5780950663126739
7,locals_vs_diaspora,3,34,64,542,34,LOOCV,,SVM,desc_user,300,False,0.846875,0.7690448113207548,0.846875,0.78230425446919,
7,locals_vs_diaspora,3,34,64,542,34,K-Fold,5,AdaBoost,desc_user,300,False,0.85,0.7879797581493165,0.85,0.7891709183673469,0.5799593598848883
7,locals_vs_diaspora,3,34,64,542,34,LOOCV,,AdaBoost,desc_user,300,False,0.84375,0.7167907523510972,0.84375,0.7751059322033897,0.8879497014294063
7,locals_vs_diaspora,3,34,64,542,34,K-Fold,5,XGBoost,desc_user,300,False,0.83125,0.7701840732405892,0.83125,0.7890574055263235,0.5723095306830189
7,locals_vs_diaspora,3,34,64,542,34,LOOCV,,XGBoost,desc_user,300,False,0.83125,0.7710450932017544,0.83125,0.7913197961458831,0.39079817151437723
7,locals_vs_diaspora,3,34,64,542,34,K-Fold,5,LogReg,desc_fullname,300,False,0.8484375,0.8183196400625977,0.8484375,0.780394873966,0.6724262364902385
7,locals_vs_diaspora,3,34,64,542,34,LOOCV,,LogReg,desc_fullname,300,False,0.8484375,0.8183196400625977,0.8484375,0.780394873966,0.6164580084044757
7,locals_vs_diaspora,3,34,64,542,34,K-Fold,5,DecisionTree,desc_fullname,300,False,0.7953125,0.7642650474698128,0.7953125,0.7785797039769234,0.5100650936974678
7,locals_vs_diaspora,3,34,64,542,34,LOOCV,,DecisionTree,desc_fullname,300,False,0.8125,0.7716059936101649,0.8125,0.7884772096264402,0.46399438032032636
7,locals_vs_diaspora,3,34,64,542,34,K-Fold,5,RandomForest,desc_fullname,300,False,0.8359375,0.7549470793140407,0.8359375,0.7838674202879637,0.6202249511861263
7,locals_vs_diaspora,3,34,64,542,34,LOOCV,,RandomForest,desc_fullname,300,False,0.840625,0.7660313001605137,0.840625,0.788839551006933,0.5876479607513128
7,locals_vs_diaspora,3,34,64,542,34,K-Fold,5,SVM,desc_fullname,300,False,0.846875,0.7690448113207548,0.846875,0.78230425446919,0.6124007314385377
7,locals_vs_diaspora,3,34,64,542,34,LOOCV,,SVM,desc_fullname,300,False,0.846875,0.7699773264984228,0.846875,0.7848735119047618,
7,locals_vs_diaspora,3,34,64,542,34,K-Fold,5,AdaBoost,desc_fullname,300,False,0.8484375,0.7801771653543307,0.8484375,0.7857772154704297,0.5847093388039777
7,locals_vs_diaspora,3,34,64,542,34,LOOCV,,AdaBoost,desc_fullname,300,False,0.8421875,0.7165865384615384,0.8421875,0.7743267599660729,0.6263687458210904
7,locals_vs_diaspora,3,34,64,542,34,K-Fold,5,XGBoost,desc_fullname,300,False,0.8234375,0.7609088448802852,0.8234375,0.7855868237347295,0.5771454367863843
7,locals_vs_diaspora,3,34,64,542,34,LOOCV,,XGBoost,desc_fullname,300,False,0.8328125,0.7664859068627451,0.8328125,0.7896011285796815,0.4843288313804276
7,locals_vs_diaspora,3,34,64,542,34,K-Fold,5,LogReg,user_fullname,300,False,0.846875,0.7171972656250001,0.846875,0.7766603214890017,0.6251454612985613
7,locals_vs_diaspora,3,34,64,542,34,LOOCV,,LogReg,user_fullname,300,False,0.846875,0.7171972656250001,0.846875,0.7766603214890017,0.4984833572842297
7,locals_vs_diaspora,3,34,64,542,34,K-Fold,5,DecisionTree,user_fullname,300,False,0.8296875,0.7334616666666667,0.8296875,0.7730384363865963,0.5236679928456015
7,locals_vs_diaspora,3,34,64,542,34,LOOCV,,DecisionTree,user_fullname,300,False,0.8296875,0.7485807713052859,0.8296875,0.7802231391925989,0.3891127000833853
7,locals_vs_diaspora,3,34,64,542,34,K-Fold,5,RandomForest,user_fullname,300,False,0.840625,0.7515690928270041,0.840625,0.7790107082015089,0.5924062388401627
7,locals_vs_diaspora,3,34,64,542,34,LOOCV,,RandomForest,user_fullname,300,False,0.8359375,0.748560606060606,0.8359375,0.778916491341641,0.47553559380770666
7,locals_vs_diaspora,3,34,64,542,34,K-Fold,5,SVM,user_fullname,300,False,0.8453125,0.7181181426332289,0.8453125,0.776541313559322,0.5203928661759671
7,locals_vs_diaspora,3,34,64,542,34,LOOCV,,SVM,user_fullname,300,False,0.846875,0.7183196400625979,0.846875,0.7773179508890771,
7,locals_vs_diaspora,3,34,64,542,34,K-Fold,5,AdaBoost,user_fullname,300,False,0.846875,0.7171972656250001,0.846875,0.7766603214890017,0.5686881174415672
7,locals_vs_diaspora,3,34,64,542,34,LOOCV,,AdaBoost,user_fullname,300,False,0.846875,0.7171972656250001,0.846875,0.7766603214890017,0.3051110498087436
7,locals_vs_diaspora,3,34,64,542,34,K-Fold,5,XGBoost,user_fullname,300,False,0.8375,0.7520982616772823,0.8375,0.779816400304414,0.5760977837659403
7,locals_vs_diaspora,3,34,64,542,34,LOOCV,,XGBoost,user_fullname,300,False,0.840625,0.7566716269841269,0.840625,0.7815041951080774,0.31925217733029687
7,locals_vs_diaspora,3,34,64,542,34,K-Fold,5,LogReg,desc_user_fullname,300,False,0.846875,0.7171972656250001,0.846875,0.7766603214890017,0.657363426996598
7,locals_vs_diaspora,3,34,64,542,34,LOOCV,,LogReg,desc_user_fullname,300,False,0.8484375,0.8183196400625977,0.8484375,0.780394873966,0.6128748225388547
7,locals_vs_diaspora,3,34,64,542,34,K-Fold,5,DecisionTree,desc_user_fullname,300,False,0.8015625,0.7624106307570524,0.8015625,0.779897357781797,0.5301731373661521
7,locals_vs_diaspora,3,34,64,542,34,LOOCV,,DecisionTree,desc_user_fullname,300,False,0.825,0.7765393430099312,0.825,0.7949002327404135,0.45839821359069105
7,locals_vs_diaspora,3,34,64,542,34,K-Fold,5,RandomForest,desc_user_fullname,300,False,0.825,0.7359174546232063,0.825,0.7733150301464256,0.6160330844448444
7,locals_vs_diaspora,3,34,64,542,34,LOOCV,,RandomForest,desc_user_fullname,300,False,0.8421875,0.7690245454545455,0.8421875,0.788365467009426,0.5901674115912867
7,locals_vs_diaspora,3,34,64,542,34,K-Fold,5,SVM,desc_user_fullname,300,False,0.8453125,0.7688435039370078,0.8453125,0.7815248763056625,0.6032151088345044
7,locals_vs_diaspora,3,34,64,542,34,LOOCV,,SVM,desc_user_fullname,300,False,0.846875,0.7699773264984228,0.846875,0.7848735119047618,
7,locals_vs_diaspora,3,34,64,542,34,K-Fold,5,AdaBoost,desc_user_fullname,300,False,0.8484375,0.7801771653543307,0.8484375,0.7857772154704297,0.5873679760006054
7,locals_vs_diaspora,3,34,64,542,34,LOOCV,,AdaBoost,desc_user_fullname,300,False,0.8421875,0.7165865384615384,0.8421875,0.7743267599660729,0.7171796733145095
7,locals_vs_diaspora,3,34,64,542,34,K-Fold,5,XGBoost,desc_user_fullname,300,False,0.821875,0.7493161094224924,0.821875,0.7779944900770369,0.5749574761416272
7,locals_vs_diaspora,3,34,64,542,34,LOOCV,,XGBoost,desc_user_fullname,300,False,0.8328125,0.7599853682501709,0.8328125,0.7862219603803816,0.4864783766422719
7,locals_vs_diaspora,3,34,64,542,34,K-Fold,5,LogReg,numeric,11,False,0.8828125,0.8512960636515914,0.8828125,0.8550846796347236,0.7643495599559956
7,locals_vs_diaspora,3,34,64,542,34,LOOCV,,LogReg,numeric,11,False,0.8796875,0.8544847047429476,0.8796875,0.8504704383515472,0.7757531492446917
7,locals_vs_diaspora,3,34,64,542,34,K-Fold,5,DecisionTree,numeric,11,False,0.778125,0.801578425039617,0.778125,0.7886878150119248,0.6582448263959048
7,locals_vs_diaspora,3,34,64,542,34,LOOCV,,DecisionTree,numeric,11,False,0.7921875,0.8069480280310394,0.7921875,0.799217194922871,0.6575034097797535
7,locals_vs_diaspora,3,34,64,542,34,K-Fold,5,RandomForest,numeric,11,False,0.8828125,0.830344028676342,0.8828125,0.850437919923214,0.7509282890781106
7,locals_vs_diaspora,3,34,64,542,34,LOOCV,,RandomForest,numeric,11,False,0.88125,0.8304331256627784,0.88125,0.8509500313283208,0.7505212282578307
7,locals_vs_diaspora,3,34,64,542,34,K-Fold,5,SVM,numeric,11,False,0.8796875,0.8270490173008829,0.8796875,0.8468483829824031,0.6375897467975433
7,locals_vs_diaspora,3,34,64,542,34,LOOCV,,SVM,numeric,11,False,0.8828125,0.8307968290029437,0.8828125,0.8510400474819289,
7,locals_vs_diaspora,3,34,64,542,34,K-Fold,5,AdaBoost,numeric,11,False,0.875,0.8267503565486095,0.875,0.8438310268034679,0.7434622894189131
7,locals_vs_diaspora,3,34,64,542,34,LOOCV,,AdaBoost,numeric,11,False,0.878125,0.82512934602649,0.878125,0.844712260034904,0.7656767019475386
7,locals_vs_diaspora,3,34,64,542,34,K-Fold,5,XGBoost,numeric,11,False,0.8546875,0.8071876618751619,0.8546875,0.8263829716771504,0.71936989004425
7,locals_vs_diaspora,3,34,64,542,34,LOOCV,,XGBoost,numeric,11,False,0.865625,0.8275577910958904,0.865625,0.8428074515774338,0.7384999000438149
7,locals_vs_diaspora,3,34,64,542,34,K-Fold,5,LogReg,desc+numeric,311,False,0.8796875,0.8446735691227711,0.8796875,0.8528562046607282,0.7589662589006828
7,locals_vs_diaspora,3,34,64,542,34,LOOCV,,LogReg,desc+numeric,311,False,0.8796875,0.8287804317365793,0.8796875,0.8481685193762545,0.7626007504190312
7,locals_vs_diaspora,3,34,64,542,34,K-Fold,5,DecisionTree,desc+numeric,311,False,0.8015625,0.7956791914591592,0.8015625,0.7985678722653493,0.615837093913473
7,locals_vs_diaspora,3,34,64,542,34,LOOCV,,DecisionTree,desc+numeric,311,False,0.809375,0.8013710189955621,0.809375,0.8053225407230624,0.6369414205451157
7,locals_vs_diaspora,3,34,64,542,34,K-Fold,5,RandomForest,desc+numeric,311,False,0.8796875,0.8297010209042295,0.8796875,0.8466016048965358,0.786347486714751
7,locals_vs_diaspora,3,34,64,542,34,LOOCV,,RandomForest,desc+numeric,311,False,0.8796875,0.8270490173008829,0.8796875,0.8468483829824031,0.7731014118531591
7,locals_vs_diaspora,3,34,64,542,34,K-Fold,5,SVM,desc+numeric,311,False,0.878125,0.8268903766723534,0.878125,0.8460596179810288,0.6535483826304346
7,locals_vs_diaspora,3,34,64,542,34,LOOCV,,SVM,desc+numeric,311,False,0.878125,0.8248072916666667,0.878125,0.8462847736764111,
7,locals_vs_diaspora,3,34,64,542,34,K-Fold,5,AdaBoost,desc+numeric,311,False,0.878125,0.8328161179905365,0.878125,0.8471834222478553,0.7555714522943047
7,locals_vs_diaspora,3,34,64,542,34,LOOCV,,AdaBoost,desc+numeric,311,False,0.8765625,0.8262147009966778,0.8765625,0.8446140734265735,0.7363864773554841
7,locals_vs_diaspora,3,34,64,542,34,K-Fold,5,XGBoost,desc+numeric,311,False,0.8640625,0.8237805134680135,0.8640625,0.8369102112676057,0.7184768629824558
7,locals_vs_diaspora,3,34,64,542,34,LOOCV,,XGBoost,desc+numeric,311,False,0.86875,0.8307954294888059,0.86875,0.8446281377424812,0.7371594462738684
7,locals_vs_diaspora,2,34,64,0,34,K-Fold,5,LogReg,desc,300,False,0.6530612244897959,0.4264889629321116,0.6530612244897959,0.5159989921894683,0.5730698529411765
7,locals_vs_diaspora,2,34,64,0,34,LOOCV,,LogReg,desc,300,False,0.6530612244897959,0.4264889629321116,0.6530612244897959,0.5159989921894683,0.43152573529411764
7,locals_vs_diaspora,2,34,64,0,34,K-Fold,5,DecisionTree,desc,300,False,0.6020408163265306,0.5149809139956923,0.6020408163265306,0.5306482858043879,0.510110294117647
7,locals_vs_diaspora,2,34,64,0,34,LOOCV,,DecisionTree,desc,300,False,0.6224489795918368,0.5412367194068638,0.6224489795918368,0.5435414475867867,0.37775735294117646
7,locals_vs_diaspora,2,34,64,0,34,K-Fold,5,RandomForest,desc,300,False,0.6020408163265306,0.4657995066158331,0.6020408163265306,0.505666436519533,0.5537683823529412
7,locals_vs_diaspora,2,34,64,0,34,LOOCV,,RandomForest,desc,300,False,0.6224489795918368,0.49071757735352206,0.6224489795918368,0.5169468081206026,0.48115808823529416
7,locals_vs_diaspora,2,34,64,0,34,K-Fold,5,SVM,desc,300,False,0.6632653061224489,0.6643752237737199,0.6632653061224489,0.555027110283175,0.41727941176470584
7,locals_vs_diaspora,2,34,64,0,34,LOOCV,,SVM,desc,300,False,0.6530612244897959,0.6020408163265306,0.6530612244897959,0.5335600907029479,
7,locals_vs_diaspora,2,34,64,0,34,K-Fold,5,AdaBoost,desc,300,False,0.6632653061224489,0.6360170441803094,0.6632653061224489,0.5817177539780665,0.5282628676470589
7,locals_vs_diaspora,2,34,64,0,34,LOOCV,,AdaBoost,desc,300,False,0.6632653061224489,0.6435374149659864,0.6632653061224489,0.5691687748102672,0.2614889705882353
7,locals_vs_diaspora,2,34,64,0,34,K-Fold,5,XGBoost,desc,300,False,0.6530612244897959,0.4264889629321116,0.6530612244897959,0.5159989921894683,0.5027573529411765
7,locals_vs_diaspora,2,34,64,0,34,LOOCV,,XGBoost,desc,300,False,0.6530612244897959,0.4264889629321116,0.6530612244897959,0.5159989921894683,0.2100183823529412
7,locals_vs_diaspora,2,34,64,0,34,K-Fold,5,LogReg,username,300,False,0.6530612244897959,0.4264889629321116,0.6530612244897959,0.5159989921894683,0.4818474264705883
7,locals_vs_diaspora,2,34,64,0,34,LOOCV,,LogReg,username,300,False,0.6530612244897959,0.4264889629321116,0.6530612244897959,0.5159989921894683,0.0
7,locals_vs_diaspora,2,34,64,0,34,K-Fold,5,DecisionTree,username,300,False,0.6530612244897959,0.4264889629321116,0.6530612244897959,0.5159989921894683,0.4866727941176471
7,locals_vs_diaspora,2,34,64,0,34,LOOCV,,DecisionTree,username,300,False,0.6530612244897959,0.4264889629321116,0.6530612244897959,0.5159989921894683,0.11397058823529412
7,locals_vs_diaspora,2,34,64,0,34,K-Fold,5,RandomForest,username,300,False,0.6530612244897959,0.4264889629321116,0.6530612244897959,0.5159989921894683,0.48506433823529416
7,locals_vs_diaspora,2,34,64,0,34,LOOCV,,RandomForest,username,300,False,0.6530612244897959,0.4264889629321116,0.6530612244897959,0.5159989921894683,0.14820772058823528
7,locals_vs_diaspora,2,34,64,0,34,K-Fold,5,SVM,username,300,False,0.6530612244897959,0.4264889629321116,0.6530612244897959,0.5159989921894683,0.5085018382352942
7,locals_vs_diaspora,2,34,64,0,34,LOOCV,,SVM,username,300,False,0.6530612244897959,0.4264889629321116,0.6530612244897959,0.5159989921894683,
7,locals_vs_diaspora,2,34,64,0,34,K-Fold,5,AdaBoost,username,300,False,0.6530612244897959,0.4264889629321116,0.6530612244897959,0.5159989921894683,0.4818474264705883
7,locals_vs_diaspora,2,34,64,0,34,LOOCV,,AdaBoost,username,300,False,0.6530612244897959,0.4264889629321116,0.6530612244897959,0.5159989921894683,0.0
7,locals_vs_diaspora,2,34,64,0,34,K-Fold,5,XGBoost,username,300,False,0.6530612244897959,0.4264889629321116,0.6530612244897959,0.5159989921894683,0.4818474264705883
7,locals_vs_diaspora,2,34,64,0,34,LOOCV,,XGBoost,username,300,False,0.6530612244897959,0.4264889629321116,0.6530612244897959,0.5159989921894683,0.0
7,locals_vs_diaspora,2,34,64,0,34,K-Fold,5,LogReg,fullname,300,False,0.6530612244897959,0.4264889629321116,0.6530612244897959,0.5159989921894683,0.5119485294117647
7,locals_vs_diaspora,2,34,64,0,34,LOOCV,,LogReg,fullname,300,False,0.6530612244897959,0.4264889629321116,0.6530612244897959,0.5159989921894683,0.3180147058823529
7,locals_vs_diaspora,2,34,64,0,34,K-Fold,5,DecisionTree,fullname,300,False,0.6428571428571429,0.42415316642120765,0.6428571428571429,0.5110913930789708,0.5271139705882353
7,locals_vs_diaspora,2,34,64,0,34,LOOCV,,DecisionTree,fullname,300,False,0.6428571428571429,0.42415316642120765,0.6428571428571429,0.5110913930789708,0.3837316176470588
7,locals_vs_diaspora,2,34,64,0,34,K-Fold,5,RandomForest,fullname,300,False,0.6428571428571429,0.42415316642120765,0.6428571428571429,0.5110913930789708,0.5406709558823529
7,locals_vs_diaspora,2,34,64,0,34,LOOCV,,RandomForest,fullname,300,False,0.6428571428571429,0.42415316642120765,0.6428571428571429,0.5110913930789708,0.4014246323529412
7,locals_vs_diaspora,2,34,64,0,34,K-Fold,5,SVM,fullname,300,False,0.6530612244897959,0.4264889629321116,0.6530612244897959,0.5159989921894683,0.41911764705882354
7,locals_vs_diaspora,2,34,64,0,34,LOOCV,,SVM,fullname,300,False,0.6530612244897959,0.4264889629321116,0.6530612244897959,0.5159989921894683,
7,locals_vs_diaspora,2,34,64,0,34,K-Fold,5,AdaBoost,fullname,300,False,0.6530612244897959,0.4264889629321116,0.6530612244897959,0.5159989921894683,0.4859834558823529
7,locals_vs_diaspora,2,34,64,0,34,LOOCV,,AdaBoost,fullname,300,False,0.6530612244897959,0.4264889629321116,0.6530612244897959,0.5159989921894683,0.10615808823529412
7,locals_vs_diaspora,2,34,64,0,34,K-Fold,5,XGBoost,fullname,300,False,0.6326530612244898,0.4217687074829932,0.6326530612244898,0.5061224489795918,0.3901654411764707
7,locals_vs_diaspora,2,34,64,0,34,LOOCV,,XGBoost,fullname,300,False,0.6326530612244898,0.4217687074829932,0.6326530612244898,0.5061224489795918,0.1557904411764706
7,locals_vs_diaspora,2,34,64,0,34,K-Fold,5,LogReg,desc_user,300,False,0.6530612244897959,0.4264889629321116,0.6530612244897959,0.5159989921894683,0.565716911764706
7,locals_vs_diaspora,2,34,64,0,34,LOOCV,,LogReg,desc_user,300,False,0.6530612244897959,0.4264889629321116,0.6530612244897959,0.5159989921894683,0.42693014705882354
7,locals_vs_diaspora,2,34,64,0,34,K-Fold,5,DecisionTree,desc_user,300,False,0.6632653061224489,0.6360170441803094,0.6632653061224489,0.5817177539780665,0.5962775735294118
7,locals_vs_diaspora,2,34,64,0,34,LOOCV,,DecisionTree,desc_user,300,False,0.6428571428571429,0.5792778649921507,0.6428571428571429,0.556367314825222,0.3860294117647059
7,locals_vs_diaspora,2,34,64,0,34,K-Fold,5,RandomForest,desc_user,300,False,0.6224489795918368,0.522538685803992,0.6224489795918368,0.5310168756723775,0.5675551470588236
7,locals_vs_diaspora,2,34,64,0,34,LOOCV,,RandomForest,desc_user,300,False,0.6326530612244898,0.541555752735877,0.6326530612244898,0.5370486656200942,0.47863051470588236
7,locals_vs_diaspora,2,34,64,0,34,K-Fold,5,SVM,desc_user,300,False,0.6632653061224489,0.6643752237737199,0.6632653061224489,0.555027110283175,0.42003676470588236
7,locals_vs_diaspora,2,34,64,0,34,LOOCV,,SVM,desc_user,300,False,0.6530612244897959,0.6020408163265306,0.6530612244897959,0.5335600907029479,
7,locals_vs_diaspora,2,34,64,0,34,K-Fold,5,AdaBoost,desc_user,300,False,0.6632653061224489,0.6360170441803094,0.6632653061224489,0.5817177539780665,0.5291819852941176
7,locals_vs_diaspora,2,34,64,0,34,LOOCV,,AdaBoost,desc_user,300,False,0.6428571428571429,0.5418546365914787,0.6428571428571429,0.5280590563609432,0.2610294117647059
7,locals_vs_diaspora,2,34,64,0,34,K-Fold,5,XGBoost,desc_user,300,False,0.6530612244897959,0.4264889629321116,0.6530612244897959,0.5159989921894683,0.5027573529411765
7,locals_vs_diaspora,2,34,64,0,34,LOOCV,,XGBoost,desc_user,300,False,0.6530612244897959,0.4264889629321116,0.6530612244897959,0.5159989921894683,0.2100183823529412
7,locals_vs_diaspora,2,34,64,0,34,K-Fold,5,LogReg,desc_fullname,300,False,0.6428571428571429,0.42415316642120765,0.6428571428571429,0.5110913930789708,0.5243566176470589
7,locals_vs_diaspora,2,34,64,0,34,LOOCV,,LogReg,desc_fullname,300,False,0.6530612244897959,0.4264889629321116,0.6530612244897959,0.5159989921894683,0.39797794117647056
7,locals_vs_diaspora,2,34,64,0,34,K-Fold,5,DecisionTree,desc_fullname,300,False,0.6020408163265306,0.5647141973672586,0.6020408163265306,0.573354912564639,0.5176930147058824
7,locals_vs_diaspora,2,34,64,0,34,LOOCV,,DecisionTree,desc_fullname,300,False,0.5102040816326531,0.44555206698063843,0.5102040816326531,0.4708568873558813,0.4653033088235294
7,locals_vs_diaspora,2,34,64,0,34,K-Fold,5,RandomForest,desc_fullname,300,False,0.5918367346938775,0.5305189148830264,0.5918367346938775,0.5435280961699748,0.5827205882352942
7,locals_vs_diaspora,2,34,64,0,34,LOOCV,,RandomForest,desc_fullname,300,False,0.5510204081632653,0.47122324539571925,0.5510204081632653,0.4978809057869723,0.5091911764705882
7,locals_vs_diaspora,2,34,64,0,34,K-Fold,5,SVM,desc_fullname,300,False,0.6632653061224489,0.6643752237737199,0.6632653061224489,0.555027110283175,0.45358455882352944
7,locals_vs_diaspora,2,34,64,0,34,LOOCV,,SVM,desc_fullname,300,False,0.6530612244897959,0.6020408163265306,0.6530612244897959,0.5335600907029479,
7,locals_vs_diaspora,2,34,64,0,34,K-Fold,5,AdaBoost,desc_fullname,300,False,0.6326530612244898,0.5692022263450834,0.6326530612244898,0.5614686065813885,0.5464154411764706
7,locals_vs_diaspora,2,34,64,0,34,LOOCV,,AdaBoost,desc_fullname,300,False,0.6632653061224489,0.6435374149659864,0.6632653061224489,0.5691687748102672,0.27711397058823534
7,locals_vs_diaspora,2,34,64,0,34,K-Fold,5,XGBoost,desc_fullname,300,False,0.6632653061224489,0.6330097582104003,0.6632653061224489,0.5928883181179448,0.5266544117647058
7,locals_vs_diaspora,2,34,64,0,34,LOOCV,,XGBoost,desc_fullname,300,False,0.673469387755102,0.6504113273216263,0.673469387755102,0.6193315587104407,0.39981617647058826
7,locals_vs_diaspora,2,34,64,0,34,K-Fold,5,LogReg,user_fullname,300,False,0.6530612244897959,0.4264889629321116,0.6530612244897959,0.5159989921894683,0.5567555147058824
7,locals_vs_diaspora,2,34,64,0,34,LOOCV,,LogReg,user_fullname,300,False,0.6530612244897959,0.4264889629321116,0.6530612244897959,0.5159989921894683,0.32352941176470584
7,locals_vs_diaspora,2,34,64,0,34,K-Fold,5,DecisionTree,user_fullname,300,False,0.6326530612244898,0.4217687074829932,0.6326530612244898,0.5061224489795918,0.5346966911764707
7,locals_vs_diaspora,2,34,64,0,34,LOOCV,,DecisionTree,user_fullname,300,False,0.6326530612244898,0.4217687074829932,0.6326530612244898,0.5061224489795918,0.39522058823529405
7,locals_vs_diaspora,2,34,64,0,34,K-Fold,5,RandomForest,user_fullname,300,False,0.6428571428571429,0.42415316642120765,0.6428571428571429,0.5110913930789708,0.5746783088235294
7,locals_vs_diaspora,2,34,64,0,34,LOOCV,,RandomForest,user_fullname,300,False,0.6428571428571429,0.42415316642120765,0.6428571428571429,0.5110913930789708,0.3800551470588235
7,locals_vs_diaspora,2,34,64,0,34,K-Fold,5,SVM,user_fullname,300,False,0.6530612244897959,0.4264889629321116,0.6530612244897959,0.5159989921894683,0.4280790441176471
7,locals_vs_diaspora,2,34,64,0,34,LOOCV,,SVM,user_fullname,300,False,0.6428571428571429,0.42415316642120765,0.6428571428571429,0.5110913930789708,
7,locals_vs_diaspora,2,34,64,0,34,K-Fold,5,AdaBoost,user_fullname,300,False,0.6530612244897959,0.4264889629321116,0.6530612244897959,0.5159989921894683,0.4671415441176471
7,locals_vs_diaspora,2,34,64,0,34,LOOCV,,AdaBoost,user_fullname,300,False,0.6530612244897959,0.4264889629321116,0.6530612244897959,0.5159989921894683,0.10615808823529412
7,locals_vs_diaspora,2,34,64,0,34,K-Fold,5,XGBoost,user_fullname,300,False,0.6428571428571429,0.42415316642120765,0.6428571428571429,0.5110913930789708,0.372702205882353
7,locals_vs_diaspora,2,34,64,0,34,LOOCV,,XGBoost,user_fullname,300,False,0.6428571428571429,0.42415316642120765,0.6428571428571429,0.5110913930789708,0.16130514705882354
7,locals_vs_diaspora,2,34,64,0,34,K-Fold,5,LogReg,desc_user_fullname,300,False,0.6428571428571429,0.42415316642120765,0.6428571428571429,0.5110913930789708,0.5431985294117647
7,locals_vs_diaspora,2,34,64,0,34,LOOCV,,LogReg,desc_user_fullname,300,False,0.6632653061224489,0.7778245318746054,0.6632653061224489,0.5390290277601724,0.4149816176470589
7,locals_vs_diaspora,2,34,64,0,34,K-Fold,5,DecisionTree,desc_user_fullname,300,False,0.5510204081632653,0.5815124029409744,0.5510204081632653,0.5607765922535899,0.557904411764706
7,locals_vs_diaspora,2,34,64,0,34,LOOCV,,DecisionTree,desc_user_fullname,300,False,0.4387755102040816,0.49109856708640903,0.4387755102040816,0.45192130906416617,0.4650735294117647
7,locals_vs_diaspora,2,34,64,0,34,K-Fold,5,RandomForest,desc_user_fullname,300,False,0.5918367346938775,0.5862128942486085,0.5918367346938775,0.5887921602207316,0.5693933823529411
7,locals_vs_diaspora,2,34,64,0,34,LOOCV,,RandomForest,desc_user_fullname,300,False,0.5204081632653061,0.5101058237450012,0.5204081632653061,0.5148321689215909,0.5268841911764706
7,locals_vs_diaspora,2,34,64,0,34,K-Fold,5,SVM,desc_user_fullname,300,False,0.6632653061224489,0.6643752237737199,0.6632653061224489,0.555027110283175,0.42095588235294124
7,locals_vs_diaspora,2,34,64,0,34,LOOCV,,SVM,desc_user_fullname,300,False,0.6530612244897959,0.6020408163265306,0.6530612244897959,0.5335600907029479,
7,locals_vs_diaspora,2,34,64,0,34,K-Fold,5,AdaBoost,desc_user_fullname,300,False,0.6428571428571429,0.587123238808632,0.6428571428571429,0.5682148828523658,0.5085018382352942
7,locals_vs_diaspora,2,34,64,0,34,LOOCV,,AdaBoost,desc_user_fullname,300,False,0.6632653061224489,0.6435374149659864,0.6632653061224489,0.5691687748102672,0.2886029411764706
7,locals_vs_diaspora,2,34,64,0,34,K-Fold,5,XGBoost,desc_user_fullname,300,False,0.6632653061224489,0.6330097582104003,0.6632653061224489,0.5928883181179448,0.529641544117647
7,locals_vs_diaspora,2,34,64,0,34,LOOCV,,XGBoost,desc_user_fullname,300,False,0.673469387755102,0.6504113273216263,0.673469387755102,0.6193315587104407,0.39981617647058826
7,locals_vs_diaspora,2,34,64,0,34,K-Fold,5,LogReg,numeric,11,False,0.7448979591836735,0.7383961080684148,0.7448979591836735,0.7395700134690467,0.7931985294117647
7,locals_vs_diaspora,2,34,64,0,34,LOOCV,,LogReg,numeric,11,False,0.7857142857142857,0.7873015873015873,0.7857142857142857,0.7864234362009096,0.7876838235294118
7,locals_vs_diaspora,2,34,64,0,34,K-Fold,5,DecisionTree,numeric,11,False,0.6428571428571429,0.6404262404262404,0.6428571428571429,0.6415761722946728,0.6024816176470589
7,locals_vs_diaspora,2,34,64,0,34,LOOCV,,DecisionTree,numeric,11,False,0.6632653061224489,0.6656300615484289,0.6632653061224489,0.6643796854585724,0.6318933823529411
7,locals_vs_diaspora,2,34,64,0,34,K-Fold,5,RandomForest,numeric,11,False,0.7142857142857143,0.7027472527472527,0.7142857142857143,0.6913331842909307,0.7421875
7,locals_vs_diaspora,2,34,64,0,34,LOOCV,,RandomForest,numeric,11,False,0.6938775510204082,0.6789391432248575,0.6938775510204082,0.6785790778080348,0.7398897058823528
7,locals_vs_diaspora,2,34,64,0,34,K-Fold,5,SVM,numeric,11,False,0.7448979591836735,0.7432282003710576,0.7448979591836735,0.7439829802104806,0.8060661764705882
7,locals_vs_diaspora,2,34,64,0,34,LOOCV,,SVM,numeric,11,False,0.7857142857142857,0.7843489843489844,0.7857142857142857,0.7849457033768037,
7,locals_vs_diaspora,2,34,64,0,34,K-Fold,5,AdaBoost,numeric,11,False,0.7040816326530612,0.6930897554640009,0.7040816326530612,0.6947746676083913,0.7683823529411764
7,locals_vs_diaspora,2,34,64,0,34,LOOCV,,AdaBoost,numeric,11,False,0.7653061224489796,0.763788592360021,0.7653061224489796,0.7644643417936422,0.7899816176470588
7,locals_vs_diaspora,2,34,64,0,34,K-Fold,5,XGBoost,numeric,11,False,0.6326530612244898,0.6136403279260422,0.6326530612244898,0.618967587034814,0.6465992647058824
7,locals_vs_diaspora,2,34,64,0,34,LOOCV,,XGBoost,numeric,11,False,0.673469387755102,0.6652260904361744,0.673469387755102,0.6682127396413111,0.6980698529411765
7,locals_vs_diaspora,2,34,64,0,34,K-Fold,5,LogReg,desc+numeric,311,False,0.7244897959183674,0.7169680465889504,0.7244897959183674,0.7187356145465704,0.7964154411764707
7,locals_vs_diaspora,2,34,64,0,34,LOOCV,,LogReg,desc+numeric,311,False,0.7755102040816326,0.7755102040816326,0.7755102040816326,0.7755102040816326,0.7950367647058824
7,locals_vs_diaspora,2,34,64,0,34,K-Fold,5,DecisionTree,desc+numeric,311,False,0.6326530612244898,0.6276863017934446,0.6326530612244898,0.6299129441986585,0.5877757352941176
7,locals_vs_diaspora,2,34,64,0,34,LOOCV,,DecisionTree,desc+numeric,311,False,0.6938775510204082,0.698339550874113,0.6938775510204082,0.6958211856171039,0.6691176470588236
7,locals_vs_diaspora,2,34,64,0,34,K-Fold,5,RandomForest,desc+numeric,311,False,0.7142857142857143,0.7047619047619047,0.7142857142857143,0.6862026862026862,0.7210477941176471
7,locals_vs_diaspora,2,34,64,0,34,LOOCV,,RandomForest,desc+numeric,311,False,0.7040816326530612,0.6921138825900731,0.7040816326530612,0.6721088435374151,0.7040441176470589
7,locals_vs_diaspora,2,34,64,0,34,K-Fold,5,SVM,desc+numeric,311,False,0.7653061224489796,0.763788592360021,0.7653061224489796,0.7644643417936422,0.8097426470588236
7,locals_vs_diaspora,2,34,64,0,34,LOOCV,,SVM,desc+numeric,311,False,0.7857142857142857,0.7873015873015873,0.7857142857142857,0.7864234362009096,
7,locals_vs_diaspora,2,34,64,0,34,K-Fold,5,AdaBoost,desc+numeric,311,False,0.673469387755102,0.6584685156113727,0.673469387755102,0.6613045218087236,0.7371323529411765
7,locals_vs_diaspora,2,34,64,0,34,LOOCV,,AdaBoost,desc+numeric,311,False,0.6632653061224489,0.6566771147553869,0.6632653061224489,0.6593502462640959,0.7063419117647058
7,locals_vs_diaspora,2,34,64,0,34,K-Fold,5,XGBoost,desc+numeric,311,False,0.6428571428571429,0.6269468663834861,0.6428571428571429,0.6316245988377135,0.6433823529411765
7,locals_vs_diaspora,2,34,64,0,34,LOOCV,,XGBoost,desc+numeric,311,False,0.6632653061224489,0.6526838621505574,0.6632653061224489,0.6562324177791417,0.6980698529411765
7,person_vs_organization,3,82,359,199,82,K-Fold,5,LogReg,desc,300,False,0.5609375,0.436796200024244,0.5609375,0.4422472660211403,0.6060446747086984
7,person_vs_organization,3,82,359,199,82,LOOCV,,LogReg,desc,300,False,0.5546875,0.4282849469325275,0.5546875,0.4412862364243943,0.5082932256317175
7,person_vs_organization,3,82,359,199,82,K-Fold,5,DecisionTree,desc,300,False,0.5375,0.43560167305940867,0.5375,0.45407080027788077,0.5507059005919744
7,person_vs_organization,3,82,359,199,82,LOOCV,,DecisionTree,desc,300,False,0.5296875,0.4408214885834717,0.5296875,0.4502796696487567,0.3633578749344991
7,person_vs_organization,3,82,359,199,82,K-Fold,5,RandomForest,desc,300,False,0.553125,0.4706679313490817,0.553125,0.4698733206496108,0.5940883683764709
7,person_vs_organization,3,82,359,199,82,LOOCV,,RandomForest,desc,300,False,0.54375,0.4479058006122908,0.54375,0.45873588652354635,0.5758874135814546
7,person_vs_organization,3,82,359,199,82,K-Fold,5,SVM,desc,300,False,0.575,0.4769319489359133,0.575,0.4535067256770767,0.5742372301862906
7,person_vs_organization,3,82,359,199,82,LOOCV,,SVM,desc,300,False,0.5765625,0.48033632838189916,0.5765625,0.4569313176353716,
7,person_vs_organization,3,82,359,199,82,K-Fold,5,AdaBoost,desc,300,False,0.5703125,0.5523657852564102,0.5703125,0.4321070728902477,0.5439309425411767
7,person_vs_organization,3,82,359,199,82,LOOCV,,AdaBoost,desc,300,False,0.559375,0.396796791399144,0.559375,0.41440388905151915,0.3098314780198805
7,person_vs_organization,3,82,359,199,82,K-Fold,5,XGBoost,desc,300,False,0.55,0.43164662531446885,0.55,0.4485712813620072,0.5654617938252674
7,person_vs_organization,3,82,359,199,82,LOOCV,,XGBoost,desc,300,False,0.546875,0.42573514448514443,0.546875,0.4435262575166131,0.3780916791079306
7,person_vs_organization,3,82,359,199,82,K-Fold,5,LogReg,username,300,False,0.5609375,0.31465087890625,0.5609375,0.4031562812812813,0.4980177017043377
7,person_vs_organization,3,82,359,199,82,LOOCV,,LogReg,username,300,False,0.5609375,0.31465087890625,0.5609375,0.4031562812812813,0.0
7,person_vs_organization,3,82,359,199,82,K-Fold,5,DecisionTree,username,300,False,0.5609375,0.31465087890625,0.5609375,0.4031562812812813,0.5009750749111491
7,person_vs_organization,3,82,359,199,82,LOOCV,,DecisionTree,username,300,False,0.5609375,0.31465087890625,0.5609375,0.4031562812812813,0.10682070983503797
7,person_vs_organization,3,82,359,199,82,K-Fold,5,RandomForest,username,300,False,0.5609375,0.31465087890625,0.5609375,0.4031562812812813,0.500258229033013
7,person_vs_organization,3,82,359,199,82,LOOCV,,RandomForest,username,300,False,0.5609375,0.31465087890625,0.5609375,0.4031562812812813,0.3535532689953876
7,person_vs_organization,3,82,359,199,82,K-Fold,5,SVM,username,300,False,0.5609375,0.31465087890625,0.5609375,0.4031562812812813,0.4965942141598537
7,person_vs_organization,3,82,359,199,82,LOOCV,,SVM,username,300,False,0.5609375,0.31465087890625,0.5609375,0.4031562812812813,
7,person_vs_organization,3,82,359,199,82,K-Fold,5,AdaBoost,username,300,False,0.5609375,0.31465087890625,0.5609375,0.4031562812812813,0.4990878684156478
7,person_vs_organization,3,82,359,199,82,LOOCV,,AdaBoost,username,300,False,0.5609375,0.31465087890625,0.5609375,0.4031562812812813,0.2728689340744142
7,person_vs_organization,3,82,359,199,82,K-Fold,5,XGBoost,username,300,False,0.5609375,0.31465087890625,0.5609375,0.4031562812812813,0.4965942141598537
7,person_vs_organization,3,82,359,199,82,LOOCV,,XGBoost,username,300,False,0.5609375,0.31465087890625,0.5609375,0.4031562812812813,0.0
7,person_vs_organization,3,82,359,199,82,K-Fold,5,LogReg,fullname,300,False,0.5515625,0.4966992799210674,0.5515625,0.429882811954777,0.5083003707763478
7,person_vs_organization,3,82,359,199,82,LOOCV,,LogReg,fullname,300,False,0.5703125,0.5680822080075811,0.5703125,0.45773755076480854,0.35083068783611104
7,person_vs_organization,3,82,359,199,82,K-Fold,5,DecisionTree,fullname,300,False,0.5484375,0.4569978847877033,0.5484375,0.4437228233713032,0.5348892996157346
7,person_vs_organization,3,82,359,199,82,LOOCV,,DecisionTree,fullname,300,False,0.55,0.48410099702640785,0.55,0.4522979989868288,0.35920087365510056
7,person_vs_organization,3,82,359,199,82,K-Fold,5,RandomForest,fullname,300,False,0.54375,0.460864582603977,0.54375,0.4450478426216603,0.5331454663022176
7,person_vs_organization,3,82,359,199,82,LOOCV,,RandomForest,fullname,300,False,0.55625,0.5029904513888889,0.55625,0.46382831362304433,0.4337913557326846
7,person_vs_organization,3,82,359,199,82,K-Fold,5,SVM,fullname,300,False,0.5578125,0.48342293769321687,0.5578125,0.43131498844092403,0.5098818573499024
7,person_vs_organization,3,82,359,199,82,LOOCV,,SVM,fullname,300,False,0.584375,0.6226508554902951,0.584375,0.46914921559764516,
7,person_vs_organization,3,82,359,199,82,K-Fold,5,AdaBoost,fullname,300,False,0.5609375,0.3156372452978057,0.5609375,0.40396502006018054,0.5201020351830223
7,person_vs_organization,3,82,359,199,82,LOOCV,,AdaBoost,fullname,300,False,0.5609375,0.31514329029733956,0.5609375,0.403560245490982,0.29010127253126405
7,person_vs_organization,3,82,359,199,82,K-Fold,5,XGBoost,fullname,300,False,0.553125,0.46479812816168165,0.553125,0.4205244880991317,0.5202555171970255
7,person_vs_organization,3,82,359,199,82,LOOCV,,XGBoost,fullname,300,False,0.540625,0.4294635048547155,0.540625,0.4143229244223562,0.2531818097364841
7,person_vs_organization,3,82,359,199,82,K-Fold,5,LogReg,desc_user,300,False,0.5625,0.44144166368550763,0.5625,0.44366944535927866,0.6023664543508924
7,person_vs_organization,3,82,359,199,82,LOOCV,,LogReg,desc_user,300,False,0.55625,0.4329038019316266,0.55625,0.4420027927036199,0.5068170475772676
7,person_vs_organization,3,82,359,199,82,K-Fold,5,DecisionTree,desc_user,300,False,0.5421875,0.4369272907506402,0.5421875,0.4582871838443726,0.5631756344963271
7,person_vs_organization,3,82,359,199,82,LOOCV,,DecisionTree,desc_user,300,False,0.5296875,0.43519900227877717,0.5296875,0.45002192543006514,0.36565782396143504
7,person_vs_organization,3,82,359,199,82,K-Fold,5,RandomForest,desc_user,300,False,0.55,0.4661189822241054,0.55,0.4659456139590116,0.5911097198883667
7,person_vs_organization,3,82,359,199,82,LOOCV,,RandomForest,desc_user,300,False,0.5453125,0.44800588959212384,0.5453125,0.4590996848819894,0.5820325825713037
7,person_vs_organization,3,82,359,199,82,K-Fold,5,SVM,desc_user,300,False,0.578125,0.48199835371826527,0.578125,0.45694304458378765,0.568105101990381
7,person_vs_organization,3,82,359,199,82,LOOCV,,SVM,desc_user,300,False,0.5765625,0.48033632838189916,0.5765625,0.4569313176353716,
7,person_vs_organization,3,82,359,199,82,K-Fold,5,AdaBoost,desc_user,300,False,0.565625,0.4751450892857143,0.565625,0.4243862800136065,0.5364010425289486
7,person_vs_organization,3,82,359,199,82,LOOCV,,AdaBoost,desc_user,300,False,0.5640625,0.4771935096153846,0.5640625,0.4211240363016452,0.22860480640664407
7,person_vs_organization,3,82,359,199,82,K-Fold,5,XGBoost,desc_user,300,False,0.5484375,0.43173182354925776,0.5484375,0.44827272669024554,0.5647238368858047
7,person_vs_organization,3,82,359,199,82,LOOCV,,XGBoost,desc_user,300,False,0.5484375,0.43483727210289713,0.5484375,0.44675211046074575,0.3733407072267165
7,person_vs_organization,3,82,359,199,82,K-Fold,5,LogReg,desc_fullname,300,False,0.559375,0.4970440488032083,0.559375,0.4615507095313077,0.582090407319368
7,person_vs_organization,3,82,359,199,82,LOOCV,,LogReg,desc_fullname,300,False,0.5609375,0.5019677834039882,0.5609375,0.4642767974727205,0.5509094668484813
7,person_vs_organization,3,82,359,199,82,K-Fold,5,DecisionTree,desc_fullname,300,False,0.5,0.4323006777278714,0.5,0.4443955242121003,0.5369727845601946
7,person_vs_organization,3,82,359,199,82,LOOCV,,DecisionTree,desc_fullname,300,False,0.50625,0.44460811355051355,0.50625,0.45540235974831444,0.4750404242444978
7,person_vs_organization,3,82,359,199,82,K-Fold,5,RandomForest,desc_fullname,300,False,0.5328125,0.49172490530303026,0.5328125,0.4898942511368395,0.5934076220125674
7,person_vs_organization,3,82,359,199,82,LOOCV,,RandomForest,desc_fullname,300,False,0.525,0.4790677786734846,0.525,0.47977430473831284,0.5707914767653417
7,person_vs_organization,3,82,359,199,82,K-Fold,5,SVM,desc_fullname,300,False,0.5703125,0.5139237126720151,0.5703125,0.47255598060341714,0.5732833743250773
7,person_vs_organization,3,82,359,199,82,LOOCV,,SVM,desc_fullname,300,False,0.584375,0.5594433477819432,0.584375,0.48665377363433243,
7,person_vs_organization,3,82,359,199,82,K-Fold,5,AdaBoost,desc_fullname,300,False,0.571875,0.5918748335995739,0.571875,0.4326493275219108,0.550125042369768
7,person_vs_organization,3,82,359,199,82,LOOCV,,AdaBoost,desc_fullname,300,False,0.5578125,0.44367831319334394,0.5578125,0.4101095312733244,0.8568411762186028
7,person_vs_organization,3,82,359,199,82,K-Fold,5,XGBoost,desc_fullname,300,False,0.5484375,0.4757028376510178,0.5484375,0.4713466763516923,0.5845561033038804
7,person_vs_organization,3,82,359,199,82,LOOCV,,XGBoost,desc_fullname,300,False,0.5203125,0.4330965172585294,0.5203125,0.4446636776168086,0.4978791791632469
7,person_vs_organization,3,82,359,199,82,K-Fold,5,LogReg,user_fullname,300,False,0.5484375,0.4902896866391185,0.5484375,0.4264729426132935,0.508795986430676
7,person_vs_organization,3,82,359,199,82,LOOCV,,LogReg,user_fullname,300,False,0.565625,0.5548680605617949,0.565625,0.455279348164079,0.3520468972444332
7,person_vs_organization,3,82,359,199,82,K-Fold,5,DecisionTree,user_fullname,300,False,0.5453125,0.4492278488955823,0.5453125,0.4426862350830511,0.5180265491236482
7,person_vs_organization,3,82,359,199,82,LOOCV,,DecisionTree,user_fullname,300,False,0.5515625,0.4851435226751738,0.5515625,0.46181837958102595,0.3367873688298359
7,person_vs_organization,3,82,359,199,82,K-Fold,5,RandomForest,user_fullname,300,False,0.5421875,0.4658823683110368,0.5421875,0.449099784144427,0.524389126028621
7,person_vs_organization,3,82,359,199,82,LOOCV,,RandomForest,user_fullname,300,False,0.55,0.49002318603382433,0.55,0.46480564790858037,0.4593504125596016
7,person_vs_organization,3,82,359,199,82,K-Fold,5,SVM,user_fullname,300,False,0.5546875,0.4829807354238177,0.5546875,0.4316380161455136,0.5198593381049086
7,person_vs_organization,3,82,359,199,82,LOOCV,,SVM,user_fullname,300,False,0.56875,0.5162222249097007,0.56875,0.4474276120940048,
7,person_vs_organization,3,82,359,199,82,K-Fold,5,AdaBoost,user_fullname,300,False,0.5625,0.37969974529780565,0.5625,0.4070156152982758,0.5211272953090756
7,person_vs_organization,3,82,359,199,82,LOOCV,,AdaBoost,user_fullname,300,False,0.5609375,0.31514329029733956,0.5609375,0.403560245490982,0.2725703337743661
7,person_vs_organization,3,82,359,199,82,K-Fold,5,XGBoost,user_fullname,300,False,0.553125,0.46603993339698124,0.553125,0.426162232238881,0.5240926478776086
7,person_vs_organization,3,82,359,199,82,LOOCV,,XGBoost,user_fullname,300,False,0.546875,0.45288642915980226,0.546875,0.4229090913992408,0.26821094852053246
7,person_vs_organization,3,82,359,199,82,K-Fold,5,LogReg,desc_user_fullname,300,False,0.5546875,0.4854974035436713,0.5546875,0.456849622652945,0.580185632744756
7,person_vs_organization,3,82,359,199,82,LOOCV,,LogReg,desc_user_fullname,300,False,0.5578125,0.49716471354166664,0.5578125,0.4636260587956664,0.544858780265445
7,person_vs_organization,3,82,359,199,82,K-Fold,5,DecisionTree,desc_user_fullname,300,False,0.515625,0.4540988727779028,0.515625,0.46176124067560764,0.5545050520243971
7,person_vs_organization,3,82,359,199,82,LOOCV,,DecisionTree,desc_user_fullname,300,False,0.5109375,0.44882728801816985,0.5109375,0.4601821148855751,0.49527824147801897
7,person_vs_organization,3,82,359,199,82,K-Fold,5,RandomForest,desc_user_fullname,300,False,0.5203125,0.478525777323914,0.5203125,0.4786650587778446,0.5918238397150656
7,person_vs_organization,3,82,359,199,82,LOOCV,,RandomForest,desc_user_fullname,300,False,0.5265625,0.48256889285070087,0.5265625,0.4832765038634565,0.5723200950849671
7,person_vs_organization,3,82,359,199,82,K-Fold,5,SVM,desc_user_fullname,300,False,0.56875,0.5020412685223653,0.56875,0.4690293178091506,0.5728588549341789
7,person_vs_organization,3,82,359,199,82,LOOCV,,SVM,desc_user_fullname,300,False,0.5765625,0.5284238414506979,0.5765625,0.476724957177035,
7,person_vs_organization,3,82,359,199,82,K-Fold,5,AdaBoost,desc_user_fullname,300,False,0.571875,0.5918748335995739,0.571875,0.4326493275219108,0.5513447500192631
7,person_vs_organization,3,82,359,199,82,LOOCV,,AdaBoost,desc_user_fullname,300,False,0.559375,0.4626877307489452,0.559375,0.41096038674046814,0.48290468302223494
7,person_vs_organization,3,82,359,199,82,K-Fold,5,XGBoost,desc_user_fullname,300,False,0.553125,0.48732440849812775,0.553125,0.47496803207406896,0.5858154855820279
7,person_vs_organization,3,82,359,199,82,LOOCV,,XGBoost,desc_user_fullname,300,False,0.5296875,0.44960766204120856,0.5296875,0.4571447814039408,0.49333643230136737
7,person_vs_organization,3,82,359,199,82,K-Fold,5,LogReg,numeric,11,False,0.60625,0.5780608092516688,0.60625,0.5713696161048689,0.6659438686028116
7,person_vs_organization,3,82,359,199,82,LOOCV,,LogReg,numeric,11,False,0.6125,0.5977629174490343,0.6125,0.5776039787235165,0.6666166600091994
7,person_vs_organization,3,82,359,199,82,K-Fold,5,DecisionTree,numeric,11,False,0.496875,0.5091302865045007,0.496875,0.5018156022448281,0.5696415978858539
7,person_vs_organization,3,82,359,199,82,LOOCV,,DecisionTree,numeric,11,False,0.5359375,0.534208029935275,0.5359375,0.5349585692380278,0.5912949613320245
7,person_vs_organization,3,82,359,199,82,K-Fold,5,RandomForest,numeric,11,False,0.6234375,0.6046330433753154,0.6234375,0.5967151087370646,0.6837026357688926
7,person_vs_organization,3,82,359,199,82,LOOCV,,RandomForest,numeric,11,False,0.6171875,0.5971824157352084,0.6171875,0.5907226668226523,0.6825196823781268
7,person_vs_organization,3,82,359,199,82,K-Fold,5,SVM,numeric,11,False,0.5546875,0.4764794755560008,0.5546875,0.5052475651529181,0.609103265476301
7,person_vs_organization,3,82,359,199,82,LOOCV,,SVM,numeric,11,False,0.56875,0.49328575173231226,0.56875,0.5251807820341197,
7,person_vs_organization,3,82,359,199,82,K-Fold,5,AdaBoost,numeric,11,False,0.6203125,0.5972618982502403,0.6203125,0.5931815691445739,0.6776192629048137
7,person_vs_organization,3,82,359,199,82,LOOCV,,AdaBoost,numeric,11,False,0.603125,0.5816368687238309,0.603125,0.5858106885957554,0.6731879478822486
7,person_vs_organization,3,82,359,199,82,K-Fold,5,XGBoost,numeric,11,False,0.60625,0.5914353663058721,0.60625,0.5946905111018015,0.6817616272535494
7,person_vs_organization,3,82,359,199,82,LOOCV,,XGBoost,numeric,11,False,0.6015625,0.5870845144459882,0.6015625,0.5888292376465497,0.6707409983949193
7,person_vs_organization,3,82,359,199,82,K-Fold,5,LogReg,desc+numeric,311,False,0.628125,0.623739805663352,0.628125,0.6121143846399993,0.6986042933895709
7,person_vs_organization,3,82,359,199,82,LOOCV,,LogReg,desc+numeric,311,False,0.625,0.626354151706026,0.625,0.6117676263500526,0.6984694507992996
7,person_vs_organization,3,82,359,199,82,K-Fold,5,DecisionTree,desc+numeric,311,False,0.5453125,0.544065507748145,0.5453125,0.5446221956509222,0.6020387338343289
7,person_vs_organization,3,82,359,199,82,LOOCV,,DecisionTree,desc+numeric,311,False,0.5828125,0.5710295840900593,0.5828125,0.5754608927151035,0.6213347811860366
7,person_vs_organization,3,82,359,199,82,K-Fold,5,RandomForest,desc+numeric,311,False,0.65,0.6575513747165533,0.65,0.6167986711934642,0.7044650935951716
7,person_vs_organization,3,82,359,199,82,LOOCV,,RandomForest,desc+numeric,311,False,0.646875,0.6442719310723003,0.646875,0.6145236524153019,0.7137717337549665
7,person_vs_organization,3,82,359,199,82,K-Fold,5,SVM,desc+numeric,311,False,0.5828125,0.5768889051004528,0.5828125,0.5703387707722386,0.6727264712709788
7,person_vs_organization,3,82,359,199,82,LOOCV,,SVM,desc+numeric,311,False,0.5921875,0.5908513971682531,0.5921875,0.5855660454760052,
7,person_vs_organization,3,82,359,199,82,K-Fold,5,AdaBoost,desc+numeric,311,False,0.6375,0.6251000765135413,0.6375,0.6105076394496729,0.6922332337861387
7,person_vs_organization,3,82,359,199,82,LOOCV,,AdaBoost,desc+numeric,311,False,0.615625,0.5963483492006827,0.615625,0.5895583883017326,0.7007036850968529
7,person_vs_organization,3,82,359,199,82,K-Fold,5,XGBoost,desc+numeric,311,False,0.596875,0.58088065202427,0.596875,0.5848019200008031,0.679017607609856
7,person_vs_organization,3,82,359,199,82,LOOCV,,XGBoost,desc+numeric,311,False,0.596875,0.5809784941620879,0.596875,0.5842016294634612,0.6811932771018139
7,person_vs_organization,2,82,359,0,82,K-Fold,5,LogReg,desc,300,False,0.8253968253968254,0.8562327071501383,0.8253968253968254,0.7565855287390747,0.7401487872817447
7,person_vs_organization,2,82,359,0,82,LOOCV,,LogReg,desc,300,False,0.8321995464852607,0.8608767602499043,0.8321995464852607,0.7710540781969354,0.703546436578572
7,person_vs_organization,2,82,359,0,82,K-Fold,5,DecisionTree,desc,300,False,0.8140589569160998,0.7913363450462011,0.8140589569160998,0.7984074773787979,0.5945037026971941
7,person_vs_organization,2,82,359,0,82,LOOCV,,DecisionTree,desc,300,False,0.8117913832199547,0.7909213758602857,0.8117913832199547,0.7980325108990184,0.4869896052720973
7,person_vs_organization,2,82,359,0,82,K-Fold,5,RandomForest,desc,300,False,0.8321995464852607,0.8068695285775271,0.8321995464852607,0.800863455762422,0.7362762415924995
7,person_vs_organization,2,82,359,0,82,LOOCV,,RandomForest,desc,300,False,0.8412698412698413,0.8224715721659487,0.8412698412698413,0.8116275932887774,0.6851688294041716
7,person_vs_organization,2,82,359,0,82,K-Fold,5,SVM,desc,300,False,0.8390022675736961,0.8249055256247148,0.8390022675736961,0.7998820978412815,0.73194510496637
7,person_vs_organization,2,82,359,0,82,LOOCV,,SVM,desc,300,False,0.8435374149659864,0.829880851965048,0.8435374149659864,0.8096291722950975,
7,person_vs_organization,2,82,359,0,82,K-Fold,5,AdaBoost,desc,300,False,0.8231292517006803,0.7944208128216158,0.8231292517006803,0.768138425853802,0.6230042801820775
7,person_vs_organization,2,82,359,0,82,LOOCV,,AdaBoost,desc,300,False,0.8231292517006803,0.7944208128216158,0.8231292517006803,0.768138425853802,0.7017120728310347
7,person_vs_organization,2,82,359,0,82,K-Fold,5,XGBoost,desc,300,False,0.8117913832199547,0.7694643530886297,0.8117913832199547,0.7733276037889711,0.5853828385080508
7,person_vs_organization,2,82,359,0,82,LOOCV,,XGBoost,desc,300,False,0.8299319727891157,0.8033217581181694,0.8299319727891157,0.7930751872772799,0.39004008424485354
7,person_vs_organization,2,82,359,0,82,K-Fold,5,LogReg,username,300,False,0.8140589569160998,0.6626919853353284,0.8140589569160998,0.7306179138321995,0.49213601467490997
7,person_vs_organization,2,82,359,0,82,LOOCV,,LogReg,username,300,False,0.8140589569160998,0.6626919853353284,0.8140589569160998,0.7306179138321995,0.0
7,person_vs_organization,2,82,359,0,82,K-Fold,5,DecisionTree,username,300,False,0.8140589569160998,0.6626919853353284,0.8140589569160998,0.7306179138321995,0.49811468170392015
7,person_vs_organization,2,82,359,0,82,LOOCV,,DecisionTree,username,300,False,0.8140589569160998,0.6626919853353284,0.8140589569160998,0.7306179138321995,0.1016373394931721
7,person_vs_organization,2,82,359,0,82,K-Fold,5,RandomForest,username,300,False,0.8140589569160998,0.6626919853353284,0.8140589569160998,0.7306179138321995,0.49811468170392015
7,person_vs_organization,2,82,359,0,82,LOOCV,,RandomForest,username,300,False,0.8140589569160998,0.6626919853353284,0.8140589569160998,0.7306179138321995,0.2183742102044976
7,person_vs_organization,2,82,359,0,82,K-Fold,5,SVM,username,300,False,0.8140589569160998,0.6626919853353284,0.8140589569160998,0.7306179138321995,0.49213601467490997
7,person_vs_organization,2,82,359,0,82,LOOCV,,SVM,username,300,False,0.8140589569160998,0.6626919853353284,0.8140589569160998,0.7306179138321995,
7,person_vs_organization,2,82,359,0,82,K-Fold,5,AdaBoost,username,300,False,0.8140589569160998,0.6626919853353284,0.8140589569160998,0.7306179138321995,0.50786398532509
7,person_vs_organization,2,82,359,0,82,LOOCV,,AdaBoost,username,300,False,0.8140589569160998,0.6626919853353284,0.8140589569160998,0.7306179138321995,1.0
7,person_vs_organization,2,82,359,0,82,K-Fold,5,XGBoost,username,300,False,0.8140589569160998,0.6626919853353284,0.8140589569160998,0.7306179138321995,0.49155852979142606
7,person_vs_organization,2,82,359,0,82,LOOCV,,XGBoost,username,300,False,0.8140589569160998,0.6626919853353284,0.8140589569160998,0.7306179138321995,0.0
7,person_vs_organization,2,82,359,0,82,K-Fold,5,LogReg,fullname,300,False,0.8163265306122449,0.850139146567718,0.8163265306122449,0.7360128363060169,0.6742475711665195
7,person_vs_organization,2,82,359,0,82,LOOCV,,LogReg,fullname,300,False,0.8231292517006803,0.8546988589486137,0.8231292517006803,0.7515862018524835,0.5064542428154086
7,person_vs_organization,2,82,359,0,82,K-Fold,5,DecisionTree,fullname,300,False,0.8163265306122449,0.7747460124053783,0.8163265306122449,0.7716964778189267,0.6424519328758747
7,person_vs_organization,2,82,359,0,82,LOOCV,,DecisionTree,fullname,300,False,0.8253968253968254,0.7948098176931129,0.8253968253968254,0.7829707258278686,0.47231469529179965
7,person_vs_organization,2,82,359,0,82,K-Fold,5,RandomForest,fullname,300,False,0.8231292517006803,0.7944208128216158,0.8231292517006803,0.768138425853802,0.6671818737685984
7,person_vs_organization,2,82,359,0,82,LOOCV,,RandomForest,fullname,300,False,0.8344671201814059,0.8290462350824523,0.8344671201814059,0.7843626902902907,0.5263774712956043
7,person_vs_organization,2,82,359,0,82,K-Fold,5,SVM,fullname,300,False,0.8163265306122449,0.7893330848321064,0.8163265306122449,0.7400754028085513,0.559480942998845
7,person_vs_organization,2,82,359,0,82,LOOCV,,SVM,fullname,300,False,0.8367346938775511,0.8497772069200641,0.8367346938775511,0.7831960519384338,
7,person_vs_organization,2,82,359,0,82,K-Fold,5,AdaBoost,fullname,300,False,0.8140589569160998,0.6626919853353284,0.8140589569160998,0.7306179138321995,0.5770432773965621
7,person_vs_organization,2,82,359,0,82,LOOCV,,AdaBoost,fullname,300,False,0.8140589569160998,0.6626919853353284,0.8140589569160998,0.7306179138321995,0.36819756776954954
7,person_vs_organization,2,82,359,0,82,K-Fold,5,XGBoost,fullname,300,False,0.8095238095238095,0.6620023863759626,0.8095238095238095,0.7283685403986156,0.5562877912901693
7,person_vs_organization,2,82,359,0,82,LOOCV,,XGBoost,fullname,300,False,0.8072562358276644,0.661655225256008,0.8072562358276644,0.7272396202311958,0.2185270738501257
7,person_vs_organization,2,82,359,0,82,K-Fold,5,LogReg,desc_user,300,False,0.8253968253968254,0.8562327071501383,0.8253968253968254,0.7565855287390747,0.7423398328690809
7,person_vs_organization,2,82,359,0,82,LOOCV,,LogReg,desc_user,300,False,0.8321995464852607,0.8608767602499043,0.8321995464852607,0.7710540781969354,0.701066648549494
7,person_vs_organization,2,82,359,0,82,K-Fold,5,DecisionTree,desc_user,300,False,0.8140589569160998,0.7854358621085565,0.8140589569160998,0.792349908575278,0.54862762415925
7,person_vs_organization,2,82,359,0,82,LOOCV,,DecisionTree,desc_user,300,False,0.8163265306122449,0.7963034446234634,0.8163265306122449,0.8028991973833792,0.5039574699368163
7,person_vs_organization,2,82,359,0,82,K-Fold,5,RandomForest,desc_user,300,False,0.8367346938775511,0.8152175712134002,0.8367346938775511,0.8043466737344288,0.7389938175147767
7,person_vs_organization,2,82,359,0,82,LOOCV,,RandomForest,desc_user,300,False,0.8435374149659864,0.8259349194223145,0.8435374149659864,0.8152019086643784,0.6917249813166656
7,person_vs_organization,2,82,359,0,82,K-Fold,5,SVM,desc_user,300,False,0.8390022675736961,0.8249055256247148,0.8390022675736961,0.7998820978412815,0.7378898022963516
7,person_vs_organization,2,82,359,0,82,LOOCV,,SVM,desc_user,300,False,0.8435374149659864,0.829880851965048,0.8435374149659864,0.8096291722950975,
7,person_vs_organization,2,82,359,0,82,K-Fold,5,AdaBoost,desc_user,300,False,0.8208616780045351,0.7877357029559967,0.8208616780045351,0.7636591327050003,0.6253991439635845
7,person_vs_organization,2,82,359,0,82,LOOCV,,AdaBoost,desc_user,300,False,0.8231292517006803,0.7944208128216158,0.8231292517006803,0.768138425853802,0.8860316597594945
7,person_vs_organization,2,82,359,0,82,K-Fold,5,XGBoost,desc_user,300,False,0.8163265306122449,0.7778519844496218,0.8163265306122449,0.7787895892398395,0.5838372172022556
7,person_vs_organization,2,82,359,0,82,LOOCV,,XGBoost,desc_user,300,False,0.8253968253968254,0.794627247171606,0.8253968253968254,0.7897135601415757,0.40067260004076366
7,person_vs_organization,2,82,359,0,82,K-Fold,5,LogReg,desc_fullname,300,False,0.8231292517006803,0.8546988589486137,0.8231292517006803,0.7515862018524835,0.7744411984509817
7,person_vs_organization,2,82,359,0,82,LOOCV,,LogReg,desc_fullname,300,False,0.8299319727891157,0.8593216088278629,0.8299319727891157,0.7663164051343933,0.7540254093348733
7,person_vs_organization,2,82,359,0,82,K-Fold,5,DecisionTree,desc_fullname,300,False,0.8095238095238095,0.7825551090001218,0.8095238095238095,0.7904992784992786,0.6262823561383246
7,person_vs_organization,2,82,359,0,82,LOOCV,,DecisionTree,desc_fullname,300,False,0.8095238095238095,0.7857894808799201,0.8095238095238095,0.7934905865831589,0.545213669406889
7,person_vs_organization,2,82,359,0,82,K-Fold,5,RandomForest,desc_fullname,300,False,0.8412698412698413,0.8246665897997617,0.8412698412698413,0.8078602456840798,0.7557918336843535
7,person_vs_organization,2,82,359,0,82,LOOCV,,RandomForest,desc_fullname,300,False,0.8435374149659864,0.8246184045757606,0.8435374149659864,0.820156639669584,0.7245057408791359
7,person_vs_organization,2,82,359,0,82,K-Fold,5,SVM,desc_fullname,300,False,0.8344671201814059,0.8170122017060792,0.8344671201814059,0.791931171478192,0.7350533324274747
7,person_vs_organization,2,82,359,0,82,LOOCV,,SVM,desc_fullname,300,False,0.8412698412698413,0.8233962847101532,0.8412698412698413,0.809781488352917,
7,person_vs_organization,2,82,359,0,82,K-Fold,5,AdaBoost,desc_fullname,300,False,0.8253968253968254,0.8091949394274974,0.8253968253968254,0.7666032628623086,0.6391398872205993
7,person_vs_organization,2,82,359,0,82,LOOCV,,AdaBoost,desc_fullname,300,False,0.8231292517006803,0.7944208128216158,0.8231292517006803,0.768138425853802,0.3615055370609417
7,person_vs_organization,2,82,359,0,82,K-Fold,5,XGBoost,desc_fullname,300,False,0.8412698412698413,0.8213788439352349,0.8412698412698413,0.8198563336021842,0.6854745566954277
7,person_vs_organization,2,82,359,0,82,LOOCV,,XGBoost,desc_fullname,300,False,0.8412698412698413,0.8212365910620275,0.8412698412698413,0.8183334018105373,0.552856851688294
7,person_vs_organization,2,82,359,0,82,K-Fold,5,LogReg,user_fullname,300,False,0.8140589569160998,0.6626919853353284,0.8140589569160998,0.7306179138321995,0.6677593586520822
7,person_vs_organization,2,82,359,0,82,LOOCV,,LogReg,user_fullname,300,False,0.8140589569160998,0.6626919853353284,0.8140589569160998,0.7306179138321995,0.5001019090970854
7,person_vs_organization,2,82,359,0,82,K-Fold,5,DecisionTree,user_fullname,300,False,0.8117913832199547,0.7594842968633994,0.8117913832199547,0.7578177058198952,0.6341463414634146
7,person_vs_organization,2,82,359,0,82,LOOCV,,DecisionTree,user_fullname,300,False,0.8231292517006803,0.7902693619015302,0.8231292517006803,0.7764038948912899,0.4420646783069502
7,person_vs_organization,2,82,359,0,82,K-Fold,5,RandomForest,user_fullname,300,False,0.81859410430839,0.7820772237742738,0.81859410430839,0.7558757863813294,0.6605917521570759
7,person_vs_organization,2,82,359,0,82,LOOCV,,RandomForest,user_fullname,300,False,0.8276643990929705,0.8033054041159411,0.8276643990929705,0.7795691030035202,0.540474896392418
7,person_vs_organization,2,82,359,0,82,K-Fold,5,SVM,user_fullname,300,False,0.8140589569160998,0.7580026671232948,0.8140589569160998,0.7388470327167134,0.573748216590801
7,person_vs_organization,2,82,359,0,82,LOOCV,,SVM,user_fullname,300,False,0.8321995464852607,0.832384546670261,0.8321995464852607,0.7771737200478347,
7,person_vs_organization,2,82,359,0,82,K-Fold,5,AdaBoost,user_fullname,300,False,0.8140589569160998,0.6626919853353284,0.8140589569160998,0.7306179138321995,0.5767885046538488
7,person_vs_organization,2,82,359,0,82,LOOCV,,AdaBoost,user_fullname,300,False,0.8140589569160998,0.6626919853353284,0.8140589569160998,0.7306179138321995,0.36819756776954954
7,person_vs_organization,2,82,359,0,82,K-Fold,5,XGBoost,user_fullname,300,False,0.8095238095238095,0.6620023863759626,0.8095238095238095,0.7283685403986156,0.5534683062708065
7,person_vs_organization,2,82,359,0,82,LOOCV,,XGBoost,user_fullname,300,False,0.8072562358276644,0.661655225256008,0.8072562358276644,0.7272396202311958,0.2166927101025885
7,person_vs_organization,2,82,359,0,82,K-Fold,5,LogReg,desc_user_fullname,300,False,0.8231292517006803,0.8546988589486137,0.8231292517006803,0.7515862018524835,0.7709593043005639
7,person_vs_organization,2,82,359,0,82,LOOCV,,LogReg,desc_user_fullname,300,False,0.8299319727891157,0.8593216088278629,0.8299319727891157,0.7663164051343933,0.7575582580338339
7,person_vs_organization,2,82,359,0,82,K-Fold,5,DecisionTree,desc_user_fullname,300,False,0.8163265306122449,0.7948359560498717,0.8163265306122449,0.8015556313153782,0.6461376452204632
7,person_vs_organization,2,82,359,0,82,LOOCV,,DecisionTree,desc_user_fullname,300,False,0.8049886621315193,0.7819801513679063,0.8049886621315193,0.7900254850264868,0.5591242611590461
7,person_vs_organization,2,82,359,0,82,K-Fold,5,RandomForest,desc_user_fullname,300,False,0.8344671201814059,0.8114025098935902,0.8344671201814059,0.8006375310433119,0.7574903186357769
7,person_vs_organization,2,82,359,0,82,LOOCV,,RandomForest,desc_user_fullname,300,False,0.8480725623582767,0.8314111459100799,0.8480725623582767,0.8253694906936541,0.7502887424417419
7,person_vs_organization,2,82,359,0,82,K-Fold,5,SVM,desc_user_fullname,300,False,0.8367346938775511,0.8239614135440401,0.8367346938775511,0.7936035952842676,0.7365649840342414
7,person_vs_organization,2,82,359,0,82,LOOCV,,SVM,desc_user_fullname,300,False,0.8412698412698413,0.8246665897997617,0.8412698412698413,0.8078602456840798,
7,person_vs_organization,2,82,359,0,82,K-Fold,5,AdaBoost,desc_user_fullname,300,False,0.8253968253968254,0.8091949394274974,0.8253968253968254,0.7666032628623086,0.649891296963109
7,person_vs_organization,2,82,359,0,82,LOOCV,,AdaBoost,desc_user_fullname,300,False,0.8299319727891157,0.8279918309818641,0.8299319727891157,0.772665515774976,0.3723079013519941
7,person_vs_organization,2,82,359,0,82,K-Fold,5,XGBoost,desc_user_fullname,300,False,0.8412698412698413,0.8212365910620275,0.8412698412698413,0.8183334018105373,0.6859161627827978
7,person_vs_organization,2,82,359,0,82,LOOCV,,XGBoost,desc_user_fullname,300,False,0.8390022675736961,0.818317050633116,0.8390022675736961,0.8180338548453288,0.5505808818533868
7,person_vs_organization,2,82,359,0,82,K-Fold,5,LogReg,numeric,11,False,0.8095238095238095,0.751750700280112,0.8095238095238095,0.7534013605442177,0.7215164073646307
7,person_vs_organization,2,82,359,0,82,LOOCV,,LogReg,numeric,11,False,0.8163265306122449,0.7715305388870142,0.8163265306122449,0.7576758196089244,0.7226713771315987
7,person_vs_organization,2,82,359,0,82,K-Fold,5,DecisionTree,numeric,11,False,0.7256235827664399,0.7490211266024561,0.7256235827664399,0.7361381601664644,0.5915313540322031
7,person_vs_organization,2,82,359,0,82,LOOCV,,DecisionTree,numeric,11,False,0.7210884353741497,0.7471904140526779,0.7210884353741497,0.7327168705319965,0.588745838711869
7,person_vs_organization,2,82,359,0,82,K-Fold,5,RandomForest,numeric,11,False,0.8140589569160998,0.7756654414006842,0.8140589569160998,0.7793351807097109,0.7306372715537739
7,person_vs_organization,2,82,359,0,82,LOOCV,,RandomForest,numeric,11,False,0.8276643990929705,0.7994270599312616,0.8276643990929705,0.7974083063794828,0.7630443644269312
7,person_vs_organization,2,82,359,0,82,K-Fold,5,SVM,numeric,11,False,0.8072562358276644,0.661655225256008,0.8072562358276644,0.7272396202311958,0.4833888171750798
7,person_vs_organization,2,82,359,0,82,LOOCV,,SVM,numeric,11,False,0.8049886621315193,0.6613064752979758,0.8049886621315193,0.7261078635809434,
7,person_vs_organization,2,82,359,0,82,K-Fold,5,AdaBoost,numeric,11,False,0.8163265306122449,0.7878089282851187,0.8163265306122449,0.7940715546791278,0.7057374821659079
7,person_vs_organization,2,82,359,0,82,LOOCV,,AdaBoost,numeric,11,False,0.8344671201814059,0.8106319046502015,0.8344671201814059,0.8063040600855726,0.7549086215096135
7,person_vs_organization,2,82,359,0,82,K-Fold,5,XGBoost,numeric,11,False,0.800453514739229,0.7671265460871564,0.800453514739229,0.7771559994466399,0.7137373462871119
7,person_vs_organization,2,82,359,0,82,LOOCV,,XGBoost,numeric,11,False,0.8276643990929705,0.8068439293191405,0.8276643990929705,0.8118290283096504,0.7372783477138393
7,person_vs_organization,2,82,359,0,82,K-Fold,5,LogReg,desc+numeric,311,False,0.8412698412698413,0.8351920974248765,0.8412698412698413,0.7993368287485935,0.7487261362864325
7,person_vs_organization,2,82,359,0,82,LOOCV,,LogReg,desc+numeric,311,False,0.854875283446712,0.857674404693932,0.854875283446712,0.8205948267915089,0.7671377131598613
7,person_vs_organization,2,82,359,0,82,K-Fold,5,DecisionTree,desc+numeric,311,False,0.7845804988662132,0.7774801432412674,0.7845804988662132,0.7808181095119064,0.6277430531965487
7,person_vs_organization,2,82,359,0,82,LOOCV,,DecisionTree,desc+numeric,311,False,0.7664399092970522,0.7631303681227252,0.7664399092970522,0.7647497922564471,0.6071913852843263
7,person_vs_organization,2,82,359,0,82,K-Fold,5,RandomForest,desc+numeric,311,False,0.8458049886621315,0.8418494033904876,0.8458049886621315,0.8072714815278164,0.7628405462327603
7,person_vs_organization,2,82,359,0,82,LOOCV,,RandomForest,desc+numeric,311,False,0.8503401360544217,0.8397537117036595,0.8503401360544217,0.8206511175898931,0.7948909572661186
7,person_vs_organization,2,82,359,0,82,K-Fold,5,SVM,desc+numeric,311,False,0.8503401360544217,0.8380736157543701,0.8503401360544217,0.8223917308151331,0.7387390447720632
7,person_vs_organization,2,82,359,0,82,LOOCV,,SVM,desc+numeric,311,False,0.8435374149659864,0.8259349194223145,0.8435374149659864,0.8152019086643784,
7,person_vs_organization,2,82,359,0,82,K-Fold,5,AdaBoost,desc+numeric,311,False,0.8276643990929705,0.8002704951221828,0.8276643990929705,0.7845975381781478,0.7065018003940485
7,person_vs_organization,2,82,359,0,82,LOOCV,,AdaBoost,desc+numeric,311,False,0.8344671201814059,0.8109193218331129,0.8344671201814059,0.8026014169510821,0.7418302873836538
7,person_vs_organization,2,82,359,0,82,K-Fold,5,XGBoost,desc+numeric,311,False,0.800453514739229,0.769052956212171,0.800453514739229,0.7788699986268376,0.725185134859705
7,person_vs_organization,2,82,359,0,82,LOOCV,,XGBoost,desc+numeric,311,False,0.8299319727891157,0.8081702068582535,0.8299319727891157,0.8122477053150369,0.7576601671309192
