iteration,target_column,#classes,#class_0,#class_1,#class_2,min_class_size,training_type,K,algorithm,feature_set,Features_count,balanced,accuracy,precision,recall,F1,AUC,n_labeled_users
1,target_population,3,50,13,37,13,K-Fold,5,LogReg,numeric,11,True,0.66,0.682690537084399,0.66,0.6673143405889884,0.7691447181171318,100
1,target_population,3,50,13,37,13,K-Fold,5,LogReg,numeric,11,False,0.65,0.6453387533875339,0.65,0.6454778554778555,0.7658983032293378,100
1,target_population,3,50,13,37,13,K-Fold,5,DecisionTree,numeric,11,True,0.61,0.6152423469387754,0.61,0.6117485196795541,0.6792282430213464,100
1,target_population,3,50,13,37,13,K-Fold,5,DecisionTree,numeric,11,False,0.63,0.6344581387303235,0.63,0.6312113137721386,0.6884072249589491,100
1,target_population,3,50,13,37,13,K-Fold,5,RandomForest,numeric,11,True,0.64,0.6572882483370289,0.64,0.6462598394513287,0.7946507936507936,100
1,target_population,3,50,13,37,13,K-Fold,5,RandomForest,numeric,11,False,0.65,0.6375396825396825,0.65,0.6303983618763962,0.787876464148878,100
1,target_population,3,50,13,37,13,K-Fold,5,SVM,numeric,11,True,0.63,0.6612355889724312,0.63,0.6397955204216074,0.785736726874658,100
1,target_population,3,50,13,37,13,K-Fold,5,SVM,numeric,11,False,0.68,0.7062402993348116,0.68,0.684829885800474,0.7864329501915709,100
1,target_population,3,50,13,37,13,K-Fold,5,AdaBoost,numeric,11,True,0.68,0.6877836691410393,0.68,0.6825961538461539,0.7241972085385879,100
1,target_population,3,50,13,37,13,K-Fold,5,AdaBoost,numeric,11,False,0.63,0.6320247046186895,0.63,0.6309373737373738,0.7208647509578543,100
1,target_population,3,50,13,37,13,K-Fold,5,XGBoost,numeric,11,True,0.66,0.6514285714285714,0.66,0.6493584905660379,0.7667955117679256,100
1,target_population,3,50,13,37,13,K-Fold,5,XGBoost,numeric,11,False,0.64,0.6343157894736842,0.64,0.6248859813084112,0.7702031746031746,100
1,target_population,3,50,13,37,13,K-Fold,5,LogReg,numeric+iran,31,True,0.65,0.6580217086834734,0.65,0.6524399092970522,0.7606498084291188,100
1,target_population,3,50,13,37,13,K-Fold,5,LogReg,numeric+iran,31,False,0.67,0.6756346153846152,0.67,0.6678736949325185,0.7606016420361249,100
1,target_population,3,50,13,37,13,K-Fold,5,DecisionTree,numeric+iran,31,True,0.61,0.6128205128205129,0.61,0.6087161084529505,0.6599014778325123,100
1,target_population,3,50,13,37,13,K-Fold,5,DecisionTree,numeric+iran,31,False,0.56,0.5582655826558266,0.56,0.5570163170163169,0.6245977011494253,100
1,target_population,3,50,13,37,13,K-Fold,5,RandomForest,numeric+iran,31,True,0.72,0.7250129342202513,0.72,0.7210884353741497,0.8281671045429667,100
1,target_population,3,50,13,37,13,K-Fold,5,RandomForest,numeric+iran,31,False,0.7,0.7054626972740315,0.7,0.6976038153265877,0.8072930487137384,100
1,target_population,3,50,13,37,13,K-Fold,5,SVM,numeric+iran,31,True,0.64,0.6624641148325359,0.64,0.6473404255319148,0.7877688013136289,100
1,target_population,3,50,13,37,13,K-Fold,5,SVM,numeric+iran,31,False,0.68,0.6785580693815987,0.68,0.6779120692389605,0.7943543513957309,100
1,target_population,3,50,13,37,13,K-Fold,5,AdaBoost,numeric+iran,31,True,0.71,0.7189682539682539,0.71,0.7123850766155896,0.749776026272578,100
1,target_population,3,50,13,37,13,K-Fold,5,AdaBoost,numeric+iran,31,False,0.66,0.6549245283018869,0.66,0.6568741100323625,0.7223074438970991,100
1,target_population,3,50,13,37,13,K-Fold,5,XGBoost,numeric+iran,31,True,0.63,0.6242692307692308,0.63,0.6236974789915967,0.7827176792556102,100
1,target_population,3,50,13,37,13,K-Fold,5,XGBoost,numeric+iran,31,False,0.66,0.6594172494172494,0.66,0.6501127819548873,0.7875308155446086,100
1,target_population,3,50,13,37,13,K-Fold,5,LogReg,desc+numeric,62,True,0.63,0.6521473243068988,0.63,0.6374519569777302,0.7620522167487684,100
1,target_population,3,50,13,37,13,K-Fold,5,LogReg,desc+numeric,62,False,0.66,0.6541343854615016,0.66,0.6534537409784934,0.7632002189381502,100
1,target_population,3,50,13,37,13,K-Fold,5,DecisionTree,desc+numeric,62,True,0.59,0.6035363247863248,0.59,0.5951088929219601,0.6696715927750411,100
1,target_population,3,50,13,37,13,K-Fold,5,DecisionTree,desc+numeric,62,False,0.63,0.6542140921409214,0.63,0.6365485052581826,0.7097974822112754,100
1,target_population,3,50,13,37,13,K-Fold,5,RandomForest,desc+numeric,62,True,0.62,0.6279957582184518,0.62,0.6227884615384615,0.7716305966064586,100
1,target_population,3,50,13,37,13,K-Fold,5,RandomForest,desc+numeric,62,False,0.6,0.5452116402116403,0.6,0.5712122687439144,0.7793854953475642,100
1,target_population,3,50,13,37,13,K-Fold,5,SVM,desc+numeric,62,True,0.6,0.6355581260844417,0.6,0.6130520594965675,0.7712086480569239,100
1,target_population,3,50,13,37,13,K-Fold,5,SVM,desc+numeric,62,False,0.65,0.6671343873517788,0.65,0.653476366149148,0.782935632183908,100
1,target_population,3,50,13,37,13,K-Fold,5,AdaBoost,desc+numeric,62,True,0.6,0.6138152254249816,0.6,0.6046563011456628,0.6880714285714284,100
1,target_population,3,50,13,37,13,K-Fold,5,AdaBoost,desc+numeric,62,False,0.63,0.628640350877193,0.63,0.6292,0.7225344827586206,100
1,target_population,3,50,13,37,13,K-Fold,5,XGBoost,desc+numeric,62,True,0.64,0.6348555148555148,0.64,0.6315951417004048,0.7659432950191573,100
1,target_population,3,50,13,37,13,K-Fold,5,XGBoost,desc+numeric,62,False,0.65,0.6430877192982456,0.65,0.6342317757009346,0.7693135194307608,100
1,target_population,3,50,13,37,13,K-Fold,5,LogReg,desc+numeric+iran,82,True,0.65,0.659988527325824,0.65,0.6533440662806572,0.7578573617952928,100
1,target_population,3,50,13,37,13,K-Fold,5,LogReg,desc+numeric+iran,82,False,0.67,0.668801721284343,0.67,0.6666165342747867,0.759864367816092,100
1,target_population,3,50,13,37,13,K-Fold,5,DecisionTree,desc+numeric+iran,82,True,0.59,0.5939999999999999,0.59,0.591530612244898,0.6591023535851122,100
1,target_population,3,50,13,37,13,K-Fold,5,DecisionTree,desc+numeric+iran,82,False,0.61,0.6133971631205674,0.61,0.6063153609444784,0.670344827586207,100
1,target_population,3,50,13,37,13,K-Fold,5,RandomForest,desc+numeric+iran,82,True,0.72,0.723,0.72,0.7208252319109463,0.8099777230432403,100
1,target_population,3,50,13,37,13,K-Fold,5,RandomForest,desc+numeric+iran,82,False,0.67,0.6697777777777777,0.67,0.6603861927546137,0.799736070060208,100
1,target_population,3,50,13,37,13,K-Fold,5,SVM,desc+numeric+iran,82,True,0.61,0.626268115942029,0.61,0.6158957504787156,0.7795137383689107,100
1,target_population,3,50,13,37,13,K-Fold,5,SVM,desc+numeric+iran,82,False,0.67,0.6729111234294162,0.67,0.6702433281004709,0.7869657361795294,100
1,target_population,3,50,13,37,13,K-Fold,5,AdaBoost,desc+numeric+iran,82,True,0.66,0.6670201484623541,0.66,0.6622756410256411,0.7295178981937603,100
1,target_population,3,50,13,37,13,K-Fold,5,AdaBoost,desc+numeric+iran,82,False,0.67,0.6632794612794614,0.67,0.665448717948718,0.716907772304324,100
1,target_population,3,50,13,37,13,K-Fold,5,XGBoost,desc+numeric+iran,82,True,0.65,0.6430416951469583,0.65,0.6404952380952382,0.793263929939792,100
1,target_population,3,50,13,37,13,K-Fold,5,XGBoost,desc+numeric+iran,82,False,0.65,0.6512685185185185,0.65,0.6411604185288395,0.7846143404488234,100
1,target_population,2,50,13,0,13,K-Fold,5,LogReg,numeric,11,True,0.8888888888888888,0.8924522189828312,0.8888888888888888,0.8903853348297793,0.9384615384615385,100
1,target_population,2,50,13,0,13,K-Fold,5,LogReg,numeric,11,False,0.873015873015873,0.8674103674103674,0.873015873015873,0.8689698101462807,0.9369230769230769,100
1,target_population,2,50,13,0,13,K-Fold,5,DecisionTree,numeric,11,True,0.7619047619047619,0.7551353874883286,0.7619047619047619,0.7583215464403583,0.6223076923076923,100
1,target_population,2,50,13,0,13,K-Fold,5,DecisionTree,numeric,11,False,0.8095238095238095,0.8095238095238095,0.8095238095238095,0.8095238095238095,0.7092307692307691,100
1,target_population,2,50,13,0,13,K-Fold,5,RandomForest,numeric,11,True,0.7936507936507936,0.7770290506139562,0.7936507936507936,0.7831983222443332,0.8538461538461539,100
1,target_population,2,50,13,0,13,K-Fold,5,RandomForest,numeric,11,False,0.8253968253968254,0.8138956147430724,0.8253968253968254,0.7863867259442002,0.9076923076923077,100
1,target_population,2,50,13,0,13,K-Fold,5,SVM,numeric,11,True,0.8888888888888888,0.8924522189828312,0.8888888888888888,0.8903853348297793,0.9323076923076923,100
1,target_population,2,50,13,0,13,K-Fold,5,SVM,numeric,11,False,0.9047619047619048,0.9047619047619048,0.9047619047619048,0.9047619047619048,0.9215384615384615,100
1,target_population,2,50,13,0,13,K-Fold,5,AdaBoost,numeric,11,True,0.8253968253968254,0.8206504824151883,0.8253968253968254,0.8227691340562628,0.8476923076923076,100
1,target_population,2,50,13,0,13,K-Fold,5,AdaBoost,numeric,11,False,0.8253968253968254,0.8206504824151883,0.8253968253968254,0.8227691340562628,0.8553846153846153,100
1,target_population,2,50,13,0,13,K-Fold,5,XGBoost,numeric,11,True,0.7619047619047619,0.7687074829931972,0.7619047619047619,0.7651114317780984,0.8430769230769232,100
1,target_population,2,50,13,0,13,K-Fold,5,XGBoost,numeric,11,False,0.7936507936507936,0.7669552669552668,0.7936507936507936,0.7739984882842025,0.7984615384615384,100
1,target_population,2,50,13,0,13,K-Fold,5,LogReg,numeric+iran,31,True,0.873015873015873,0.8816137566137566,0.873015873015873,0.8762552640103661,0.893846153846154,100
1,target_population,2,50,13,0,13,K-Fold,5,LogReg,numeric+iran,31,False,0.9047619047619048,0.9014319014319013,0.9047619047619048,0.9017273576097105,0.896923076923077,100
1,target_population,2,50,13,0,13,K-Fold,5,DecisionTree,numeric+iran,31,True,0.8253968253968254,0.8206504824151883,0.8253968253968254,0.8227691340562628,0.7192307692307692,100
1,target_population,2,50,13,0,13,K-Fold,5,DecisionTree,numeric+iran,31,False,0.8253968253968254,0.8206504824151883,0.8253968253968254,0.8227691340562628,0.7192307692307692,100
1,target_population,2,50,13,0,13,K-Fold,5,RandomForest,numeric+iran,31,True,0.9206349206349206,0.9194669062593591,0.9206349206349206,0.9166147393247435,0.9230769230769231,100
1,target_population,2,50,13,0,13,K-Fold,5,RandomForest,numeric+iran,31,False,0.8571428571428571,0.85421888053467,0.8571428571428571,0.8354999648654347,0.9400000000000001,100
1,target_population,2,50,13,0,13,K-Fold,5,SVM,numeric+iran,31,True,0.8888888888888888,0.8924522189828312,0.8888888888888888,0.8903853348297793,0.8353846153846154,100
1,target_population,2,50,13,0,13,K-Fold,5,SVM,numeric+iran,31,False,0.8888888888888888,0.8924522189828312,0.8888888888888888,0.8903853348297793,0.8307692307692308,100
1,target_population,2,50,13,0,13,K-Fold,5,AdaBoost,numeric+iran,31,True,0.8571428571428571,0.8482479784366578,0.8571428571428571,0.8499065307845384,0.8184615384615386,100
1,target_population,2,50,13,0,13,K-Fold,5,AdaBoost,numeric+iran,31,False,0.873015873015873,0.8659611992945326,0.873015873015873,0.8639138639138639,0.8515384615384615,100
1,target_population,2,50,13,0,13,K-Fold,5,XGBoost,numeric+iran,31,True,0.873015873015873,0.8659611992945326,0.873015873015873,0.8639138639138639,0.8615384615384616,100
1,target_population,2,50,13,0,13,K-Fold,5,XGBoost,numeric+iran,31,False,0.8412698412698413,0.8276643990929704,0.8412698412698413,0.8219526804432465,0.836923076923077,100
1,target_population,2,50,13,0,13,K-Fold,5,LogReg,desc+numeric,62,True,0.8888888888888888,0.8924522189828312,0.8888888888888888,0.8903853348297793,0.9292307692307693,100
1,target_population,2,50,13,0,13,K-Fold,5,LogReg,desc+numeric,62,False,0.873015873015873,0.8674103674103674,0.873015873015873,0.8689698101462807,0.9292307692307693,100
1,target_population,2,50,13,0,13,K-Fold,5,DecisionTree,desc+numeric,62,True,0.8253968253968254,0.8305798509880143,0.8253968253968254,0.8277483833039389,0.7476923076923078,100
1,target_population,2,50,13,0,13,K-Fold,5,DecisionTree,desc+numeric,62,False,0.7777777777777778,0.7907407407407406,0.7777777777777778,0.7834467120181405,0.6892307692307692,100
1,target_population,2,50,13,0,13,K-Fold,5,RandomForest,desc+numeric,62,True,0.8253968253968254,0.8206504824151883,0.8253968253968254,0.8227691340562628,0.8538461538461538,100
1,target_population,2,50,13,0,13,K-Fold,5,RandomForest,desc+numeric,62,False,0.8095238095238095,0.8463901689708141,0.8095238095238095,0.7380952380952381,0.8807692307692309,100
1,target_population,2,50,13,0,13,K-Fold,5,SVM,desc+numeric,62,True,0.8571428571428571,0.8615160349854228,0.8571428571428571,0.859066859066859,0.8953846153846154,100
1,target_population,2,50,13,0,13,K-Fold,5,SVM,desc+numeric,62,False,0.873015873015873,0.873015873015873,0.873015873015873,0.873015873015873,0.8907692307692308,100
1,target_population,2,50,13,0,13,K-Fold,5,AdaBoost,desc+numeric,62,True,0.8253968253968254,0.8206504824151883,0.8253968253968254,0.8227691340562628,0.8307692307692307,100
1,target_population,2,50,13,0,13,K-Fold,5,AdaBoost,desc+numeric,62,False,0.8253968253968254,0.8206504824151883,0.8253968253968254,0.8227691340562628,0.8584615384615385,100
1,target_population,2,50,13,0,13,K-Fold,5,XGBoost,desc+numeric,62,True,0.7619047619047619,0.7687074829931972,0.7619047619047619,0.7651114317780984,0.8030769230769231,100
1,target_population,2,50,13,0,13,K-Fold,5,XGBoost,desc+numeric,62,False,0.7936507936507936,0.7669552669552668,0.7936507936507936,0.7739984882842025,0.7984615384615384,100
1,target_population,2,50,13,0,13,K-Fold,5,LogReg,desc+numeric+iran,82,True,0.873015873015873,0.8816137566137566,0.873015873015873,0.8762552640103661,0.8923076923076924,100
1,target_population,2,50,13,0,13,K-Fold,5,LogReg,desc+numeric+iran,82,False,0.9047619047619048,0.9014319014319013,0.9047619047619048,0.9017273576097105,0.896923076923077,100
1,target_population,2,50,13,0,13,K-Fold,5,DecisionTree,desc+numeric+iran,82,True,0.7619047619047619,0.7687074829931972,0.7619047619047619,0.7651114317780984,0.6507692307692309,100
1,target_population,2,50,13,0,13,K-Fold,5,DecisionTree,desc+numeric+iran,82,False,0.8095238095238095,0.8095238095238095,0.8095238095238095,0.8095238095238095,0.7092307692307691,100
1,target_population,2,50,13,0,13,K-Fold,5,RandomForest,desc+numeric+iran,82,True,0.9047619047619048,0.9014319014319013,0.9047619047619048,0.9017273576097105,0.9107692307692308,100
1,target_population,2,50,13,0,13,K-Fold,5,RandomForest,desc+numeric+iran,82,False,0.8571428571428571,0.85421888053467,0.8571428571428571,0.8354999648654347,0.9338461538461538,100
1,target_population,2,50,13,0,13,K-Fold,5,SVM,desc+numeric+iran,82,True,0.8412698412698413,0.8513227513227511,0.8412698412698413,0.8453190800129575,0.8230769230769232,100
1,target_population,2,50,13,0,13,K-Fold,5,SVM,desc+numeric+iran,82,False,0.873015873015873,0.8816137566137566,0.873015873015873,0.8762552640103661,0.8323076923076924,100
1,target_population,2,50,13,0,13,K-Fold,5,AdaBoost,desc+numeric+iran,82,True,0.873015873015873,0.8659611992945326,0.873015873015873,0.8639138639138639,0.7984615384615384,100
1,target_population,2,50,13,0,13,K-Fold,5,AdaBoost,desc+numeric+iran,82,False,0.873015873015873,0.8659611992945326,0.873015873015873,0.8639138639138639,0.8392307692307693,100
1,target_population,2,50,13,0,13,K-Fold,5,XGBoost,desc+numeric+iran,82,True,0.8571428571428571,0.8474025974025974,0.8571428571428571,0.8435374149659864,0.8461538461538463,100
1,target_population,2,50,13,0,13,K-Fold,5,XGBoost,desc+numeric+iran,82,False,0.8412698412698413,0.8276643990929704,0.8412698412698413,0.8219526804432465,0.836923076923077,100
1,locals_vs_diaspora,3,2,6,92,2,K-Fold,5,LogReg,numeric,11,True,0.84,0.9094183864915572,0.84,0.8669812462189959,0.8705780503690838,100
1,locals_vs_diaspora,3,2,6,92,2,K-Fold,5,LogReg,numeric,11,False,0.94,0.9170833333333333,0.94,0.9266382978723403,0.8736001953973078,100
1,locals_vs_diaspora,3,2,6,92,2,K-Fold,5,DecisionTree,numeric,11,True,0.93,0.9271703296703296,0.93,0.9276658860265418,0.7914405123751628,100
1,locals_vs_diaspora,3,2,6,92,2,K-Fold,5,DecisionTree,numeric,11,False,0.94,0.9328571428571429,0.94,0.9361538461538461,0.796759661311333,100
1,locals_vs_diaspora,3,2,6,92,2,K-Fold,5,RandomForest,numeric,11,True,0.93,0.9165789473684209,0.93,0.9215614973262031,0.7680465696917065,100
1,locals_vs_diaspora,3,2,6,92,2,K-Fold,5,RandomForest,numeric,11,False,0.94,0.9236734693877551,0.94,0.9209473684210526,0.8063634389926183,100
1,locals_vs_diaspora,3,2,6,92,2,K-Fold,5,SVM,numeric,11,True,0.82,0.8951219512195121,0.82,0.8514942528735632,0.8304977203647417,100
1,locals_vs_diaspora,3,2,6,92,2,K-Fold,5,SVM,numeric,11,False,0.92,0.8925,0.92,0.9048510638297873,0.7526340642640035,100
1,locals_vs_diaspora,3,2,6,92,2,K-Fold,5,AdaBoost,numeric,11,True,0.92,0.94,0.92,0.9279999999999999,0.7017716022579245,100
1,locals_vs_diaspora,3,2,6,92,2,K-Fold,5,AdaBoost,numeric,11,False,0.94,0.9320833333333333,0.94,0.9306382978723404,0.578070722970039,100
1,locals_vs_diaspora,3,2,6,92,2,K-Fold,5,XGBoost,numeric,11,True,0.91,0.9218947368421052,0.91,0.9057219251336899,0.7944569583152411,100
1,locals_vs_diaspora,3,2,6,92,2,K-Fold,5,XGBoost,numeric,11,False,0.92,0.9142857142857143,0.92,0.8984060150375939,0.6946303734259661,100
1,locals_vs_diaspora,3,2,6,92,2,K-Fold,5,LogReg,numeric+iran,31,True,0.91,0.9275604395604395,0.91,0.9183904619970192,0.7831676074685192,100
1,locals_vs_diaspora,3,2,6,92,2,K-Fold,5,LogReg,numeric+iran,31,False,0.94,0.9170833333333333,0.94,0.9266382978723403,0.7832647633521493,100
1,locals_vs_diaspora,3,2,6,92,2,K-Fold,5,DecisionTree,numeric+iran,31,True,0.9,0.9,0.9,0.9,0.6613384715588363,100
1,locals_vs_diaspora,3,2,6,92,2,K-Fold,5,DecisionTree,numeric+iran,31,False,0.92,0.9104301075268818,0.92,0.9151891891891892,0.7289405123751628,100
1,locals_vs_diaspora,3,2,6,92,2,K-Fold,5,RandomForest,numeric+iran,31,True,0.94,0.9288510638297872,0.94,0.9339589442815249,0.8177279635258359,100
1,locals_vs_diaspora,3,2,6,92,2,K-Fold,5,RandomForest,numeric+iran,31,False,0.95,0.9325773195876289,0.95,0.9356613756613755,0.8597242726877985,100
1,locals_vs_diaspora,3,2,6,92,2,K-Fold,5,SVM,numeric+iran,31,True,0.9,0.9271111111111111,0.9,0.913086913086913,0.7292151541467651,100
1,locals_vs_diaspora,3,2,6,92,2,K-Fold,5,SVM,numeric+iran,31,False,0.95,0.9292631578947368,0.95,0.9390374331550803,0.7032794181502388,100
1,locals_vs_diaspora,3,2,6,92,2,K-Fold,5,AdaBoost,numeric+iran,31,True,0.9,0.9059999999999999,0.9,0.9027272727272727,0.6367553191489361,100
1,locals_vs_diaspora,3,2,6,92,2,K-Fold,5,AdaBoost,numeric+iran,31,False,0.94,0.9320833333333333,0.94,0.9306382978723404,0.6603313612679114,100
1,locals_vs_diaspora,3,2,6,92,2,K-Fold,5,XGBoost,numeric+iran,31,True,0.91,0.9155376344086023,0.91,0.9112432432432432,0.8305340859748155,100
1,locals_vs_diaspora,3,2,6,92,2,K-Fold,5,XGBoost,numeric+iran,31,False,0.92,0.8925,0.92,0.9048510638297873,0.8640539513677811,100
1,locals_vs_diaspora,3,2,6,92,2,K-Fold,5,LogReg,desc+numeric,62,True,0.84,0.9094183864915572,0.84,0.8669812462189959,0.8677675857577073,100
1,locals_vs_diaspora,3,2,6,92,2,K-Fold,5,LogReg,desc+numeric,62,False,0.94,0.9170833333333333,0.94,0.9266382978723403,0.8693356491532783,100
1,locals_vs_diaspora,3,2,6,92,2,K-Fold,5,DecisionTree,desc+numeric,62,True,0.91,0.9264887640449438,0.91,0.9171112865035518,0.7812364307425098,100
1,locals_vs_diaspora,3,2,6,92,2,K-Fold,5,DecisionTree,desc+numeric,62,False,0.89,0.8906451612903226,0.89,0.8892972972972975,0.59905557967868,100
1,locals_vs_diaspora,3,2,6,92,2,K-Fold,5,RandomForest,desc+numeric,62,True,0.93,0.9030927835051547,0.93,0.9125925925925925,0.7643424337820234,100
1,locals_vs_diaspora,3,2,6,92,2,K-Fold,5,RandomForest,desc+numeric,62,False,0.92,0.8464,0.92,0.8816666666666667,0.7778907946157186,100
1,locals_vs_diaspora,3,2,6,92,2,K-Fold,5,SVM,desc+numeric,62,True,0.81,0.8809419496166485,0.81,0.8412907563025211,0.8206795484151105,100
1,locals_vs_diaspora,3,2,6,92,2,K-Fold,5,SVM,desc+numeric,62,False,0.94,0.9170833333333333,0.94,0.9266382978723403,0.7711159357359965,100
1,locals_vs_diaspora,3,2,6,92,2,K-Fold,5,AdaBoost,desc+numeric,62,True,0.91,0.9275604395604395,0.91,0.9183904619970192,0.6865675206252714,100
1,locals_vs_diaspora,3,2,6,92,2,K-Fold,5,AdaBoost,desc+numeric,62,False,0.94,0.9320833333333333,0.94,0.9306382978723404,0.5393250651324359,100
1,locals_vs_diaspora,3,2,6,92,2,K-Fold,5,XGBoost,desc+numeric,62,True,0.9,0.9212765957446808,0.9,0.9005376344086022,0.8016600629613548,100
1,locals_vs_diaspora,3,2,6,92,2,K-Fold,5,XGBoost,desc+numeric,62,False,0.92,0.9142857142857143,0.92,0.8984060150375939,0.6946303734259661,100
1,locals_vs_diaspora,3,2,6,92,2,K-Fold,5,LogReg,desc+numeric+iran,82,True,0.91,0.9275604395604395,0.91,0.9183904619970192,0.7871216891011724,100
1,locals_vs_diaspora,3,2,6,92,2,K-Fold,5,LogReg,desc+numeric+iran,82,False,0.94,0.9170833333333333,0.94,0.9266382978723403,0.7820060790273555,100
1,locals_vs_diaspora,3,2,6,92,2,K-Fold,5,DecisionTree,desc+numeric+iran,82,True,0.88,0.8988888888888888,0.88,0.8893406593406594,0.6511343899261831,100
1,locals_vs_diaspora,3,2,6,92,2,K-Fold,5,DecisionTree,desc+numeric+iran,82,False,0.92,0.9296703296703296,0.92,0.9248087431693989,0.78655557967868,100
1,locals_vs_diaspora,3,2,6,92,2,K-Fold,5,RandomForest,desc+numeric+iran,82,True,0.95,0.9292631578947368,0.95,0.9390374331550803,0.8256781914893616,100
1,locals_vs_diaspora,3,2,6,92,2,K-Fold,5,RandomForest,desc+numeric+iran,82,False,0.94,0.9236734693877551,0.94,0.9209473684210526,0.8379423577941815,100
1,locals_vs_diaspora,3,2,6,92,2,K-Fold,5,SVM,desc+numeric+iran,82,True,0.9,0.9271111111111111,0.9,0.913086913086913,0.7325179114198871,100
1,locals_vs_diaspora,3,2,6,92,2,K-Fold,5,SVM,desc+numeric+iran,82,False,0.95,0.9292631578947368,0.95,0.9390374331550803,0.7173523664785063,100
1,locals_vs_diaspora,3,2,6,92,2,K-Fold,5,AdaBoost,desc+numeric+iran,82,True,0.9,0.915,0.9,0.9059999999999999,0.527352637863656,100
1,locals_vs_diaspora,3,2,6,92,2,K-Fold,5,AdaBoost,desc+numeric+iran,82,False,0.94,0.9320833333333333,0.94,0.9306382978723404,0.6906928462874511,100
1,locals_vs_diaspora,3,2,6,92,2,K-Fold,5,XGBoost,desc+numeric+iran,82,True,0.92,0.916063829787234,0.92,0.9164301075268817,0.8214823056882328,100
1,locals_vs_diaspora,3,2,6,92,2,K-Fold,5,XGBoost,desc+numeric+iran,82,False,0.92,0.8925,0.92,0.9048510638297873,0.8640539513677811,100
1,locals_vs_diaspora,2,2,6,0,2,K-Fold,5,LogReg,numeric,11,True,0.625,0.5357142857142857,0.625,0.576923076923077,0.4166666666666667,100
1,locals_vs_diaspora,2,2,6,0,2,K-Fold,5,LogReg,numeric,11,False,0.625,0.5357142857142857,0.625,0.576923076923077,0.4166666666666667,100
1,locals_vs_diaspora,2,2,6,0,2,K-Fold,5,DecisionTree,numeric,11,True,0.75,0.5625,0.75,0.6428571428571428,0.5,100
1,locals_vs_diaspora,2,2,6,0,2,K-Fold,5,DecisionTree,numeric,11,False,0.75,0.5625,0.75,0.6428571428571428,0.5,100
1,locals_vs_diaspora,2,2,6,0,2,K-Fold,5,RandomForest,numeric,11,True,0.625,0.5357142857142857,0.625,0.576923076923077,0.7916666666666667,100
1,locals_vs_diaspora,2,2,6,0,2,K-Fold,5,RandomForest,numeric,11,False,0.75,0.5625,0.75,0.6428571428571428,0.6666666666666666,100
1,locals_vs_diaspora,2,2,6,0,2,K-Fold,5,SVM,numeric,11,True,0.625,0.5357142857142857,0.625,0.576923076923077,0.08333333333333333,100
1,locals_vs_diaspora,2,2,6,0,2,K-Fold,5,SVM,numeric,11,False,0.625,0.5357142857142857,0.625,0.576923076923077,0.08333333333333333,100
1,locals_vs_diaspora,2,2,6,0,2,K-Fold,5,AdaBoost,numeric,11,True,0.75,0.5625,0.75,0.6428571428571428,0.5,100
1,locals_vs_diaspora,2,2,6,0,2,K-Fold,5,AdaBoost,numeric,11,False,0.75,0.5625,0.75,0.6428571428571428,0.5,100
1,locals_vs_diaspora,2,2,6,0,2,K-Fold,5,XGBoost,numeric,11,True,0.25,0.0625,0.25,0.1,0.5,100
1,locals_vs_diaspora,2,2,6,0,2,K-Fold,5,XGBoost,numeric,11,False,0.75,0.5625,0.75,0.6428571428571428,0.16666666666666666,100
1,locals_vs_diaspora,2,2,6,0,2,K-Fold,5,LogReg,numeric+iran,31,True,0.625,0.5357142857142857,0.625,0.576923076923077,0.3333333333333333,100
1,locals_vs_diaspora,2,2,6,0,2,K-Fold,5,LogReg,numeric+iran,31,False,0.625,0.5357142857142857,0.625,0.576923076923077,0.3333333333333333,100
1,locals_vs_diaspora,2,2,6,0,2,K-Fold,5,DecisionTree,numeric+iran,31,True,0.625,0.5357142857142857,0.625,0.576923076923077,0.4166666666666667,100
1,locals_vs_diaspora,2,2,6,0,2,K-Fold,5,DecisionTree,numeric+iran,31,False,0.625,0.5357142857142857,0.625,0.576923076923077,0.4166666666666667,100
1,locals_vs_diaspora,2,2,6,0,2,K-Fold,5,RandomForest,numeric+iran,31,True,0.625,0.5357142857142857,0.625,0.576923076923077,0.8333333333333334,100
1,locals_vs_diaspora,2,2,6,0,2,K-Fold,5,RandomForest,numeric+iran,31,False,0.75,0.5625,0.75,0.6428571428571428,0.6666666666666666,100
1,locals_vs_diaspora,2,2,6,0,2,K-Fold,5,SVM,numeric+iran,31,True,0.5,0.5,0.5,0.5,0.25,100
1,locals_vs_diaspora,2,2,6,0,2,K-Fold,5,SVM,numeric+iran,31,False,0.5,0.5,0.5,0.5,0.25,100
1,locals_vs_diaspora,2,2,6,0,2,K-Fold,5,AdaBoost,numeric+iran,31,True,0.625,0.6833333333333335,0.625,0.6454545454545454,0.5833333333333333,100
1,locals_vs_diaspora,2,2,6,0,2,K-Fold,5,AdaBoost,numeric+iran,31,False,0.625,0.6833333333333335,0.625,0.6454545454545454,0.5833333333333333,100
1,locals_vs_diaspora,2,2,6,0,2,K-Fold,5,XGBoost,numeric+iran,31,True,0.25,0.0625,0.25,0.1,0.5,100
1,locals_vs_diaspora,2,2,6,0,2,K-Fold,5,XGBoost,numeric+iran,31,False,0.75,0.5625,0.75,0.6428571428571428,0.16666666666666666,100
1,locals_vs_diaspora,2,2,6,0,2,K-Fold,5,LogReg,desc+numeric,62,True,0.625,0.5357142857142857,0.625,0.576923076923077,0.4166666666666667,100
1,locals_vs_diaspora,2,2,6,0,2,K-Fold,5,LogReg,desc+numeric,62,False,0.625,0.5357142857142857,0.625,0.576923076923077,0.4166666666666667,100
1,locals_vs_diaspora,2,2,6,0,2,K-Fold,5,DecisionTree,desc+numeric,62,True,0.625,0.5357142857142857,0.625,0.576923076923077,0.4166666666666667,100
1,locals_vs_diaspora,2,2,6,0,2,K-Fold,5,DecisionTree,desc+numeric,62,False,0.625,0.5357142857142857,0.625,0.576923076923077,0.4166666666666667,100
1,locals_vs_diaspora,2,2,6,0,2,K-Fold,5,RandomForest,desc+numeric,62,True,0.625,0.5357142857142857,0.625,0.576923076923077,0.6666666666666667,100
1,locals_vs_diaspora,2,2,6,0,2,K-Fold,5,RandomForest,desc+numeric,62,False,0.75,0.5625,0.75,0.6428571428571428,0.5,100
1,locals_vs_diaspora,2,2,6,0,2,K-Fold,5,SVM,desc+numeric,62,True,0.625,0.5357142857142857,0.625,0.576923076923077,0.08333333333333333,100
1,locals_vs_diaspora,2,2,6,0,2,K-Fold,5,SVM,desc+numeric,62,False,0.625,0.5357142857142857,0.625,0.576923076923077,0.08333333333333333,100
1,locals_vs_diaspora,2,2,6,0,2,K-Fold,5,AdaBoost,desc+numeric,62,True,0.75,0.5625,0.75,0.6428571428571428,0.5,100
1,locals_vs_diaspora,2,2,6,0,2,K-Fold,5,AdaBoost,desc+numeric,62,False,0.75,0.5625,0.75,0.6428571428571428,0.5,100
1,locals_vs_diaspora,2,2,6,0,2,K-Fold,5,XGBoost,desc+numeric,62,True,0.25,0.0625,0.25,0.1,0.5,100
1,locals_vs_diaspora,2,2,6,0,2,K-Fold,5,XGBoost,desc+numeric,62,False,0.75,0.5625,0.75,0.6428571428571428,0.16666666666666666,100
1,locals_vs_diaspora,2,2,6,0,2,K-Fold,5,LogReg,desc+numeric+iran,82,True,0.625,0.5357142857142857,0.625,0.576923076923077,0.3333333333333333,100
1,locals_vs_diaspora,2,2,6,0,2,K-Fold,5,LogReg,desc+numeric+iran,82,False,0.625,0.5357142857142857,0.625,0.576923076923077,0.3333333333333333,100
1,locals_vs_diaspora,2,2,6,0,2,K-Fold,5,DecisionTree,desc+numeric+iran,82,True,0.875,0.9166666666666666,0.875,0.8818181818181818,0.9166666666666667,100
1,locals_vs_diaspora,2,2,6,0,2,K-Fold,5,DecisionTree,desc+numeric+iran,82,False,0.875,0.9166666666666666,0.875,0.8818181818181818,0.9166666666666667,100
1,locals_vs_diaspora,2,2,6,0,2,K-Fold,5,RandomForest,desc+numeric+iran,82,True,0.875,0.8928571428571428,0.875,0.8589743589743589,0.75,100
1,locals_vs_diaspora,2,2,6,0,2,K-Fold,5,RandomForest,desc+numeric+iran,82,False,0.75,0.5625,0.75,0.6428571428571428,0.5833333333333334,100
1,locals_vs_diaspora,2,2,6,0,2,K-Fold,5,SVM,desc+numeric+iran,82,True,0.5,0.5,0.5,0.5,0.25,100
1,locals_vs_diaspora,2,2,6,0,2,K-Fold,5,SVM,desc+numeric+iran,82,False,0.5,0.5,0.5,0.5,0.25,100
1,locals_vs_diaspora,2,2,6,0,2,K-Fold,5,AdaBoost,desc+numeric+iran,82,True,0.75,0.75,0.75,0.75,0.6666666666666667,100
1,locals_vs_diaspora,2,2,6,0,2,K-Fold,5,AdaBoost,desc+numeric+iran,82,False,0.75,0.75,0.75,0.75,0.6666666666666667,100
1,locals_vs_diaspora,2,2,6,0,2,K-Fold,5,XGBoost,desc+numeric+iran,82,True,0.25,0.0625,0.25,0.1,0.5,100
1,locals_vs_diaspora,2,2,6,0,2,K-Fold,5,XGBoost,desc+numeric+iran,82,False,0.75,0.5625,0.75,0.6428571428571428,0.16666666666666666,100
1,person_vs_organization,3,19,48,33,19,K-Fold,5,LogReg,numeric,11,True,0.57,0.6154923215898827,0.57,0.5757438307873091,0.6893339569956486,100
1,person_vs_organization,3,19,48,33,19,K-Fold,5,LogReg,numeric,11,False,0.58,0.5603487707261292,0.58,0.5651393313244367,0.6871837039871866,100
1,person_vs_organization,3,19,48,33,19,K-Fold,5,DecisionTree,numeric,11,True,0.45,0.46805652797704456,0.45,0.4563056271248457,0.5740209210358465,100
1,person_vs_organization,3,19,48,33,19,K-Fold,5,DecisionTree,numeric,11,False,0.51,0.5193167701863355,0.51,0.5144574468085107,0.6187970404388314,100
1,person_vs_organization,3,19,48,33,19,K-Fold,5,RandomForest,numeric,11,True,0.52,0.5275581395348837,0.52,0.5220043336944745,0.7189385161089141,100
1,person_vs_organization,3,19,48,33,19,K-Fold,5,RandomForest,numeric,11,False,0.57,0.5297918816649466,0.57,0.5434498933901919,0.7283867521367522,100
1,person_vs_organization,3,19,48,33,19,K-Fold,5,SVM,numeric,11,True,0.54,0.6566220735785953,0.54,0.5470892018779343,0.6414367266232938,100
1,person_vs_organization,3,19,48,33,19,K-Fold,5,SVM,numeric,11,False,0.52,0.5350197628458498,0.52,0.5264596273291926,0.6256178509163584,100
1,person_vs_organization,3,19,48,33,19,K-Fold,5,AdaBoost,numeric,11,True,0.51,0.513,0.51,0.5108835904628332,0.6607109396039745,100
1,person_vs_organization,3,19,48,33,19,K-Fold,5,AdaBoost,numeric,11,False,0.6,0.5791532791532792,0.6,0.5844952380952381,0.6547433594137573,100
1,person_vs_organization,3,19,48,33,19,K-Fold,5,XGBoost,numeric,11,True,0.58,0.5728027210884354,0.58,0.5750642022833338,0.7099081869853014,100
1,person_vs_organization,3,19,48,33,19,K-Fold,5,XGBoost,numeric,11,False,0.55,0.5419471153846154,0.55,0.5449582417582417,0.7078597751980837,100
1,person_vs_organization,3,19,48,33,19,K-Fold,5,LogReg,numeric+iran,31,True,0.56,0.619515756475829,0.56,0.5746094157537819,0.6934393559269182,100
1,person_vs_organization,3,19,48,33,19,K-Fold,5,LogReg,numeric+iran,31,False,0.59,0.5753458306399483,0.59,0.5807399366802352,0.6923602075094613,100
1,person_vs_organization,3,19,48,33,19,K-Fold,5,DecisionTree,numeric+iran,31,True,0.51,0.5146100334448159,0.51,0.508311986863711,0.6063167070629757,100
1,person_vs_organization,3,19,48,33,19,K-Fold,5,DecisionTree,numeric+iran,31,False,0.55,0.5511561561561562,0.55,0.5496001992776186,0.6486566455471927,100
1,person_vs_organization,3,19,48,33,19,K-Fold,5,RandomForest,numeric+iran,31,True,0.51,0.5128944099378882,0.51,0.5111702127659574,0.7415146489773357,100
1,person_vs_organization,3,19,48,33,19,K-Fold,5,RandomForest,numeric+iran,31,False,0.58,0.5353529878371233,0.58,0.5469468866802583,0.754257646950433,100
1,person_vs_organization,3,19,48,33,19,K-Fold,5,SVM,numeric+iran,31,True,0.57,0.6181748726655348,0.57,0.5735049384917097,0.6217070984110786,100
1,person_vs_organization,3,19,48,33,19,K-Fold,5,SVM,numeric+iran,31,False,0.51,0.5178467908902692,0.51,0.5136702127659575,0.6036607206134569,100
1,person_vs_organization,3,19,48,33,19,K-Fold,5,AdaBoost,numeric+iran,31,True,0.49,0.5272627597171208,0.49,0.49775842044134727,0.6685459986392821,100
1,person_vs_organization,3,19,48,33,19,K-Fold,5,AdaBoost,numeric+iran,31,False,0.55,0.5297414350355527,0.55,0.5385096336499321,0.6617682421227198,100
1,person_vs_organization,3,19,48,33,19,K-Fold,5,XGBoost,numeric+iran,31,True,0.58,0.5760708333333333,0.58,0.5778100046671475,0.7507786211393177,100
1,person_vs_organization,3,19,48,33,19,K-Fold,5,XGBoost,numeric+iran,31,False,0.6,0.5855064935064935,0.6,0.5865686274509804,0.754795077319953,100
1,person_vs_organization,3,19,48,33,19,K-Fold,5,LogReg,desc+numeric,62,True,0.56,0.5839177489177488,0.56,0.5627289198606271,0.6871757310314525,100
1,person_vs_organization,3,19,48,33,19,K-Fold,5,LogReg,desc+numeric,62,False,0.57,0.5592143614202437,0.57,0.5604331797235023,0.6894920695666964,100
1,person_vs_organization,3,19,48,33,19,K-Fold,5,DecisionTree,desc+numeric,62,True,0.46,0.46212177847727715,0.46,0.4585486829554626,0.5715829683491375,100
1,person_vs_organization,3,19,48,33,19,K-Fold,5,DecisionTree,desc+numeric,62,False,0.55,0.5515490196078431,0.55,0.5493974960876369,0.649519496534422,100
1,person_vs_organization,3,19,48,33,19,K-Fold,5,RandomForest,desc+numeric,62,True,0.57,0.5635416666666667,0.57,0.566024844720497,0.7440978866352002,100
1,person_vs_organization,3,19,48,33,19,K-Fold,5,RandomForest,desc+numeric,62,False,0.6,0.5597450980392158,0.6,0.5642308457711442,0.7353651259372653,100
1,person_vs_organization,3,19,48,33,19,K-Fold,5,SVM,desc+numeric,62,True,0.52,0.5536571428571428,0.52,0.5234316498316498,0.6337185865544075,100
1,person_vs_organization,3,19,48,33,19,K-Fold,5,SVM,desc+numeric,62,False,0.52,0.5254979129397733,0.52,0.5206234531234532,0.6450227140650026,100
1,person_vs_organization,3,19,48,33,19,K-Fold,5,AdaBoost,desc+numeric,62,True,0.47,0.48208133971291867,0.47,0.47085027855694295,0.6449630232030731,100
1,person_vs_organization,3,19,48,33,19,K-Fold,5,AdaBoost,desc+numeric,62,False,0.56,0.5241652218255992,0.56,0.5378702628883577,0.6701735978228516,100
1,person_vs_organization,3,19,48,33,19,K-Fold,5,XGBoost,desc+numeric,62,True,0.59,0.5764285714285714,0.59,0.5813903743315508,0.7189240053294779,100
1,person_vs_organization,3,19,48,33,19,K-Fold,5,XGBoost,desc+numeric,62,False,0.54,0.5287179487179487,0.54,0.5330823529411765,0.7196491190769798,100
1,person_vs_organization,3,19,48,33,19,K-Fold,5,LogReg,desc+numeric+iran,82,True,0.59,0.634896103896104,0.59,0.5969117845117844,0.6923429859250754,100
1,person_vs_organization,3,19,48,33,19,K-Fold,5,LogReg,desc+numeric+iran,82,False,0.53,0.5220496453900709,0.53,0.5244834953996425,0.6938330073280321,100
1,person_vs_organization,3,19,48,33,19,K-Fold,5,DecisionTree,desc+numeric+iran,82,True,0.48,0.4836482471776589,0.48,0.47982187730968223,0.5852184944224744,100
1,person_vs_organization,3,19,48,33,19,K-Fold,5,DecisionTree,desc+numeric+iran,82,False,0.53,0.53,0.53,0.53,0.6307157233774149,100
1,person_vs_organization,3,19,48,33,19,K-Fold,5,RandomForest,desc+numeric+iran,82,True,0.58,0.5703778268063983,0.58,0.5732134600794394,0.7549151677509885,100
1,person_vs_organization,3,19,48,33,19,K-Fold,5,RandomForest,desc+numeric+iran,82,False,0.58,0.5172094555035129,0.58,0.5395243472124206,0.7752985606157248,100
1,person_vs_organization,3,19,48,33,19,K-Fold,5,SVM,desc+numeric+iran,82,True,0.56,0.5896541501976285,0.56,0.5602116402116402,0.624048914969313,100
1,person_vs_organization,3,19,48,33,19,K-Fold,5,SVM,desc+numeric+iran,82,False,0.56,0.5662423500611995,0.56,0.5613001083423619,0.6259839336083117,100
1,person_vs_organization,3,19,48,33,19,K-Fold,5,AdaBoost,desc+numeric+iran,82,True,0.52,0.5277499999999999,0.52,0.5198863237219401,0.6660196524500006,100
1,person_vs_organization,3,19,48,33,19,K-Fold,5,AdaBoost,desc+numeric+iran,82,False,0.55,0.5394871794871795,0.55,0.5434823529411764,0.6604592776856458,100
1,person_vs_organization,3,19,48,33,19,K-Fold,5,XGBoost,desc+numeric+iran,82,True,0.53,0.5234823529411764,0.53,0.5264512471655329,0.7476194171592182,100
1,person_vs_organization,3,19,48,33,19,K-Fold,5,XGBoost,desc+numeric+iran,82,False,0.55,0.5289160839160839,0.55,0.5361751306945481,0.7463959759606525,100
1,person_vs_organization,2,19,48,0,19,K-Fold,5,LogReg,numeric,11,True,0.7313432835820896,0.7503982065954811,0.7313432835820896,0.7382960971539816,0.7587719298245615,100
1,person_vs_organization,2,19,48,0,19,K-Fold,5,LogReg,numeric,11,False,0.7313432835820896,0.709911978568695,0.7313432835820896,0.714058384547849,0.7478070175438596,100
1,person_vs_organization,2,19,48,0,19,K-Fold,5,DecisionTree,numeric,11,True,0.6716417910447762,0.6507462686567165,0.6716417910447762,0.6588937664618085,0.5641447368421053,100
1,person_vs_organization,2,19,48,0,19,K-Fold,5,DecisionTree,numeric,11,False,0.7164179104477612,0.6960011264432554,0.7164179104477612,0.701953777467299,0.6112938596491228,100
1,person_vs_organization,2,19,48,0,19,K-Fold,5,RandomForest,numeric,11,True,0.7014925373134329,0.6922563652326601,0.7014925373134329,0.6962466578671269,0.7099780701754387,100
1,person_vs_organization,2,19,48,0,19,K-Fold,5,RandomForest,numeric,11,False,0.7313432835820896,0.7010350546119974,0.7313432835820896,0.6960413565595205,0.7543859649122808,100
1,person_vs_organization,2,19,48,0,19,K-Fold,5,SVM,numeric,11,True,0.7164179104477612,0.780758370310609,0.7164179104477612,0.729899123828636,0.7719298245614036,100
1,person_vs_organization,2,19,48,0,19,K-Fold,5,SVM,numeric,11,False,0.7164179104477612,0.7120012183978068,0.7164179104477612,0.7140474833966141,0.6535087719298245,100
1,person_vs_organization,2,19,48,0,19,K-Fold,5,AdaBoost,numeric,11,True,0.6865671641791045,0.6719161545215101,0.6865671641791045,0.6778833107191315,0.7532894736842105,100
1,person_vs_organization,2,19,48,0,19,K-Fold,5,AdaBoost,numeric,11,False,0.7313432835820896,0.7047877495638689,0.7313432835820896,0.7058553386911596,0.7335526315789473,100
1,person_vs_organization,2,19,48,0,19,K-Fold,5,XGBoost,numeric,11,True,0.7014925373134329,0.6922563652326601,0.7014925373134329,0.6962466578671269,0.6469298245614035,100
1,person_vs_organization,2,19,48,0,19,K-Fold,5,XGBoost,numeric,11,False,0.7014925373134329,0.6748309733384361,0.7014925373134329,0.6822870939420546,0.6392543859649124,100
1,person_vs_organization,2,19,48,0,19,K-Fold,5,LogReg,numeric+iran,31,True,0.7164179104477612,0.7308457711442786,0.7164179104477612,0.7222189602733773,0.756578947368421,100
1,person_vs_organization,2,19,48,0,19,K-Fold,5,LogReg,numeric+iran,31,False,0.7164179104477612,0.6888738127544098,0.7164179104477612,0.6940368623528146,0.7423245614035088,100
1,person_vs_organization,2,19,48,0,19,K-Fold,5,DecisionTree,numeric+iran,31,True,0.7014925373134329,0.6748309733384361,0.7014925373134329,0.6822870939420546,0.5849780701754386,100
1,person_vs_organization,2,19,48,0,19,K-Fold,5,DecisionTree,numeric+iran,31,False,0.7761194029850746,0.7635474916522509,0.7761194029850746,0.7647003506320782,0.6847587719298246,100
1,person_vs_organization,2,19,48,0,19,K-Fold,5,RandomForest,numeric+iran,31,True,0.746268656716418,0.7231736056559309,0.746268656716418,0.7177707521505771,0.7817982456140351,100
1,person_vs_organization,2,19,48,0,19,K-Fold,5,RandomForest,numeric+iran,31,False,0.7761194029850746,0.8294243070362473,0.7761194029850746,0.7182419278460811,0.7582236842105263,100
1,person_vs_organization,2,19,48,0,19,K-Fold,5,SVM,numeric+iran,31,True,0.6716417910447762,0.7304222986699894,0.6716417910447762,0.6867551776003702,0.6929824561403508,100
1,person_vs_organization,2,19,48,0,19,K-Fold,5,SVM,numeric+iran,31,False,0.7313432835820896,0.7313432835820896,0.7313432835820896,0.7313432835820896,0.6195175438596492,100
1,person_vs_organization,2,19,48,0,19,K-Fold,5,AdaBoost,numeric+iran,31,True,0.7014925373134329,0.7014925373134329,0.7014925373134329,0.7014925373134329,0.7916666666666666,100
1,person_vs_organization,2,19,48,0,19,K-Fold,5,AdaBoost,numeric+iran,31,False,0.7761194029850746,0.7635474916522509,0.7761194029850746,0.7647003506320782,0.7960526315789475,100
1,person_vs_organization,2,19,48,0,19,K-Fold,5,XGBoost,numeric+iran,31,True,0.7164179104477612,0.7036874451273046,0.7164179104477612,0.7085610906506429,0.6820175438596491,100
1,person_vs_organization,2,19,48,0,19,K-Fold,5,XGBoost,numeric+iran,31,False,0.7164179104477612,0.6888738127544098,0.7164179104477612,0.6940368623528146,0.6842105263157895,100
1,person_vs_organization,2,19,48,0,19,K-Fold,5,LogReg,desc+numeric,62,True,0.7611940298507462,0.7694447019560582,0.7611940298507462,0.7646236900603366,0.7763157894736842,100
1,person_vs_organization,2,19,48,0,19,K-Fold,5,LogReg,desc+numeric,62,False,0.7761194029850746,0.7635474916522509,0.7761194029850746,0.7647003506320782,0.7741228070175439,100
1,person_vs_organization,2,19,48,0,19,K-Fold,5,DecisionTree,desc+numeric,62,True,0.6268656716417911,0.6083735733099209,0.6268656716417911,0.6165277508561091,0.5169956140350878,100
1,person_vs_organization,2,19,48,0,19,K-Fold,5,DecisionTree,desc+numeric,62,False,0.6119402985074627,0.5695879576476592,0.6119402985074627,0.5869732221246707,0.47478070175438597,100
1,person_vs_organization,2,19,48,0,19,K-Fold,5,RandomForest,desc+numeric,62,True,0.7014925373134329,0.6571739006118832,0.7014925373134329,0.6622681739550228,0.7516447368421052,100
1,person_vs_organization,2,19,48,0,19,K-Fold,5,RandomForest,desc+numeric,62,False,0.7313432835820896,0.6993603411513859,0.7313432835820896,0.6842709529276694,0.7916666666666667,100
1,person_vs_organization,2,19,48,0,19,K-Fold,5,SVM,desc+numeric,62,True,0.7611940298507462,0.7790100879004188,0.7611940298507462,0.767374308581317,0.7817982456140351,100
1,person_vs_organization,2,19,48,0,19,K-Fold,5,SVM,desc+numeric,62,False,0.7761194029850746,0.7672300263388938,0.7761194029850746,0.7699166505136654,0.7478070175438597,100
1,person_vs_organization,2,19,48,0,19,K-Fold,5,AdaBoost,desc+numeric,62,True,0.7313432835820896,0.7161117489475698,0.7313432835820896,0.7209130816505707,0.7510964912280701,100
1,person_vs_organization,2,19,48,0,19,K-Fold,5,AdaBoost,desc+numeric,62,False,0.7313432835820896,0.6993603411513859,0.7313432835820896,0.6842709529276694,0.7236842105263158,100
1,person_vs_organization,2,19,48,0,19,K-Fold,5,XGBoost,desc+numeric,62,True,0.6716417910447762,0.6612467076382792,0.6716417910447762,0.6658713236538397,0.6677631578947368,100
1,person_vs_organization,2,19,48,0,19,K-Fold,5,XGBoost,desc+numeric,62,False,0.7014925373134329,0.6748309733384361,0.7014925373134329,0.6822870939420546,0.6370614035087719,100
1,person_vs_organization,2,19,48,0,19,K-Fold,5,LogReg,desc+numeric+iran,82,True,0.746268656716418,0.759656264133876,0.746268656716418,0.751459069718285,0.7675438596491229,100
1,person_vs_organization,2,19,48,0,19,K-Fold,5,LogReg,desc+numeric+iran,82,False,0.7313432835820896,0.709911978568695,0.7313432835820896,0.714058384547849,0.7576754385964912,100
1,person_vs_organization,2,19,48,0,19,K-Fold,5,DecisionTree,desc+numeric+iran,82,True,0.6567164179104478,0.6003927729772193,0.6567164179104478,0.6181604293801927,0.5060307017543859,100
1,person_vs_organization,2,19,48,0,19,K-Fold,5,DecisionTree,desc+numeric+iran,82,False,0.6417910447761194,0.604668962877918,0.6417910447761194,0.6187445127304653,0.5115131578947368,100
1,person_vs_organization,2,19,48,0,19,K-Fold,5,RandomForest,desc+numeric+iran,82,True,0.7611940298507462,0.7433611164954448,0.7611940298507462,0.7385380788365863,0.7966008771929824,100
1,person_vs_organization,2,19,48,0,19,K-Fold,5,RandomForest,desc+numeric+iran,82,False,0.746268656716418,0.8126291618828932,0.746268656716418,0.662653860910366,0.8393640350877192,100
1,person_vs_organization,2,19,48,0,19,K-Fold,5,SVM,desc+numeric+iran,82,True,0.6865671641791045,0.7249866987762874,0.6865671641791045,0.6986192632343898,0.7017543859649122,100
1,person_vs_organization,2,19,48,0,19,K-Fold,5,SVM,desc+numeric+iran,82,False,0.7313432835820896,0.7161117489475698,0.7313432835820896,0.7209130816505707,0.7225877192982456,100
1,person_vs_organization,2,19,48,0,19,K-Fold,5,AdaBoost,desc+numeric+iran,82,True,0.746268656716418,0.7297743090477531,0.746268656716418,0.7333270640496885,0.7839912280701754,100
1,person_vs_organization,2,19,48,0,19,K-Fold,5,AdaBoost,desc+numeric+iran,82,False,0.7761194029850746,0.7621890547263682,0.7761194029850746,0.7584501544890642,0.8004385964912281,100
1,person_vs_organization,2,19,48,0,19,K-Fold,5,XGBoost,desc+numeric+iran,82,True,0.6716417910447762,0.6507462686567165,0.6716417910447762,0.6588937664618085,0.6666666666666666,100
1,person_vs_organization,2,19,48,0,19,K-Fold,5,XGBoost,desc+numeric+iran,82,False,0.7164179104477612,0.6888738127544098,0.7164179104477612,0.6940368623528146,0.6798245614035088,100
2,target_population,3,100,43,57,43,K-Fold,5,LogReg,numeric,11,True,0.6,0.6193041781533064,0.6,0.6030831870831871,0.770135172152688,200
2,target_population,3,100,43,57,43,K-Fold,5,LogReg,numeric,11,False,0.64,0.6394696688592792,0.64,0.6313913120768517,0.763012170950069,200
2,target_population,3,100,43,57,43,K-Fold,5,DecisionTree,numeric,11,True,0.56,0.5707884333546278,0.56,0.563616171627776,0.6540621798583581,200
2,target_population,3,100,43,57,43,K-Fold,5,DecisionTree,numeric,11,False,0.485,0.49141623999696593,0.485,0.48722021589947667,0.5969032559796891,200
2,target_population,3,100,43,57,43,K-Fold,5,RandomForest,numeric,11,True,0.575,0.5845885593389485,0.575,0.5788659995010341,0.7331814084005167,200
2,target_population,3,100,43,57,43,K-Fold,5,RandomForest,numeric,11,False,0.59,0.5934741995971943,0.59,0.5826350561893229,0.7396981092156252,200
2,target_population,3,100,43,57,43,K-Fold,5,SVM,numeric,11,True,0.61,0.6298434245493069,0.61,0.6127172758702965,0.7543320386619751,200
2,target_population,3,100,43,57,43,K-Fold,5,SVM,numeric,11,False,0.62,0.6178415823022122,0.62,0.6067311096430879,0.7296950625807314,200
2,target_population,3,100,43,57,43,K-Fold,5,AdaBoost,numeric,11,True,0.555,0.5785555555555555,0.555,0.5599747474747474,0.7237897198343057,200
2,target_population,3,100,43,57,43,K-Fold,5,AdaBoost,numeric,11,False,0.615,0.604666970646908,0.615,0.6021804974086448,0.7181531268094963,200
2,target_population,3,100,43,57,43,K-Fold,5,XGBoost,numeric,11,True,0.565,0.5662138627655869,0.565,0.5655896875682762,0.7264288918088281,200
2,target_population,3,100,43,57,43,K-Fold,5,XGBoost,numeric,11,False,0.58,0.5753661275831087,0.58,0.5773019433937655,0.7255519464611822,200
2,target_population,3,100,43,57,43,K-Fold,5,LogReg,numeric+iran,31,True,0.645,0.6613313492063493,0.645,0.6503726801112448,0.7989332368268675,200
2,target_population,3,100,43,57,43,K-Fold,5,LogReg,numeric+iran,31,False,0.685,0.6820962144379575,0.685,0.6817082118414564,0.7990023762861342,200
2,target_population,3,100,43,57,43,K-Fold,5,DecisionTree,numeric+iran,31,True,0.625,0.6319028318770397,0.625,0.627241691654173,0.7067224177096789,200
2,target_population,3,100,43,57,43,K-Fold,5,DecisionTree,numeric+iran,31,False,0.57,0.5702141764405916,0.57,0.5690970873786408,0.6462211037370272,200
2,target_population,3,100,43,57,43,K-Fold,5,RandomForest,numeric+iran,31,True,0.655,0.6540305673902752,0.655,0.6521840428511413,0.7933167308805844,200
2,target_population,3,100,43,57,43,K-Fold,5,RandomForest,numeric+iran,31,False,0.665,0.6565871734310229,0.665,0.6565154655000385,0.7991850953186941,200
2,target_population,3,100,43,57,43,K-Fold,5,SVM,numeric+iran,31,True,0.67,0.6825664715719064,0.67,0.6737526170501001,0.7962076923076924,200
2,target_population,3,100,43,57,43,K-Fold,5,SVM,numeric+iran,31,False,0.64,0.6432386042448225,0.64,0.635925477535647,0.788608233486259,200
2,target_population,3,100,43,57,43,K-Fold,5,AdaBoost,numeric+iran,31,True,0.6,0.6215131578947368,0.6,0.6074704202366381,0.7411249320742951,200
2,target_population,3,100,43,57,43,K-Fold,5,AdaBoost,numeric+iran,31,False,0.65,0.6603813085063085,0.65,0.6454813425227356,0.7583116709723395,200
2,target_population,3,100,43,57,43,K-Fold,5,XGBoost,numeric+iran,31,True,0.62,0.6165068201193521,0.62,0.6177788550940445,0.7615579684646565,200
2,target_population,3,100,43,57,43,K-Fold,5,XGBoost,numeric+iran,31,False,0.655,0.6483659762100082,0.655,0.6501643472704889,0.7548902253797158,200
2,target_population,3,100,43,57,43,K-Fold,5,LogReg,desc+numeric,160,True,0.575,0.5991912871427058,0.575,0.5823369347739095,0.7616207028640151,200
2,target_population,3,100,43,57,43,K-Fold,5,LogReg,desc+numeric,160,False,0.635,0.6286130462828576,0.635,0.6256723117801333,0.7596247026858493,200
2,target_population,3,100,43,57,43,K-Fold,5,DecisionTree,desc+numeric,160,True,0.54,0.546343840094436,0.54,0.5422938724938049,0.6368128368446839,200
2,target_population,3,100,43,57,43,K-Fold,5,DecisionTree,desc+numeric,160,False,0.545,0.5328646974408037,0.545,0.5366732866043613,0.6242835508440604,200
2,target_population,3,100,43,57,43,K-Fold,5,RandomForest,desc+numeric,160,True,0.595,0.6034822462514852,0.595,0.5981293728135932,0.7295608848158212,200
2,target_population,3,100,43,57,43,K-Fold,5,RandomForest,desc+numeric,160,False,0.635,0.638965367965368,0.635,0.6199163090880869,0.7421398846376553,200
2,target_population,3,100,43,57,43,K-Fold,5,SVM,desc+numeric,160,True,0.58,0.5937753807575948,0.58,0.5850319016495488,0.7482141842234199,200
2,target_population,3,100,43,57,43,K-Fold,5,SVM,desc+numeric,160,False,0.605,0.5979023533634126,0.605,0.5971489781536293,0.7432514832301456,200
2,target_population,3,100,43,57,43,K-Fold,5,AdaBoost,desc+numeric,160,True,0.595,0.6006341862600295,0.595,0.5967674658168152,0.7241100184846999,200
2,target_population,3,100,43,57,43,K-Fold,5,AdaBoost,desc+numeric,160,False,0.605,0.5982415413533835,0.605,0.5837731151076855,0.7038625250545633,200
2,target_population,3,100,43,57,43,K-Fold,5,XGBoost,desc+numeric,160,True,0.57,0.5630461626139818,0.57,0.5652520325203253,0.7293155226938666,200
2,target_population,3,100,43,57,43,K-Fold,5,XGBoost,desc+numeric,160,False,0.565,0.5594718017831225,0.565,0.5617003547121173,0.7172189145249654,200
2,target_population,3,100,43,57,43,K-Fold,5,LogReg,desc+numeric+iran,180,True,0.655,0.6699210226347501,0.655,0.6597687519452226,0.7963145650527816,200
2,target_population,3,100,43,57,43,K-Fold,5,LogReg,desc+numeric+iran,180,False,0.695,0.6924514514514515,0.695,0.6923118131868132,0.7970389225424257,200
2,target_population,3,100,43,57,43,K-Fold,5,DecisionTree,desc+numeric+iran,180,True,0.585,0.5953478925113554,0.585,0.5883628929992566,0.673928110106454,200
2,target_population,3,100,43,57,43,K-Fold,5,DecisionTree,desc+numeric+iran,180,False,0.565,0.5675807102502017,0.565,0.5662323279684426,0.6514892432408357,200
2,target_population,3,100,43,57,43,K-Fold,5,RandomForest,desc+numeric+iran,180,True,0.675,0.6798269194146169,0.675,0.6746861022287518,0.7956645550309562,200
2,target_population,3,100,43,57,43,K-Fold,5,RandomForest,desc+numeric+iran,180,False,0.68,0.6740292353823087,0.68,0.6687752808988765,0.7942512605229166,200
2,target_population,3,100,43,57,43,K-Fold,5,SVM,desc+numeric+iran,180,True,0.67,0.6934565434565434,0.67,0.6746840031021984,0.7970132020845396,200
2,target_population,3,100,43,57,43,K-Fold,5,SVM,desc+numeric+iran,180,False,0.67,0.6730017555249916,0.67,0.6707547010709166,0.7965846087033984,200
2,target_population,3,100,43,57,43,K-Fold,5,AdaBoost,desc+numeric+iran,180,True,0.655,0.6688849259476194,0.655,0.6597075641025641,0.7590009721170549,200
2,target_population,3,100,43,57,43,K-Fold,5,AdaBoost,desc+numeric+iran,180,False,0.635,0.6381594853820807,0.635,0.6306682136682136,0.7573549207162265,200
2,target_population,3,100,43,57,43,K-Fold,5,XGBoost,desc+numeric+iran,180,True,0.65,0.6469647305463065,0.65,0.648181593159316,0.7687813304529866,200
2,target_population,3,100,43,57,43,K-Fold,5,XGBoost,desc+numeric+iran,180,False,0.64,0.6332611492281304,0.64,0.635734204397665,0.755213533918311,200
2,target_population,3,100,43,57,43,K-Fold,5,LogReg,tweets+numeric+iran,331,True,0.65,0.6668869047619048,0.65,0.6556358380059817,0.8013133023027927,200
2,target_population,3,100,43,57,43,K-Fold,5,LogReg,tweets+numeric+iran,331,False,0.69,0.6869424470341902,0.69,0.6868494439415492,0.8025113758852612,200
2,target_population,3,100,43,57,43,K-Fold,5,DecisionTree,tweets+numeric+iran,331,True,0.595,0.5875652510982858,0.595,0.5883599489751188,0.6583132154469734,200
2,target_population,3,100,43,57,43,K-Fold,5,DecisionTree,tweets+numeric+iran,331,False,0.565,0.5624634634634634,0.565,0.5625123626373626,0.6400293973542381,200
2,target_population,3,100,43,57,43,K-Fold,5,RandomForest,tweets+numeric+iran,331,True,0.695,0.6927470988395359,0.695,0.6921770900494305,0.8041133290276602,200
2,target_population,3,100,43,57,43,K-Fold,5,RandomForest,tweets+numeric+iran,331,False,0.68,0.6725649350649351,0.68,0.6725925735058866,0.8052620607099906,200
2,target_population,3,100,43,57,43,K-Fold,5,SVM,tweets+numeric+iran,331,True,0.685,0.6953307956505913,0.685,0.688324692780338,0.8003483631018662,200
2,target_population,3,100,43,57,43,K-Fold,5,SVM,tweets+numeric+iran,331,False,0.655,0.6591796336371993,0.655,0.6535926963072136,0.7958901296156075,200
2,target_population,3,100,43,57,43,K-Fold,5,AdaBoost,tweets+numeric+iran,331,True,0.64,0.6714015880178276,0.64,0.6478060408028127,0.7653727551111308,200
2,target_population,3,100,43,57,43,K-Fold,5,AdaBoost,tweets+numeric+iran,331,False,0.64,0.6464544543039054,0.64,0.6381406589695422,0.7760643345507995,200
2,target_population,3,100,43,57,43,K-Fold,5,XGBoost,tweets+numeric+iran,331,True,0.645,0.6413145258103242,0.645,0.6421135265700483,0.7650603157988507,200
2,target_population,3,100,43,57,43,K-Fold,5,XGBoost,tweets+numeric+iran,331,False,0.645,0.6356844908506037,0.645,0.6365682274247492,0.765600436506169,200
2,target_population,2,100,43,0,43,K-Fold,5,LogReg,numeric,11,True,0.7412587412587412,0.7642108203905956,0.7412587412587412,0.7484001298434289,0.7725581395348836,200
2,target_population,2,100,43,0,43,K-Fold,5,LogReg,numeric,11,False,0.7902097902097902,0.7820957022408928,0.7902097902097902,0.7766758163954426,0.7620930232558139,200
2,target_population,2,100,43,0,43,K-Fold,5,DecisionTree,numeric,11,True,0.6573426573426573,0.664225957816276,0.6573426573426573,0.6605087150344665,0.6025581395348837,200
2,target_population,2,100,43,0,43,K-Fold,5,DecisionTree,numeric,11,False,0.6713286713286714,0.673518400791128,0.6713286713286714,0.6723917796522197,0.6125581395348838,200
2,target_population,2,100,43,0,43,K-Fold,5,RandomForest,numeric,11,True,0.7832167832167832,0.775592009236869,0.7832167832167832,0.7772778801947761,0.7109302325581395,200
2,target_population,2,100,43,0,43,K-Fold,5,RandomForest,numeric,11,False,0.7902097902097902,0.7856015171269408,0.7902097902097902,0.7711045026209625,0.6932558139534883,200
2,target_population,2,100,43,0,43,K-Fold,5,SVM,numeric,11,True,0.7342657342657343,0.7652620737076061,0.7342657342657343,0.742866380930897,0.7882558139534883,200
2,target_population,2,100,43,0,43,K-Fold,5,SVM,numeric,11,False,0.7832167832167832,0.7779132632073809,0.7832167832167832,0.7618827025901244,0.7587209302325582,200
2,target_population,2,100,43,0,43,K-Fold,5,AdaBoost,numeric,11,True,0.6853146853146853,0.7055444555444556,0.6853146853146853,0.6928067798831095,0.7461627906976744,200
2,target_population,2,100,43,0,43,K-Fold,5,AdaBoost,numeric,11,False,0.7692307692307693,0.7650298730395818,0.7692307692307693,0.7667654323242191,0.7560465116279069,200
2,target_population,2,100,43,0,43,K-Fold,5,XGBoost,numeric,11,True,0.7552447552447552,0.7569047114501659,0.7552447552447552,0.7560364316559084,0.7441860465116279,200
2,target_population,2,100,43,0,43,K-Fold,5,XGBoost,numeric,11,False,0.7482517482517482,0.7421552806168191,0.7482517482517482,0.7445796671047746,0.7404651162790697,200
2,target_population,2,100,43,0,43,K-Fold,5,LogReg,numeric+iran,31,True,0.8741258741258742,0.8727680736289058,0.8741258741258742,0.8732505118643733,0.8532558139534883,200
2,target_population,2,100,43,0,43,K-Fold,5,LogReg,numeric+iran,31,False,0.8881118881118881,0.8864981172673481,0.8881118881118881,0.8864798520465665,0.8544186046511627,200
2,target_population,2,100,43,0,43,K-Fold,5,DecisionTree,numeric+iran,31,True,0.7692307692307693,0.7677438073477678,0.7692307692307693,0.7684473559802796,0.7223255813953489,200
2,target_population,2,100,43,0,43,K-Fold,5,DecisionTree,numeric+iran,31,False,0.7762237762237763,0.7710238479469249,0.7762237762237763,0.7729597040931331,0.7206976744186047,200
2,target_population,2,100,43,0,43,K-Fold,5,RandomForest,numeric+iran,31,True,0.8811188811188811,0.8819841774387228,0.8811188811188811,0.8815034096614411,0.9097674418604652,200
2,target_population,2,100,43,0,43,K-Fold,5,RandomForest,numeric+iran,31,False,0.8811188811188811,0.8792610897874056,0.8811188811188811,0.8788994805254968,0.8948837209302326,200
2,target_population,2,100,43,0,43,K-Fold,5,SVM,numeric+iran,31,True,0.8601398601398601,0.8585780551347266,0.8601398601398601,0.8591672354048592,0.8486046511627907,200
2,target_population,2,100,43,0,43,K-Fold,5,SVM,numeric+iran,31,False,0.8881118881118881,0.8864981172673481,0.8881118881118881,0.8864798520465665,0.8825581395348838,200
2,target_population,2,100,43,0,43,K-Fold,5,AdaBoost,numeric+iran,31,True,0.8461538461538461,0.8431952662721893,0.8461538461538461,0.8439097965640291,0.8737209302325581,200
2,target_population,2,100,43,0,43,K-Fold,5,AdaBoost,numeric+iran,31,False,0.8601398601398601,0.8578014578014579,0.8601398601398601,0.8556571633494711,0.8765116279069768,200
2,target_population,2,100,43,0,43,K-Fold,5,XGBoost,numeric+iran,31,True,0.8251748251748252,0.8222571118202185,0.8251748251748252,0.8233071457001662,0.8876744186046511,200
2,target_population,2,100,43,0,43,K-Fold,5,XGBoost,numeric+iran,31,False,0.8181818181818182,0.8131750961939641,0.8181818181818182,0.8140114739629303,0.8839534883720929,200
2,target_population,2,100,43,0,43,K-Fold,5,LogReg,desc+numeric,160,True,0.7482517482517482,0.7684977496298251,0.7482517482517482,0.7547386823702613,0.7627906976744186,200
2,target_population,2,100,43,0,43,K-Fold,5,LogReg,desc+numeric,160,False,0.7832167832167832,0.7736431709883037,0.7832167832167832,0.7705296183011792,0.7544186046511628,200
2,target_population,2,100,43,0,43,K-Fold,5,DecisionTree,desc+numeric,160,True,0.6783216783216783,0.7063572790845517,0.6783216783216783,0.6877499400295753,0.6573255813953488,200
2,target_population,2,100,43,0,43,K-Fold,5,DecisionTree,desc+numeric,160,False,0.6993006993006993,0.701313837677474,0.6993006993006993,0.700273330320116,0.6458139534883721,200
2,target_population,2,100,43,0,43,K-Fold,5,RandomForest,desc+numeric,160,True,0.7202797202797203,0.7281282547239994,0.7202797202797203,0.7236414379271522,0.7069767441860465,200
2,target_population,2,100,43,0,43,K-Fold,5,RandomForest,desc+numeric,160,False,0.7552447552447552,0.7449144351583376,0.7552447552447552,0.7231891178079519,0.6911627906976743,200
2,target_population,2,100,43,0,43,K-Fold,5,SVM,desc+numeric,160,True,0.7552447552447552,0.7728809651886575,0.7552447552447552,0.7610719399090852,0.7604651162790698,200
2,target_population,2,100,43,0,43,K-Fold,5,SVM,desc+numeric,160,False,0.7902097902097902,0.7824693824693825,0.7902097902097902,0.7834857450242065,0.765813953488372,200
2,target_population,2,100,43,0,43,K-Fold,5,AdaBoost,desc+numeric,160,True,0.6783216783216783,0.6963854559762488,0.6783216783216783,0.6853084858404007,0.7405813953488372,200
2,target_population,2,100,43,0,43,K-Fold,5,AdaBoost,desc+numeric,160,False,0.7622377622377622,0.754278358051943,0.7622377622377622,0.7567842351822933,0.7498837209302326,200
2,target_population,2,100,43,0,43,K-Fold,5,XGBoost,desc+numeric,160,True,0.7552447552447552,0.7569047114501659,0.7552447552447552,0.7560364316559084,0.7441860465116279,200
2,target_population,2,100,43,0,43,K-Fold,5,XGBoost,desc+numeric,160,False,0.7482517482517482,0.7421552806168191,0.7482517482517482,0.7445796671047746,0.7404651162790697,200
2,target_population,2,100,43,0,43,K-Fold,5,LogReg,desc+numeric+iran,180,True,0.8741258741258742,0.8727680736289058,0.8741258741258742,0.8732505118643733,0.8500000000000001,200
2,target_population,2,100,43,0,43,K-Fold,5,LogReg,desc+numeric+iran,180,False,0.8881118881118881,0.8864981172673481,0.8881118881118881,0.8864798520465665,0.8509302325581396,200
2,target_population,2,100,43,0,43,K-Fold,5,DecisionTree,desc+numeric+iran,180,True,0.7692307692307693,0.7650298730395818,0.7692307692307693,0.7667654323242191,0.7156976744186047,200
2,target_population,2,100,43,0,43,K-Fold,5,DecisionTree,desc+numeric+iran,180,False,0.7622377622377622,0.7523365523365523,0.7622377622377622,0.7546171776941007,0.6908139534883722,200
2,target_population,2,100,43,0,43,K-Fold,5,RandomForest,desc+numeric+iran,180,True,0.8881118881118881,0.8881118881118881,0.8881118881118881,0.8881118881118881,0.9031395348837209,200
2,target_population,2,100,43,0,43,K-Fold,5,RandomForest,desc+numeric+iran,180,False,0.8741258741258742,0.8720638336022951,0.8741258741258742,0.8722898335523873,0.8931395348837209,200
2,target_population,2,100,43,0,43,K-Fold,5,SVM,desc+numeric+iran,180,True,0.8671328671328671,0.8663267425643663,0.8671328671328671,0.8666818110189489,0.8693023255813953,200
2,target_population,2,100,43,0,43,K-Fold,5,SVM,desc+numeric+iran,180,False,0.8881118881118881,0.8869580921230849,0.8881118881118881,0.8873337883238874,0.8746511627906977,200
2,target_population,2,100,43,0,43,K-Fold,5,AdaBoost,desc+numeric+iran,180,True,0.8531468531468531,0.8500334037717215,0.8531468531468531,0.8491237252932354,0.8834883720930233,200
2,target_population,2,100,43,0,43,K-Fold,5,AdaBoost,desc+numeric+iran,180,False,0.8531468531468531,0.8507013763354833,0.8531468531468531,0.8477264362431827,0.8665116279069768,200
2,target_population,2,100,43,0,43,K-Fold,5,XGBoost,desc+numeric+iran,180,True,0.8321678321678322,0.8301980181463682,0.8321678321678322,0.831000682485831,0.8888372093023256,200
2,target_population,2,100,43,0,43,K-Fold,5,XGBoost,desc+numeric+iran,180,False,0.8181818181818182,0.8131750961939641,0.8181818181818182,0.8140114739629303,0.8874418604651163,200
2,target_population,2,100,43,0,43,K-Fold,5,LogReg,tweets+numeric+iran,331,True,0.8811188811188811,0.8794843506008556,0.8811188811188811,0.8798488590761129,0.8537209302325581,200
2,target_population,2,100,43,0,43,K-Fold,5,LogReg,tweets+numeric+iran,331,False,0.8881118881118881,0.8864981172673481,0.8881118881118881,0.8864798520465665,0.8567441860465116,200
2,target_population,2,100,43,0,43,K-Fold,5,DecisionTree,tweets+numeric+iran,331,True,0.7552447552447552,0.7569047114501659,0.7552447552447552,0.7560364316559084,0.7123255813953489,200
2,target_population,2,100,43,0,43,K-Fold,5,DecisionTree,tweets+numeric+iran,331,False,0.7622377622377622,0.754278358051943,0.7622377622377622,0.7567842351822933,0.6974418604651164,200
2,target_population,2,100,43,0,43,K-Fold,5,RandomForest,tweets+numeric+iran,331,True,0.9020979020979021,0.9011481106172642,0.9020979020979021,0.9014170647834016,0.9182558139534884,200
2,target_population,2,100,43,0,43,K-Fold,5,RandomForest,tweets+numeric+iran,331,False,0.8811188811188811,0.8812207759860216,0.8811188811188811,0.8767309245778145,0.9152325581395349,200
2,target_population,2,100,43,0,43,K-Fold,5,SVM,tweets+numeric+iran,331,True,0.8601398601398601,0.8585780551347266,0.8601398601398601,0.8591672354048592,0.8569767441860465,200
2,target_population,2,100,43,0,43,K-Fold,5,SVM,tweets+numeric+iran,331,False,0.9090909090909091,0.9084073820915927,0.9090909090909091,0.9073937204018506,0.8830232558139534,200
2,target_population,2,100,43,0,43,K-Fold,5,AdaBoost,tweets+numeric+iran,331,True,0.8531468531468531,0.8522434661048522,0.8531468531468531,0.8526483174419961,0.8961627906976745,200
2,target_population,2,100,43,0,43,K-Fold,5,AdaBoost,tweets+numeric+iran,331,False,0.8531468531468531,0.8501147974832185,0.8531468531468531,0.8504052406491431,0.898139534883721,200
2,target_population,2,100,43,0,43,K-Fold,5,XGBoost,tweets+numeric+iran,331,True,0.8461538461538461,0.8443880366405474,0.8461538461538461,0.8450839589453452,0.8960465116279069,200
2,target_population,2,100,43,0,43,K-Fold,5,XGBoost,tweets+numeric+iran,331,False,0.8391608391608392,0.835541651331125,0.8391608391608392,0.8361581207109663,0.8979069767441861,200
2,locals_vs_diaspora,3,3,28,169,3,K-Fold,5,LogReg,numeric,11,True,0.695,0.8296273847376787,0.695,0.7529306431273645,0.7497518050197829,200
2,locals_vs_diaspora,3,3,28,169,3,K-Fold,5,LogReg,numeric,11,False,0.885,0.8627445652173913,0.885,0.8663069791398403,0.7230277255227512,200
2,locals_vs_diaspora,3,3,28,169,3,K-Fold,5,DecisionTree,numeric,11,True,0.81,0.8076137512639029,0.81,0.808215743775516,0.6269383018343418,200
2,locals_vs_diaspora,3,3,28,169,3,K-Fold,5,DecisionTree,numeric,11,False,0.79,0.8149444444444444,0.79,0.8009460486322189,0.6678297112349153,200
2,locals_vs_diaspora,3,3,28,169,3,K-Fold,5,RandomForest,numeric,11,True,0.855,0.835431432973806,0.855,0.8438184971098266,0.7039575130140403,200
2,locals_vs_diaspora,3,3,28,169,3,K-Fold,5,RandomForest,numeric,11,False,0.885,0.8607087753134042,0.885,0.8668541666666667,0.6987547481730839,200
2,locals_vs_diaspora,3,3,28,169,3,K-Fold,5,SVM,numeric,11,True,0.75,0.8449719800747197,0.75,0.7931381733021078,0.7731268635686842,200
2,locals_vs_diaspora,3,3,28,169,3,K-Fold,5,SVM,numeric,11,False,0.885,0.8627445652173913,0.885,0.8663069791398403,0.6463233194085322,200
2,locals_vs_diaspora,3,3,28,169,3,K-Fold,5,AdaBoost,numeric,11,True,0.645,0.7848474576271187,0.645,0.6974912543728135,0.6462787294222032,200
2,locals_vs_diaspora,3,3,28,169,3,K-Fold,5,AdaBoost,numeric,11,False,0.845,0.8284875813128326,0.845,0.8339548715433196,0.6699801147939268,200
2,locals_vs_diaspora,3,3,28,169,3,K-Fold,5,XGBoost,numeric,11,True,0.865,0.8442977528089888,0.865,0.8526924660354055,0.6986425984668756,200
2,locals_vs_diaspora,3,3,28,169,3,K-Fold,5,XGBoost,numeric,11,False,0.855,0.8221504339440693,0.855,0.8337840909090909,0.7071520100837391,200
2,locals_vs_diaspora,3,3,28,169,3,K-Fold,5,LogReg,numeric+iran,31,True,0.81,0.8591499051233396,0.81,0.8324014336917561,0.812409306324043,200
2,locals_vs_diaspora,3,3,28,169,3,K-Fold,5,LogReg,numeric+iran,31,False,0.885,0.8670000000000002,0.885,0.8754876042123739,0.7577130180387738,200
2,locals_vs_diaspora,3,3,28,169,3,K-Fold,5,DecisionTree,numeric+iran,31,True,0.855,0.8600411764705882,0.855,0.8572421661935771,0.7192113701014086,200
2,locals_vs_diaspora,3,3,28,169,3,K-Fold,5,DecisionTree,numeric+iran,31,False,0.825,0.8297684630738522,0.825,0.8272824302134647,0.7010316982799,200
2,locals_vs_diaspora,3,3,28,169,3,K-Fold,5,RandomForest,numeric+iran,31,True,0.88,0.8829870668214227,0.88,0.8794675625579239,0.8863335440459099,200
2,locals_vs_diaspora,3,3,28,169,3,K-Fold,5,RandomForest,numeric+iran,31,False,0.88,0.8580819366852885,0.88,0.8667241379310344,0.8711532943515067,200
2,locals_vs_diaspora,3,3,28,169,3,K-Fold,5,SVM,numeric+iran,31,True,0.83,0.8653703703703703,0.83,0.8473155726448778,0.7173913894082657,200
2,locals_vs_diaspora,3,3,28,169,3,K-Fold,5,SVM,numeric+iran,31,False,0.875,0.8638757763975156,0.875,0.8683994528043776,0.6655881927334625,200
2,locals_vs_diaspora,3,3,28,169,3,K-Fold,5,AdaBoost,numeric+iran,31,True,0.835,0.8632698863636363,0.835,0.8480028900293984,0.8143418865503178,200
2,locals_vs_diaspora,3,3,28,169,3,K-Fold,5,AdaBoost,numeric+iran,31,False,0.845,0.8377986512524085,0.845,0.8408771929824561,0.8124148708496921,200
2,locals_vs_diaspora,3,3,28,169,3,K-Fold,5,XGBoost,numeric+iran,31,True,0.87,0.8624513184584179,0.87,0.8661931377115354,0.863719145205083,200
2,locals_vs_diaspora,3,3,28,169,3,K-Fold,5,XGBoost,numeric+iran,31,False,0.87,0.859183893195521,0.87,0.8645043988269794,0.8733483830983126,200
2,locals_vs_diaspora,3,3,28,169,3,K-Fold,5,LogReg,desc+numeric,160,True,0.8,0.8425925925925926,0.8,0.8205438066465257,0.7450933021961075,200
2,locals_vs_diaspora,3,3,28,169,3,K-Fold,5,LogReg,desc+numeric,160,False,0.885,0.8607087753134042,0.885,0.8668541666666667,0.726659951789978,200
2,locals_vs_diaspora,3,3,28,169,3,K-Fold,5,DecisionTree,desc+numeric,160,True,0.76,0.8099617407938786,0.76,0.7810973084886129,0.6643477176400698,200
2,locals_vs_diaspora,3,3,28,169,3,K-Fold,5,DecisionTree,desc+numeric,160,False,0.83,0.83,0.83,0.83,0.6907166195102076,200
2,locals_vs_diaspora,3,3,28,169,3,K-Fold,5,RandomForest,desc+numeric,160,True,0.88,0.8561944444444444,0.88,0.8651456542502387,0.7503264482046907,200
2,locals_vs_diaspora,3,3,28,169,3,K-Fold,5,RandomForest,desc+numeric,160,False,0.87,0.8439874939874941,0.87,0.8410671823520985,0.769579502267699,200
2,locals_vs_diaspora,3,3,28,169,3,K-Fold,5,SVM,desc+numeric,160,True,0.815,0.8404055525313011,0.815,0.8266940476190476,0.7488161412180456,200
2,locals_vs_diaspora,3,3,28,169,3,K-Fold,5,SVM,desc+numeric,160,False,0.88,0.8547619047619047,0.88,0.8626731078904991,0.6385868389686254,200
2,locals_vs_diaspora,3,3,28,169,3,K-Fold,5,AdaBoost,desc+numeric,160,True,0.56,0.7632774390243903,0.56,0.625031381429958,0.618611027280932,200
2,locals_vs_diaspora,3,3,28,169,3,K-Fold,5,AdaBoost,desc+numeric,160,False,0.865,0.8459836065573769,0.865,0.8477015063424947,0.6753096618063146,200
2,locals_vs_diaspora,3,3,28,169,3,K-Fold,5,XGBoost,desc+numeric,160,True,0.865,0.8442977528089888,0.865,0.8526924660354055,0.7035339973952879,200
2,locals_vs_diaspora,3,3,28,169,3,K-Fold,5,XGBoost,desc+numeric,160,False,0.855,0.8221504339440693,0.855,0.8337840909090909,0.708134189321442,200
2,locals_vs_diaspora,3,3,28,169,3,K-Fold,5,LogReg,desc+numeric+iran,180,True,0.825,0.8625345224395857,0.825,0.842347721461874,0.8202375228959525,200
2,locals_vs_diaspora,3,3,28,169,3,K-Fold,5,LogReg,desc+numeric+iran,180,False,0.885,0.8670000000000002,0.885,0.8754876042123739,0.7789371327603476,200
2,locals_vs_diaspora,3,3,28,169,3,K-Fold,5,DecisionTree,desc+numeric+iran,180,True,0.83,0.8515663580246914,0.83,0.8400886203423968,0.7314895030864313,200
2,locals_vs_diaspora,3,3,28,169,3,K-Fold,5,DecisionTree,desc+numeric+iran,180,False,0.845,0.8354860069965017,0.845,0.83943920425313,0.6862154942288872,200
2,locals_vs_diaspora,3,3,28,169,3,K-Fold,5,RandomForest,desc+numeric+iran,180,True,0.89,0.8893360433604336,0.89,0.8879617117117117,0.882006823089021,200
2,locals_vs_diaspora,3,3,28,169,3,K-Fold,5,RandomForest,desc+numeric+iran,180,False,0.875,0.8533886618998978,0.875,0.8625210374639769,0.8942212877140605,200
2,locals_vs_diaspora,3,3,28,169,3,K-Fold,5,SVM,desc+numeric+iran,180,True,0.825,0.8536350844277675,0.825,0.8390390390390391,0.7426845099599774,200
2,locals_vs_diaspora,3,3,28,169,3,K-Fold,5,SVM,desc+numeric+iran,180,False,0.875,0.8600714285714285,0.875,0.8668157423971379,0.6973337401609285,200
2,locals_vs_diaspora,3,3,28,169,3,K-Fold,5,AdaBoost,desc+numeric+iran,180,True,0.805,0.8376969057665261,0.805,0.8193883792048929,0.7721332482549572,200
2,locals_vs_diaspora,3,3,28,169,3,K-Fold,5,AdaBoost,desc+numeric+iran,180,False,0.875,0.8736726190476192,0.875,0.8742259285787374,0.8432008731878401,200
2,locals_vs_diaspora,3,3,28,169,3,K-Fold,5,XGBoost,desc+numeric+iran,180,True,0.87,0.8623747763864043,0.87,0.8660128163353968,0.8659219785910944,200
2,locals_vs_diaspora,3,3,28,169,3,K-Fold,5,XGBoost,desc+numeric+iran,180,False,0.86,0.8445809523809524,0.86,0.8516055456171735,0.8697185178274265,200
2,locals_vs_diaspora,3,3,28,169,3,K-Fold,5,LogReg,tweets+numeric+iran,331,True,0.82,0.8599138254027726,0.82,0.838161488224817,0.8085660993294007,200
2,locals_vs_diaspora,3,3,28,169,3,K-Fold,5,LogReg,tweets+numeric+iran,331,False,0.88,0.8631653404067197,0.88,0.871301155382788,0.7589984663043934,200
2,locals_vs_diaspora,3,3,28,169,3,K-Fold,5,DecisionTree,tweets+numeric+iran,331,True,0.845,0.8665723905723905,0.845,0.85564725095264,0.7409482446753819,200
2,locals_vs_diaspora,3,3,28,169,3,K-Fold,5,DecisionTree,tweets+numeric+iran,331,False,0.875,0.873546511627907,0.875,0.8737311076020754,0.770136537941592,200
2,locals_vs_diaspora,3,3,28,169,3,K-Fold,5,RandomForest,tweets+numeric+iran,331,True,0.89,0.885657335223246,0.89,0.886868560423688,0.8663353266933486,200
2,locals_vs_diaspora,3,3,28,169,3,K-Fold,5,RandomForest,tweets+numeric+iran,331,False,0.865,0.8400279329608938,0.865,0.8504392446633827,0.8640611874097965,200
2,locals_vs_diaspora,3,3,28,169,3,K-Fold,5,SVM,tweets+numeric+iran,331,True,0.83,0.860570324926153,0.83,0.8450087623220154,0.7206372595686993,200
2,locals_vs_diaspora,3,3,28,169,3,K-Fold,5,SVM,tweets+numeric+iran,331,False,0.87,0.8577888198757764,0.87,0.8629092567259462,0.6911488151225624,200
2,locals_vs_diaspora,3,3,28,169,3,K-Fold,5,AdaBoost,tweets+numeric+iran,331,True,0.81,0.8352011150935883,0.81,0.8220902247938963,0.7406386352298735,200
2,locals_vs_diaspora,3,3,28,169,3,K-Fold,5,AdaBoost,tweets+numeric+iran,331,False,0.855,0.8486549707602339,0.855,0.8517754010695187,0.800066107897533,200
2,locals_vs_diaspora,3,3,28,169,3,K-Fold,5,XGBoost,tweets+numeric+iran,331,True,0.865,0.8630314371257485,0.865,0.8636130952380954,0.8641841377222478,200
2,locals_vs_diaspora,3,3,28,169,3,K-Fold,5,XGBoost,tweets+numeric+iran,331,False,0.885,0.873041351711872,0.885,0.8787914230019492,0.8750505281777298,200
2,locals_vs_diaspora,2,3,28,0,3,K-Fold,5,LogReg,numeric,11,True,0.7419354838709677,0.7990074441687344,0.7419354838709677,0.7694145758661888,0.5595238095238095,200
2,locals_vs_diaspora,2,3,28,0,3,K-Fold,5,LogReg,numeric,11,False,0.9032258064516129,0.8158168574401664,0.9032258064516129,0.8572990705303445,0.5595238095238095,200
2,locals_vs_diaspora,2,3,28,0,3,K-Fold,5,DecisionTree,numeric,11,True,0.7741935483870968,0.8028673835125447,0.7741935483870968,0.7882697947214076,0.42857142857142855,200
2,locals_vs_diaspora,2,3,28,0,3,K-Fold,5,DecisionTree,numeric,11,False,0.7741935483870968,0.8028673835125447,0.7741935483870968,0.7882697947214076,0.42857142857142855,200
2,locals_vs_diaspora,2,3,28,0,3,K-Fold,5,RandomForest,numeric,11,True,0.7741935483870968,0.8028673835125447,0.7741935483870968,0.7882697947214076,0.5178571428571428,200
2,locals_vs_diaspora,2,3,28,0,3,K-Fold,5,RandomForest,numeric,11,False,0.8709677419354839,0.8129032258064516,0.8709677419354839,0.8409343715239154,0.33333333333333337,200
2,locals_vs_diaspora,2,3,28,0,3,K-Fold,5,SVM,numeric,11,True,0.6774193548387096,0.7903225806451613,0.6774193548387096,0.7295285359801489,0.34523809523809523,200
2,locals_vs_diaspora,2,3,28,0,3,K-Fold,5,SVM,numeric,11,False,0.9032258064516129,0.8158168574401664,0.9032258064516129,0.8572990705303445,0.3333333333333333,200
2,locals_vs_diaspora,2,3,28,0,3,K-Fold,5,AdaBoost,numeric,11,True,0.7419354838709677,0.7990074441687344,0.7419354838709677,0.7694145758661888,0.36309523809523814,200
2,locals_vs_diaspora,2,3,28,0,3,K-Fold,5,AdaBoost,numeric,11,False,0.7096774193548387,0.7948387096774193,0.7096774193548387,0.7498478393183202,0.33333333333333337,200
2,locals_vs_diaspora,2,3,28,0,3,K-Fold,5,XGBoost,numeric,11,True,0.8064516129032258,0.8064516129032258,0.8064516129032258,0.8064516129032258,0.2380952380952381,200
2,locals_vs_diaspora,2,3,28,0,3,K-Fold,5,XGBoost,numeric,11,False,0.9032258064516129,0.8158168574401664,0.9032258064516129,0.8572990705303445,0.5595238095238095,200
2,locals_vs_diaspora,2,3,28,0,3,K-Fold,5,LogReg,numeric+iran,31,True,0.7741935483870968,0.8028673835125447,0.7741935483870968,0.7882697947214076,0.44047619047619047,200
2,locals_vs_diaspora,2,3,28,0,3,K-Fold,5,LogReg,numeric+iran,31,False,0.8709677419354839,0.8129032258064516,0.8709677419354839,0.8409343715239154,0.44047619047619047,200
2,locals_vs_diaspora,2,3,28,0,3,K-Fold,5,DecisionTree,numeric+iran,31,True,0.7741935483870968,0.8028673835125447,0.7741935483870968,0.7882697947214076,0.42857142857142855,200
2,locals_vs_diaspora,2,3,28,0,3,K-Fold,5,DecisionTree,numeric+iran,31,False,0.7096774193548387,0.7948387096774193,0.7096774193548387,0.7498478393183202,0.39285714285714285,200
2,locals_vs_diaspora,2,3,28,0,3,K-Fold,5,RandomForest,numeric+iran,31,True,0.8387096774193549,0.8097886540600668,0.8387096774193549,0.8239954725523485,0.36904761904761907,200
2,locals_vs_diaspora,2,3,28,0,3,K-Fold,5,RandomForest,numeric+iran,31,False,0.9032258064516129,0.8158168574401664,0.9032258064516129,0.8572990705303445,0.22619047619047622,200
2,locals_vs_diaspora,2,3,28,0,3,K-Fold,5,SVM,numeric+iran,31,True,0.8064516129032258,0.8064516129032258,0.8064516129032258,0.8064516129032258,0.20238095238095238,200
2,locals_vs_diaspora,2,3,28,0,3,K-Fold,5,SVM,numeric+iran,31,False,0.8387096774193549,0.8097886540600668,0.8387096774193549,0.8239954725523485,0.20238095238095238,200
2,locals_vs_diaspora,2,3,28,0,3,K-Fold,5,AdaBoost,numeric+iran,31,True,0.7096774193548387,0.7948387096774193,0.7096774193548387,0.7498478393183202,0.3035714285714286,200
2,locals_vs_diaspora,2,3,28,0,3,K-Fold,5,AdaBoost,numeric+iran,31,False,0.8064516129032258,0.8064516129032258,0.8064516129032258,0.8064516129032258,0.2857142857142857,200
2,locals_vs_diaspora,2,3,28,0,3,K-Fold,5,XGBoost,numeric+iran,31,True,0.8064516129032258,0.8064516129032258,0.8064516129032258,0.8064516129032258,0.2142857142857143,200
2,locals_vs_diaspora,2,3,28,0,3,K-Fold,5,XGBoost,numeric+iran,31,False,0.8709677419354839,0.8129032258064516,0.8709677419354839,0.8409343715239154,0.4880952380952381,200
2,locals_vs_diaspora,2,3,28,0,3,K-Fold,5,LogReg,desc+numeric,160,True,0.7419354838709677,0.7990074441687344,0.7419354838709677,0.7694145758661888,0.5,200
2,locals_vs_diaspora,2,3,28,0,3,K-Fold,5,LogReg,desc+numeric,160,False,0.9032258064516129,0.8158168574401664,0.9032258064516129,0.8572990705303445,0.5238095238095238,200
2,locals_vs_diaspora,2,3,28,0,3,K-Fold,5,DecisionTree,desc+numeric,160,True,0.7419354838709677,0.7990074441687344,0.7419354838709677,0.7694145758661888,0.4107142857142857,200
2,locals_vs_diaspora,2,3,28,0,3,K-Fold,5,DecisionTree,desc+numeric,160,False,0.7741935483870968,0.8028673835125447,0.7741935483870968,0.7882697947214076,0.42857142857142855,200
2,locals_vs_diaspora,2,3,28,0,3,K-Fold,5,RandomForest,desc+numeric,160,True,0.8064516129032258,0.8064516129032258,0.8064516129032258,0.8064516129032258,0.2916666666666667,200
2,locals_vs_diaspora,2,3,28,0,3,K-Fold,5,RandomForest,desc+numeric,160,False,0.9032258064516129,0.8158168574401664,0.9032258064516129,0.8572990705303445,0.30952380952380953,200
2,locals_vs_diaspora,2,3,28,0,3,K-Fold,5,SVM,desc+numeric,160,True,0.8064516129032258,0.8064516129032258,0.8064516129032258,0.8064516129032258,0.22619047619047622,200
2,locals_vs_diaspora,2,3,28,0,3,K-Fold,5,SVM,desc+numeric,160,False,0.9032258064516129,0.8158168574401664,0.9032258064516129,0.8572990705303445,0.28571428571428575,200
2,locals_vs_diaspora,2,3,28,0,3,K-Fold,5,AdaBoost,desc+numeric,160,True,0.7419354838709677,0.7990074441687344,0.7419354838709677,0.7694145758661888,0.32738095238095244,200
2,locals_vs_diaspora,2,3,28,0,3,K-Fold,5,AdaBoost,desc+numeric,160,False,0.7419354838709677,0.7990074441687344,0.7419354838709677,0.7694145758661888,0.2380952380952381,200
2,locals_vs_diaspora,2,3,28,0,3,K-Fold,5,XGBoost,desc+numeric,160,True,0.8064516129032258,0.8064516129032258,0.8064516129032258,0.8064516129032258,0.33333333333333337,200
2,locals_vs_diaspora,2,3,28,0,3,K-Fold,5,XGBoost,desc+numeric,160,False,0.9032258064516129,0.8158168574401664,0.9032258064516129,0.8572990705303445,0.5595238095238095,200
2,locals_vs_diaspora,2,3,28,0,3,K-Fold,5,LogReg,desc+numeric+iran,180,True,0.7741935483870968,0.8028673835125447,0.7741935483870968,0.7882697947214076,0.44047619047619047,200
2,locals_vs_diaspora,2,3,28,0,3,K-Fold,5,LogReg,desc+numeric+iran,180,False,0.9032258064516129,0.8158168574401664,0.9032258064516129,0.8572990705303445,0.44047619047619047,200
2,locals_vs_diaspora,2,3,28,0,3,K-Fold,5,DecisionTree,desc+numeric+iran,180,True,0.7419354838709677,0.7990074441687344,0.7419354838709677,0.7694145758661888,0.4107142857142857,200
2,locals_vs_diaspora,2,3,28,0,3,K-Fold,5,DecisionTree,desc+numeric+iran,180,False,0.7096774193548387,0.7948387096774193,0.7096774193548387,0.7498478393183202,0.39285714285714285,200
2,locals_vs_diaspora,2,3,28,0,3,K-Fold,5,RandomForest,desc+numeric+iran,180,True,0.8387096774193549,0.8097886540600668,0.8387096774193549,0.8239954725523485,0.40476190476190477,200
2,locals_vs_diaspora,2,3,28,0,3,K-Fold,5,RandomForest,desc+numeric+iran,180,False,0.9032258064516129,0.8158168574401664,0.9032258064516129,0.8572990705303445,0.2976190476190476,200
2,locals_vs_diaspora,2,3,28,0,3,K-Fold,5,SVM,desc+numeric+iran,180,True,0.8064516129032258,0.8064516129032258,0.8064516129032258,0.8064516129032258,0.19047619047619047,200
2,locals_vs_diaspora,2,3,28,0,3,K-Fold,5,SVM,desc+numeric+iran,180,False,0.8064516129032258,0.8064516129032258,0.8064516129032258,0.8064516129032258,0.19047619047619047,200
2,locals_vs_diaspora,2,3,28,0,3,K-Fold,5,AdaBoost,desc+numeric+iran,180,True,0.7419354838709677,0.7990074441687344,0.7419354838709677,0.7694145758661888,0.25,200
2,locals_vs_diaspora,2,3,28,0,3,K-Fold,5,AdaBoost,desc+numeric+iran,180,False,0.7741935483870968,0.8028673835125447,0.7741935483870968,0.7882697947214076,0.2261904761904762,200
2,locals_vs_diaspora,2,3,28,0,3,K-Fold,5,XGBoost,desc+numeric+iran,180,True,0.8064516129032258,0.8064516129032258,0.8064516129032258,0.8064516129032258,0.32142857142857145,200
2,locals_vs_diaspora,2,3,28,0,3,K-Fold,5,XGBoost,desc+numeric+iran,180,False,0.8709677419354839,0.8129032258064516,0.8709677419354839,0.8409343715239154,0.4880952380952381,200
2,locals_vs_diaspora,2,3,28,0,3,K-Fold,5,LogReg,tweets+numeric+iran,331,True,0.7741935483870968,0.8028673835125447,0.7741935483870968,0.7882697947214076,0.44047619047619047,200
2,locals_vs_diaspora,2,3,28,0,3,K-Fold,5,LogReg,tweets+numeric+iran,331,False,0.8709677419354839,0.8129032258064516,0.8709677419354839,0.8409343715239154,0.44047619047619047,200
2,locals_vs_diaspora,2,3,28,0,3,K-Fold,5,DecisionTree,tweets+numeric+iran,331,True,0.7096774193548387,0.7948387096774193,0.7096774193548387,0.7498478393183202,0.39285714285714285,200
2,locals_vs_diaspora,2,3,28,0,3,K-Fold,5,DecisionTree,tweets+numeric+iran,331,False,0.8064516129032258,0.8064516129032258,0.8064516129032258,0.8064516129032258,0.44642857142857145,200
2,locals_vs_diaspora,2,3,28,0,3,K-Fold,5,RandomForest,tweets+numeric+iran,331,True,0.8387096774193549,0.8097886540600668,0.8387096774193549,0.8239954725523485,0.3273809523809524,200
2,locals_vs_diaspora,2,3,28,0,3,K-Fold,5,RandomForest,tweets+numeric+iran,331,False,0.9032258064516129,0.8158168574401664,0.9032258064516129,0.8572990705303445,0.32142857142857145,200
2,locals_vs_diaspora,2,3,28,0,3,K-Fold,5,SVM,tweets+numeric+iran,331,True,0.8064516129032258,0.8064516129032258,0.8064516129032258,0.8064516129032258,0.16666666666666669,200
2,locals_vs_diaspora,2,3,28,0,3,K-Fold,5,SVM,tweets+numeric+iran,331,False,0.8387096774193549,0.8097886540600668,0.8387096774193549,0.8239954725523485,0.16666666666666669,200
2,locals_vs_diaspora,2,3,28,0,3,K-Fold,5,AdaBoost,tweets+numeric+iran,331,True,0.7419354838709677,0.7990074441687344,0.7419354838709677,0.7694145758661888,0.2380952380952381,200
2,locals_vs_diaspora,2,3,28,0,3,K-Fold,5,AdaBoost,tweets+numeric+iran,331,False,0.7419354838709677,0.7990074441687344,0.7419354838709677,0.7694145758661888,0.2261904761904762,200
2,locals_vs_diaspora,2,3,28,0,3,K-Fold,5,XGBoost,tweets+numeric+iran,331,True,0.8387096774193549,0.8097886540600668,0.8387096774193549,0.8239954725523485,0.20238095238095238,200
2,locals_vs_diaspora,2,3,28,0,3,K-Fold,5,XGBoost,tweets+numeric+iran,331,False,0.8709677419354839,0.8129032258064516,0.8709677419354839,0.8409343715239154,0.4880952380952381,200
2,person_vs_organization,3,32,103,65,32,K-Fold,5,LogReg,numeric,11,True,0.46,0.4929978354978355,0.46,0.4582302313071544,0.6112920075819561,200
2,person_vs_organization,3,32,103,65,32,K-Fold,5,LogReg,numeric,11,False,0.495,0.479803594351733,0.495,0.48234234284502675,0.6009852860961109,200
2,person_vs_organization,3,32,103,65,32,K-Fold,5,DecisionTree,numeric,11,True,0.44,0.4474886189079737,0.44,0.4420470055355173,0.540251186385207,200
2,person_vs_organization,3,32,103,65,32,K-Fold,5,DecisionTree,numeric,11,False,0.425,0.42718708827404483,0.425,0.4258704004728831,0.5233445153548246,200
2,person_vs_organization,3,32,103,65,32,K-Fold,5,RandomForest,numeric,11,True,0.475,0.48041482184271556,0.475,0.4774868898202645,0.6247780607374679,200
2,person_vs_organization,3,32,103,65,32,K-Fold,5,RandomForest,numeric,11,False,0.525,0.49583479660520924,0.525,0.4975632137472874,0.6018878695521737,200
2,person_vs_organization,3,32,103,65,32,K-Fold,5,SVM,numeric,11,True,0.425,0.45828878648233484,0.425,0.42017696927527737,0.5614488899798179,200
2,person_vs_organization,3,32,103,65,32,K-Fold,5,SVM,numeric,11,False,0.48,0.4670960081585082,0.48,0.4651945960165035,0.5446439957999236,200
2,person_vs_organization,3,32,103,65,32,K-Fold,5,AdaBoost,numeric,11,True,0.505,0.5209547908232119,0.505,0.5044180037397435,0.612644111711122,200
2,person_vs_organization,3,32,103,65,32,K-Fold,5,AdaBoost,numeric,11,False,0.515,0.5063045454545454,0.515,0.5070360317834947,0.6138878354606448,200
2,person_vs_organization,3,32,103,65,32,K-Fold,5,XGBoost,numeric,11,True,0.47,0.46928933948518703,0.47,0.4691930172295035,0.5885238436153385,200
2,person_vs_organization,3,32,103,65,32,K-Fold,5,XGBoost,numeric,11,False,0.455,0.44486673414304995,0.455,0.4485305577625934,0.582665821196749,200
2,person_vs_organization,3,32,103,65,32,K-Fold,5,LogReg,numeric+iran,31,True,0.48,0.5131244108004671,0.48,0.48274879160017575,0.6478440380734196,200
2,person_vs_organization,3,32,103,65,32,K-Fold,5,LogReg,numeric+iran,31,False,0.49,0.47997787741136216,0.49,0.4835196329492104,0.6434137211585665,200
2,person_vs_organization,3,32,103,65,32,K-Fold,5,DecisionTree,numeric+iran,31,True,0.47,0.4645862542955326,0.47,0.46540159489633176,0.56319683085147,200
2,person_vs_organization,3,32,103,65,32,K-Fold,5,DecisionTree,numeric+iran,31,False,0.44,0.4334657640834111,0.44,0.4364459286253443,0.5315455735558828,200
2,person_vs_organization,3,32,103,65,32,K-Fold,5,RandomForest,numeric+iran,31,True,0.515,0.5129763986013987,0.515,0.5139180992283141,0.6543963787977964,200
2,person_vs_organization,3,32,103,65,32,K-Fold,5,RandomForest,numeric+iran,31,False,0.57,0.5555726381461676,0.57,0.5497933205563956,0.6467878484154258,200
2,person_vs_organization,3,32,103,65,32,K-Fold,5,SVM,numeric+iran,31,True,0.47,0.5073352474706043,0.47,0.47315961945031715,0.5977462703867343,200
2,person_vs_organization,3,32,103,65,32,K-Fold,5,SVM,numeric+iran,31,False,0.465,0.46065619868637114,0.465,0.46183371452619254,0.5853736908852889,200
2,person_vs_organization,3,32,103,65,32,K-Fold,5,AdaBoost,numeric+iran,31,True,0.515,0.5246142381924774,0.515,0.5187016526086791,0.6328009975181367,200
2,person_vs_organization,3,32,103,65,32,K-Fold,5,AdaBoost,numeric+iran,31,False,0.54,0.5311486883613813,0.54,0.5312759351256575,0.6365789014345715,200
2,person_vs_organization,3,32,103,65,32,K-Fold,5,XGBoost,numeric+iran,31,True,0.465,0.46295905337941634,0.465,0.46393357611380864,0.5992569410352915,200
2,person_vs_organization,3,32,103,65,32,K-Fold,5,XGBoost,numeric+iran,31,False,0.475,0.46420996542146137,0.475,0.46788023900154097,0.6107657639229803,200
2,person_vs_organization,3,32,103,65,32,K-Fold,5,LogReg,desc+numeric,160,True,0.425,0.4406529371790999,0.425,0.4253249042145594,0.5974763132056947,200
2,person_vs_organization,3,32,103,65,32,K-Fold,5,LogReg,desc+numeric,160,False,0.505,0.4911449169110459,0.505,0.4925229615160835,0.5961891602574592,200
2,person_vs_organization,3,32,103,65,32,K-Fold,5,DecisionTree,desc+numeric,160,True,0.425,0.4394444444444444,0.425,0.4302722140592375,0.5364070255822834,200
2,person_vs_organization,3,32,103,65,32,K-Fold,5,DecisionTree,desc+numeric,160,False,0.42,0.41615753295854946,0.42,0.41797961799030936,0.5138329787814324,200
2,person_vs_organization,3,32,103,65,32,K-Fold,5,RandomForest,desc+numeric,160,True,0.495,0.4810248447204969,0.495,0.48651374207188164,0.6095923982708776,200
2,person_vs_organization,3,32,103,65,32,K-Fold,5,RandomForest,desc+numeric,160,False,0.525,0.4640704295704296,0.525,0.4773514696685428,0.6301585153820979,200
2,person_vs_organization,3,32,103,65,32,K-Fold,5,SVM,desc+numeric,160,True,0.43,0.443625,0.43,0.4308837384586395,0.5380189889816179,200
2,person_vs_organization,3,32,103,65,32,K-Fold,5,SVM,desc+numeric,160,False,0.51,0.4961775780915703,0.51,0.4976112332466605,0.5672449408171057,200
2,person_vs_organization,3,32,103,65,32,K-Fold,5,AdaBoost,desc+numeric,160,True,0.515,0.523952380952381,0.515,0.5171524133588166,0.6188709874270443,200
2,person_vs_organization,3,32,103,65,32,K-Fold,5,AdaBoost,desc+numeric,160,False,0.505,0.4818558160106148,0.505,0.4825425232731266,0.5968136250204549,200
2,person_vs_organization,3,32,103,65,32,K-Fold,5,XGBoost,desc+numeric,160,True,0.45,0.4475230766969457,0.45,0.4485363824619406,0.582233676975945,200
2,person_vs_organization,3,32,103,65,32,K-Fold,5,XGBoost,desc+numeric,160,False,0.465,0.4529179523141655,0.465,0.45689103780709645,0.5718706567392136,200
2,person_vs_organization,3,32,103,65,32,K-Fold,5,LogReg,desc+numeric+iran,180,True,0.495,0.5207885979268958,0.495,0.49941154726104725,0.6451865556646486,200
2,person_vs_organization,3,32,103,65,32,K-Fold,5,LogReg,desc+numeric+iran,180,False,0.49,0.481239043362164,0.49,0.4841822991822991,0.6425404734631539,200
2,person_vs_organization,3,32,103,65,32,K-Fold,5,DecisionTree,desc+numeric+iran,180,True,0.44,0.4612731829573935,0.44,0.44656022047761723,0.5547809960181094,200
2,person_vs_organization,3,32,103,65,32,K-Fold,5,DecisionTree,desc+numeric+iran,180,False,0.46,0.46,0.46,0.46,0.5536232476954126,200
2,person_vs_organization,3,32,103,65,32,K-Fold,5,RandomForest,desc+numeric+iran,180,True,0.505,0.4931545518701483,0.505,0.4985296031229668,0.6438670532646049,200
2,person_vs_organization,3,32,103,65,32,K-Fold,5,RandomForest,desc+numeric+iran,180,False,0.57,0.5668965517241379,0.57,0.5259266612334634,0.6339093813069328,200
2,person_vs_organization,3,32,103,65,32,K-Fold,5,SVM,desc+numeric+iran,180,True,0.455,0.4683658219623132,0.455,0.455837637199013,0.5730123274968636,200
2,person_vs_organization,3,32,103,65,32,K-Fold,5,SVM,desc+numeric+iran,180,False,0.465,0.4606873395672901,0.465,0.462133483976295,0.5816448617247587,200
2,person_vs_organization,3,32,103,65,32,K-Fold,5,AdaBoost,desc+numeric+iran,180,True,0.505,0.5147384404388715,0.505,0.5059530922797711,0.6206489390716196,200
2,person_vs_organization,3,32,103,65,32,K-Fold,5,AdaBoost,desc+numeric+iran,180,False,0.51,0.4924125888491721,0.51,0.496695631852081,0.6097993304423717,200
2,person_vs_organization,3,32,103,65,32,K-Fold,5,XGBoost,desc+numeric+iran,180,True,0.49,0.48354993386243383,0.49,0.48640596642051503,0.6094339510718376,200
2,person_vs_organization,3,32,103,65,32,K-Fold,5,XGBoost,desc+numeric+iran,180,False,0.48,0.4675413208649913,0.48,0.4717232985247033,0.6094895543555338,200
2,person_vs_organization,3,32,103,65,32,K-Fold,5,LogReg,tweets+numeric+iran,331,True,0.48,0.5131244108004671,0.48,0.48274879160017575,0.6461021723122238,200
2,person_vs_organization,3,32,103,65,32,K-Fold,5,LogReg,tweets+numeric+iran,331,False,0.485,0.47480130327956416,0.485,0.47836728128830575,0.6411041018927618,200
2,person_vs_organization,3,32,103,65,32,K-Fold,5,DecisionTree,tweets+numeric+iran,331,True,0.46,0.46717391784354767,0.46,0.46250570712301015,0.5586994763541155,200
2,person_vs_organization,3,32,103,65,32,K-Fold,5,DecisionTree,tweets+numeric+iran,331,False,0.375,0.37671715679030593,0.375,0.3758110516934046,0.48123124965908465,200
2,person_vs_organization,3,32,103,65,32,K-Fold,5,RandomForest,tweets+numeric+iran,331,True,0.56,0.5587122638817554,0.56,0.5587619865228793,0.6559511400207276,200
2,person_vs_organization,3,32,103,65,32,K-Fold,5,RandomForest,tweets+numeric+iran,331,False,0.575,0.5580816326530612,0.575,0.5511602535751142,0.6658085726558665,200
2,person_vs_organization,3,32,103,65,32,K-Fold,5,SVM,tweets+numeric+iran,331,True,0.485,0.5238467287429551,0.485,0.48937775787674026,0.5948519950362734,200
2,person_vs_organization,3,32,103,65,32,K-Fold,5,SVM,tweets+numeric+iran,331,False,0.475,0.46966986202721883,0.475,0.4713925694538389,0.5790722740413462,200
2,person_vs_organization,3,32,103,65,32,K-Fold,5,AdaBoost,tweets+numeric+iran,331,True,0.455,0.4791731623362203,0.455,0.4602286366116153,0.6138654577810505,200
2,person_vs_organization,3,32,103,65,32,K-Fold,5,AdaBoost,tweets+numeric+iran,331,False,0.505,0.49227969132316957,0.505,0.49621055258239893,0.6122326065019363,200
2,person_vs_organization,3,32,103,65,32,K-Fold,5,XGBoost,tweets+numeric+iran,331,True,0.47,0.4691264335923049,0.47,0.4692503987240829,0.6017058923798615,200
2,person_vs_organization,3,32,103,65,32,K-Fold,5,XGBoost,tweets+numeric+iran,331,False,0.475,0.4627213064713065,0.475,0.4666317411402157,0.600323883161512,200
2,person_vs_organization,2,32,103,0,32,K-Fold,5,LogReg,numeric,11,True,0.7037037037037037,0.7791495198902607,0.7037037037037037,0.7238887016440101,0.7290655339805825,200
2,person_vs_organization,2,32,103,0,32,K-Fold,5,LogReg,numeric,11,False,0.7555555555555555,0.7239665255091753,0.7555555555555555,0.7316560718655803,0.7348300970873788,200
2,person_vs_organization,2,32,103,0,32,K-Fold,5,DecisionTree,numeric,11,True,0.6148148148148148,0.6229124873271641,0.6148148148148148,0.6187627913118109,0.4783070388349515,200
2,person_vs_organization,2,32,103,0,32,K-Fold,5,DecisionTree,numeric,11,False,0.6814814814814815,0.6848946986201888,0.6814814814814815,0.683154749496213,0.5650788834951457,200
2,person_vs_organization,2,32,103,0,32,K-Fold,5,RandomForest,numeric,11,True,0.725925925925926,0.7111796982167353,0.725925925925926,0.7175599408549845,0.7134405339805825,200
2,person_vs_organization,2,32,103,0,32,K-Fold,5,RandomForest,numeric,11,False,0.7555555555555555,0.7146296296296296,0.7555555555555555,0.7206649068685135,0.7196601941747574,200
2,person_vs_organization,2,32,103,0,32,K-Fold,5,SVM,numeric,11,True,0.674074074074074,0.7595070658361798,0.674074074074074,0.697028897028897,0.7189016990291263,200
2,person_vs_organization,2,32,103,0,32,K-Fold,5,SVM,numeric,11,False,0.7185185185185186,0.6639277933395581,0.7185185185185186,0.6817484150817484,0.5913228155339805,200
2,person_vs_organization,2,32,103,0,32,K-Fold,5,AdaBoost,numeric,11,True,0.7407407407407407,0.755091826520398,0.7407407407407407,0.7469095745106993,0.7295206310679613,200
2,person_vs_organization,2,32,103,0,32,K-Fold,5,AdaBoost,numeric,11,False,0.7703703703703704,0.7430194259595347,0.7703703703703704,0.7479193402373633,0.7038834951456311,200
2,person_vs_organization,2,32,103,0,32,K-Fold,5,XGBoost,numeric,11,True,0.7407407407407407,0.7216026936026936,0.7407407407407407,0.729081441213885,0.643507281553398,200
2,person_vs_organization,2,32,103,0,32,K-Fold,5,XGBoost,numeric,11,False,0.7333333333333333,0.6851540616246499,0.7333333333333333,0.6984984984984984,0.665351941747573,200
2,person_vs_organization,2,32,103,0,32,K-Fold,5,LogReg,numeric+iran,31,True,0.6962962962962963,0.7762542087542087,0.6962962962962963,0.717355833315886,0.7342233009708738,200
2,person_vs_organization,2,32,103,0,32,K-Fold,5,LogReg,numeric+iran,31,False,0.7407407407407407,0.7216026936026936,0.7407407407407407,0.729081441213885,0.7327063106796117,200
2,person_vs_organization,2,32,103,0,32,K-Fold,5,DecisionTree,numeric+iran,31,True,0.674074074074074,0.6878413767302657,0.674074074074074,0.680433141353351,0.570995145631068,200
2,person_vs_organization,2,32,103,0,32,K-Fold,5,DecisionTree,numeric+iran,31,False,0.6592592592592592,0.6517813051146384,0.6592592592592592,0.6554016174983918,0.5182038834951457,200
2,person_vs_organization,2,32,103,0,32,K-Fold,5,RandomForest,numeric+iran,31,True,0.7777777777777778,0.7777777777777778,0.7777777777777778,0.7777777777777778,0.7706310679611651,200
2,person_vs_organization,2,32,103,0,32,K-Fold,5,RandomForest,numeric+iran,31,False,0.7777777777777778,0.7488328664799253,0.7777777777777778,0.7487487487487487,0.7580400485436893,200
2,person_vs_organization,2,32,103,0,32,K-Fold,5,SVM,numeric+iran,31,True,0.6962962962962963,0.784515419603139,0.6962962962962963,0.7179772981747033,0.7260315533980584,200
2,person_vs_organization,2,32,103,0,32,K-Fold,5,SVM,numeric+iran,31,False,0.725925925925926,0.7170919781199547,0.725925925925926,0.7211534383234124,0.6953883495145632,200
2,person_vs_organization,2,32,103,0,32,K-Fold,5,AdaBoost,numeric+iran,31,True,0.6814814814814815,0.7184735797475938,0.6814814814814815,0.6958556505223172,0.7421116504854368,200
2,person_vs_organization,2,32,103,0,32,K-Fold,5,AdaBoost,numeric+iran,31,False,0.7925925925925926,0.7724959742351046,0.7925925925925926,0.774369429415301,0.7242111650485437,200
2,person_vs_organization,2,32,103,0,32,K-Fold,5,XGBoost,numeric+iran,31,True,0.7185185185185186,0.7001385294963276,0.7185185185185186,0.7079423600568688,0.7145024271844661,200
2,person_vs_organization,2,32,103,0,32,K-Fold,5,XGBoost,numeric+iran,31,False,0.7555555555555555,0.7285992759676969,0.7555555555555555,0.7363842757634602,0.6850728155339806,200
2,person_vs_organization,2,32,103,0,32,K-Fold,5,LogReg,desc+numeric,160,True,0.7111111111111111,0.7460847095831928,0.7111111111111111,0.7241481481481482,0.7308859223300971,200
2,person_vs_organization,2,32,103,0,32,K-Fold,5,LogReg,desc+numeric,160,False,0.7703703703703704,0.7430194259595347,0.7703703703703704,0.7479193402373633,0.7324029126213591,200
2,person_vs_organization,2,32,103,0,32,K-Fold,5,DecisionTree,desc+numeric,160,True,0.6,0.6389144905273938,0.6,0.616822945394374,0.5009101941747574,200
2,person_vs_organization,2,32,103,0,32,K-Fold,5,DecisionTree,desc+numeric,160,False,0.6962962962962963,0.6648004370830458,0.6962962962962963,0.6778044005950983,0.5317050970873787,200
2,person_vs_organization,2,32,103,0,32,K-Fold,5,RandomForest,desc+numeric,160,True,0.7777777777777778,0.7470812016266561,0.7777777777777778,0.7432280883367841,0.7352851941747574,200
2,person_vs_organization,2,32,103,0,32,K-Fold,5,RandomForest,desc+numeric,160,False,0.7851851851851852,0.7882621082621083,0.7851851851851852,0.7192531587381373,0.7788228155339806,200
2,person_vs_organization,2,32,103,0,32,K-Fold,5,SVM,desc+numeric,160,True,0.725925925925926,0.7170919781199547,0.725925925925926,0.7211534383234124,0.7008495145631068,200
2,person_vs_organization,2,32,103,0,32,K-Fold,5,SVM,desc+numeric,160,False,0.7703703703703704,0.7465794114916922,0.7703703703703704,0.7523609863232504,0.6975121359223301,200
2,person_vs_organization,2,32,103,0,32,K-Fold,5,AdaBoost,desc+numeric,160,True,0.7703703703703704,0.7632063423215018,0.7703703703703704,0.7663717996763727,0.7193567961165048,200
2,person_vs_organization,2,32,103,0,32,K-Fold,5,AdaBoost,desc+numeric,160,False,0.7851851851851852,0.7589506172839506,0.7851851851851852,0.7545237060359663,0.7164745145631067,200
2,person_vs_organization,2,32,103,0,32,K-Fold,5,XGBoost,desc+numeric,160,True,0.7481481481481481,0.7272605939272606,0.7481481481481481,0.7348662414082974,0.6410800970873787,200
2,person_vs_organization,2,32,103,0,32,K-Fold,5,XGBoost,desc+numeric,160,False,0.7185185185185186,0.6724279835390947,0.7185185185185186,0.6880673400673399,0.6574635922330097,200
2,person_vs_organization,2,32,103,0,32,K-Fold,5,LogReg,desc+numeric+iran,180,True,0.6962962962962963,0.7460760083100508,0.6962962962962963,0.7132033882912006,0.7375606796116506,200
2,person_vs_organization,2,32,103,0,32,K-Fold,5,LogReg,desc+numeric+iran,180,False,0.762962962962963,0.7440106773440107,0.762962962962963,0.7504623448548681,0.7408980582524273,200
2,person_vs_organization,2,32,103,0,32,K-Fold,5,DecisionTree,desc+numeric+iran,180,True,0.6962962962962963,0.7390946502057613,0.6962962962962963,0.7117052588555179,0.6501820388349515,200
2,person_vs_organization,2,32,103,0,32,K-Fold,5,DecisionTree,desc+numeric+iran,180,False,0.6814814814814815,0.65593265993266,0.6814814814814815,0.6671571992056301,0.521996359223301,200
2,person_vs_organization,2,32,103,0,32,K-Fold,5,RandomForest,desc+numeric+iran,180,True,0.7777777777777778,0.7540096618357489,0.7777777777777778,0.7582529600878225,0.7674453883495145,200
2,person_vs_organization,2,32,103,0,32,K-Fold,5,RandomForest,desc+numeric+iran,180,False,0.7925925925925926,0.8008039046798737,0.7925925925925926,0.7332593936949654,0.7789745145631067,200
2,person_vs_organization,2,32,103,0,32,K-Fold,5,SVM,desc+numeric+iran,180,True,0.7037037037037037,0.7228150559675248,0.7037037037037037,0.7119576719576719,0.7178398058252428,200
2,person_vs_organization,2,32,103,0,32,K-Fold,5,SVM,desc+numeric+iran,180,False,0.7407407407407407,0.7324634328538038,0.7407407407407407,0.7362262254410659,0.725728155339806,200
2,person_vs_organization,2,32,103,0,32,K-Fold,5,AdaBoost,desc+numeric+iran,180,True,0.7037037037037037,0.7100670851398866,0.7037037037037037,0.7067406087013931,0.748634708737864,200
2,person_vs_organization,2,32,103,0,32,K-Fold,5,AdaBoost,desc+numeric+iran,180,False,0.8,0.7805583250249253,0.8,0.7761750854187829,0.7515169902912622,200
2,person_vs_organization,2,32,103,0,32,K-Fold,5,XGBoost,desc+numeric+iran,180,True,0.725925925925926,0.7111796982167353,0.725925925925926,0.7175599408549845,0.6978155339805825,200
2,person_vs_organization,2,32,103,0,32,K-Fold,5,XGBoost,desc+numeric+iran,180,False,0.762962962962963,0.7355233494363929,0.762962962962963,0.7421364907603439,0.693871359223301,200
2,person_vs_organization,2,32,103,0,32,K-Fold,5,LogReg,tweets+numeric+iran,331,True,0.6962962962962963,0.7762542087542087,0.6962962962962963,0.717355833315886,0.7345266990291262,200
2,person_vs_organization,2,32,103,0,32,K-Fold,5,LogReg,tweets+numeric+iran,331,False,0.7407407407407407,0.7216026936026936,0.7407407407407407,0.729081441213885,0.7327063106796117,200
2,person_vs_organization,2,32,103,0,32,K-Fold,5,DecisionTree,tweets+numeric+iran,331,True,0.6444444444444445,0.6592592592592592,0.6444444444444445,0.6513816087491102,0.5300364077669903,200
2,person_vs_organization,2,32,103,0,32,K-Fold,5,DecisionTree,tweets+numeric+iran,331,False,0.6444444444444445,0.6592592592592592,0.6444444444444445,0.6513816087491102,0.5300364077669903,200
2,person_vs_organization,2,32,103,0,32,K-Fold,5,RandomForest,tweets+numeric+iran,331,True,0.8074074074074075,0.8034567901234568,0.8074074074074075,0.8052270011947431,0.7786711165048543,200
2,person_vs_organization,2,32,103,0,32,K-Fold,5,RandomForest,tweets+numeric+iran,331,False,0.8,0.781111111111111,0.8,0.7714531056196928,0.7592536407766989,200
2,person_vs_organization,2,32,103,0,32,K-Fold,5,SVM,tweets+numeric+iran,331,True,0.6962962962962963,0.784515419603139,0.6962962962962963,0.7179772981747033,0.7254247572815534,200
2,person_vs_organization,2,32,103,0,32,K-Fold,5,SVM,tweets+numeric+iran,331,False,0.725925925925926,0.7170919781199547,0.725925925925926,0.7211534383234124,0.6953883495145631,200
2,person_vs_organization,2,32,103,0,32,K-Fold,5,AdaBoost,tweets+numeric+iran,331,True,0.7185185185185186,0.7563251563251562,0.7185185185185186,0.7320351279114166,0.7642597087378642,200
2,person_vs_organization,2,32,103,0,32,K-Fold,5,AdaBoost,tweets+numeric+iran,331,False,0.7851851851851852,0.7675092017483323,0.7851851851851852,0.7721055516404353,0.7587985436893203,200
2,person_vs_organization,2,32,103,0,32,K-Fold,5,XGBoost,tweets+numeric+iran,331,True,0.7555555555555555,0.738020202020202,0.7555555555555555,0.7445625017159486,0.7017597087378641,200
2,person_vs_organization,2,32,103,0,32,K-Fold,5,XGBoost,tweets+numeric+iran,331,False,0.7777777777777778,0.7540096618357489,0.7777777777777778,0.7582529600878225,0.706007281553398,200
3,target_population,3,142,77,81,77,K-Fold,5,LogReg,numeric,11,True,0.53,0.5415306691482574,0.53,0.5339087343005254,0.7171437151347084,300
3,target_population,3,142,77,81,77,K-Fold,5,LogReg,numeric,11,False,0.5533333333333333,0.5393226381461677,0.5533333333333333,0.5416215378677385,0.7163073477266881,300
3,target_population,3,142,77,81,77,K-Fold,5,DecisionTree,numeric,11,True,0.45,0.44118841454803154,0.45,0.44414491718167626,0.5580582837820359,300
3,target_population,3,142,77,81,77,K-Fold,5,DecisionTree,numeric,11,False,0.41,0.40828239839318564,0.41,0.40881887708855036,0.5374454754293733,300
3,target_population,3,142,77,81,77,K-Fold,5,RandomForest,numeric,11,True,0.5,0.49974335025704886,0.5,0.4997524720893142,0.6647710749933754,300
3,target_population,3,142,77,81,77,K-Fold,5,RandomForest,numeric,11,False,0.55,0.5383803119044531,0.55,0.5324072087308088,0.6627727997526258,300
3,target_population,3,142,77,81,77,K-Fold,5,SVM,numeric,11,True,0.5133333333333333,0.5222372311827956,0.5133333333333333,0.5148902918265758,0.6900658917129738,300
3,target_population,3,142,77,81,77,K-Fold,5,SVM,numeric,11,False,0.5633333333333334,0.5553233598254637,0.5633333333333334,0.5419217804124374,0.7009214424561719,300
3,target_population,3,142,77,81,77,K-Fold,5,AdaBoost,numeric,11,True,0.48333333333333334,0.5041605704512855,0.48333333333333334,0.4884176168295922,0.6815919031957595,300
3,target_population,3,142,77,81,77,K-Fold,5,AdaBoost,numeric,11,False,0.5633333333333334,0.5596464330413017,0.5633333333333334,0.5454559012948275,0.6904781703434546,300
3,target_population,3,142,77,81,77,K-Fold,5,XGBoost,numeric,11,True,0.5433333333333333,0.5418721461187215,0.5433333333333333,0.5424518518518519,0.7002637733426332,300
3,target_population,3,142,77,81,77,K-Fold,5,XGBoost,numeric,11,False,0.5533333333333333,0.5503787409700722,0.5533333333333333,0.5509735744372711,0.70104146325385,300
3,target_population,3,142,77,81,77,K-Fold,5,LogReg,numeric+iran,31,True,0.5933333333333334,0.6187108328574547,0.5933333333333334,0.601056390968982,0.7689938769016262,300
3,target_population,3,142,77,81,77,K-Fold,5,LogReg,numeric+iran,31,False,0.6233333333333333,0.6215144403201083,0.6233333333333333,0.6159981205888408,0.7709445905863206,300
3,target_population,3,142,77,81,77,K-Fold,5,DecisionTree,numeric+iran,31,True,0.5233333333333333,0.5207081458224315,0.5233333333333333,0.5218747143696546,0.6230255619118417,300
3,target_population,3,142,77,81,77,K-Fold,5,DecisionTree,numeric+iran,31,False,0.5033333333333333,0.506400292102011,0.5033333333333333,0.5043653545374527,0.610003620931733,300
3,target_population,3,142,77,81,77,K-Fold,5,RandomForest,numeric+iran,31,True,0.6366666666666667,0.6367453260373918,0.6366666666666667,0.6359752147350299,0.7755740513802524,300
3,target_population,3,142,77,81,77,K-Fold,5,RandomForest,numeric+iran,31,False,0.6533333333333333,0.6439559500380974,0.6533333333333333,0.6438781569307884,0.7808096493208398,300
3,target_population,3,142,77,81,77,K-Fold,5,SVM,numeric+iran,31,True,0.6166666666666667,0.6261225153015516,0.6166666666666667,0.6175008324195825,0.7770683166399827,300
3,target_population,3,142,77,81,77,K-Fold,5,SVM,numeric+iran,31,False,0.63,0.6260178771215692,0.63,0.6193285780852663,0.7684484592637404,300
3,target_population,3,142,77,81,77,K-Fold,5,AdaBoost,numeric+iran,31,True,0.6233333333333333,0.6407583594180314,0.6233333333333333,0.6291767971147533,0.7649380603383217,300
3,target_population,3,142,77,81,77,K-Fold,5,AdaBoost,numeric+iran,31,False,0.6333333333333333,0.6241868800533467,0.6333333333333333,0.6224821463038023,0.7648354914639407,300
3,target_population,3,142,77,81,77,K-Fold,5,XGBoost,numeric+iran,31,True,0.62,0.6135818882694349,0.62,0.6158453524706173,0.7588248024579136,300
3,target_population,3,142,77,81,77,K-Fold,5,XGBoost,numeric+iran,31,False,0.6066666666666667,0.5988639781271361,0.6066666666666667,0.6016349364557388,0.7571092337733487,300
3,target_population,3,142,77,81,77,K-Fold,5,LogReg,desc+numeric,220,True,0.53,0.5438735750738651,0.53,0.5339773807331,0.7170065923248169,300
3,target_population,3,142,77,81,77,K-Fold,5,LogReg,desc+numeric,220,False,0.5633333333333334,0.5508761904761904,0.5633333333333334,0.5497385231764866,0.7168353073934312,300
3,target_population,3,142,77,81,77,K-Fold,5,DecisionTree,desc+numeric,220,True,0.44,0.44322982053917304,0.44,0.4410345572751432,0.5599825355490222,300
3,target_population,3,142,77,81,77,K-Fold,5,DecisionTree,desc+numeric,220,False,0.4,0.40162319074848624,0.4,0.40072896561599186,0.528874209038955,300
3,target_population,3,142,77,81,77,K-Fold,5,RandomForest,desc+numeric,220,True,0.5366666666666666,0.5359351640229689,0.5366666666666666,0.536001476841596,0.7071122356648557,300
3,target_population,3,142,77,81,77,K-Fold,5,RandomForest,desc+numeric,220,False,0.5433333333333333,0.5318829874014321,0.5433333333333333,0.5255411417124914,0.6991078986681694,300
3,target_population,3,142,77,81,77,K-Fold,5,SVM,desc+numeric,220,True,0.54,0.5471681096681096,0.54,0.5429185924622294,0.7176521994417147,300
3,target_population,3,142,77,81,77,K-Fold,5,SVM,desc+numeric,220,False,0.5933333333333334,0.5819254611605487,0.5933333333333334,0.5809917464544296,0.7193271754166469,300
3,target_population,3,142,77,81,77,K-Fold,5,AdaBoost,desc+numeric,220,True,0.5033333333333333,0.5150401154401155,0.5033333333333333,0.506969756480754,0.6650176590620189,300
3,target_population,3,142,77,81,77,K-Fold,5,AdaBoost,desc+numeric,220,False,0.5233333333333333,0.5111121727309116,0.5233333333333333,0.5011088069636457,0.6642560808282508,300
3,target_population,3,142,77,81,77,K-Fold,5,XGBoost,desc+numeric,220,True,0.5233333333333333,0.5243622755298911,0.5233333333333333,0.5238227051188963,0.6965811954846092,300
3,target_population,3,142,77,81,77,K-Fold,5,XGBoost,desc+numeric,220,False,0.5466666666666666,0.5420641025641025,0.5466666666666666,0.5436854490223763,0.6926722039879668,300
3,target_population,3,142,77,81,77,K-Fold,5,LogReg,desc+numeric+iran,240,True,0.6,0.6285109277296778,0.6,0.6087487186251358,0.7702533671597992,300
3,target_population,3,142,77,81,77,K-Fold,5,LogReg,desc+numeric+iran,240,False,0.6166666666666667,0.6144784218543867,0.6166666666666667,0.6102073530778415,0.7732187098061242,300
3,target_population,3,142,77,81,77,K-Fold,5,DecisionTree,desc+numeric+iran,240,True,0.5433333333333333,0.5456031724991164,0.5433333333333333,0.5443531859228784,0.6465020684928914,300
3,target_population,3,142,77,81,77,K-Fold,5,DecisionTree,desc+numeric+iran,240,False,0.5233333333333333,0.5107169988698503,0.5233333333333333,0.5153270594414343,0.6194178490421379,300
3,target_population,3,142,77,81,77,K-Fold,5,RandomForest,desc+numeric+iran,240,True,0.65,0.6530390107976315,0.65,0.6504183727968667,0.7896527054736201,300
3,target_population,3,142,77,81,77,K-Fold,5,RandomForest,desc+numeric+iran,240,False,0.6666666666666666,0.657953313253012,0.6666666666666666,0.6547540739515262,0.7815763969508834,300
3,target_population,3,142,77,81,77,K-Fold,5,SVM,desc+numeric+iran,240,True,0.61,0.6239014207196604,0.61,0.6140376554118597,0.7897201039641989,300
3,target_population,3,142,77,81,77,K-Fold,5,SVM,desc+numeric+iran,240,False,0.6133333333333333,0.6146863341312458,0.6133333333333333,0.6089905043778517,0.7810026088679219,300
3,target_population,3,142,77,81,77,K-Fold,5,AdaBoost,desc+numeric+iran,240,True,0.5966666666666667,0.6052596384980614,0.5966666666666667,0.5999489894710792,0.7495720088498993,300
3,target_population,3,142,77,81,77,K-Fold,5,AdaBoost,desc+numeric+iran,240,False,0.6233333333333333,0.6143123280820204,0.6233333333333333,0.6126405798538083,0.7654391852808563,300
3,target_population,3,142,77,81,77,K-Fold,5,XGBoost,desc+numeric+iran,240,True,0.6266666666666667,0.6194038142620232,0.6266666666666667,0.6213973193748644,0.7594487543986199,300
3,target_population,3,142,77,81,77,K-Fold,5,XGBoost,desc+numeric+iran,240,False,0.6133333333333333,0.6026764571079367,0.6133333333333333,0.6055923337088188,0.7572099934778304,300
3,target_population,3,142,77,81,77,K-Fold,5,LogReg,tweets+numeric+iran,331,True,0.6,0.6299230769230769,0.6,0.608927031277983,0.7750492644566629,300
3,target_population,3,142,77,81,77,K-Fold,5,LogReg,tweets+numeric+iran,331,False,0.6266666666666667,0.624869501854796,0.6266666666666667,0.6186611089344535,0.7773635880279952,300
3,target_population,3,142,77,81,77,K-Fold,5,DecisionTree,tweets+numeric+iran,331,True,0.5233333333333333,0.52192750287687,0.5233333333333333,0.5225677692053065,0.6248703709031568,300
3,target_population,3,142,77,81,77,K-Fold,5,DecisionTree,tweets+numeric+iran,331,False,0.5233333333333333,0.5204280904280904,0.5233333333333333,0.5217299578059071,0.625628965172961,300
3,target_population,3,142,77,81,77,K-Fold,5,RandomForest,tweets+numeric+iran,331,True,0.65,0.6450560910987091,0.65,0.6469970576774374,0.7897473996206619,300
3,target_population,3,142,77,81,77,K-Fold,5,RandomForest,tweets+numeric+iran,331,False,0.6566666666666666,0.6481828375028171,0.6566666666666666,0.645918680646603,0.7841763157887915,300
3,target_population,3,142,77,81,77,K-Fold,5,SVM,tweets+numeric+iran,331,True,0.6166666666666667,0.6262298850574712,0.6166666666666667,0.6189903278626648,0.7856221397468839,300
3,target_population,3,142,77,81,77,K-Fold,5,SVM,tweets+numeric+iran,331,False,0.61,0.6013874746585207,0.61,0.5963521979923848,0.7734430546494586,300
3,target_population,3,142,77,81,77,K-Fold,5,AdaBoost,tweets+numeric+iran,331,True,0.64,0.6570358208955224,0.64,0.6456805270689489,0.7767025390325814,300
3,target_population,3,142,77,81,77,K-Fold,5,AdaBoost,tweets+numeric+iran,331,False,0.6133333333333333,0.602252570617146,0.6133333333333333,0.5978423033547855,0.7642998680964812,300
3,target_population,3,142,77,81,77,K-Fold,5,XGBoost,tweets+numeric+iran,331,True,0.62,0.6147305516042358,0.62,0.6168768952467322,0.7700685942361092,300
3,target_population,3,142,77,81,77,K-Fold,5,XGBoost,tweets+numeric+iran,331,False,0.6333333333333333,0.6237404416274791,0.6333333333333333,0.6261844877990573,0.7682690477554327,300
3,target_population,2,142,77,0,77,K-Fold,5,LogReg,numeric,11,True,0.7351598173515982,0.7447025760677155,0.7351598173515982,0.738401363115721,0.8070239619535393,300
3,target_population,2,142,77,0,77,K-Fold,5,LogReg,numeric,11,False,0.7899543378995434,0.7877290893392791,0.7899543378995434,0.7811886852686819,0.8064752149259191,300
3,target_population,2,142,77,0,77,K-Fold,5,DecisionTree,numeric,11,True,0.6986301369863014,0.6897458705677884,0.6986301369863014,0.692005047687085,0.6516828242180355,300
3,target_population,2,142,77,0,77,K-Fold,5,DecisionTree,numeric,11,False,0.6757990867579908,0.6679505241269147,0.6757990867579908,0.6707168740189258,0.6311048106822756,300
3,target_population,2,142,77,0,77,K-Fold,5,RandomForest,numeric,11,True,0.7168949771689498,0.7137674360417839,0.7168949771689498,0.7150862506341958,0.7621181635266141,300
3,target_population,2,142,77,0,77,K-Fold,5,RandomForest,numeric,11,False,0.7351598173515982,0.7275942340406483,0.7351598173515982,0.7193681875092061,0.7688403146149625,300
3,target_population,2,142,77,0,77,K-Fold,5,SVM,numeric,11,True,0.730593607305936,0.736994757314392,0.730593607305936,0.7330462161234303,0.7996616059996341,300
3,target_population,2,142,77,0,77,K-Fold,5,SVM,numeric,11,False,0.7853881278538812,0.7877225689659831,0.7853881278538812,0.7718910042644703,0.8193707700749955,300
3,target_population,2,142,77,0,77,K-Fold,5,AdaBoost,numeric,11,True,0.7397260273972602,0.7480795809210825,0.7397260273972602,0.7426524765259113,0.8229833546734956,300
3,target_population,2,142,77,0,77,K-Fold,5,AdaBoost,numeric,11,False,0.7579908675799086,0.7517905861405474,0.7579908675799086,0.7498098473652081,0.8176330711541978,300
3,target_population,2,142,77,0,77,K-Fold,5,XGBoost,numeric,11,True,0.7077625570776256,0.7077625570776256,0.7077625570776256,0.7077625570776256,0.7702579111029815,300
3,target_population,2,142,77,0,77,K-Fold,5,XGBoost,numeric,11,False,0.7214611872146118,0.7152735901581899,0.7214611872146118,0.7170947790866827,0.7651362721785258,300
3,target_population,2,142,77,0,77,K-Fold,5,LogReg,numeric+iran,31,True,0.863013698630137,0.8618877838243573,0.863013698630137,0.8621385083713851,0.8784525333821107,300
3,target_population,2,142,77,0,77,K-Fold,5,LogReg,numeric+iran,31,False,0.8447488584474886,0.8436595368102217,0.8447488584474886,0.8413359336569831,0.8786354490579842,300
3,target_population,2,142,77,0,77,K-Fold,5,DecisionTree,numeric+iran,31,True,0.776255707762557,0.7784410827502383,0.776255707762557,0.7771990275339868,0.7591000548747028,300
3,target_population,2,142,77,0,77,K-Fold,5,DecisionTree,numeric+iran,31,False,0.7853881278538812,0.7928973437097043,0.7853881278538812,0.7878011648546988,0.778031827327602,300
3,target_population,2,142,77,0,77,K-Fold,5,RandomForest,numeric+iran,31,True,0.8447488584474886,0.8447488584474886,0.8447488584474886,0.8447488584474886,0.9002194988110481,300
3,target_population,2,142,77,0,77,K-Fold,5,RandomForest,numeric+iran,31,False,0.8493150684931506,0.8478266496857494,0.8493150684931506,0.8480903006979904,0.9027345893543077,300
3,target_population,2,142,77,0,77,K-Fold,5,SVM,numeric+iran,31,True,0.8721461187214612,0.8717201662918285,0.8721461187214612,0.8698811335797637,0.8580574355222242,300
3,target_population,2,142,77,0,77,K-Fold,5,SVM,numeric+iran,31,False,0.8584474885844748,0.8596436911339344,0.8584474885844748,0.8543604114280391,0.8488201938906166,300
3,target_population,2,142,77,0,77,K-Fold,5,AdaBoost,numeric+iran,31,True,0.8767123287671232,0.8771109068398488,0.8767123287671232,0.8768922081916966,0.91462410828608,300
3,target_population,2,142,77,0,77,K-Fold,5,AdaBoost,numeric+iran,31,False,0.8721461187214612,0.8711453055607682,0.8721461187214612,0.8713292744799594,0.9144869215291751,300
3,target_population,2,142,77,0,77,K-Fold,5,XGBoost,numeric+iran,31,True,0.8493150684931506,0.848238838744271,0.8493150684931506,0.8486057502194493,0.8863179074446681,300
3,target_population,2,142,77,0,77,K-Fold,5,XGBoost,numeric+iran,31,False,0.8356164383561644,0.8347513952308472,0.8356164383561644,0.8351097352539314,0.8900676788000732,300
3,target_population,2,142,77,0,77,K-Fold,5,LogReg,desc+numeric,220,True,0.7488584474885844,0.7530450207011818,0.7488584474885844,0.7505568417031745,0.8155295408816536,300
3,target_population,2,142,77,0,77,K-Fold,5,LogReg,desc+numeric,220,False,0.7945205479452054,0.7964923682666281,0.7945205479452054,0.7829220238960525,0.8150722516919701,300
3,target_population,2,142,77,0,77,K-Fold,5,DecisionTree,desc+numeric,220,True,0.6986301369863014,0.6922877374098338,0.6986301369863014,0.6945017826984424,0.6576275836839217,300
3,target_population,2,142,77,0,77,K-Fold,5,DecisionTree,desc+numeric,220,False,0.6940639269406392,0.6855582415614648,0.6940639269406392,0.688001047787442,0.6481616974574721,300
3,target_population,2,142,77,0,77,K-Fold,5,RandomForest,desc+numeric,220,True,0.7442922374429224,0.7415400012510164,0.7442922374429224,0.7426585489599188,0.7997073349186025,300
3,target_population,2,142,77,0,77,K-Fold,5,RandomForest,desc+numeric,220,False,0.7534246575342466,0.7588981030644538,0.7534246575342466,0.7296813327141862,0.7705322846167916,300
3,target_population,2,142,77,0,77,K-Fold,5,SVM,desc+numeric,220,True,0.7808219178082192,0.7796067985794013,0.7808219178082192,0.7801463136719086,0.8188220230473752,300
3,target_population,2,142,77,0,77,K-Fold,5,SVM,desc+numeric,220,False,0.8036529680365296,0.8036424629520689,0.8036529680365296,0.794911374551357,0.8258642765685019,300
3,target_population,2,142,77,0,77,K-Fold,5,AdaBoost,desc+numeric,220,True,0.776255707762557,0.7769420093815314,0.776255707762557,0.7765821556071528,0.8329979879275654,300
3,target_population,2,142,77,0,77,K-Fold,5,AdaBoost,desc+numeric,220,False,0.7534246575342466,0.7468423496633387,0.7534246575342466,0.7444554434311146,0.8141576733126027,300
3,target_population,2,142,77,0,77,K-Fold,5,XGBoost,desc+numeric,220,True,0.7077625570776256,0.7077625570776256,0.7077625570776256,0.7077625570776256,0.7702579111029815,300
3,target_population,2,142,77,0,77,K-Fold,5,XGBoost,desc+numeric,220,False,0.7214611872146118,0.7152735901581899,0.7214611872146118,0.7170947790866827,0.7651362721785258,300
3,target_population,2,142,77,0,77,K-Fold,5,LogReg,desc+numeric+iran,240,True,0.8584474885844748,0.8574619021477783,0.8584474885844748,0.8577811592970584,0.8796414852752881,300
3,target_population,2,142,77,0,77,K-Fold,5,LogReg,desc+numeric+iran,240,False,0.8493150684931506,0.84884832081308,0.8493150684931506,0.8456664183857422,0.8799158587890982,300
3,target_population,2,142,77,0,77,K-Fold,5,DecisionTree,desc+numeric+iran,240,True,0.8082191780821918,0.8108907663536742,0.8082191780821918,0.8092769204092248,0.7956374611304189,300
3,target_population,2,142,77,0,77,K-Fold,5,DecisionTree,desc+numeric+iran,240,False,0.8082191780821918,0.8082191780821918,0.8082191780821918,0.8082191780821918,0.7896927016645326,300
3,target_population,2,142,77,0,77,K-Fold,5,RandomForest,desc+numeric+iran,240,True,0.8493150684931506,0.8478266496857494,0.8493150684931506,0.8480903006979904,0.9017742820559722,300
3,target_population,2,142,77,0,77,K-Fold,5,RandomForest,desc+numeric+iran,240,False,0.8447488584474886,0.8431795600225261,0.8447488584474886,0.8419985193468559,0.8978415950246936,300
3,target_population,2,142,77,0,77,K-Fold,5,SVM,desc+numeric+iran,240,True,0.867579908675799,0.86670740145827,0.867579908675799,0.8655040753035048,0.853667459301262,300
3,target_population,2,142,77,0,77,K-Fold,5,SVM,desc+numeric+iran,240,False,0.8721461187214612,0.8725183492306781,0.8721461187214612,0.869335474776339,0.8542162063288823,300
3,target_population,2,142,77,0,77,K-Fold,5,AdaBoost,desc+numeric+iran,240,True,0.8584474885844748,0.8580571675380617,0.8584474885844748,0.8582332364172138,0.9092280958478142,300
3,target_population,2,142,77,0,77,K-Fold,5,AdaBoost,desc+numeric+iran,240,False,0.8538812785388128,0.852382094616322,0.8538812785388128,0.8524309855438811,0.9035119809767697,300
3,target_population,2,142,77,0,77,K-Fold,5,XGBoost,desc+numeric+iran,240,True,0.8493150684931506,0.848238838744271,0.8493150684931506,0.8486057502194493,0.8859520760929211,300
3,target_population,2,142,77,0,77,K-Fold,5,XGBoost,desc+numeric+iran,240,False,0.8356164383561644,0.8347513952308472,0.8356164383561644,0.8351097352539314,0.8906164258276934,300
3,target_population,2,142,77,0,77,K-Fold,5,LogReg,tweets+numeric+iran,331,True,0.8584474885844748,0.8571208544300521,0.8584474885844748,0.8572969491405364,0.885677702579111,300
3,target_population,2,142,77,0,77,K-Fold,5,LogReg,tweets+numeric+iran,331,False,0.8538812785388128,0.8526930954456269,0.8538812785388128,0.8512927240911586,0.8874154014999085,300
3,target_population,2,142,77,0,77,K-Fold,5,DecisionTree,tweets+numeric+iran,331,True,0.8082191780821918,0.8057161927507287,0.8082191780821918,0.8063156685263441,0.7807755624657032,300
3,target_population,2,142,77,0,77,K-Fold,5,DecisionTree,tweets+numeric+iran,331,False,0.7579908675799086,0.7603216057291153,0.7579908675799086,0.7590111930469653,0.7390707883665631,300
3,target_population,2,142,77,0,77,K-Fold,5,RandomForest,tweets+numeric+iran,331,True,0.863013698630137,0.8617152749894404,0.863013698630137,0.8616540489473885,0.9098225717944028,300
3,target_population,2,142,77,0,77,K-Fold,5,RandomForest,tweets+numeric+iran,331,False,0.8721461187214612,0.8725183492306781,0.8721461187214612,0.869335474776339,0.9129778672032193,300
3,target_population,2,142,77,0,77,K-Fold,5,SVM,tweets+numeric+iran,331,True,0.867579908675799,0.8664150591743547,0.867579908675799,0.8665035975830825,0.8700841412109017,300
3,target_population,2,142,77,0,77,K-Fold,5,SVM,tweets+numeric+iran,331,False,0.863013698630137,0.8639113296647543,0.863013698630137,0.8593821825871104,0.8652826047192245,300
3,target_population,2,142,77,0,77,K-Fold,5,AdaBoost,tweets+numeric+iran,331,True,0.8401826484018264,0.8382948729735527,0.8401826484018264,0.8382996751871205,0.9090909090909091,300
3,target_population,2,142,77,0,77,K-Fold,5,AdaBoost,tweets+numeric+iran,331,False,0.8812785388127854,0.8812337017149292,0.8812785388127854,0.8791753383240664,0.9126577647704408,300
3,target_population,2,142,77,0,77,K-Fold,5,XGBoost,tweets+numeric+iran,331,True,0.821917808219178,0.8199440354528417,0.821917808219178,0.8204703553703523,0.8974757636729468,300
3,target_population,2,142,77,0,77,K-Fold,5,XGBoost,tweets+numeric+iran,331,False,0.821917808219178,0.819470558390784,0.821917808219178,0.8183886696076155,0.8959209804280227,300
3,locals_vs_diaspora,3,10,34,256,10,K-Fold,5,LogReg,numeric,11,True,0.5433333333333333,0.820377362761743,0.5433333333333333,0.6386733866295911,0.7087056119923634,300
3,locals_vs_diaspora,3,10,34,256,10,K-Fold,5,LogReg,numeric,11,False,0.8766666666666667,0.8418433451118963,0.8766666666666667,0.8491557204700062,0.7174193516707129,300
3,locals_vs_diaspora,3,10,34,256,10,K-Fold,5,DecisionTree,numeric,11,True,0.7866666666666666,0.7938328163525015,0.7866666666666666,0.7902284655155595,0.5877194946614185,300
3,locals_vs_diaspora,3,10,34,256,10,K-Fold,5,DecisionTree,numeric,11,False,0.7733333333333333,0.8045657908620871,0.7733333333333333,0.7880289607264104,0.6282426285148608,300
3,locals_vs_diaspora,3,10,34,256,10,K-Fold,5,RandomForest,numeric,11,True,0.84,0.8242233942516047,0.84,0.8318513907415641,0.6509743107769423,300
3,locals_vs_diaspora,3,10,34,256,10,K-Fold,5,RandomForest,numeric,11,False,0.88,0.8440819823382101,0.88,0.8543823711980136,0.6548218096180891,300
3,locals_vs_diaspora,3,10,34,256,10,K-Fold,5,SVM,numeric,11,True,0.5733333333333334,0.8514199247791481,0.5733333333333334,0.6716966925218203,0.7182945726384928,300
3,locals_vs_diaspora,3,10,34,256,10,K-Fold,5,SVM,numeric,11,False,0.8866666666666667,0.8507013396375098,0.8866666666666667,0.8604308454866075,0.6438156126994602,300
3,locals_vs_diaspora,3,10,34,256,10,K-Fold,5,AdaBoost,numeric,11,True,0.5733333333333334,0.8087376283846872,0.5733333333333334,0.6603851596577098,0.681697075761504,300
3,locals_vs_diaspora,3,10,34,256,10,K-Fold,5,AdaBoost,numeric,11,False,0.87,0.8317446996466431,0.87,0.8414560296846011,0.6705350130812926,300
3,locals_vs_diaspora,3,10,34,256,10,K-Fold,5,XGBoost,numeric,11,True,0.8366666666666667,0.8247071595288498,0.8366666666666667,0.8283434526405241,0.6878468035291991,300
3,locals_vs_diaspora,3,10,34,256,10,K-Fold,5,XGBoost,numeric,11,False,0.8766666666666667,0.8398721023181455,0.8766666666666667,0.8535022131426625,0.6987688893079093,300
3,locals_vs_diaspora,3,10,34,256,10,K-Fold,5,LogReg,numeric+iran,31,True,0.7466666666666667,0.85809329847614,0.7466666666666667,0.7926745247006686,0.7246516997823714,300
3,locals_vs_diaspora,3,10,34,256,10,K-Fold,5,LogReg,numeric+iran,31,False,0.8666666666666667,0.8534535655058043,0.8666666666666667,0.8576828210152769,0.7613571310721946,300
3,locals_vs_diaspora,3,10,34,256,10,K-Fold,5,DecisionTree,numeric+iran,31,True,0.8166666666666667,0.816919896640827,0.8166666666666667,0.8165872243839171,0.6424169750394795,300
3,locals_vs_diaspora,3,10,34,256,10,K-Fold,5,DecisionTree,numeric+iran,31,False,0.8166666666666667,0.8022280494733621,0.8166666666666667,0.8090564883628467,0.6228268555401041,300
3,locals_vs_diaspora,3,10,34,256,10,K-Fold,5,RandomForest,numeric+iran,31,True,0.8433333333333334,0.8617900714004609,0.8433333333333334,0.8496385542168674,0.8188009443671875,300
3,locals_vs_diaspora,3,10,34,256,10,K-Fold,5,RandomForest,numeric+iran,31,False,0.86,0.8233693430656934,0.86,0.8394960025583627,0.8271148659265719,300
3,locals_vs_diaspora,3,10,34,256,10,K-Fold,5,SVM,numeric+iran,31,True,0.73,0.8241477003319109,0.73,0.7725087556175422,0.729966845012217,300
3,locals_vs_diaspora,3,10,34,256,10,K-Fold,5,SVM,numeric+iran,31,False,0.8666666666666667,0.8571112225006962,0.8666666666666667,0.8600327886408665,0.7056361829338237,300
3,locals_vs_diaspora,3,10,34,256,10,K-Fold,5,AdaBoost,numeric+iran,31,True,0.7733333333333333,0.8452760559890995,0.7733333333333333,0.8033958889772844,0.738073765919501,300
3,locals_vs_diaspora,3,10,34,256,10,K-Fold,5,AdaBoost,numeric+iran,31,False,0.8433333333333334,0.8167981520966595,0.8433333333333334,0.8292062710334072,0.7300748874537442,300
3,locals_vs_diaspora,3,10,34,256,10,K-Fold,5,XGBoost,numeric+iran,31,True,0.8433333333333334,0.8440353437094682,0.8433333333333334,0.8436245495894618,0.7974503539412795,300
3,locals_vs_diaspora,3,10,34,256,10,K-Fold,5,XGBoost,numeric+iran,31,False,0.8566666666666667,0.8330673910971309,0.8566666666666667,0.8433587301587302,0.7910299376969068,300
3,locals_vs_diaspora,3,10,34,256,10,K-Fold,5,LogReg,desc+numeric,220,True,0.69,0.8184508440913605,0.69,0.7451199863457928,0.698861161524501,300
3,locals_vs_diaspora,3,10,34,256,10,K-Fold,5,LogReg,desc+numeric,220,False,0.88,0.846193853427896,0.88,0.8540107393638992,0.722791107863703,300
3,locals_vs_diaspora,3,10,34,256,10,K-Fold,5,DecisionTree,desc+numeric,220,True,0.7966666666666666,0.8064159544159544,0.7966666666666666,0.801434820647419,0.6216548424352417,300
3,locals_vs_diaspora,3,10,34,256,10,K-Fold,5,DecisionTree,desc+numeric,220,False,0.8166666666666667,0.8075281715739732,0.8166666666666667,0.8115801054510732,0.613498479741674,300
3,locals_vs_diaspora,3,10,34,256,10,K-Fold,5,RandomForest,desc+numeric,220,True,0.8766666666666667,0.8480863218026022,0.8766666666666667,0.8589968001765419,0.6960828776486672,300
3,locals_vs_diaspora,3,10,34,256,10,K-Fold,5,RandomForest,desc+numeric,220,False,0.87,0.8329820542191677,0.87,0.8293916074996811,0.7097009314037445,300
3,locals_vs_diaspora,3,10,34,256,10,K-Fold,5,SVM,desc+numeric,220,True,0.72,0.8166011652833508,0.72,0.7641896284681722,0.7105151986549446,300
3,locals_vs_diaspora,3,10,34,256,10,K-Fold,5,SVM,desc+numeric,220,False,0.8733333333333333,0.8368025579536371,0.8733333333333333,0.8503062081489048,0.6385854330182824,300
3,locals_vs_diaspora,3,10,34,256,10,K-Fold,5,AdaBoost,desc+numeric,220,True,0.6466666666666666,0.7856777126273395,0.6466666666666666,0.7023379991432508,0.6390774958556265,300
3,locals_vs_diaspora,3,10,34,256,10,K-Fold,5,AdaBoost,desc+numeric,220,False,0.8766666666666667,0.8376374269005847,0.8766666666666667,0.8458566273089643,0.7131206209096409,300
3,locals_vs_diaspora,3,10,34,256,10,K-Fold,5,XGBoost,desc+numeric,220,True,0.86,0.8339090909090908,0.86,0.8420129734254028,0.7112313346061078,300
3,locals_vs_diaspora,3,10,34,256,10,K-Fold,5,XGBoost,desc+numeric,220,False,0.86,0.8197864768683274,0.86,0.8326256983240224,0.7110713264352103,300
3,locals_vs_diaspora,3,10,34,256,10,K-Fold,5,LogReg,desc+numeric+iran,240,True,0.8,0.8600418719211821,0.8,0.8267402000792855,0.7309654779582185,300
3,locals_vs_diaspora,3,10,34,256,10,K-Fold,5,LogReg,desc+numeric+iran,240,False,0.8733333333333333,0.8542457420924575,0.8733333333333333,0.858334032145353,0.7630498935426342,300
3,locals_vs_diaspora,3,10,34,256,10,K-Fold,5,DecisionTree,desc+numeric+iran,240,True,0.8133333333333334,0.837142750037487,0.8133333333333334,0.8249432926252012,0.6887347679543687,300
3,locals_vs_diaspora,3,10,34,256,10,K-Fold,5,DecisionTree,desc+numeric+iran,240,False,0.8133333333333334,0.8112723560999423,0.8133333333333334,0.8120030821390045,0.6405372757913592,300
3,locals_vs_diaspora,3,10,34,256,10,K-Fold,5,RandomForest,desc+numeric+iran,240,True,0.8433333333333334,0.8435311827956989,0.8433333333333334,0.8408994708994709,0.8458285309669158,300
3,locals_vs_diaspora,3,10,34,256,10,K-Fold,5,RandomForest,desc+numeric+iran,240,False,0.8733333333333333,0.8325238095238094,0.8733333333333333,0.8474037221300903,0.8625402220284254,300
3,locals_vs_diaspora,3,10,34,256,10,K-Fold,5,SVM,desc+numeric+iran,240,True,0.7533333333333333,0.8399262536873157,0.7533333333333333,0.7922793914246197,0.7437453547662259,300
3,locals_vs_diaspora,3,10,34,256,10,K-Fold,5,SVM,desc+numeric+iran,240,False,0.85,0.8464679727263996,0.85,0.8439036731191801,0.7284686638225658,300
3,locals_vs_diaspora,3,10,34,256,10,K-Fold,5,AdaBoost,desc+numeric+iran,240,True,0.81,0.855147438196268,0.81,0.8279212796464753,0.7918650741273245,300
3,locals_vs_diaspora,3,10,34,256,10,K-Fold,5,AdaBoost,desc+numeric+iran,240,False,0.8533333333333334,0.8162698287220026,0.8533333333333334,0.8319503089173027,0.7558219962131032,300
3,locals_vs_diaspora,3,10,34,256,10,K-Fold,5,XGBoost,desc+numeric+iran,240,True,0.8466666666666667,0.8423866572703781,0.8466666666666667,0.844501229262249,0.8100170803183508,300
3,locals_vs_diaspora,3,10,34,256,10,K-Fold,5,XGBoost,desc+numeric+iran,240,False,0.8433333333333334,0.8202716232961587,0.8433333333333334,0.8301339790153349,0.7953769297852782,300
3,locals_vs_diaspora,3,10,34,256,10,K-Fold,5,LogReg,tweets+numeric+iran,331,True,0.7666666666666667,0.8563424723424724,0.7666666666666667,0.8046847656080717,0.7242100117063819,300
3,locals_vs_diaspora,3,10,34,256,10,K-Fold,5,LogReg,tweets+numeric+iran,331,False,0.87,0.8570345078390174,0.87,0.8605230854915065,0.7608752759642052,300
3,locals_vs_diaspora,3,10,34,256,10,K-Fold,5,DecisionTree,tweets+numeric+iran,331,True,0.8066666666666666,0.8041245421245421,0.8066666666666666,0.8045865633074936,0.6179655643811723,300
3,locals_vs_diaspora,3,10,34,256,10,K-Fold,5,DecisionTree,tweets+numeric+iran,331,False,0.8266666666666667,0.8272919389978213,0.8266666666666667,0.826926906306863,0.6853695759775614,300
3,locals_vs_diaspora,3,10,34,256,10,K-Fold,5,RandomForest,tweets+numeric+iran,331,True,0.85,0.854547554871005,0.85,0.8486337669488608,0.8168299608739716,300
3,locals_vs_diaspora,3,10,34,256,10,K-Fold,5,RandomForest,tweets+numeric+iran,331,False,0.88,0.8412380952380952,0.88,0.854785332596278,0.8429287383820051,300
3,locals_vs_diaspora,3,10,34,256,10,K-Fold,5,SVM,tweets+numeric+iran,331,True,0.74,0.8320148710283239,0.74,0.7822800545276022,0.7180123152709361,300
3,locals_vs_diaspora,3,10,34,256,10,K-Fold,5,SVM,tweets+numeric+iran,331,False,0.8533333333333334,0.8433894500561168,0.8533333333333334,0.8473725802526493,0.7295157211209843,300
3,locals_vs_diaspora,3,10,34,256,10,K-Fold,5,AdaBoost,tweets+numeric+iran,331,True,0.81,0.8366738531560666,0.81,0.8214906291834002,0.7462759818826062,300
3,locals_vs_diaspora,3,10,34,256,10,K-Fold,5,AdaBoost,tweets+numeric+iran,331,False,0.8566666666666667,0.8330385220125787,0.8566666666666667,0.8445642606487136,0.7302185538297153,300
3,locals_vs_diaspora,3,10,34,256,10,K-Fold,5,XGBoost,tweets+numeric+iran,331,True,0.8833333333333333,0.8695521757498943,0.8833333333333333,0.8742033496368755,0.8312010551457013,300
3,locals_vs_diaspora,3,10,34,256,10,K-Fold,5,XGBoost,tweets+numeric+iran,331,False,0.8833333333333333,0.8533169331693317,0.8833333333333333,0.8667840441306083,0.8000784681138583,300
3,locals_vs_diaspora,2,10,34,0,10,K-Fold,5,LogReg,numeric,11,True,0.6363636363636364,0.705762987012987,0.6363636363636364,0.6607263704037898,0.6352941176470588,300
3,locals_vs_diaspora,2,10,34,0,10,K-Fold,5,LogReg,numeric,11,False,0.7045454545454546,0.6705861705861706,0.7045454545454546,0.6847179332680575,0.611764705882353,300
3,locals_vs_diaspora,2,10,34,0,10,K-Fold,5,DecisionTree,numeric,11,True,0.6363636363636364,0.6363636363636364,0.6363636363636364,0.6363636363636364,0.48235294117647054,300
3,locals_vs_diaspora,2,10,34,0,10,K-Fold,5,DecisionTree,numeric,11,False,0.6590909090909091,0.6466089466089466,0.6590909090909091,0.6525899729561057,0.49705882352941166,300
3,locals_vs_diaspora,2,10,34,0,10,K-Fold,5,RandomForest,numeric,11,True,0.7045454545454546,0.693939393939394,0.7045454545454546,0.6989113098952916,0.5485294117647059,300
3,locals_vs_diaspora,2,10,34,0,10,K-Fold,5,RandomForest,numeric,11,False,0.75,0.7051282051282052,0.75,0.7168949771689498,0.538235294117647,300
3,locals_vs_diaspora,2,10,34,0,10,K-Fold,5,SVM,numeric,11,True,0.7272727272727273,0.7670995670995672,0.7272727272727273,0.7414772727272727,0.6588235294117647,300
3,locals_vs_diaspora,2,10,34,0,10,K-Fold,5,SVM,numeric,11,False,0.6818181818181818,0.627591706539075,0.6818181818181818,0.6508838383838383,0.5294117647058824,300
3,locals_vs_diaspora,2,10,34,0,10,K-Fold,5,AdaBoost,numeric,11,True,0.6363636363636364,0.6363636363636364,0.6363636363636364,0.6363636363636364,0.48970588235294116,300
3,locals_vs_diaspora,2,10,34,0,10,K-Fold,5,AdaBoost,numeric,11,False,0.6136363636363636,0.5992784992784993,0.6136363636363636,0.6062686360169198,0.5014705882352941,300
3,locals_vs_diaspora,2,10,34,0,10,K-Fold,5,XGBoost,numeric,11,True,0.6363636363636364,0.6831168831168832,0.6363636363636364,0.6553030303030303,0.5058823529411764,300
3,locals_vs_diaspora,2,10,34,0,10,K-Fold,5,XGBoost,numeric,11,False,0.6818181818181818,0.6818181818181818,0.6818181818181818,0.6818181818181818,0.45294117647058824,300
3,locals_vs_diaspora,2,10,34,0,10,K-Fold,5,LogReg,numeric+iran,31,True,0.6136363636363636,0.6734587251828631,0.6136363636363636,0.6369408369408368,0.6000000000000001,300
3,locals_vs_diaspora,2,10,34,0,10,K-Fold,5,LogReg,numeric+iran,31,False,0.6136363636363636,0.5992784992784993,0.6136363636363636,0.6062686360169198,0.6000000000000001,300
3,locals_vs_diaspora,2,10,34,0,10,K-Fold,5,DecisionTree,numeric+iran,31,True,0.6590909090909091,0.6930972253552898,0.6590909090909091,0.673456977804804,0.5676470588235295,300
3,locals_vs_diaspora,2,10,34,0,10,K-Fold,5,DecisionTree,numeric+iran,31,False,0.7272727272727273,0.7272727272727273,0.7272727272727273,0.7272727272727273,0.611764705882353,300
3,locals_vs_diaspora,2,10,34,0,10,K-Fold,5,RandomForest,numeric+iran,31,True,0.7727272727272727,0.7575757575757577,0.7727272727272727,0.7633477633477633,0.6544117647058824,300
3,locals_vs_diaspora,2,10,34,0,10,K-Fold,5,RandomForest,numeric+iran,31,False,0.7272727272727273,0.5887445887445888,0.7272727272727273,0.6507177033492823,0.6426470588235293,300
3,locals_vs_diaspora,2,10,34,0,10,K-Fold,5,SVM,numeric+iran,31,True,0.6363636363636364,0.705762987012987,0.6363636363636364,0.6607263704037898,0.5676470588235294,300
3,locals_vs_diaspora,2,10,34,0,10,K-Fold,5,SVM,numeric+iran,31,False,0.6590909090909091,0.6930972253552898,0.6590909090909091,0.673456977804804,0.5117647058823529,300
3,locals_vs_diaspora,2,10,34,0,10,K-Fold,5,AdaBoost,numeric+iran,31,True,0.6818181818181818,0.6818181818181818,0.6818181818181818,0.6818181818181818,0.5,300
3,locals_vs_diaspora,2,10,34,0,10,K-Fold,5,AdaBoost,numeric+iran,31,False,0.6818181818181818,0.6578282828282829,0.6818181818181818,0.6686868686868688,0.48235294117647054,300
3,locals_vs_diaspora,2,10,34,0,10,K-Fold,5,XGBoost,numeric+iran,31,True,0.6818181818181818,0.6818181818181818,0.6818181818181818,0.6818181818181818,0.5058823529411764,300
3,locals_vs_diaspora,2,10,34,0,10,K-Fold,5,XGBoost,numeric+iran,31,False,0.6136363636363636,0.6267217630853995,0.6136363636363636,0.6199521871163663,0.5441176470588235,300
3,locals_vs_diaspora,2,10,34,0,10,K-Fold,5,LogReg,desc+numeric,220,True,0.6136363636363636,0.6964745494157258,0.6136363636363636,0.6415521333554121,0.6588235294117648,300
3,locals_vs_diaspora,2,10,34,0,10,K-Fold,5,LogReg,desc+numeric,220,False,0.75,0.7051282051282052,0.75,0.7168949771689498,0.6441176470588236,300
3,locals_vs_diaspora,2,10,34,0,10,K-Fold,5,DecisionTree,desc+numeric,220,True,0.6136363636363636,0.6506880216557636,0.6136363636363636,0.6299179081787778,0.5029411764705882,300
3,locals_vs_diaspora,2,10,34,0,10,K-Fold,5,DecisionTree,desc+numeric,220,False,0.6590909090909091,0.6930972253552898,0.6590909090909091,0.673456977804804,0.5676470588235295,300
3,locals_vs_diaspora,2,10,34,0,10,K-Fold,5,RandomForest,desc+numeric,220,True,0.75,0.7239382239382239,0.75,0.7332228666114333,0.5955882352941178,300
3,locals_vs_diaspora,2,10,34,0,10,K-Fold,5,RandomForest,desc+numeric,220,False,0.8181818181818182,0.8528138528138528,0.8181818181818182,0.7671451355661882,0.6529411764705882,300
3,locals_vs_diaspora,2,10,34,0,10,K-Fold,5,SVM,desc+numeric,220,True,0.7045454545454546,0.7355064290548161,0.7045454545454546,0.7169960474308301,0.6088235294117648,300
3,locals_vs_diaspora,2,10,34,0,10,K-Fold,5,SVM,desc+numeric,220,False,0.75,0.7412698412698414,0.75,0.7452326468344775,0.5647058823529412,300
3,locals_vs_diaspora,2,10,34,0,10,K-Fold,5,AdaBoost,desc+numeric,220,True,0.6590909090909091,0.6707988980716253,0.6590909090909091,0.6646636945144407,0.5779411764705882,300
3,locals_vs_diaspora,2,10,34,0,10,K-Fold,5,AdaBoost,desc+numeric,220,False,0.75,0.7412698412698414,0.75,0.7452326468344775,0.6029411764705882,300
3,locals_vs_diaspora,2,10,34,0,10,K-Fold,5,XGBoost,desc+numeric,220,True,0.6136363636363636,0.6506880216557636,0.6136363636363636,0.6299179081787778,0.4823529411764706,300
3,locals_vs_diaspora,2,10,34,0,10,K-Fold,5,XGBoost,desc+numeric,220,False,0.6818181818181818,0.6818181818181818,0.6818181818181818,0.6818181818181818,0.45294117647058824,300
3,locals_vs_diaspora,2,10,34,0,10,K-Fold,5,LogReg,desc+numeric+iran,240,True,0.5681818181818182,0.6316614420062696,0.5681818181818182,0.5942279942279941,0.6147058823529412,300
3,locals_vs_diaspora,2,10,34,0,10,K-Fold,5,LogReg,desc+numeric+iran,240,False,0.6590909090909091,0.6466089466089466,0.6590909090909091,0.6525899729561057,0.6029411764705883,300
3,locals_vs_diaspora,2,10,34,0,10,K-Fold,5,DecisionTree,desc+numeric+iran,240,True,0.6590909090909091,0.6930972253552898,0.6590909090909091,0.673456977804804,0.5676470588235295,300
3,locals_vs_diaspora,2,10,34,0,10,K-Fold,5,DecisionTree,desc+numeric+iran,240,False,0.8636363636363636,0.8636363636363636,0.8636363636363636,0.8636363636363636,0.8058823529411764,300
3,locals_vs_diaspora,2,10,34,0,10,K-Fold,5,RandomForest,desc+numeric+iran,240,True,0.7272727272727273,0.7272727272727273,0.7272727272727273,0.7272727272727273,0.6897058823529412,300
3,locals_vs_diaspora,2,10,34,0,10,K-Fold,5,RandomForest,desc+numeric+iran,240,False,0.7727272727272727,0.7207792207792209,0.7727272727272727,0.7089314194577353,0.7411764705882353,300
3,locals_vs_diaspora,2,10,34,0,10,K-Fold,5,SVM,desc+numeric+iran,240,True,0.6818181818181818,0.7035984848484849,0.6818181818181818,0.6914600550964187,0.6676470588235295,300
3,locals_vs_diaspora,2,10,34,0,10,K-Fold,5,SVM,desc+numeric+iran,240,False,0.6818181818181818,0.7035984848484849,0.6818181818181818,0.6914600550964187,0.5147058823529412,300
3,locals_vs_diaspora,2,10,34,0,10,K-Fold,5,AdaBoost,desc+numeric+iran,240,True,0.7045454545454546,0.693939393939394,0.7045454545454546,0.6989113098952916,0.676470588235294,300
3,locals_vs_diaspora,2,10,34,0,10,K-Fold,5,AdaBoost,desc+numeric+iran,240,False,0.7727272727272727,0.7575757575757577,0.7727272727272727,0.7633477633477633,0.6735294117647059,300
3,locals_vs_diaspora,2,10,34,0,10,K-Fold,5,XGBoost,desc+numeric+iran,240,True,0.6818181818181818,0.6818181818181818,0.6818181818181818,0.6818181818181818,0.5088235294117647,300
3,locals_vs_diaspora,2,10,34,0,10,K-Fold,5,XGBoost,desc+numeric+iran,240,False,0.6136363636363636,0.6267217630853995,0.6136363636363636,0.6199521871163663,0.5441176470588235,300
3,locals_vs_diaspora,2,10,34,0,10,K-Fold,5,LogReg,tweets+numeric+iran,331,True,0.6136363636363636,0.6734587251828631,0.6136363636363636,0.6369408369408368,0.6029411764705883,300
3,locals_vs_diaspora,2,10,34,0,10,K-Fold,5,LogReg,tweets+numeric+iran,331,False,0.6590909090909091,0.6466089466089466,0.6590909090909091,0.6525899729561057,0.6029411764705883,300
3,locals_vs_diaspora,2,10,34,0,10,K-Fold,5,DecisionTree,tweets+numeric+iran,331,True,0.6363636363636364,0.6363636363636364,0.6363636363636364,0.6363636363636364,0.48235294117647054,300
3,locals_vs_diaspora,2,10,34,0,10,K-Fold,5,DecisionTree,tweets+numeric+iran,331,False,0.7727272727272727,0.7575757575757577,0.7727272727272727,0.7633477633477633,0.6411764705882352,300
3,locals_vs_diaspora,2,10,34,0,10,K-Fold,5,RandomForest,tweets+numeric+iran,331,True,0.7045454545454546,0.6398601398601399,0.7045454545454546,0.6654213366542133,0.6794117647058824,300
3,locals_vs_diaspora,2,10,34,0,10,K-Fold,5,RandomForest,tweets+numeric+iran,331,False,0.75,0.5930232558139535,0.75,0.6623376623376623,0.6088235294117648,300
3,locals_vs_diaspora,2,10,34,0,10,K-Fold,5,SVM,tweets+numeric+iran,331,True,0.7272727272727273,0.746685606060606,0.7272727272727273,0.7355371900826447,0.5852941176470589,300
3,locals_vs_diaspora,2,10,34,0,10,K-Fold,5,SVM,tweets+numeric+iran,331,False,0.6590909090909091,0.6707988980716253,0.6590909090909091,0.6646636945144407,0.4970588235294118,300
3,locals_vs_diaspora,2,10,34,0,10,K-Fold,5,AdaBoost,tweets+numeric+iran,331,True,0.7045454545454546,0.6705861705861706,0.7045454545454546,0.6847179332680575,0.5970588235294118,300
3,locals_vs_diaspora,2,10,34,0,10,K-Fold,5,AdaBoost,tweets+numeric+iran,331,False,0.7272727272727273,0.6858054226475279,0.7272727272727273,0.7007575757575758,0.6235294117647059,300
3,locals_vs_diaspora,2,10,34,0,10,K-Fold,5,XGBoost,tweets+numeric+iran,331,True,0.75,0.7412698412698414,0.75,0.7452326468344775,0.6911764705882353,300
3,locals_vs_diaspora,2,10,34,0,10,K-Fold,5,XGBoost,tweets+numeric+iran,331,False,0.7727272727272727,0.7575757575757577,0.7727272727272727,0.7633477633477633,0.7029411764705882,300
3,person_vs_organization,3,51,155,94,51,K-Fold,5,LogReg,numeric,11,True,0.36333333333333334,0.4062282799298581,0.36333333333333334,0.35971155880430267,0.5573624030773244,300
3,person_vs_organization,3,51,155,94,51,K-Fold,5,LogReg,numeric,11,False,0.54,0.5098395445134575,0.54,0.48262048500023186,0.5575209894370473,300
3,person_vs_organization,3,51,155,94,51,K-Fold,5,DecisionTree,numeric,11,True,0.44,0.4406901344269766,0.44,0.44033886406054684,0.5405859796736325,300
3,person_vs_organization,3,51,155,94,51,K-Fold,5,DecisionTree,numeric,11,False,0.45,0.4518867414515476,0.45,0.45083877995642696,0.546427289338136,300
3,person_vs_organization,3,51,155,94,51,K-Fold,5,RandomForest,numeric,11,True,0.44,0.4477233014968164,0.44,0.4432663034713896,0.5842296488711234,300
3,person_vs_organization,3,51,155,94,51,K-Fold,5,RandomForest,numeric,11,False,0.5166666666666667,0.4948084464555053,0.5166666666666667,0.49205766442228793,0.588898393484663,300
3,person_vs_organization,3,51,155,94,51,K-Fold,5,SVM,numeric,11,True,0.37,0.4046207192699946,0.37,0.3764435141511696,0.5247358553732843,300
3,person_vs_organization,3,51,155,94,51,K-Fold,5,SVM,numeric,11,False,0.53,0.44334183673469385,0.53,0.45496503496503493,0.5783178221198597,300
3,person_vs_organization,3,51,155,94,51,K-Fold,5,AdaBoost,numeric,11,True,0.44,0.4631196581196581,0.44,0.44639566395663954,0.6233497756229696,300
3,person_vs_organization,3,51,155,94,51,K-Fold,5,AdaBoost,numeric,11,False,0.56,0.5437428117513025,0.56,0.5417710517398946,0.6420656454632278,300
3,person_vs_organization,3,51,155,94,51,K-Fold,5,XGBoost,numeric,11,True,0.44333333333333336,0.43175211048274736,0.44333333333333336,0.4360881718408708,0.5526836501233144,300
3,person_vs_organization,3,51,155,94,51,K-Fold,5,XGBoost,numeric,11,False,0.47,0.44664367816091954,0.47,0.4554939357850892,0.5530625226046468,300
3,person_vs_organization,3,51,155,94,51,K-Fold,5,LogReg,numeric+iran,31,True,0.42,0.4943738869426943,0.42,0.41757855864152815,0.5874661888262793,300
3,person_vs_organization,3,51,155,94,51,K-Fold,5,LogReg,numeric+iran,31,False,0.4866666666666667,0.44987357584372517,0.4866666666666667,0.4582378641694277,0.5868477368910976,300
3,person_vs_organization,3,51,155,94,51,K-Fold,5,DecisionTree,numeric+iran,31,True,0.4633333333333333,0.46246315192743753,0.4633333333333333,0.4628666666666667,0.5558996615857471,300
3,person_vs_organization,3,51,155,94,51,K-Fold,5,DecisionTree,numeric+iran,31,False,0.43,0.43388017023540365,0.43,0.43143076378231615,0.5312622434834753,300
3,person_vs_organization,3,51,155,94,51,K-Fold,5,RandomForest,numeric+iran,31,True,0.45666666666666667,0.4649332535547314,0.45666666666666667,0.46038508764978986,0.6218712031475977,300
3,person_vs_organization,3,51,155,94,51,K-Fold,5,RandomForest,numeric+iran,31,False,0.5466666666666666,0.5191044409794411,0.5466666666666666,0.513222912353347,0.612991242730099,300
3,person_vs_organization,3,51,155,94,51,K-Fold,5,SVM,numeric+iran,31,True,0.41333333333333333,0.5173006553847674,0.41333333333333333,0.40811778874058585,0.5993016350638577,300
3,person_vs_organization,3,51,155,94,51,K-Fold,5,SVM,numeric+iran,31,False,0.4766666666666667,0.4145415057915058,0.4766666666666667,0.4287524650527706,0.5897939688673229,300
3,person_vs_organization,3,51,155,94,51,K-Fold,5,AdaBoost,numeric+iran,31,True,0.4866666666666667,0.5081357624831309,0.4866666666666667,0.4925350413069711,0.6556354486128869,300
3,person_vs_organization,3,51,155,94,51,K-Fold,5,AdaBoost,numeric+iran,31,False,0.5633333333333334,0.5487129565304013,0.5633333333333334,0.5481065457458262,0.6481158601597552,300
3,person_vs_organization,3,51,155,94,51,K-Fold,5,XGBoost,numeric+iran,31,True,0.48,0.47503603280777196,0.48,0.47734024127695013,0.5951513465983115,300
3,person_vs_organization,3,51,155,94,51,K-Fold,5,XGBoost,numeric+iran,31,False,0.5033333333333333,0.48414317932390216,0.5033333333333333,0.49043050029768975,0.5920659520124915,300
3,person_vs_organization,3,51,155,94,51,K-Fold,5,LogReg,desc+numeric,220,True,0.43333333333333335,0.44240144437818857,0.43333333333333335,0.4341092081716206,0.5790977071997396,300
3,person_vs_organization,3,51,155,94,51,K-Fold,5,LogReg,desc+numeric,220,False,0.51,0.47393939393939394,0.51,0.46961833868631525,0.5792025412216885,300
3,person_vs_organization,3,51,155,94,51,K-Fold,5,DecisionTree,desc+numeric,220,True,0.43,0.43102563551736484,0.43,0.43043073830998746,0.5331216395545355,300
3,person_vs_organization,3,51,155,94,51,K-Fold,5,DecisionTree,desc+numeric,220,False,0.49,0.4797648083623693,0.49,0.4842916371726161,0.5715983451717819,300
3,person_vs_organization,3,51,155,94,51,K-Fold,5,RandomForest,desc+numeric,220,True,0.4533333333333333,0.4508211249696399,0.4533333333333333,0.4517556115675048,0.5867540842983585,300
3,person_vs_organization,3,51,155,94,51,K-Fold,5,RandomForest,desc+numeric,220,False,0.5366666666666666,0.5048519889752767,0.5366666666666666,0.48234484044415904,0.6117494504297739,300
3,person_vs_organization,3,51,155,94,51,K-Fold,5,SVM,desc+numeric,220,True,0.4266666666666667,0.4319670622635019,0.4266666666666667,0.42700002791714536,0.5634680137803754,300
3,person_vs_organization,3,51,155,94,51,K-Fold,5,SVM,desc+numeric,220,False,0.5333333333333333,0.519018250204894,0.5333333333333333,0.49831445971969773,0.5813920841271569,300
3,person_vs_organization,3,51,155,94,51,K-Fold,5,AdaBoost,desc+numeric,220,True,0.46,0.48050361811391223,0.46,0.4661707035411776,0.6139996206228776,300
3,person_vs_organization,3,51,155,94,51,K-Fold,5,AdaBoost,desc+numeric,220,False,0.55,0.5337954144620811,0.55,0.5119069499299596,0.6201922675637267,300
3,person_vs_organization,3,51,155,94,51,K-Fold,5,XGBoost,desc+numeric,220,True,0.44333333333333336,0.428812358276644,0.44333333333333336,0.43422652218782254,0.5535570085273579,300
3,person_vs_organization,3,51,155,94,51,K-Fold,5,XGBoost,desc+numeric,220,False,0.4533333333333333,0.4353783744050572,0.4533333333333333,0.4423438045375218,0.5512326256258154,300
3,person_vs_organization,3,51,155,94,51,K-Fold,5,LogReg,desc+numeric+iran,240,True,0.4166666666666667,0.44910400088417335,0.4166666666666667,0.41993159571785527,0.5948286909494915,300
3,person_vs_organization,3,51,155,94,51,K-Fold,5,LogReg,desc+numeric+iran,240,False,0.4633333333333333,0.43241093027079075,0.4633333333333333,0.4425059048050942,0.5921237482011519,300
3,person_vs_organization,3,51,155,94,51,K-Fold,5,DecisionTree,desc+numeric+iran,240,True,0.42333333333333334,0.4318062770562771,0.42333333333333334,0.4261110395760546,0.5269341846797972,300
3,person_vs_organization,3,51,155,94,51,K-Fold,5,DecisionTree,desc+numeric+iran,240,False,0.47333333333333333,0.4587987502693386,0.47333333333333333,0.46477200277200287,0.5524975697903768,300
3,person_vs_organization,3,51,155,94,51,K-Fold,5,RandomForest,desc+numeric+iran,240,True,0.48,0.4842962024626785,0.48,0.48199953496344905,0.6382600328778567,300
3,person_vs_organization,3,51,155,94,51,K-Fold,5,RandomForest,desc+numeric+iran,240,False,0.5466666666666666,0.5066333725029378,0.5466666666666666,0.4958147738306401,0.6339166228579086,300
3,person_vs_organization,3,51,155,94,51,K-Fold,5,SVM,desc+numeric+iran,240,True,0.41,0.4375810185185185,0.41,0.4123998615908023,0.6104731081451127,300
3,person_vs_organization,3,51,155,94,51,K-Fold,5,SVM,desc+numeric+iran,240,False,0.47333333333333333,0.4491706662902315,0.47333333333333333,0.456572133789564,0.5955496459669725,300
3,person_vs_organization,3,51,155,94,51,K-Fold,5,AdaBoost,desc+numeric+iran,240,True,0.4633333333333333,0.4847889428395775,0.4633333333333333,0.4694893968143079,0.6480315331183006,300
3,person_vs_organization,3,51,155,94,51,K-Fold,5,AdaBoost,desc+numeric+iran,240,False,0.5433333333333333,0.5214865926953306,0.5433333333333333,0.5158799180235569,0.6441276576006066,300
3,person_vs_organization,3,51,155,94,51,K-Fold,5,XGBoost,desc+numeric+iran,240,True,0.49333333333333335,0.4822389865036924,0.49333333333333335,0.48656693843790616,0.5819913718034732,300
3,person_vs_organization,3,51,155,94,51,K-Fold,5,XGBoost,desc+numeric+iran,240,False,0.5066666666666667,0.48565012517459516,0.5066666666666667,0.4921048363759482,0.583074077808836,300
3,person_vs_organization,3,51,155,94,51,K-Fold,5,LogReg,tweets+numeric+iran,331,True,0.42333333333333334,0.49363417119635716,0.42333333333333334,0.42360876699484296,0.5870799860529049,300
3,person_vs_organization,3,51,155,94,51,K-Fold,5,LogReg,tweets+numeric+iran,331,False,0.47,0.4329478655539996,0.47,0.44189809637793775,0.584924290847129,300
3,person_vs_organization,3,51,155,94,51,K-Fold,5,DecisionTree,tweets+numeric+iran,331,True,0.43,0.43179103490249,0.43,0.43087727327209524,0.532100548158486,300
3,person_vs_organization,3,51,155,94,51,K-Fold,5,DecisionTree,tweets+numeric+iran,331,False,0.44,0.4392274345015689,0.44,0.4393914800364312,0.5436492538617813,300
3,person_vs_organization,3,51,155,94,51,K-Fold,5,RandomForest,tweets+numeric+iran,331,True,0.5,0.5104800642533879,0.5,0.50417333147907,0.6335079344271405,300
3,person_vs_organization,3,51,155,94,51,K-Fold,5,RandomForest,tweets+numeric+iran,331,False,0.54,0.4999751649996599,0.54,0.5007338623632969,0.625890295923119,300
3,person_vs_organization,3,51,155,94,51,K-Fold,5,SVM,tweets+numeric+iran,331,True,0.4033333333333333,0.5077878529265344,0.4033333333333333,0.39811384783798576,0.6071871828346754,300
3,person_vs_organization,3,51,155,94,51,K-Fold,5,SVM,tweets+numeric+iran,331,False,0.48333333333333334,0.4236759906759907,0.48333333333333334,0.43752384219554036,0.5906134431711894,300
3,person_vs_organization,3,51,155,94,51,K-Fold,5,AdaBoost,tweets+numeric+iran,331,True,0.5033333333333333,0.5294228881502172,0.5033333333333333,0.5086207030190288,0.6576579965661105,300
3,person_vs_organization,3,51,155,94,51,K-Fold,5,AdaBoost,tweets+numeric+iran,331,False,0.56,0.5436404287032437,0.56,0.543039254823686,0.6505764150228858,300
3,person_vs_organization,3,51,155,94,51,K-Fold,5,XGBoost,tweets+numeric+iran,331,True,0.4866666666666667,0.47907316229947916,0.4866666666666667,0.4822394394841636,0.6005360708541116,300
3,person_vs_organization,3,51,155,94,51,K-Fold,5,XGBoost,tweets+numeric+iran,331,False,0.49333333333333335,0.4695899611170025,0.49333333333333335,0.47719263430767855,0.5978057732548315,300
3,person_vs_organization,2,51,155,0,51,K-Fold,5,LogReg,numeric,11,True,0.6019417475728155,0.6723336929162173,0.6019417475728155,0.6258510906569159,0.5831752055660974,300
3,person_vs_organization,2,51,155,0,51,K-Fold,5,LogReg,numeric,11,False,0.7281553398058253,0.6537386265439943,0.7281553398058253,0.668158094781362,0.5868437697659709,300
3,person_vs_organization,2,51,155,0,51,K-Fold,5,DecisionTree,numeric,11,True,0.6796116504854369,0.6879818567595845,0.6796116504854369,0.6835626721837297,0.5831752055660974,300
3,person_vs_organization,2,51,155,0,51,K-Fold,5,DecisionTree,numeric,11,False,0.6893203883495146,0.6810784195271261,0.6893203883495146,0.6849588391413706,0.5698924731182795,300
3,person_vs_organization,2,51,155,0,51,K-Fold,5,RandomForest,numeric,11,True,0.7281553398058253,0.7141040576124733,0.7281553398058253,0.7200069116131992,0.6430740037950664,300
3,person_vs_organization,2,51,155,0,51,K-Fold,5,RandomForest,numeric,11,False,0.7815533980582524,0.7613871101012187,0.7815533980582524,0.7398245313924883,0.6654016445287793,300
3,person_vs_organization,2,51,155,0,51,K-Fold,5,SVM,numeric,11,True,0.6019417475728155,0.6723336929162173,0.6019417475728155,0.6258510906569159,0.5456040480708413,300
3,person_vs_organization,2,51,155,0,51,K-Fold,5,SVM,numeric,11,False,0.7475728155339806,0.5652379824769121,0.7475728155339806,0.6437432578209278,0.5086654016445288,300
3,person_vs_organization,2,51,155,0,51,K-Fold,5,AdaBoost,numeric,11,True,0.6456310679611651,0.6790915395284327,0.6456310679611651,0.6593376455150356,0.5900063251106895,300
3,person_vs_organization,2,51,155,0,51,K-Fold,5,AdaBoost,numeric,11,False,0.7184466019417476,0.6617396379002922,0.7184466019417476,0.6768417179171473,0.5725490196078432,300
3,person_vs_organization,2,51,155,0,51,K-Fold,5,XGBoost,numeric,11,True,0.7135922330097088,0.6966442271912318,0.7135922330097088,0.7037740276290122,0.6037950664136622,300
3,person_vs_organization,2,51,155,0,51,K-Fold,5,XGBoost,numeric,11,False,0.7475728155339806,0.7118957651582265,0.7475728155339806,0.7178071042381258,0.6055660974067046,300
3,person_vs_organization,2,51,155,0,51,K-Fold,5,LogReg,numeric+iran,31,True,0.558252427184466,0.6940648470415827,0.558252427184466,0.5879891502702126,0.6096141682479443,300
3,person_vs_organization,2,51,155,0,51,K-Fold,5,LogReg,numeric+iran,31,False,0.7038834951456311,0.6488569413326695,0.7038834951456311,0.6668617572834353,0.6056925996204935,300
3,person_vs_organization,2,51,155,0,51,K-Fold,5,DecisionTree,numeric+iran,31,True,0.6650485436893204,0.6628366940502862,0.6650485436893204,0.6639288753275165,0.5471853257432006,300
3,person_vs_organization,2,51,155,0,51,K-Fold,5,DecisionTree,numeric+iran,31,False,0.6699029126213593,0.6784975713542549,0.6699029126213593,0.6739736622499033,0.570145477545857,300
3,person_vs_organization,2,51,155,0,51,K-Fold,5,RandomForest,numeric+iran,31,True,0.7135922330097088,0.72695645092699,0.7135922330097088,0.7194804721409168,0.6824161922833649,300
3,person_vs_organization,2,51,155,0,51,K-Fold,5,RandomForest,numeric+iran,31,False,0.7864077669902912,0.7669902912621359,0.7864077669902912,0.751332571863697,0.7043010752688172,300
3,person_vs_organization,2,51,155,0,51,K-Fold,5,SVM,numeric+iran,31,True,0.5485436893203883,0.7350664680960718,0.5485436893203883,0.574126249987966,0.6123972169512968,300
3,person_vs_organization,2,51,155,0,51,K-Fold,5,SVM,numeric+iran,31,False,0.7135922330097088,0.617371705963939,0.7135922330097088,0.6473457546063236,0.5539531941808982,300
3,person_vs_organization,2,51,155,0,51,K-Fold,5,AdaBoost,numeric+iran,31,True,0.6359223300970874,0.6970453696788649,0.6359223300970874,0.6566558189000061,0.6686274509803922,300
3,person_vs_organization,2,51,155,0,51,K-Fold,5,AdaBoost,numeric+iran,31,False,0.7572815533980582,0.723196910368503,0.7572815533980582,0.7251548166532836,0.6685641998734978,300
3,person_vs_organization,2,51,155,0,51,K-Fold,5,XGBoost,numeric+iran,31,True,0.6747572815533981,0.6726114015434403,0.6747572815533981,0.6736700673470087,0.6524984187223276,300
3,person_vs_organization,2,51,155,0,51,K-Fold,5,XGBoost,numeric+iran,31,False,0.7524271844660194,0.7274779860013547,0.7524271844660194,0.734105281909682,0.6623655913978495,300
3,person_vs_organization,2,51,155,0,51,K-Fold,5,LogReg,desc+numeric,220,True,0.6650485436893204,0.701684958491628,0.6650485436893204,0.6792566259414067,0.5969639468690703,300
3,person_vs_organization,2,51,155,0,51,K-Fold,5,LogReg,desc+numeric,220,False,0.7475728155339806,0.6977449016283968,0.7475728155339806,0.696940618649808,0.6067046173308033,300
3,person_vs_organization,2,51,155,0,51,K-Fold,5,DecisionTree,desc+numeric,220,True,0.6456310679611651,0.6570330559408228,0.6456310679611651,0.6510060525286302,0.5408602150537635,300
3,person_vs_organization,2,51,155,0,51,K-Fold,5,DecisionTree,desc+numeric,220,False,0.7038834951456311,0.6779250918558533,0.7038834951456311,0.6882160097077247,0.5598355471220746,300
3,person_vs_organization,2,51,155,0,51,K-Fold,5,RandomForest,desc+numeric,220,True,0.7378640776699029,0.7180083447742305,0.7378640776699029,0.7252728698064284,0.6413662239089184,300
3,person_vs_organization,2,51,155,0,51,K-Fold,5,RandomForest,desc+numeric,220,False,0.7766990291262136,0.7665603005408831,0.7766990291262136,0.7174265133551072,0.6868437697659708,300
3,person_vs_organization,2,51,155,0,51,K-Fold,5,SVM,desc+numeric,220,True,0.7184466019417476,0.7110776789971406,0.7184466019417476,0.7144939479718669,0.6303605313092979,300
3,person_vs_organization,2,51,155,0,51,K-Fold,5,SVM,desc+numeric,220,False,0.7475728155339806,0.7035648686134124,0.7475728155339806,0.7061203122025508,0.5844402277039847,300
3,person_vs_organization,2,51,155,0,51,K-Fold,5,AdaBoost,desc+numeric,220,True,0.6310679611650486,0.6676302777514259,0.6310679611650486,0.6460413357378495,0.5991144845034788,300
3,person_vs_organization,2,51,155,0,51,K-Fold,5,AdaBoost,desc+numeric,220,False,0.7281553398058253,0.6718521572890506,0.7281553398058253,0.6835141823719779,0.5680581910183429,300
3,person_vs_organization,2,51,155,0,51,K-Fold,5,XGBoost,desc+numeric,220,True,0.7621359223300971,0.7391341160532852,0.7621359223300971,0.7445325257563611,0.6318785578747629,300
3,person_vs_organization,2,51,155,0,51,K-Fold,5,XGBoost,desc+numeric,220,False,0.7475728155339806,0.7146580568527651,0.7475728155339806,0.7212276289624518,0.6127767235926629,300
3,person_vs_organization,2,51,155,0,51,K-Fold,5,LogReg,desc+numeric+iran,240,True,0.6019417475728155,0.7070262904703376,0.6019417475728155,0.6290010169725417,0.6178368121442125,300
3,person_vs_organization,2,51,155,0,51,K-Fold,5,LogReg,desc+numeric+iran,240,False,0.7233009708737864,0.6762613061156751,0.7233009708737864,0.688706887953374,0.624035420619861,300
3,person_vs_organization,2,51,155,0,51,K-Fold,5,DecisionTree,desc+numeric+iran,240,True,0.6650485436893204,0.6759073046694406,0.6650485436893204,0.6701290085544587,0.5669196710942441,300
3,person_vs_organization,2,51,155,0,51,K-Fold,5,DecisionTree,desc+numeric+iran,240,False,0.6990291262135923,0.6870570262718848,0.6990291262135923,0.6924811048297899,0.5763440860215054,300
3,person_vs_organization,2,51,155,0,51,K-Fold,5,RandomForest,desc+numeric+iran,240,True,0.7087378640776699,0.7322483341900818,0.7087378640776699,0.7182031118716841,0.7159392789373814,300
3,person_vs_organization,2,51,155,0,51,K-Fold,5,RandomForest,desc+numeric+iran,240,False,0.7621359223300971,0.7261910719647683,0.7621359223300971,0.7018017266160366,0.7383934218848829,300
3,person_vs_organization,2,51,155,0,51,K-Fold,5,SVM,desc+numeric+iran,240,True,0.6262135922330098,0.6833801737353092,0.6262135922330098,0.6466094523059427,0.6118912080961416,300
3,person_vs_organization,2,51,155,0,51,K-Fold,5,SVM,desc+numeric+iran,240,False,0.7427184466019418,0.7158218559494243,0.7427184466019418,0.7236780380630028,0.6161922833649588,300
3,person_vs_organization,2,51,155,0,51,K-Fold,5,AdaBoost,desc+numeric+iran,240,True,0.6553398058252428,0.7059528637198541,0.6553398058252428,0.6732381177903318,0.6739405439595194,300
3,person_vs_organization,2,51,155,0,51,K-Fold,5,AdaBoost,desc+numeric+iran,240,False,0.7621359223300971,0.7310700356816862,0.7621359223300971,0.7323971492932513,0.6790006325110689,300
3,person_vs_organization,2,51,155,0,51,K-Fold,5,XGBoost,desc+numeric+iran,240,True,0.6844660194174758,0.6696209669510641,0.6844660194174758,0.6763248969564888,0.6466793168880456,300
3,person_vs_organization,2,51,155,0,51,K-Fold,5,XGBoost,desc+numeric+iran,240,False,0.7330097087378641,0.7041657258974937,0.7330097087378641,0.7132507942163238,0.6570524984187224,300
3,person_vs_organization,2,51,155,0,51,K-Fold,5,LogReg,tweets+numeric+iran,331,True,0.558252427184466,0.6884454304499992,0.558252427184466,0.5882271652118387,0.6136622390891842,300
3,person_vs_organization,2,51,155,0,51,K-Fold,5,LogReg,tweets+numeric+iran,331,False,0.7038834951456311,0.6488569413326695,0.7038834951456311,0.6668617572834353,0.6077166350411133,300
3,person_vs_organization,2,51,155,0,51,K-Fold,5,DecisionTree,tweets+numeric+iran,331,True,0.6553398058252428,0.6436919586323343,0.6553398058252428,0.6491922094964833,0.520999367488931,300
3,person_vs_organization,2,51,155,0,51,K-Fold,5,DecisionTree,tweets+numeric+iran,331,False,0.6941747572815534,0.696184883078087,0.6941747572815534,0.6951644829861438,0.592852624920936,300
3,person_vs_organization,2,51,155,0,51,K-Fold,5,RandomForest,tweets+numeric+iran,331,True,0.6941747572815534,0.704218677762367,0.6941747572815534,0.6988134425932014,0.6832384566729917,300
3,person_vs_organization,2,51,155,0,51,K-Fold,5,RandomForest,tweets+numeric+iran,331,False,0.7669902912621359,0.7352775799377742,0.7669902912621359,0.7287264420331239,0.6876660341555977,300
3,person_vs_organization,2,51,155,0,51,K-Fold,5,SVM,tweets+numeric+iran,331,True,0.558252427184466,0.738710769925491,0.558252427184466,0.5841392144099523,0.6159392789373814,300
3,person_vs_organization,2,51,155,0,51,K-Fold,5,SVM,tweets+numeric+iran,331,False,0.7233009708737864,0.6281528375537984,0.7233009708737864,0.653116294226818,0.5376344086021505,300
3,person_vs_organization,2,51,155,0,51,K-Fold,5,AdaBoost,tweets+numeric+iran,331,True,0.6504854368932039,0.6902508989286804,0.6504854368932039,0.6659263199893604,0.6793801391524351,300
3,person_vs_organization,2,51,155,0,51,K-Fold,5,AdaBoost,tweets+numeric+iran,331,False,0.7621359223300971,0.732879194003335,0.7621359223300971,0.7357246640766366,0.6744465528146744,300
3,person_vs_organization,2,51,155,0,51,K-Fold,5,XGBoost,tweets+numeric+iran,331,True,0.7135922330097088,0.7004347683959334,0.7135922330097088,0.7062025987758899,0.6824794433902595,300
3,person_vs_organization,2,51,155,0,51,K-Fold,5,XGBoost,tweets+numeric+iran,331,False,0.7475728155339806,0.7118957651582265,0.7475728155339806,0.7178071042381258,0.6966476913345983,300
4,target_population,3,180,124,96,96,K-Fold,5,LogReg,numeric,11,True,0.5025,0.5439658979569532,0.5025,0.5115621032876315,0.6770410144060744,400
4,target_population,3,180,124,96,96,K-Fold,5,LogReg,numeric,11,False,0.53,0.5040190545228602,0.53,0.5026832670625528,0.680699717425976,400
4,target_population,3,180,124,96,96,K-Fold,5,DecisionTree,numeric,11,True,0.425,0.42389569858255277,0.425,0.42420622831813687,0.5510479509049303,400
4,target_population,3,180,124,96,96,K-Fold,5,DecisionTree,numeric,11,False,0.465,0.46205478501124475,0.465,0.4628858354436034,0.5808768462658622,400
4,target_population,3,180,124,96,96,K-Fold,5,RandomForest,numeric,11,True,0.4825,0.4863962170233947,0.4825,0.4834394794299425,0.6494682234241731,400
4,target_population,3,180,124,96,96,K-Fold,5,RandomForest,numeric,11,False,0.53,0.515278472561841,0.53,0.5130995716548624,0.6547638838326053,400
4,target_population,3,180,124,96,96,K-Fold,5,SVM,numeric,11,True,0.4925,0.5537978446674099,0.4925,0.501906159474353,0.6837084438492476,400
4,target_population,3,180,124,96,96,K-Fold,5,SVM,numeric,11,False,0.515,0.498181518456118,0.515,0.4629884571760114,0.6398644403127381,400
4,target_population,3,180,124,96,96,K-Fold,5,AdaBoost,numeric,11,True,0.495,0.5054346774363181,0.495,0.4982561246855329,0.6618979493880452,400
4,target_population,3,180,124,96,96,K-Fold,5,AdaBoost,numeric,11,False,0.545,0.5316991867101037,0.545,0.5292699834402584,0.6830091879897373,400
4,target_population,3,180,124,96,96,K-Fold,5,XGBoost,numeric,11,True,0.4925,0.48089088343531294,0.4925,0.48526496283120124,0.6647950969939671,400
4,target_population,3,180,124,96,96,K-Fold,5,XGBoost,numeric,11,False,0.505,0.49679724281127025,0.505,0.5001852962914656,0.6676683482421468,400
4,target_population,3,180,124,96,96,K-Fold,5,LogReg,numeric+iran,31,True,0.5625,0.6025280872492919,0.5625,0.5735279475768986,0.747871574006657,400
4,target_population,3,180,124,96,96,K-Fold,5,LogReg,numeric+iran,31,False,0.5975,0.5929573934837093,0.5975,0.5852981545699251,0.7506973749219888,400
4,target_population,3,180,124,96,96,K-Fold,5,DecisionTree,numeric+iran,31,True,0.52,0.5217414078168028,0.52,0.5207759627312606,0.6255889848138131,400
4,target_population,3,180,124,96,96,K-Fold,5,DecisionTree,numeric+iran,31,False,0.5325,0.5306094851181592,0.5325,0.5292517932513782,0.632802423548991,400
4,target_population,3,180,124,96,96,K-Fold,5,RandomForest,numeric+iran,31,True,0.6075,0.6086828746650176,0.6075,0.6080298158230049,0.7636530060328687,400
4,target_population,3,180,124,96,96,K-Fold,5,RandomForest,numeric+iran,31,False,0.63,0.6204195682184216,0.63,0.6160341359715465,0.7583803459364815,400
4,target_population,3,180,124,96,96,K-Fold,5,SVM,numeric+iran,31,True,0.56,0.6061910828025477,0.56,0.5701185770750987,0.7447902082899938,400
4,target_population,3,180,124,96,96,K-Fold,5,SVM,numeric+iran,31,False,0.5725,0.56375,0.5725,0.5558571428571429,0.7185978932632966,400
4,target_population,3,180,124,96,96,K-Fold,5,AdaBoost,numeric+iran,31,True,0.5975,0.6099988694425212,0.5975,0.6022203330356721,0.7676195532990084,400
4,target_population,3,180,124,96,96,K-Fold,5,AdaBoost,numeric+iran,31,False,0.6025,0.5922848991920984,0.6025,0.5859367843896145,0.7414056735836627,400
4,target_population,3,180,124,96,96,K-Fold,5,XGBoost,numeric+iran,31,True,0.5875,0.5803239902615644,0.5875,0.583050459059116,0.7428577183447749,400
4,target_population,3,180,124,96,96,K-Fold,5,XGBoost,numeric+iran,31,False,0.5775,0.5660083280456853,0.5775,0.5698222900310015,0.7457860910304419,400
4,target_population,3,180,124,96,96,K-Fold,5,LogReg,desc+numeric,248,True,0.5225,0.5615857473140216,0.5225,0.5308600533592045,0.6971415513833992,400
4,target_population,3,180,124,96,96,K-Fold,5,LogReg,desc+numeric,248,False,0.53,0.5084568905959087,0.53,0.5089808173477899,0.697773442375702,400
4,target_population,3,180,124,96,96,K-Fold,5,DecisionTree,desc+numeric,248,True,0.4325,0.42874588235294114,0.4325,0.4301571644199614,0.5541376291519312,400
4,target_population,3,180,124,96,96,K-Fold,5,DecisionTree,desc+numeric,248,False,0.4575,0.4522092307692307,0.4575,0.45378605330412564,0.5714192843769503,400
4,target_population,3,180,124,96,96,K-Fold,5,RandomForest,desc+numeric,248,True,0.525,0.5273134328358209,0.525,0.5257279422553988,0.6760985942809097,400
4,target_population,3,180,124,96,96,K-Fold,5,RandomForest,desc+numeric,248,False,0.585,0.5812027074980937,0.585,0.5657091280058973,0.687957321354275,400
4,target_population,3,180,124,96,96,K-Fold,5,SVM,desc+numeric,248,True,0.5025,0.5537206511798061,0.5025,0.5069701482643569,0.6974661517925249,400
4,target_population,3,180,124,96,96,K-Fold,5,SVM,desc+numeric,248,False,0.515,0.49733522324592483,0.515,0.4909179238341486,0.6750144775847723,400
4,target_population,3,180,124,96,96,K-Fold,5,AdaBoost,desc+numeric,248,True,0.4675,0.48635208348097236,0.4675,0.4700774499413136,0.6420159294605089,400
4,target_population,3,180,124,96,96,K-Fold,5,AdaBoost,desc+numeric,248,False,0.515,0.5022,0.515,0.4910317207481909,0.6508386380972193,400
4,target_population,3,180,124,96,96,K-Fold,5,XGBoost,desc+numeric,248,True,0.505,0.4975290588676416,0.505,0.5007571664561268,0.6679318766902433,400
4,target_population,3,180,124,96,96,K-Fold,5,XGBoost,desc+numeric,248,False,0.4875,0.4787456909292915,0.4875,0.4820232741487971,0.6712927891616391,400
4,target_population,3,180,124,96,96,K-Fold,5,LogReg,desc+numeric+iran,268,True,0.5875,0.623908021673054,0.5875,0.5961869710503633,0.7561321488627695,400
4,target_population,3,180,124,96,96,K-Fold,5,LogReg,desc+numeric+iran,268,False,0.59,0.5840522496042871,0.59,0.5787756884577695,0.7562317865439289,400
4,target_population,3,180,124,96,96,K-Fold,5,DecisionTree,desc+numeric+iran,268,True,0.5425,0.543339353524127,0.5425,0.5427705022250477,0.6421481693363844,400
4,target_population,3,180,124,96,96,K-Fold,5,DecisionTree,desc+numeric+iran,268,False,0.555,0.5480164835164836,0.555,0.5487992629421949,0.6460153595451078,400
4,target_population,3,180,124,96,96,K-Fold,5,RandomForest,desc+numeric+iran,268,True,0.6175,0.6139707330489405,0.6175,0.6155167698673675,0.7679886179443173,400
4,target_population,3,180,124,96,96,K-Fold,5,RandomForest,desc+numeric+iran,268,False,0.63,0.6210863732831458,0.63,0.6182872635570006,0.7744599574838776,400
4,target_population,3,180,124,96,96,K-Fold,5,SVM,desc+numeric+iran,268,True,0.57,0.6049527004909984,0.57,0.5766046654732603,0.7363266503709868,400
4,target_population,3,180,124,96,96,K-Fold,5,SVM,desc+numeric+iran,268,False,0.5675,0.5620826465201465,0.5675,0.5547323682080099,0.728652507627765,400
4,target_population,3,180,124,96,96,K-Fold,5,AdaBoost,desc+numeric+iran,268,True,0.6025,0.6186978715017737,0.6025,0.6085853820374849,0.7650945322793149,400
4,target_population,3,180,124,96,96,K-Fold,5,AdaBoost,desc+numeric+iran,268,False,0.585,0.5798659437912994,0.585,0.5709267638679403,0.7399261331131683,400
4,target_population,3,180,124,96,96,K-Fold,5,XGBoost,desc+numeric+iran,268,True,0.595,0.5828690010464461,0.595,0.5865796185994587,0.7445697463768116,400
4,target_population,3,180,124,96,96,K-Fold,5,XGBoost,desc+numeric+iran,268,False,0.585,0.5745066090096516,0.585,0.5776585558879007,0.7475829627799737,400
4,target_population,3,180,124,96,96,K-Fold,5,LogReg,tweets+numeric+iran,331,True,0.5875,0.6275857956173347,0.5875,0.5975003859886133,0.7592786387906526,400
4,target_population,3,180,124,96,96,K-Fold,5,LogReg,tweets+numeric+iran,331,False,0.6125,0.6090861455020086,0.6125,0.5991271991318331,0.7620173336627141,400
4,target_population,3,180,124,96,96,K-Fold,5,DecisionTree,tweets+numeric+iran,331,True,0.54,0.5369809009009009,0.54,0.5383426059518676,0.6412588412731434,400
4,target_population,3,180,124,96,96,K-Fold,5,DecisionTree,tweets+numeric+iran,331,False,0.5325,0.5298484346459368,0.5325,0.5308499450991643,0.6386302960959711,400
4,target_population,3,180,124,96,96,K-Fold,5,RandomForest,tweets+numeric+iran,331,True,0.6375,0.6357297088876037,0.6375,0.6356540870893812,0.7828980436516191,400
4,target_population,3,180,124,96,96,K-Fold,5,RandomForest,tweets+numeric+iran,331,False,0.66,0.6510942249240123,0.66,0.6427082329991783,0.7831832613896401,400
4,target_population,3,180,124,96,96,K-Fold,5,SVM,tweets+numeric+iran,331,True,0.57,0.6198533898763694,0.57,0.5786998661012432,0.760195381301574,400
4,target_population,3,180,124,96,96,K-Fold,5,SVM,tweets+numeric+iran,331,False,0.5975,0.598898759562323,0.5975,0.5760785410275506,0.743212805977394,400
4,target_population,3,180,124,96,96,K-Fold,5,AdaBoost,tweets+numeric+iran,331,True,0.605,0.6319667775850473,0.605,0.6140602423114435,0.7689402293096873,400
4,target_population,3,180,124,96,96,K-Fold,5,AdaBoost,tweets+numeric+iran,331,False,0.625,0.6215999999999999,0.625,0.6029047012242298,0.7567596928957769,400
4,target_population,3,180,124,96,96,K-Fold,5,XGBoost,tweets+numeric+iran,331,True,0.585,0.5766473966483843,0.585,0.5798750965163283,0.7568782266313017,400
4,target_population,3,180,124,96,96,K-Fold,5,XGBoost,tweets+numeric+iran,331,False,0.6,0.5923018057201955,0.6,0.5924162739774022,0.763571118074336,400
4,target_population,2,180,124,0,124,K-Fold,5,LogReg,numeric,11,True,0.7072368421052632,0.7159061503124736,0.7072368421052632,0.7093722948109589,0.7563172043010754,400
4,target_population,2,180,124,0,124,K-Fold,5,LogReg,numeric,11,False,0.7072368421052632,0.7035210902348258,0.7072368421052632,0.7003316485261258,0.7558243727598567,400
4,target_population,2,180,124,0,124,K-Fold,5,DecisionTree,numeric,11,True,0.5953947368421053,0.5901556293086421,0.5953947368421053,0.592003354457316,0.5742831541218638,400
4,target_population,2,180,124,0,124,K-Fold,5,DecisionTree,numeric,11,False,0.6151315789473685,0.6156183475448398,0.6151315789473685,0.6153683786605151,0.6022401433691758,400
4,target_population,2,180,124,0,124,K-Fold,5,RandomForest,numeric,11,True,0.7171052631578947,0.71483666061706,0.7171052631578947,0.7154652936689551,0.7613351254480287,400
4,target_population,2,180,124,0,124,K-Fold,5,RandomForest,numeric,11,False,0.743421052631579,0.7423195645146152,0.743421052631579,0.7370374192026768,0.7802195340501792,400
4,target_population,2,180,124,0,124,K-Fold,5,SVM,numeric,11,True,0.6907894736842105,0.7045491848123427,0.6907894736842105,0.6933878814683768,0.7428091397849462,400
4,target_population,2,180,124,0,124,K-Fold,5,SVM,numeric,11,False,0.6776315789473685,0.6794968189705032,0.6776315789473685,0.653789898322678,0.7139784946236559,400
4,target_population,2,180,124,0,124,K-Fold,5,AdaBoost,numeric,11,True,0.7269736842105263,0.7298256838761069,0.7269736842105263,0.7280140444428852,0.812320788530466,400
4,target_population,2,180,124,0,124,K-Fold,5,AdaBoost,numeric,11,False,0.75,0.7480769230769231,0.75,0.7456140350877193,0.8265232974910394,400
4,target_population,2,180,124,0,124,K-Fold,5,XGBoost,numeric,11,True,0.694078947368421,0.6929973117321145,0.694078947368421,0.6934700979130234,0.7492831541218637,400
4,target_population,2,180,124,0,124,K-Fold,5,XGBoost,numeric,11,False,0.6907894736842105,0.687235667293233,0.6907894736842105,0.6879154556703404,0.7525537634408603,400
4,target_population,2,180,124,0,124,K-Fold,5,LogReg,numeric+iran,31,True,0.7631578947368421,0.7613111726685134,0.7631578947368421,0.7613827892465663,0.8241935483870968,400
4,target_population,2,180,124,0,124,K-Fold,5,LogReg,numeric+iran,31,False,0.7861842105263158,0.7920702351762396,0.7861842105263158,0.7787520905939623,0.8227598566308243,400
4,target_population,2,180,124,0,124,K-Fold,5,DecisionTree,numeric+iran,31,True,0.7171052631578947,0.7158276125095346,0.7171052631578947,0.7163408205254624,0.7046594982078853,400
4,target_population,2,180,124,0,124,K-Fold,5,DecisionTree,numeric+iran,31,False,0.7039473684210527,0.7025934401220443,0.7039473684210527,0.7031473703173444,0.6910394265232974,400
4,target_population,2,180,124,0,124,K-Fold,5,RandomForest,numeric+iran,31,True,0.7927631578947368,0.7925156679598201,0.7927631578947368,0.7926306817544608,0.8695116487455198,400
4,target_population,2,180,124,0,124,K-Fold,5,RandomForest,numeric+iran,31,False,0.7828947368421053,0.7815049573324125,0.7828947368421053,0.7804636024450265,0.8679659498207885,400
4,target_population,2,180,124,0,124,K-Fold,5,SVM,numeric+iran,31,True,0.7631578947368421,0.7641911268556005,0.7631578947368421,0.7566319735608937,0.7986111111111112,400
4,target_population,2,180,124,0,124,K-Fold,5,SVM,numeric+iran,31,False,0.7796052631578947,0.7835495135944126,0.7796052631578947,0.7725996577120552,0.7801075268817205,400
4,target_population,2,180,124,0,124,K-Fold,5,AdaBoost,numeric+iran,31,True,0.7894736842105263,0.7881607908251921,0.7894736842105263,0.7882532418001524,0.8691308243727599,400
4,target_population,2,180,124,0,124,K-Fold,5,AdaBoost,numeric+iran,31,False,0.819078947368421,0.8207372691982092,0.819078947368421,0.8156963656844077,0.8761648745519713,400
4,target_population,2,180,124,0,124,K-Fold,5,XGBoost,numeric+iran,31,True,0.7467105263157895,0.7470385180829167,0.7467105263157895,0.7468663688620483,0.8323028673835126,400
4,target_population,2,180,124,0,124,K-Fold,5,XGBoost,numeric+iran,31,False,0.75,0.7494145199063231,0.75,0.749674347572205,0.8456093189964158,400
4,target_population,2,180,124,0,124,K-Fold,5,LogReg,desc+numeric,248,True,0.7138157894736842,0.7177483181638307,0.7138157894736842,0.7151577687109123,0.7660394265232975,400
4,target_population,2,180,124,0,124,K-Fold,5,LogReg,desc+numeric,248,False,0.7039473684210527,0.6999535603715171,0.7039473684210527,0.6973390507518797,0.7651881720430108,400
4,target_population,2,180,124,0,124,K-Fold,5,DecisionTree,desc+numeric,248,True,0.6480263157894737,0.6438333532482924,0.6480263157894737,0.6450760888368521,0.6287634408602152,400
4,target_population,2,180,124,0,124,K-Fold,5,DecisionTree,desc+numeric,248,False,0.6447368421052632,0.6415125304089276,0.6447368421052632,0.6426773455377575,0.6272401433691757,400
4,target_population,2,180,124,0,124,K-Fold,5,RandomForest,desc+numeric,248,True,0.7203947368421053,0.7207544839753014,0.7203947368421053,0.7205667708217417,0.7891129032258064,400
4,target_population,2,180,124,0,124,K-Fold,5,RandomForest,desc+numeric,248,False,0.7236842105263158,0.7221244600863862,0.7236842105263158,0.7152991865691044,0.7905017921146954,400
4,target_population,2,180,124,0,124,K-Fold,5,SVM,desc+numeric,248,True,0.6973684210526315,0.7095908663630639,0.6973684210526315,0.6998488990391825,0.7476702508960573,400
4,target_population,2,180,124,0,124,K-Fold,5,SVM,desc+numeric,248,False,0.6907894736842105,0.6869568781767503,0.6907894736842105,0.6795675915915316,0.7396505376344087,400
4,target_population,2,180,124,0,124,K-Fold,5,AdaBoost,desc+numeric,248,True,0.7171052631578947,0.7186658941387559,0.7171052631578947,0.7177611632076445,0.7969982078853046,400
4,target_population,2,180,124,0,124,K-Fold,5,AdaBoost,desc+numeric,248,False,0.7072368421052632,0.7034670325417414,0.7072368421052632,0.7030649326475098,0.797513440860215,400
4,target_population,2,180,124,0,124,K-Fold,5,XGBoost,desc+numeric,248,True,0.7006578947368421,0.7018568207520001,0.7006578947368421,0.701189051842167,0.7499551971326165,400
4,target_population,2,180,124,0,124,K-Fold,5,XGBoost,desc+numeric,248,False,0.7039473684210527,0.7015050005792176,0.7039473684210527,0.7022311212814646,0.7586021505376345,400
4,target_population,2,180,124,0,124,K-Fold,5,LogReg,desc+numeric+iran,268,True,0.7631578947368421,0.7613111726685134,0.7631578947368421,0.7613827892465663,0.8258960573476704,400
4,target_population,2,180,124,0,124,K-Fold,5,LogReg,desc+numeric+iran,268,False,0.7894736842105263,0.7950002158801434,0.7894736842105263,0.7824720531487449,0.8239247311827957,400
4,target_population,2,180,124,0,124,K-Fold,5,DecisionTree,desc+numeric+iran,268,True,0.7138157894736842,0.7177483181638307,0.7138157894736842,0.7151577687109123,0.7094086021505377,400
4,target_population,2,180,124,0,124,K-Fold,5,DecisionTree,desc+numeric+iran,268,False,0.7269736842105263,0.7280848089796091,0.7269736842105263,0.7274581461857127,0.7192652329749103,400
4,target_population,2,180,124,0,124,K-Fold,5,RandomForest,desc+numeric+iran,268,True,0.7960526315789473,0.7952326468344775,0.7960526315789473,0.7955015217741707,0.8736559139784946,400
4,target_population,2,180,124,0,124,K-Fold,5,RandomForest,desc+numeric+iran,268,False,0.7960526315789473,0.7948484492481203,0.7960526315789473,0.794157002676182,0.8788754480286738,400
4,target_population,2,180,124,0,124,K-Fold,5,SVM,desc+numeric+iran,268,True,0.7664473684210527,0.7654897459559636,0.7664473684210527,0.7620807629744172,0.7966173835125447,400
4,target_population,2,180,124,0,124,K-Fold,5,SVM,desc+numeric+iran,268,False,0.7631578947368421,0.7685406698564593,0.7631578947368421,0.7538142096235443,0.7786290322580647,400
4,target_population,2,180,124,0,124,K-Fold,5,AdaBoost,desc+numeric+iran,268,True,0.7960526315789473,0.7948266208441133,0.7960526315789473,0.7948703279938979,0.8644041218637993,400
4,target_population,2,180,124,0,124,K-Fold,5,AdaBoost,desc+numeric+iran,268,False,0.8026315789473685,0.8031376518218624,0.8026315789473685,0.799168975069252,0.8691532258064517,400
4,target_population,2,180,124,0,124,K-Fold,5,XGBoost,desc+numeric+iran,268,True,0.743421052631579,0.7448695424641149,0.743421052631579,0.7440159387232125,0.83915770609319,400
4,target_population,2,180,124,0,124,K-Fold,5,XGBoost,desc+numeric+iran,268,False,0.75,0.7494145199063231,0.75,0.749674347572205,0.8456093189964158,400
4,target_population,2,180,124,0,124,K-Fold,5,LogReg,tweets+numeric+iran,331,True,0.7828947368421053,0.7816969295847601,0.7828947368421053,0.7819829006196565,0.8306003584229391,400
4,target_population,2,180,124,0,124,K-Fold,5,LogReg,tweets+numeric+iran,331,False,0.8125,0.8180684966003525,0.8125,0.8070746909884847,0.8308243727598567,400
4,target_population,2,180,124,0,124,K-Fold,5,DecisionTree,tweets+numeric+iran,331,True,0.756578947368421,0.756578947368421,0.756578947368421,0.756578947368421,0.7480286738351255,400
4,target_population,2,180,124,0,124,K-Fold,5,DecisionTree,tweets+numeric+iran,331,False,0.7467105263157895,0.7485545258495074,0.7467105263157895,0.7474296580397717,0.7409498207885306,400
4,target_population,2,180,124,0,124,K-Fold,5,RandomForest,tweets+numeric+iran,331,True,0.8125,0.8121030345800988,0.8125,0.8102145922746781,0.883826164874552,400
4,target_population,2,180,124,0,124,K-Fold,5,RandomForest,tweets+numeric+iran,331,False,0.819078947368421,0.8238517068107293,0.819078947368421,0.8143384083696561,0.8815412186379927,400
4,target_population,2,180,124,0,124,K-Fold,5,SVM,tweets+numeric+iran,331,True,0.7927631578947368,0.8008918625280211,0.7927631578947368,0.784918035863415,0.8181899641577062,400
4,target_population,2,180,124,0,124,K-Fold,5,SVM,tweets+numeric+iran,331,False,0.7927631578947368,0.8066227759334551,0.7927631578947368,0.7828341046696758,0.7962365591397849,400
4,target_population,2,180,124,0,124,K-Fold,5,AdaBoost,tweets+numeric+iran,331,True,0.805921052631579,0.8048109403944644,0.805921052631579,0.8046336629409016,0.8904793906810035,400
4,target_population,2,180,124,0,124,K-Fold,5,AdaBoost,tweets+numeric+iran,331,False,0.8092105263157895,0.8100202429149798,0.8092105263157895,0.8058633425669436,0.8842293906810036,400
4,target_population,2,180,124,0,124,K-Fold,5,XGBoost,tweets+numeric+iran,331,True,0.7631578947368421,0.7617766395211648,0.7631578947368421,0.7621631643123525,0.8631272401433692,400
4,target_population,2,180,124,0,124,K-Fold,5,XGBoost,tweets+numeric+iran,331,False,0.7598684210526315,0.7580527405470197,0.7598684210526315,0.7582755490624715,0.8565860215053763,400
4,locals_vs_diaspora,3,20,41,339,20,K-Fold,5,LogReg,numeric,11,True,0.645,0.8279991732085034,0.645,0.7096526790391379,0.7370916092659843,400
4,locals_vs_diaspora,3,20,41,339,20,K-Fold,5,LogReg,numeric,11,False,0.86,0.8067899076517149,0.86,0.8250882460386318,0.7269956534905464,400
4,locals_vs_diaspora,3,20,41,339,20,K-Fold,5,DecisionTree,numeric,11,True,0.7875,0.8027343356185099,0.7875,0.7942155038594849,0.6380583347953883,400
4,locals_vs_diaspora,3,20,41,339,20,K-Fold,5,DecisionTree,numeric,11,False,0.79,0.8027692178583418,0.79,0.796142122369127,0.6397589652014872,400
4,locals_vs_diaspora,3,20,41,339,20,K-Fold,5,RandomForest,numeric,11,True,0.845,0.8343350031065548,0.845,0.83909872514676,0.6979028354755442,400
4,locals_vs_diaspora,3,20,41,339,20,K-Fold,5,RandomForest,numeric,11,False,0.8725,0.8211525974025973,0.8725,0.8392810652852494,0.6961374606146399,400
4,locals_vs_diaspora,3,20,41,339,20,K-Fold,5,SVM,numeric,11,True,0.63,0.8306169239111127,0.6299999999999999,0.7063204307356332,0.7015546221769319,400
4,locals_vs_diaspora,3,20,41,339,20,K-Fold,5,SVM,numeric,11,False,0.8625,0.8137028529980657,0.8625,0.8311172161172162,0.6286353819929293,400
4,locals_vs_diaspora,3,20,41,339,20,K-Fold,5,AdaBoost,numeric,11,True,0.6225,0.7899781382804838,0.6225,0.6825785918625609,0.6721827231356394,400
4,locals_vs_diaspora,3,20,41,339,20,K-Fold,5,AdaBoost,numeric,11,False,0.8675,0.8182039473684211,0.8675,0.8328611497450162,0.6836529093794238,400
4,locals_vs_diaspora,3,20,41,339,20,K-Fold,5,XGBoost,numeric,11,True,0.84,0.8110361681329423,0.84,0.8206356837606837,0.697681616680406,400
4,locals_vs_diaspora,3,20,41,339,20,K-Fold,5,XGBoost,numeric,11,False,0.85,0.8096656534954408,0.85,0.8182852273953256,0.6898950612981608,400
4,locals_vs_diaspora,3,20,41,339,20,K-Fold,5,LogReg,numeric+iran,31,True,0.685,0.8235539083557951,0.685,0.7385645307758755,0.7043083191734302,400
4,locals_vs_diaspora,3,20,41,339,20,K-Fold,5,LogReg,numeric+iran,31,False,0.855,0.8339131687638076,0.855,0.8415950163733116,0.7425440452099471,400
4,locals_vs_diaspora,3,20,41,339,20,K-Fold,5,DecisionTree,numeric+iran,31,True,0.825,0.8280803571428571,0.825,0.8264588235294117,0.699773481605745,400
4,locals_vs_diaspora,3,20,41,339,20,K-Fold,5,DecisionTree,numeric+iran,31,False,0.8125,0.8136203393380812,0.8125,0.8127260765550239,0.6590207796078168,400
4,locals_vs_diaspora,3,20,41,339,20,K-Fold,5,RandomForest,numeric+iran,31,True,0.845,0.8469150045156704,0.845,0.8433213105924068,0.8000122539241158,400
4,locals_vs_diaspora,3,20,41,339,20,K-Fold,5,RandomForest,numeric+iran,31,False,0.85,0.7973298517520216,0.85,0.8204454990814452,0.7891429023134918,400
4,locals_vs_diaspora,3,20,41,339,20,K-Fold,5,SVM,numeric+iran,31,True,0.68,0.8186089193825044,0.68,0.7334308084988963,0.7054797656586098,400
4,locals_vs_diaspora,3,20,41,339,20,K-Fold,5,SVM,numeric+iran,31,False,0.86,0.8343376634853306,0.86,0.8392272624092009,0.6769684184089155,400
4,locals_vs_diaspora,3,20,41,339,20,K-Fold,5,AdaBoost,numeric+iran,31,True,0.77,0.8351021103896104,0.77,0.7969753097623541,0.7518822636097299,400
4,locals_vs_diaspora,3,20,41,339,20,K-Fold,5,AdaBoost,numeric+iran,31,False,0.8675,0.817449460916442,0.8675,0.8389078383343539,0.771013155941992,400
4,locals_vs_diaspora,3,20,41,339,20,K-Fold,5,XGBoost,numeric+iran,31,True,0.8425,0.8162323834357733,0.8425,0.8278541366041365,0.7937558351018191,400
4,locals_vs_diaspora,3,20,41,339,20,K-Fold,5,XGBoost,numeric+iran,31,False,0.8625,0.8145774456521739,0.8625,0.8359392991613045,0.7817776304373427,400
4,locals_vs_diaspora,3,20,41,339,20,K-Fold,5,LogReg,desc+numeric,248,True,0.7175,0.8257782230118212,0.7175,0.7593744061923657,0.7176255653947189,400
4,locals_vs_diaspora,3,20,41,339,20,K-Fold,5,LogReg,desc+numeric,248,False,0.8575,0.8067897727272727,0.8575,0.8254926184926186,0.7349888342053592,400
4,locals_vs_diaspora,3,20,41,339,20,K-Fold,5,DecisionTree,desc+numeric,248,True,0.7725,0.7898652417918474,0.7725,0.7804369121284936,0.6091359615074949,400
4,locals_vs_diaspora,3,20,41,339,20,K-Fold,5,DecisionTree,desc+numeric,248,False,0.7825,0.7807109133126935,0.7825,0.781598787810128,0.5874911375429304,400
4,locals_vs_diaspora,3,20,41,339,20,K-Fold,5,RandomForest,desc+numeric,248,True,0.85,0.8249478839069099,0.85,0.834994030563515,0.7398151389092508,400
4,locals_vs_diaspora,3,20,41,339,20,K-Fold,5,RandomForest,desc+numeric,248,False,0.8625,0.8584629803186504,0.8625,0.8196841352137088,0.743053630633218,400
4,locals_vs_diaspora,3,20,41,339,20,K-Fold,5,SVM,desc+numeric,248,True,0.735,0.8382813522865427,0.735,0.7772437070202689,0.6883226412044771,400
4,locals_vs_diaspora,3,20,41,339,20,K-Fold,5,SVM,desc+numeric,248,False,0.8675,0.8206159332688588,0.8675,0.8367418137418138,0.6642269389854379,400
4,locals_vs_diaspora,3,20,41,339,20,K-Fold,5,AdaBoost,desc+numeric,248,True,0.6775,0.7944797281517119,0.6775,0.7213760733801716,0.6746811049110629,400
4,locals_vs_diaspora,3,20,41,339,20,K-Fold,5,AdaBoost,desc+numeric,248,False,0.8675,0.8169805336832894,0.8675,0.8314611581920903,0.6975497060668476,400
4,locals_vs_diaspora,3,20,41,339,20,K-Fold,5,XGBoost,desc+numeric,248,True,0.8425,0.8055658648877195,0.8425,0.8182403210576016,0.6917987654447092,400
4,locals_vs_diaspora,3,20,41,339,20,K-Fold,5,XGBoost,desc+numeric,248,False,0.8475,0.8074116641337387,0.8475,0.8159145980246961,0.695069159610749,400
4,locals_vs_diaspora,3,20,41,339,20,K-Fold,5,LogReg,desc+numeric+iran,268,True,0.75,0.8256427482370878,0.75,0.7822080919883007,0.6942386851959114,400
4,locals_vs_diaspora,3,20,41,339,20,K-Fold,5,LogReg,desc+numeric+iran,268,False,0.8675,0.8466430650891976,0.8675,0.852798485898432,0.7438701598967509,400
4,locals_vs_diaspora,3,20,41,339,20,K-Fold,5,DecisionTree,desc+numeric+iran,268,True,0.79,0.8054217325227964,0.79,0.7972904191616766,0.6532899243176209,400
4,locals_vs_diaspora,3,20,41,339,20,K-Fold,5,DecisionTree,desc+numeric+iran,268,False,0.8,0.8042803854150007,0.8,0.8019234872299864,0.6384490640043645,400
4,locals_vs_diaspora,3,20,41,339,20,K-Fold,5,RandomForest,desc+numeric+iran,268,True,0.8525,0.8573766502083552,0.8525,0.8510304961765409,0.8176345016054567,400
4,locals_vs_diaspora,3,20,41,339,20,K-Fold,5,RandomForest,desc+numeric+iran,268,False,0.855,0.7987100195822454,0.855,0.8153831948291783,0.8342308588952632,400
4,locals_vs_diaspora,3,20,41,339,20,K-Fold,5,SVM,desc+numeric+iran,268,True,0.765,0.8217875955381121,0.765,0.7903131767632426,0.6709573502515136,400
4,locals_vs_diaspora,3,20,41,339,20,K-Fold,5,SVM,desc+numeric+iran,268,False,0.8725,0.8509966548602912,0.8725,0.8569018695780315,0.6784931281409148,400
4,locals_vs_diaspora,3,20,41,339,20,K-Fold,5,AdaBoost,desc+numeric+iran,268,True,0.78,0.8341021564327485,0.78,0.8019515960149668,0.7376747003588244,400
4,locals_vs_diaspora,3,20,41,339,20,K-Fold,5,AdaBoost,desc+numeric+iran,268,False,0.8625,0.8113835041938491,0.8625,0.8339323997582108,0.7379990057524857,400
4,locals_vs_diaspora,3,20,41,339,20,K-Fold,5,XGBoost,desc+numeric+iran,268,True,0.845,0.8190254237288136,0.845,0.829400432900433,0.8022994443990473,400
4,locals_vs_diaspora,3,20,41,339,20,K-Fold,5,XGBoost,desc+numeric+iran,268,False,0.8625,0.8102770310633214,0.8625,0.8325601886324151,0.792906128554296,400
4,locals_vs_diaspora,3,20,41,339,20,K-Fold,5,LogReg,tweets+numeric+iran,331,True,0.7175,0.8295694001699367,0.7175,0.7625980023823007,0.7031769487191195,400
4,locals_vs_diaspora,3,20,41,339,20,K-Fold,5,LogReg,tweets+numeric+iran,331,False,0.8625,0.8394365861411316,0.8625,0.8464145669501952,0.740827626111262,400
4,locals_vs_diaspora,3,20,41,339,20,K-Fold,5,DecisionTree,tweets+numeric+iran,331,True,0.8125,0.8155669775328529,0.8125,0.8140167634022886,0.6656708068861592,400
4,locals_vs_diaspora,3,20,41,339,20,K-Fold,5,DecisionTree,tweets+numeric+iran,331,False,0.8125,0.8251751266464034,0.8125,0.8181929340193907,0.6926557569319435,400
4,locals_vs_diaspora,3,20,41,339,20,K-Fold,5,RandomForest,tweets+numeric+iran,331,True,0.8425,0.8551878423434153,0.8425,0.8448148337060724,0.8023977862783929,400
4,locals_vs_diaspora,3,20,41,339,20,K-Fold,5,RandomForest,tweets+numeric+iran,331,False,0.8575,0.799209569517161,0.8575,0.8187196455017748,0.8048788120582292,400
4,locals_vs_diaspora,3,20,41,339,20,K-Fold,5,SVM,tweets+numeric+iran,331,True,0.745,0.826459496191639,0.745,0.7794946153920318,0.6630163465767482,400
4,locals_vs_diaspora,3,20,41,339,20,K-Fold,5,SVM,tweets+numeric+iran,331,False,0.8575,0.831086917540562,0.8575,0.840463571790969,0.6885471278428961,400
4,locals_vs_diaspora,3,20,41,339,20,K-Fold,5,AdaBoost,tweets+numeric+iran,331,True,0.8,0.8302152693826563,0.8,0.8134175761393243,0.7153089895657335,400
4,locals_vs_diaspora,3,20,41,339,20,K-Fold,5,AdaBoost,tweets+numeric+iran,331,False,0.8625,0.8126132133995037,0.8625,0.833280118395365,0.6699415277614215,400
4,locals_vs_diaspora,3,20,41,339,20,K-Fold,5,XGBoost,tweets+numeric+iran,331,True,0.855,0.8374125626498149,0.855,0.8434429706853841,0.7955461085101219,400
4,locals_vs_diaspora,3,20,41,339,20,K-Fold,5,XGBoost,tweets+numeric+iran,331,False,0.8525,0.7950407608695652,0.8525,0.818374562937063,0.8059472894099947,400
4,locals_vs_diaspora,2,20,41,0,20,K-Fold,5,LogReg,numeric,11,True,0.7704918032786885,0.7773701708127938,0.7704918032786885,0.7730874316939891,0.8365853658536585,400
4,locals_vs_diaspora,2,20,41,0,20,K-Fold,5,LogReg,numeric,11,False,0.7213114754098361,0.7081254454739844,0.7213114754098361,0.7094134431613234,0.8353658536585366,400
4,locals_vs_diaspora,2,20,41,0,20,K-Fold,5,DecisionTree,numeric,11,True,0.6885245901639344,0.6846624758617855,0.6885245901639344,0.6864076735694354,0.6402439024390244,400
4,locals_vs_diaspora,2,20,41,0,20,K-Fold,5,DecisionTree,numeric,11,False,0.6885245901639344,0.6776759884281581,0.6885245901639344,0.681393833563554,0.6274390243902439,400
4,locals_vs_diaspora,2,20,41,0,20,K-Fold,5,RandomForest,numeric,11,True,0.7213114754098361,0.7250585480093676,0.7213114754098361,0.7229898164191113,0.7615853658536585,400
4,locals_vs_diaspora,2,20,41,0,20,K-Fold,5,RandomForest,numeric,11,False,0.6721311475409836,0.6501569584931985,0.6721311475409836,0.6543788901551678,0.6987804878048781,400
4,locals_vs_diaspora,2,20,41,0,20,K-Fold,5,SVM,numeric,11,True,0.7704918032786885,0.7862206468763846,0.7704918032786885,0.7750391684817914,0.7926829268292683,400
4,locals_vs_diaspora,2,20,41,0,20,K-Fold,5,SVM,numeric,11,False,0.7377049180327869,0.7377049180327869,0.7377049180327869,0.7377049180327869,0.7719512195121951,400
4,locals_vs_diaspora,2,20,41,0,20,K-Fold,5,AdaBoost,numeric,11,True,0.7377049180327869,0.7377049180327869,0.7377049180327869,0.7377049180327869,0.7975609756097561,400
4,locals_vs_diaspora,2,20,41,0,20,K-Fold,5,AdaBoost,numeric,11,False,0.7213114754098361,0.7122380994126414,0.7213114754098361,0.7149313247673905,0.7780487804878049,400
4,locals_vs_diaspora,2,20,41,0,20,K-Fold,5,XGBoost,numeric,11,True,0.639344262295082,0.612437092032488,0.639344262295082,0.6198167791706847,0.5682926829268293,400
4,locals_vs_diaspora,2,20,41,0,20,K-Fold,5,XGBoost,numeric,11,False,0.639344262295082,0.6029887364781978,0.639344262295082,0.6102914389799635,0.5707317073170731,400
4,locals_vs_diaspora,2,20,41,0,20,K-Fold,5,LogReg,numeric+iran,31,True,0.7213114754098361,0.7437158469945356,0.7213114754098361,0.7277458424999409,0.7585365853658537,400
4,locals_vs_diaspora,2,20,41,0,20,K-Fold,5,LogReg,numeric+iran,31,False,0.7377049180327869,0.7276867030965392,0.7377049180327869,0.7292328546617529,0.7597560975609756,400
4,locals_vs_diaspora,2,20,41,0,20,K-Fold,5,DecisionTree,numeric+iran,31,True,0.6885245901639344,0.6716559752910429,0.6885245901639344,0.6752267894155967,0.6146341463414634,400
4,locals_vs_diaspora,2,20,41,0,20,K-Fold,5,DecisionTree,numeric+iran,31,False,0.6721311475409836,0.6721311475409836,0.6721311475409836,0.6721311475409836,0.6280487804878049,400
4,locals_vs_diaspora,2,20,41,0,20,K-Fold,5,RandomForest,numeric+iran,31,True,0.7377049180327869,0.7452329091673354,0.7377049180327869,0.7406713505074162,0.8042682926829269,400
4,locals_vs_diaspora,2,20,41,0,20,K-Fold,5,RandomForest,numeric+iran,31,False,0.6885245901639344,0.6666403951240016,0.6885245901639344,0.6677383523948269,0.751219512195122,400
4,locals_vs_diaspora,2,20,41,0,20,K-Fold,5,SVM,numeric+iran,31,True,0.6721311475409836,0.6809583858764187,0.6721311475409836,0.67583918813427,0.6902439024390244,400
4,locals_vs_diaspora,2,20,41,0,20,K-Fold,5,SVM,numeric+iran,31,False,0.7049180327868853,0.713095647521877,0.7049180327868853,0.7082552693208432,0.7329268292682927,400
4,locals_vs_diaspora,2,20,41,0,20,K-Fold,5,AdaBoost,numeric+iran,31,True,0.6557377049180327,0.6602263856362217,0.6557377049180327,0.6578109496941964,0.7695121951219512,400
4,locals_vs_diaspora,2,20,41,0,20,K-Fold,5,AdaBoost,numeric+iran,31,False,0.7049180327868853,0.6979709408226373,0.7049180327868853,0.7006655984222853,0.7878048780487805,400
4,locals_vs_diaspora,2,20,41,0,20,K-Fold,5,XGBoost,numeric+iran,31,True,0.639344262295082,0.639344262295082,0.639344262295082,0.639344262295082,0.6073170731707317,400
4,locals_vs_diaspora,2,20,41,0,20,K-Fold,5,XGBoost,numeric+iran,31,False,0.6065573770491803,0.5964332613207947,0.6065573770491803,0.600887464563047,0.6060975609756097,400
4,locals_vs_diaspora,2,20,41,0,20,K-Fold,5,LogReg,desc+numeric,248,True,0.7704918032786885,0.7773701708127938,0.7704918032786885,0.7730874316939891,0.8378048780487805,400
4,locals_vs_diaspora,2,20,41,0,20,K-Fold,5,LogReg,desc+numeric,248,False,0.7213114754098361,0.7081254454739844,0.7213114754098361,0.7094134431613234,0.8390243902439024,400
4,locals_vs_diaspora,2,20,41,0,20,K-Fold,5,DecisionTree,desc+numeric,248,True,0.6229508196721312,0.6378062047492216,0.6229508196721312,0.6289445364038665,0.5914634146341464,400
4,locals_vs_diaspora,2,20,41,0,20,K-Fold,5,DecisionTree,desc+numeric,248,False,0.7049180327868853,0.713095647521877,0.7049180327868853,0.7082552693208432,0.6780487804878049,400
4,locals_vs_diaspora,2,20,41,0,20,K-Fold,5,RandomForest,desc+numeric,248,True,0.7049180327868853,0.6922586520947176,0.7049180327868853,0.6953869614944719,0.774390243902439,400
4,locals_vs_diaspora,2,20,41,0,20,K-Fold,5,RandomForest,desc+numeric,248,False,0.6557377049180327,0.6110410536640045,0.6557377049180327,0.6108061780849395,0.7018292682926829,400
4,locals_vs_diaspora,2,20,41,0,20,K-Fold,5,SVM,desc+numeric,248,True,0.7704918032786885,0.7862206468763846,0.7704918032786885,0.7750391684817914,0.7939024390243903,400
4,locals_vs_diaspora,2,20,41,0,20,K-Fold,5,SVM,desc+numeric,248,False,0.7377049180327869,0.7318168339899181,0.7377049180327869,0.7339249763753647,0.7609756097560976,400
4,locals_vs_diaspora,2,20,41,0,20,K-Fold,5,AdaBoost,desc+numeric,248,True,0.7377049180327869,0.7452329091673354,0.7377049180327869,0.7406713505074162,0.8097560975609757,400
4,locals_vs_diaspora,2,20,41,0,20,K-Fold,5,AdaBoost,desc+numeric,248,False,0.7213114754098361,0.7179218538148651,0.7213114754098361,0.7194173921410736,0.8243902439024391,400
4,locals_vs_diaspora,2,20,41,0,20,K-Fold,5,XGBoost,desc+numeric,248,True,0.639344262295082,0.612437092032488,0.639344262295082,0.6198167791706847,0.5682926829268293,400
4,locals_vs_diaspora,2,20,41,0,20,K-Fold,5,XGBoost,desc+numeric,248,False,0.639344262295082,0.6029887364781978,0.639344262295082,0.6102914389799635,0.5707317073170731,400
4,locals_vs_diaspora,2,20,41,0,20,K-Fold,5,LogReg,desc+numeric+iran,268,True,0.7049180327868853,0.7225668291242061,0.7049180327868853,0.7107646451908748,0.7585365853658537,400
4,locals_vs_diaspora,2,20,41,0,20,K-Fold,5,LogReg,desc+numeric+iran,268,False,0.7049180327868853,0.6979709408226373,0.7049180327868853,0.7006655984222853,0.7621951219512195,400
4,locals_vs_diaspora,2,20,41,0,20,K-Fold,5,DecisionTree,desc+numeric+iran,268,True,0.639344262295082,0.639344262295082,0.639344262295082,0.639344262295082,0.5908536585365853,400
4,locals_vs_diaspora,2,20,41,0,20,K-Fold,5,DecisionTree,desc+numeric+iran,268,False,0.6557377049180327,0.6602263856362217,0.6557377049180327,0.6578109496941964,0.6158536585365854,400
4,locals_vs_diaspora,2,20,41,0,20,K-Fold,5,RandomForest,desc+numeric+iran,268,True,0.7049180327868853,0.7049180327868853,0.7049180327868853,0.7049180327868853,0.7939024390243903,400
4,locals_vs_diaspora,2,20,41,0,20,K-Fold,5,RandomForest,desc+numeric+iran,268,False,0.7377049180327869,0.7261068361770937,0.7377049180327869,0.716575591985428,0.7597560975609756,400
4,locals_vs_diaspora,2,20,41,0,20,K-Fold,5,SVM,desc+numeric+iran,268,True,0.7049180327868853,0.713095647521877,0.7049180327868853,0.7082552693208432,0.7207317073170731,400
4,locals_vs_diaspora,2,20,41,0,20,K-Fold,5,SVM,desc+numeric+iran,268,False,0.6557377049180327,0.6514030979087061,0.6557377049180327,0.653397954997797,0.7170731707317073,400
4,locals_vs_diaspora,2,20,41,0,20,K-Fold,5,AdaBoost,desc+numeric+iran,268,True,0.7868852459016393,0.7975203511272837,0.7868852459016393,0.7902729988369681,0.8146341463414635,400
4,locals_vs_diaspora,2,20,41,0,20,K-Fold,5,AdaBoost,desc+numeric+iran,268,False,0.7704918032786885,0.7631147540983607,0.7704918032786885,0.7630787478290338,0.7920731707317074,400
4,locals_vs_diaspora,2,20,41,0,20,K-Fold,5,XGBoost,desc+numeric+iran,268,True,0.639344262295082,0.639344262295082,0.639344262295082,0.639344262295082,0.6073170731707317,400
4,locals_vs_diaspora,2,20,41,0,20,K-Fold,5,XGBoost,desc+numeric+iran,268,False,0.6065573770491803,0.5964332613207947,0.6065573770491803,0.600887464563047,0.6060975609756097,400
4,locals_vs_diaspora,2,20,41,0,20,K-Fold,5,LogReg,tweets+numeric+iran,331,True,0.7049180327868853,0.7225668291242061,0.7049180327868853,0.7107646451908748,0.7585365853658536,400
4,locals_vs_diaspora,2,20,41,0,20,K-Fold,5,LogReg,tweets+numeric+iran,331,False,0.7049180327868853,0.6979709408226373,0.7049180327868853,0.7006655984222853,0.7585365853658537,400
4,locals_vs_diaspora,2,20,41,0,20,K-Fold,5,DecisionTree,tweets+numeric+iran,331,True,0.6885245901639344,0.6716559752910429,0.6885245901639344,0.6752267894155967,0.6146341463414634,400
4,locals_vs_diaspora,2,20,41,0,20,K-Fold,5,DecisionTree,tweets+numeric+iran,331,False,0.6721311475409836,0.6721311475409836,0.6721311475409836,0.6721311475409836,0.6280487804878049,400
4,locals_vs_diaspora,2,20,41,0,20,K-Fold,5,RandomForest,tweets+numeric+iran,331,True,0.6885245901639344,0.6846624758617855,0.6885245901639344,0.6864076735694354,0.7646341463414634,400
4,locals_vs_diaspora,2,20,41,0,20,K-Fold,5,RandomForest,tweets+numeric+iran,331,False,0.639344262295082,0.5614505712866369,0.639344262295082,0.5685424548129466,0.7963414634146342,400
4,locals_vs_diaspora,2,20,41,0,20,K-Fold,5,SVM,tweets+numeric+iran,331,True,0.6557377049180327,0.6602263856362217,0.6557377049180327,0.6578109496941964,0.6951219512195121,400
4,locals_vs_diaspora,2,20,41,0,20,K-Fold,5,SVM,tweets+numeric+iran,331,False,0.7213114754098361,0.7250585480093676,0.7213114754098361,0.7229898164191113,0.7341463414634146,400
4,locals_vs_diaspora,2,20,41,0,20,K-Fold,5,AdaBoost,tweets+numeric+iran,331,True,0.7213114754098361,0.7179218538148651,0.7213114754098361,0.7194173921410736,0.8109756097560976,400
4,locals_vs_diaspora,2,20,41,0,20,K-Fold,5,AdaBoost,tweets+numeric+iran,331,False,0.7213114754098361,0.7122380994126414,0.7213114754098361,0.7149313247673905,0.7963414634146341,400
4,locals_vs_diaspora,2,20,41,0,20,K-Fold,5,XGBoost,tweets+numeric+iran,331,True,0.6065573770491803,0.6065573770491803,0.6065573770491803,0.6065573770491803,0.6707317073170732,400
4,locals_vs_diaspora,2,20,41,0,20,K-Fold,5,XGBoost,tweets+numeric+iran,331,False,0.6229508196721312,0.6085517664591917,0.6229508196721312,0.614318851155881,0.6365853658536585,400
4,person_vs_organization,3,54,237,109,54,K-Fold,5,LogReg,numeric,11,True,0.3625,0.4963241826723339,0.3625,0.3533386295761511,0.5674653508831259,400
4,person_vs_organization,3,54,237,109,54,K-Fold,5,LogReg,numeric,11,False,0.5825,0.5101475409836066,0.5825,0.4858670931058991,0.5591813735991954,400
4,person_vs_organization,3,54,237,109,54,K-Fold,5,DecisionTree,numeric,11,True,0.5125,0.5097004832062154,0.5125,0.5108962687710078,0.5576838592775036,400
4,person_vs_organization,3,54,237,109,54,K-Fold,5,DecisionTree,numeric,11,False,0.51,0.5070262793914246,0.51,0.5084555977006999,0.5532507428488423,400
4,person_vs_organization,3,54,237,109,54,K-Fold,5,RandomForest,numeric,11,True,0.5,0.5056623808631399,0.5,0.5026815180033469,0.599333511756589,400
4,person_vs_organization,3,54,237,109,54,K-Fold,5,RandomForest,numeric,11,False,0.5975,0.5630357142857143,0.5975,0.5519920426271068,0.6097317058353926,400
4,person_vs_organization,3,54,237,109,54,K-Fold,5,SVM,numeric,11,True,0.3475,0.4802472222222222,0.3475,0.3247989247433022,0.5468351725262857,400
4,person_vs_organization,3,54,237,109,54,K-Fold,5,SVM,numeric,11,False,0.5825,0.3904886737303617,0.5825,0.4424689764990116,0.5202496859275432,400
4,person_vs_organization,3,54,237,109,54,K-Fold,5,AdaBoost,numeric,11,True,0.475,0.5553370984773587,0.475,0.48986392251459066,0.6259338752873083,400
4,person_vs_organization,3,54,237,109,54,K-Fold,5,AdaBoost,numeric,11,False,0.5825,0.5419251537935748,0.5825,0.5443985205847616,0.6190818405980373,400
4,person_vs_organization,3,54,237,109,54,K-Fold,5,XGBoost,numeric,11,True,0.53,0.51779468986038,0.53,0.5210908170776593,0.5783340978738615,400
4,person_vs_organization,3,54,237,109,54,K-Fold,5,XGBoost,numeric,11,False,0.5375,0.502499066091954,0.5375,0.5103880650994574,0.5811529810408573,400
4,person_vs_organization,3,54,237,109,54,K-Fold,5,LogReg,numeric+iran,31,True,0.435,0.5617653244126954,0.435,0.440904990997517,0.616934836225944,400
4,person_vs_organization,3,54,237,109,54,K-Fold,5,LogReg,numeric+iran,31,False,0.56,0.5095834153139859,0.56,0.5109500597468407,0.608220518592151,400
4,person_vs_organization,3,54,237,109,54,K-Fold,5,DecisionTree,numeric+iran,31,True,0.48,0.4915538624157588,0.48,0.4849458583436522,0.5386246057566566,400
4,person_vs_organization,3,54,237,109,54,K-Fold,5,DecisionTree,numeric+iran,31,False,0.4925,0.49165460628695923,0.4925,0.4920739267523648,0.5447411737078731,400
4,person_vs_organization,3,54,237,109,54,K-Fold,5,RandomForest,numeric+iran,31,True,0.5525,0.5679530550352332,0.5525,0.5586778273809524,0.6492837965148042,400
4,person_vs_organization,3,54,237,109,54,K-Fold,5,RandomForest,numeric+iran,31,False,0.62,0.588487932502128,0.62,0.5774839887952766,0.6455984519052064,400
4,person_vs_organization,3,54,237,109,54,K-Fold,5,SVM,numeric+iran,31,True,0.42,0.5467655182484336,0.42,0.4237406637284632,0.6158028027425115,400
4,person_vs_organization,3,54,237,109,54,K-Fold,5,SVM,numeric+iran,31,False,0.5675,0.4585529144768276,0.5675,0.46679482729297095,0.6018846527240309,400
4,person_vs_organization,3,54,237,109,54,K-Fold,5,AdaBoost,numeric+iran,31,True,0.51,0.5634039840981765,0.51,0.5223303109330004,0.6466099662907547,400
4,person_vs_organization,3,54,237,109,54,K-Fold,5,AdaBoost,numeric+iran,31,False,0.585,0.5539524852741576,0.585,0.5584994080969099,0.6529830906758777,400
4,person_vs_organization,3,54,237,109,54,K-Fold,5,XGBoost,numeric+iran,31,True,0.5325,0.5192751133171604,0.5325,0.5243896827853878,0.6171017680673769,400
4,person_vs_organization,3,54,237,109,54,K-Fold,5,XGBoost,numeric+iran,31,False,0.56,0.5357882352941177,0.56,0.5431981040250055,0.6178111200112016,400
4,person_vs_organization,3,54,237,109,54,K-Fold,5,LogReg,desc+numeric,248,True,0.4425,0.5098695226338384,0.4425,0.4508734092160773,0.58819227415878,400
4,person_vs_organization,3,54,237,109,54,K-Fold,5,LogReg,desc+numeric,248,False,0.57,0.5152069741134379,0.57,0.5020111101319737,0.5844770350853268,400
4,person_vs_organization,3,54,237,109,54,K-Fold,5,DecisionTree,desc+numeric,248,True,0.5075,0.5176861407160853,0.5075,0.5119301248616516,0.5683027620706006,400
4,person_vs_organization,3,54,237,109,54,K-Fold,5,DecisionTree,desc+numeric,248,False,0.525,0.5143907736401334,0.525,0.519112921097181,0.560042098931392,400
4,person_vs_organization,3,54,237,109,54,K-Fold,5,RandomForest,desc+numeric,248,True,0.53,0.526547728185517,0.53,0.5280523538961039,0.6043982330293938,400
4,person_vs_organization,3,54,237,109,54,K-Fold,5,RandomForest,desc+numeric,248,False,0.6075,0.5600075757575758,0.6075,0.5481496939670016,0.6201257193139724,400
4,person_vs_organization,3,54,237,109,54,K-Fold,5,SVM,desc+numeric,248,True,0.4425,0.49621153203787616,0.4425,0.4448319651037824,0.5485909685630197,400
4,person_vs_organization,3,54,237,109,54,K-Fold,5,SVM,desc+numeric,248,False,0.5725,0.4651016483516483,0.5725,0.47113721635112654,0.5316149677933304,400
4,person_vs_organization,3,54,237,109,54,K-Fold,5,AdaBoost,desc+numeric,248,True,0.4725,0.5214445990765904,0.4725,0.48822947806544326,0.6165676160922574,400
4,person_vs_organization,3,54,237,109,54,K-Fold,5,AdaBoost,desc+numeric,248,False,0.57,0.5192696811971372,0.57,0.5227931988213113,0.6132714458416489,400
4,person_vs_organization,3,54,237,109,54,K-Fold,5,XGBoost,desc+numeric,248,True,0.5275,0.5090363089880416,0.5275,0.5151205518337322,0.5796485885963396,400
4,person_vs_organization,3,54,237,109,54,K-Fold,5,XGBoost,desc+numeric,248,False,0.535,0.49808215933432193,0.535,0.5071896445293774,0.577098593982702,400
4,person_vs_organization,3,54,237,109,54,K-Fold,5,LogReg,desc+numeric+iran,268,True,0.4525,0.5462374624305131,0.4525,0.4619332880340879,0.6245212552015872,400
4,person_vs_organization,3,54,237,109,54,K-Fold,5,LogReg,desc+numeric+iran,268,False,0.5625,0.5215830246572314,0.5625,0.5271802774655461,0.6219731255550117,400
4,person_vs_organization,3,54,237,109,54,K-Fold,5,DecisionTree,desc+numeric+iran,268,True,0.495,0.5156720871936993,0.495,0.5032334233467581,0.5645952508125548,400
4,person_vs_organization,3,54,237,109,54,K-Fold,5,DecisionTree,desc+numeric+iran,268,False,0.54,0.5268655741595746,0.54,0.5324067943860922,0.5692588718690398,400
4,person_vs_organization,3,54,237,109,54,K-Fold,5,RandomForest,desc+numeric+iran,268,True,0.52,0.5465340706825931,0.52,0.5295133646603845,0.6581023510009678,400
4,person_vs_organization,3,54,237,109,54,K-Fold,5,RandomForest,desc+numeric+iran,268,False,0.625,0.585862129433296,0.625,0.570525621137873,0.6691507337121336,400
4,person_vs_organization,3,54,237,109,54,K-Fold,5,SVM,desc+numeric+iran,268,True,0.4475,0.5410270134065186,0.4475,0.4610713235732827,0.6188017834160725,400
4,person_vs_organization,3,54,237,109,54,K-Fold,5,SVM,desc+numeric+iran,268,False,0.5425,0.4758214285714285,0.5425,0.4853951765283961,0.6164116676470577,400
4,person_vs_organization,3,54,237,109,54,K-Fold,5,AdaBoost,desc+numeric+iran,268,True,0.4875,0.5557577744473586,0.4875,0.49822079236552924,0.6463970904228893,400
4,person_vs_organization,3,54,237,109,54,K-Fold,5,AdaBoost,desc+numeric+iran,268,False,0.58,0.54309482446616,0.58,0.5444916760308776,0.6494166712670102,400
4,person_vs_organization,3,54,237,109,54,K-Fold,5,XGBoost,desc+numeric+iran,268,True,0.535,0.5176050379065786,0.535,0.5245476936856247,0.6232666595803097,400
4,person_vs_organization,3,54,237,109,54,K-Fold,5,XGBoost,desc+numeric+iran,268,False,0.5525,0.5241821249167826,0.5525,0.5327796363357855,0.6221478336525545,400
4,person_vs_organization,3,54,237,109,54,K-Fold,5,LogReg,tweets+numeric+iran,331,True,0.45,0.5802415653061916,0.45,0.45885508687910603,0.6226420593684381,400
4,person_vs_organization,3,54,237,109,54,K-Fold,5,LogReg,tweets+numeric+iran,331,False,0.5525,0.49386280067412286,0.5525,0.5012686590765338,0.6106025060721487,400
4,person_vs_organization,3,54,237,109,54,K-Fold,5,DecisionTree,tweets+numeric+iran,331,True,0.505,0.4987313138331602,0.505,0.5010984835410123,0.5484977654517007,400
4,person_vs_organization,3,54,237,109,54,K-Fold,5,DecisionTree,tweets+numeric+iran,331,False,0.4925,0.49523292591901474,0.4925,0.4937631885502093,0.5458173189588137,400
4,person_vs_organization,3,54,237,109,54,K-Fold,5,RandomForest,tweets+numeric+iran,331,True,0.515,0.5297903540198164,0.515,0.5210872300306382,0.6430829987116602,400
4,person_vs_organization,3,54,237,109,54,K-Fold,5,RandomForest,tweets+numeric+iran,331,False,0.6225,0.5901630434782609,0.6225,0.5762971513820978,0.6563573030117686,400
4,person_vs_organization,3,54,237,109,54,K-Fold,5,SVM,tweets+numeric+iran,331,True,0.4375,0.5739973544973545,0.4375,0.4423287624165293,0.620727581185704,400
4,person_vs_organization,3,54,237,109,54,K-Fold,5,SVM,tweets+numeric+iran,331,False,0.5725,0.4749791666666667,0.5725,0.47837477630960556,0.5919152031176559,400
4,person_vs_organization,3,54,237,109,54,K-Fold,5,AdaBoost,tweets+numeric+iran,331,True,0.495,0.5579486076496947,0.495,0.5072275050955839,0.6576540620758772,400
4,person_vs_organization,3,54,237,109,54,K-Fold,5,AdaBoost,tweets+numeric+iran,331,False,0.585,0.5465741450471697,0.585,0.5407119267681806,0.6587632537114413,400
4,person_vs_organization,3,54,237,109,54,K-Fold,5,XGBoost,tweets+numeric+iran,331,True,0.555,0.5396073062073063,0.555,0.5456588089330024,0.6365968582822452,400
4,person_vs_organization,3,54,237,109,54,K-Fold,5,XGBoost,tweets+numeric+iran,331,False,0.565,0.537570845417726,0.565,0.5464122807017543,0.6345005419265556,400
4,person_vs_organization,2,54,237,0,54,K-Fold,5,LogReg,numeric,11,True,0.6563573883161512,0.781998882738307,0.6563573883161512,0.693165024993082,0.6783872480075012,400
4,person_vs_organization,2,54,237,0,54,K-Fold,5,LogReg,numeric,11,False,0.7972508591065293,0.7372528362688291,0.7972508591065293,0.7517620906913022,0.6759649945303954,400
4,person_vs_organization,2,54,237,0,54,K-Fold,5,DecisionTree,numeric,11,True,0.697594501718213,0.714076180324512,0.697594501718213,0.705426522170975,0.5283638068448195,400
4,person_vs_organization,2,54,237,0,54,K-Fold,5,DecisionTree,numeric,11,False,0.7457044673539519,0.7564154058999419,0.7457044673539519,0.7507663554869197,0.6007969995311766,400
4,person_vs_organization,2,54,237,0,54,K-Fold,5,RandomForest,numeric,11,True,0.7800687285223368,0.7800687285223368,0.7800687285223368,0.7800687285223368,0.7201906547898109,400
4,person_vs_organization,2,54,237,0,54,K-Fold,5,RandomForest,numeric,11,False,0.8006872852233677,0.7607888318644981,0.8006872852233677,0.7713660820634985,0.68909204563213,400
4,person_vs_organization,2,54,237,0,54,K-Fold,5,SVM,numeric,11,True,0.5532646048109966,0.7722557373396414,0.5532646048109966,0.6009289376481615,0.6303328645100796,400
4,person_vs_organization,2,54,237,0,54,K-Fold,5,SVM,numeric,11,False,0.8075601374570447,0.6622551992294796,0.8075601374570447,0.7277252949707969,0.5932958274730427,400
4,person_vs_organization,2,54,237,0,54,K-Fold,5,AdaBoost,numeric,11,True,0.6872852233676976,0.7557518754307958,0.6872852233676976,0.7130886632096035,0.6749882794186591,400
4,person_vs_organization,2,54,237,0,54,K-Fold,5,AdaBoost,numeric,11,False,0.8006872852233677,0.763900166314811,0.8006872852233677,0.7742710585868746,0.6811220503203625,400
4,person_vs_organization,2,54,237,0,54,K-Fold,5,XGBoost,numeric,11,True,0.7697594501718213,0.7580528876407323,0.7697594501718213,0.7634561642931552,0.6901078293483356,400
4,person_vs_organization,2,54,237,0,54,K-Fold,5,XGBoost,numeric,11,False,0.7869415807560137,0.7588437436830402,0.7869415807560137,0.7695331489397369,0.6839349898421628,400
4,person_vs_organization,2,54,237,0,54,K-Fold,5,LogReg,numeric+iran,31,True,0.6735395189003437,0.8226361618677475,0.6735395189003437,0.7096574790170442,0.707298015314893,400
4,person_vs_organization,2,54,237,0,54,K-Fold,5,LogReg,numeric+iran,31,False,0.7800687285223368,0.7135656408110472,0.7800687285223368,0.7369038817208311,0.7045632130020315,400
4,person_vs_organization,2,54,237,0,54,K-Fold,5,DecisionTree,numeric+iran,31,True,0.6941580756013745,0.7127871224452885,0.6941580756013745,0.7029614659810869,0.5262541022034694,400
4,person_vs_organization,2,54,237,0,54,K-Fold,5,DecisionTree,numeric+iran,31,False,0.7731958762886598,0.7796618703169985,0.7731958762886598,0.7762808259956757,0.6391233005157055,400
4,person_vs_organization,2,54,237,0,54,K-Fold,5,RandomForest,numeric+iran,31,True,0.7457044673539519,0.7703622524318311,0.7457044673539519,0.7564254800096993,0.7495311767463667,400
4,person_vs_organization,2,54,237,0,54,K-Fold,5,RandomForest,numeric+iran,31,False,0.8213058419243986,0.789885709872968,0.8213058419243986,0.7922598592701686,0.7558602906704173,400
4,person_vs_organization,2,54,237,0,54,K-Fold,5,SVM,numeric+iran,31,True,0.6391752577319587,0.8145028648828785,0.6391752577319587,0.6792770956937528,0.7065947804344429,400
4,person_vs_organization,2,54,237,0,54,K-Fold,5,SVM,numeric+iran,31,False,0.8041237113402062,0.7183306021697193,0.8041237113402062,0.7374982848145345,0.6146272855133613,400
4,person_vs_organization,2,54,237,0,54,K-Fold,5,AdaBoost,numeric+iran,31,True,0.7250859106529209,0.7838174152539895,0.7250859106529209,0.7465530224778253,0.7508204406938583,400
4,person_vs_organization,2,54,237,0,54,K-Fold,5,AdaBoost,numeric+iran,31,False,0.7938144329896907,0.7608939020021495,0.7938144329896907,0.7720145242496191,0.7464056883888108,400
4,person_vs_organization,2,54,237,0,54,K-Fold,5,XGBoost,numeric+iran,31,True,0.7869415807560137,0.7838966882231343,0.7869415807560137,0.7853791973899072,0.7668385685263323,400
4,person_vs_organization,2,54,237,0,54,K-Fold,5,XGBoost,numeric+iran,31,False,0.8178694158075601,0.7932295866843937,0.8178694158075601,0.7997515144333488,0.7592592592592592,400
4,person_vs_organization,2,54,237,0,54,K-Fold,5,LogReg,desc+numeric,248,True,0.6941580756013745,0.7581048772157281,0.6941580756013745,0.718505022832413,0.688310673542741,400
4,person_vs_organization,2,54,237,0,54,K-Fold,5,LogReg,desc+numeric,248,False,0.8109965635738832,0.7650290155944987,0.8109965635738832,0.7685917794579935,0.6866697921550242,400
4,person_vs_organization,2,54,237,0,54,K-Fold,5,DecisionTree,desc+numeric,248,True,0.7044673539518901,0.7395377300757896,0.7044673539518901,0.71974394749761,0.5754805438349743,400
4,person_vs_organization,2,54,237,0,54,K-Fold,5,DecisionTree,desc+numeric,248,False,0.7972508591065293,0.8045703362716684,0.7972508591065293,0.8006557072185958,0.6824894514767932,400
4,person_vs_organization,2,54,237,0,54,K-Fold,5,RandomForest,desc+numeric,248,True,0.7800687285223368,0.7769204224581009,0.7800687285223368,0.7784559456928073,0.7177684013127051,400
4,person_vs_organization,2,54,237,0,54,K-Fold,5,RandomForest,desc+numeric,248,False,0.8109965635738832,0.7623412520543852,0.8109965635738832,0.76476689008242,0.7334349117049539,400
4,person_vs_organization,2,54,237,0,54,K-Fold,5,SVM,desc+numeric,248,True,0.7835051546391752,0.7757501569256824,0.7835051546391752,0.7793803567260639,0.6529145178934209,400
4,person_vs_organization,2,54,237,0,54,K-Fold,5,SVM,desc+numeric,248,False,0.7972508591065293,0.7316972956820559,0.7972508591065293,0.7476590275429597,0.657290201593999,400
4,person_vs_organization,2,54,237,0,54,K-Fold,5,AdaBoost,desc+numeric,248,True,0.6872852233676976,0.7633568810821887,0.6872852233676976,0.7147495471704503,0.6659243631817471,400
4,person_vs_organization,2,54,237,0,54,K-Fold,5,AdaBoost,desc+numeric,248,False,0.8006872852233677,0.7575389011158732,0.8006872852233677,0.7682898430321111,0.6636974527269887,400
4,person_vs_organization,2,54,237,0,54,K-Fold,5,XGBoost,desc+numeric,248,True,0.7835051546391752,0.7726250364078979,0.7835051546391752,0.777578184335355,0.6970620409438975,400
4,person_vs_organization,2,54,237,0,54,K-Fold,5,XGBoost,desc+numeric,248,False,0.7903780068728522,0.7614046391752577,0.7903780068728522,0.7720419946199181,0.6900296921393967,400
4,person_vs_organization,2,54,237,0,54,K-Fold,5,LogReg,desc+numeric+iran,268,True,0.6769759450171822,0.7921812392525979,0.6769759450171822,0.7108893544041351,0.7063603688076262,400
4,person_vs_organization,2,54,237,0,54,K-Fold,5,LogReg,desc+numeric+iran,268,False,0.7903780068728522,0.7345169912180222,0.7903780068728522,0.7510831859126864,0.7104235036724488,400
4,person_vs_organization,2,54,237,0,54,K-Fold,5,DecisionTree,desc+numeric+iran,268,True,0.697594501718213,0.729482403587922,0.697594501718213,0.7118223417556996,0.5569620253164558,400
4,person_vs_organization,2,54,237,0,54,K-Fold,5,DecisionTree,desc+numeric+iran,268,False,0.8006872852233677,0.8006872852233677,0.8006872852233677,0.8006872852233677,0.6703000468823253,400
4,person_vs_organization,2,54,237,0,54,K-Fold,5,RandomForest,desc+numeric+iran,268,True,0.7491408934707904,0.7752775186661337,0.7491408934707904,0.7603381754456315,0.7725425847788717,400
4,person_vs_organization,2,54,237,0,54,K-Fold,5,RandomForest,desc+numeric+iran,268,False,0.8213058419243986,0.7852224815639903,0.8213058419243986,0.775701816688808,0.787466791686201,400
4,person_vs_organization,2,54,237,0,54,K-Fold,5,SVM,desc+numeric+iran,268,True,0.6907216494845361,0.7569240215880813,0.6907216494845361,0.7157985400689044,0.6777621503359901,400
4,person_vs_organization,2,54,237,0,54,K-Fold,5,SVM,desc+numeric+iran,268,False,0.7938144329896907,0.7505783071237264,0.7938144329896907,0.7634821538587917,0.6986247851226755,400
4,person_vs_organization,2,54,237,0,54,K-Fold,5,AdaBoost,desc+numeric+iran,268,True,0.7216494845360825,0.7900996941203127,0.7216494845360825,0.7453794535179508,0.7424597593373964,400
4,person_vs_organization,2,54,237,0,54,K-Fold,5,AdaBoost,desc+numeric+iran,268,False,0.7972508591065293,0.7539415549182233,0.7972508591065293,0.7658820663387546,0.7353883419284263,400
4,person_vs_organization,2,54,237,0,54,K-Fold,5,XGBoost,desc+numeric+iran,268,True,0.7938144329896907,0.78794199426787,0.7938144329896907,0.7907120270489981,0.7666822941084545,400
4,person_vs_organization,2,54,237,0,54,K-Fold,5,XGBoost,desc+numeric+iran,268,False,0.8109965635738832,0.7868545195139912,0.8109965635738832,0.7944640935097621,0.7637912173777153,400
4,person_vs_organization,2,54,237,0,54,K-Fold,5,LogReg,tweets+numeric+iran,331,True,0.6769759450171822,0.82346588119784,0.6769759450171822,0.7126532287018515,0.7062040943897485,400
4,person_vs_organization,2,54,237,0,54,K-Fold,5,LogReg,tweets+numeric+iran,331,False,0.7800687285223368,0.7135656408110472,0.7800687285223368,0.7369038817208311,0.7044850757930927,400
4,person_vs_organization,2,54,237,0,54,K-Fold,5,DecisionTree,tweets+numeric+iran,331,True,0.711340206185567,0.727175164790162,0.711340206185567,0.718816225708658,0.5511017346460385,400
4,person_vs_organization,2,54,237,0,54,K-Fold,5,DecisionTree,tweets+numeric+iran,331,False,0.7594501718213058,0.7662721667793156,0.7594501718213058,0.7627220881772319,0.6163853727144866,400
4,person_vs_organization,2,54,237,0,54,K-Fold,5,RandomForest,tweets+numeric+iran,331,True,0.7457044673539519,0.7668895136936373,0.7457044673539519,0.7551167046012408,0.7489060790748555,400
4,person_vs_organization,2,54,237,0,54,K-Fold,5,RandomForest,tweets+numeric+iran,331,False,0.8281786941580757,0.7999533138459286,0.8281786941580757,0.797438872434744,0.7648460696983904,400
4,person_vs_organization,2,54,237,0,54,K-Fold,5,SVM,tweets+numeric+iran,331,True,0.6460481099656358,0.816111551678562,0.6460481099656358,0.6854189854111159,0.7131583059853103,400
4,person_vs_organization,2,54,237,0,54,K-Fold,5,SVM,tweets+numeric+iran,331,False,0.8006872852233677,0.7111762777312302,0.8006872852233677,0.7355644521756926,0.623300515705579,400
4,person_vs_organization,2,54,237,0,54,K-Fold,5,AdaBoost,tweets+numeric+iran,331,True,0.718213058419244,0.7776868154680109,0.718213058419244,0.7402168480397711,0.7521878418502892,400
4,person_vs_organization,2,54,237,0,54,K-Fold,5,AdaBoost,tweets+numeric+iran,331,False,0.7938144329896907,0.7640829367167462,0.7938144329896907,0.7745580518233801,0.7483981872167527,400
4,person_vs_organization,2,54,237,0,54,K-Fold,5,XGBoost,tweets+numeric+iran,331,True,0.7972508591065293,0.7871971851750635,0.7972508591065293,0.7917002043775546,0.7723081731520549,400
4,person_vs_organization,2,54,237,0,54,K-Fold,5,XGBoost,tweets+numeric+iran,331,False,0.8075601374570447,0.7838892257934101,0.8075601374570447,0.79183639259073,0.7802781684638224,400
5,target_population,3,204,153,143,143,K-Fold,5,LogReg,numeric,11,True,0.516,0.5275103390339034,0.516,0.5115822783316618,0.7181698657342834,500
5,target_population,3,204,153,143,143,K-Fold,5,LogReg,numeric,11,False,0.546,0.5558937941345834,0.546,0.5356764795075983,0.7169104158526093,500
5,target_population,3,204,153,143,143,K-Fold,5,DecisionTree,numeric,11,True,0.512,0.513702934797043,0.512,0.5124871856307873,0.628365492547981,500
5,target_population,3,204,153,143,143,K-Fold,5,DecisionTree,numeric,11,False,0.496,0.498801153433406,0.496,0.4968265942551657,0.6192621374431851,500
5,target_population,3,204,153,143,143,K-Fold,5,RandomForest,numeric,11,True,0.544,0.5445335673541026,0.544,0.5437194570135746,0.7054619069218154,500
5,target_population,3,204,153,143,143,K-Fold,5,RandomForest,numeric,11,False,0.554,0.5562617340257797,0.554,0.5520714837286266,0.707268017745302,500
5,target_population,3,204,153,143,143,K-Fold,5,SVM,numeric,11,True,0.526,0.5433188629020107,0.526,0.5200330324805978,0.7138445443603098,500
5,target_population,3,204,153,143,143,K-Fold,5,SVM,numeric,11,False,0.538,0.5685798611111111,0.538,0.5229813838283524,0.7146325691504112,500
5,target_population,3,204,153,143,143,K-Fold,5,AdaBoost,numeric,11,True,0.532,0.5419886452944834,0.532,0.5318318650397268,0.7250315712935225,500
5,target_population,3,204,153,143,143,K-Fold,5,AdaBoost,numeric,11,False,0.536,0.5335225028736479,0.536,0.5274427845999902,0.7200819071378064,500
5,target_population,3,204,153,143,143,K-Fold,5,XGBoost,numeric,11,True,0.546,0.5455755331624896,0.546,0.5457173960140232,0.700043536162031,500
5,target_population,3,204,153,143,143,K-Fold,5,XGBoost,numeric,11,False,0.554,0.5540176612417118,0.554,0.5536734498345682,0.7094601811750482,500
5,target_population,3,204,153,143,143,K-Fold,5,LogReg,numeric+iran,31,True,0.626,0.6395518984831963,0.626,0.6286690263319045,0.7846403409560725,500
5,target_population,3,204,153,143,143,K-Fold,5,LogReg,numeric+iran,31,False,0.626,0.6333951697937629,0.626,0.626195932782626,0.7831541877830654,500
5,target_population,3,204,153,143,143,K-Fold,5,DecisionTree,numeric+iran,31,True,0.512,0.5120664386925197,0.512,0.511991042982066,0.6289709220396624,500
5,target_population,3,204,153,143,143,K-Fold,5,DecisionTree,numeric+iran,31,False,0.506,0.5078692274612805,0.506,0.5067214989544592,0.626091300294555,500
5,target_population,3,204,153,143,143,K-Fold,5,RandomForest,numeric+iran,31,True,0.622,0.6210553034286562,0.622,0.621139914987043,0.7899124915212599,500
5,target_population,3,204,153,143,143,K-Fold,5,RandomForest,numeric+iran,31,False,0.626,0.6258618842364532,0.626,0.6235073579959071,0.7853644359371602,500
5,target_population,3,204,153,143,143,K-Fold,5,SVM,numeric+iran,31,True,0.616,0.6307352138573118,0.616,0.6182695368558382,0.7691902404547769,500
5,target_population,3,204,153,143,143,K-Fold,5,SVM,numeric+iran,31,False,0.626,0.6322079772079773,0.626,0.6271488543036935,0.7699655361170874,500
5,target_population,3,204,153,143,143,K-Fold,5,AdaBoost,numeric+iran,31,True,0.64,0.6475501686809892,0.64,0.6410998975578871,0.7840613465886392,500
5,target_population,3,204,153,143,143,K-Fold,5,AdaBoost,numeric+iran,31,False,0.622,0.6277200566202091,0.622,0.6201712367575289,0.7835099274073677,500
5,target_population,3,204,153,143,143,K-Fold,5,XGBoost,numeric+iran,31,True,0.604,0.6034479790826888,0.604,0.6034814814814815,0.768874790472307,500
5,target_population,3,204,153,143,143,K-Fold,5,XGBoost,numeric+iran,31,False,0.6,0.5992358465333293,0.6,0.5991009083758734,0.769530830815074,500
5,target_population,3,204,153,143,143,K-Fold,5,LogReg,desc+numeric,282,True,0.54,0.5522166094160437,0.54,0.5358133333333333,0.7308531931660428,500
5,target_population,3,204,153,143,143,K-Fold,5,LogReg,desc+numeric,282,False,0.558,0.565764788823471,0.558,0.5504032562341128,0.7309797824184584,500
5,target_population,3,204,153,143,143,K-Fold,5,DecisionTree,desc+numeric,282,True,0.524,0.5260370724689803,0.524,0.524595282085161,0.6382523606841288,500
5,target_population,3,204,153,143,143,K-Fold,5,DecisionTree,desc+numeric,282,False,0.494,0.4958912673765159,0.494,0.4946341659511877,0.6162973464952614,500
5,target_population,3,204,153,143,143,K-Fold,5,RandomForest,desc+numeric,282,True,0.57,0.5694537230681423,0.57,0.5695440820765596,0.723719170548506,500
5,target_population,3,204,153,143,143,K-Fold,5,RandomForest,desc+numeric,282,False,0.574,0.579582518043304,0.574,0.5691112052758796,0.7228317444899915,500
5,target_population,3,204,153,143,143,K-Fold,5,SVM,desc+numeric,282,True,0.542,0.5623174284279258,0.542,0.5373160173160173,0.7253397477224397,500
5,target_population,3,204,153,143,143,K-Fold,5,SVM,desc+numeric,282,False,0.544,0.5571595087317428,0.544,0.5339574747455745,0.7245047623301989,500
5,target_population,3,204,153,143,143,K-Fold,5,AdaBoost,desc+numeric,282,True,0.522,0.5351288605570069,0.522,0.5226619311077064,0.7124169767174725,500
5,target_population,3,204,153,143,143,K-Fold,5,AdaBoost,desc+numeric,282,False,0.54,0.5428000706394834,0.54,0.5335522923634337,0.7062345912194614,500
5,target_population,3,204,153,143,143,K-Fold,5,XGBoost,desc+numeric,282,True,0.558,0.5573220649895178,0.558,0.5574214565921883,0.7099116694734596,500
5,target_population,3,204,153,143,143,K-Fold,5,XGBoost,desc+numeric,282,False,0.544,0.5437968577715023,0.544,0.5437931130758493,0.7050953358911911,500
5,target_population,3,204,153,143,143,K-Fold,5,LogReg,desc+numeric+iran,302,True,0.636,0.6517833894314247,0.636,0.6385091180977654,0.7888285231687503,500
5,target_population,3,204,153,143,143,K-Fold,5,LogReg,desc+numeric+iran,302,False,0.626,0.6346104813030359,0.626,0.6269090075144143,0.788565155012858,500
5,target_population,3,204,153,143,143,K-Fold,5,DecisionTree,desc+numeric+iran,302,True,0.524,0.5233148304052408,0.524,0.5235118838404981,0.6373339214180882,500
5,target_population,3,204,153,143,143,K-Fold,5,DecisionTree,desc+numeric+iran,302,False,0.536,0.5353034458895605,0.536,0.5354739832899158,0.6471400656220117,500
5,target_population,3,204,153,143,143,K-Fold,5,RandomForest,desc+numeric+iran,302,True,0.658,0.65646366491603,0.658,0.6569183303212264,0.7999884817857356,500
5,target_population,3,204,153,143,143,K-Fold,5,RandomForest,desc+numeric+iran,302,False,0.642,0.6440164866749265,0.642,0.6385717171717172,0.8020927547980015,500
5,target_population,3,204,153,143,143,K-Fold,5,SVM,desc+numeric+iran,302,True,0.616,0.6421467786470317,0.616,0.6188734514609491,0.7805631391508234,500
5,target_population,3,204,153,143,143,K-Fold,5,SVM,desc+numeric+iran,302,False,0.62,0.632207366760502,0.62,0.6220546715358555,0.7784545969334069,500
5,target_population,3,204,153,143,143,K-Fold,5,AdaBoost,desc+numeric+iran,302,True,0.624,0.6310810639303626,0.624,0.6246327045465345,0.7750429316052304,500
5,target_population,3,204,153,143,143,K-Fold,5,AdaBoost,desc+numeric+iran,302,False,0.624,0.633032977127859,0.624,0.621761429233256,0.7698110818086873,500
5,target_population,3,204,153,143,143,K-Fold,5,XGBoost,desc+numeric+iran,302,True,0.596,0.5950166327913279,0.596,0.5952820747784003,0.7713354935712115,500
5,target_population,3,204,153,143,143,K-Fold,5,XGBoost,desc+numeric+iran,302,False,0.588,0.5862773208137716,0.588,0.5862006197174456,0.7639727905259774,500
5,target_population,3,204,153,143,143,K-Fold,5,LogReg,tweets+numeric+iran,331,True,0.636,0.655934620001847,0.636,0.6393066666666666,0.7972094342605023,500
5,target_population,3,204,153,143,143,K-Fold,5,LogReg,tweets+numeric+iran,331,False,0.646,0.6578029293661477,0.646,0.6469018750445263,0.796091186462902,500
5,target_population,3,204,153,143,143,K-Fold,5,DecisionTree,tweets+numeric+iran,331,True,0.546,0.546271055414423,0.546,0.5460061768105279,0.6548754773347926,500
5,target_population,3,204,153,143,143,K-Fold,5,DecisionTree,tweets+numeric+iran,331,False,0.562,0.562144873842223,0.562,0.5620591133004926,0.6674827419868952,500
5,target_population,3,204,153,143,143,K-Fold,5,RandomForest,tweets+numeric+iran,331,True,0.654,0.6546275235320799,0.654,0.6532662044104836,0.814318874858924,500
5,target_population,3,204,153,143,143,K-Fold,5,RandomForest,tweets+numeric+iran,331,False,0.672,0.6760986938518406,0.672,0.6681277884815524,0.8081378549862192,500
5,target_population,3,204,153,143,143,K-Fold,5,SVM,tweets+numeric+iran,331,True,0.632,0.655003617282415,0.632,0.6358665900779256,0.7878565337732568,500
5,target_population,3,204,153,143,143,K-Fold,5,SVM,tweets+numeric+iran,331,False,0.638,0.6533259257865422,0.638,0.6393763548775592,0.7862458798614079,500
5,target_population,3,204,153,143,143,K-Fold,5,AdaBoost,tweets+numeric+iran,331,True,0.648,0.6492379923636996,0.648,0.6469060454121706,0.7912520494333726,500
5,target_population,3,204,153,143,143,K-Fold,5,AdaBoost,tweets+numeric+iran,331,False,0.626,0.6402114323632573,0.626,0.6192826700398948,0.7759840294517995,500
5,target_population,3,204,153,143,143,K-Fold,5,XGBoost,tweets+numeric+iran,331,True,0.616,0.6148572444356549,0.616,0.6152577769005884,0.7835061110743854,500
5,target_population,3,204,153,143,143,K-Fold,5,XGBoost,tweets+numeric+iran,331,False,0.624,0.6227383731241551,0.624,0.6231619033959285,0.7834823421852579,500
5,target_population,2,204,153,0,153,K-Fold,5,LogReg,numeric,11,True,0.6498599439775911,0.653535772959506,0.6498599439775911,0.6510841223552489,0.730872741253364,500
5,target_population,2,204,153,0,153,K-Fold,5,LogReg,numeric,11,False,0.6694677871148459,0.6662665066026411,0.6694677871148459,0.6615223012281836,0.7303601179033705,500
5,target_population,2,204,153,0,153,K-Fold,5,DecisionTree,numeric,11,True,0.6554621848739496,0.6569829254772961,0.6554621848739496,0.6560944500992214,0.6503267973856208,500
5,target_population,2,204,153,0,153,K-Fold,5,DecisionTree,numeric,11,False,0.6162464985994398,0.620091711649907,0.6162464985994398,0.6175881981013527,0.6127450980392157,500
5,target_population,2,204,153,0,153,K-Fold,5,RandomForest,numeric,11,True,0.6722689075630253,0.6699405736746058,0.6722689075630253,0.6704606263038365,0.7210207612456747,500
5,target_population,2,204,153,0,153,K-Fold,5,RandomForest,numeric,11,False,0.7030812324929971,0.7012610837438423,0.7030812324929971,0.697662577670498,0.7511534025374856,500
5,target_population,2,204,153,0,153,K-Fold,5,SVM,numeric,11,True,0.6498599439775911,0.6578238983552721,0.6498599439775911,0.6516030492988035,0.7206843521722415,500
5,target_population,2,204,153,0,153,K-Fold,5,SVM,numeric,11,False,0.6582633053221288,0.685131195335277,0.6582633053221288,0.6179479824058137,0.690407535563245,500
5,target_population,2,204,153,0,153,K-Fold,5,AdaBoost,numeric,11,True,0.7030812324929971,0.7054125998225377,0.7030812324929971,0.703894449499545,0.7997885428681277,500
5,target_population,2,204,153,0,153,K-Fold,5,AdaBoost,numeric,11,False,0.7058823529411765,0.7036363636363636,0.7058823529411765,0.7022451232977548,0.784041394335512,500
5,target_population,2,204,153,0,153,K-Fold,5,XGBoost,numeric,11,True,0.6834733893557423,0.6823169717906559,0.6834733893557423,0.6827604514411204,0.7291746764065102,500
5,target_population,2,204,153,0,153,K-Fold,5,XGBoost,numeric,11,False,0.6862745098039216,0.6849368318756074,0.6862745098039216,0.6854106280193237,0.7313853646033577,500
5,target_population,2,204,153,0,153,K-Fold,5,LogReg,numeric+iran,31,True,0.7591036414565826,0.758043416437577,0.7591036414565826,0.757003438981318,0.8213828014866078,500
5,target_population,2,204,153,0,153,K-Fold,5,LogReg,numeric+iran,31,False,0.7535014005602241,0.7590930757911752,0.7535014005602241,0.7459720730397422,0.8209022170959887,500
5,target_population,2,204,153,0,153,K-Fold,5,DecisionTree,numeric+iran,31,True,0.6778711484593838,0.6771290545203589,0.6778711484593838,0.6774521039173781,0.6699346405228759,500
5,target_population,2,204,153,0,153,K-Fold,5,DecisionTree,numeric+iran,31,False,0.6610644257703081,0.6632342277012327,0.6610644257703081,0.6618961496304879,0.6568627450980392,500
5,target_population,2,204,153,0,153,K-Fold,5,RandomForest,numeric+iran,31,True,0.7507002801120448,0.7493745885450953,0.7507002801120448,0.7490187858075141,0.8206459054209919,500
5,target_population,2,204,153,0,153,K-Fold,5,RandomForest,numeric+iran,31,False,0.7563025210084033,0.7552521008403361,0.7563025210084033,0.7540088976767177,0.8235133922850185,500
5,target_population,2,204,153,0,153,K-Fold,5,SVM,numeric+iran,31,True,0.7535014005602241,0.7571428571428572,0.7535014005602241,0.7470613470613472,0.7823593489683455,500
5,target_population,2,204,153,0,153,K-Fold,5,SVM,numeric+iran,31,False,0.742296918767507,0.7478419185736258,0.742296918767507,0.7338239538239539,0.7626874279123415,500
5,target_population,2,204,153,0,153,K-Fold,5,AdaBoost,numeric+iran,31,True,0.7507002801120448,0.7493745885450953,0.7507002801120448,0.7490187858075141,0.8282231193130847,500
5,target_population,2,204,153,0,153,K-Fold,5,AdaBoost,numeric+iran,31,False,0.7647058823529411,0.7667292057535959,0.7647058823529411,0.7599761762954139,0.8284153530693323,500
5,target_population,2,204,153,0,153,K-Fold,5,XGBoost,numeric+iran,31,True,0.7254901960784313,0.7243926141885326,0.7254901960784313,0.7247342995169082,0.8125720876585927,500
5,target_population,2,204,153,0,153,K-Fold,5,XGBoost,numeric+iran,31,False,0.742296918767507,0.7410911794776466,0.742296918767507,0.7413157312486173,0.8129084967320261,500
5,target_population,2,204,153,0,153,K-Fold,5,LogReg,desc+numeric,282,True,0.6666666666666666,0.6669438935448787,0.6666666666666666,0.6668000544222042,0.7449058054594386,500
5,target_population,2,204,153,0,153,K-Fold,5,LogReg,desc+numeric,282,False,0.6862745098039216,0.6846153846153846,0.6862745098039216,0.6780780780780781,0.7442329873125721,500
5,target_population,2,204,153,0,153,K-Fold,5,DecisionTree,desc+numeric,282,True,0.6610644257703081,0.6613460431194421,0.6610644257703081,0.6612000553368632,0.6544117647058822,500
5,target_population,2,204,153,0,153,K-Fold,5,DecisionTree,desc+numeric,282,False,0.6414565826330533,0.6433608320400773,0.6414565826330533,0.6422284183478214,0.6364379084967321,500
5,target_population,2,204,153,0,153,K-Fold,5,RandomForest,desc+numeric,282,True,0.6554621848739496,0.6557481926940055,0.6554621848739496,0.6556000562515222,0.7324907087017813,500
5,target_population,2,204,153,0,153,K-Fold,5,RandomForest,desc+numeric,282,False,0.7002801120448179,0.6982065553494126,0.7002801120448179,0.6950791885163409,0.7424708445469692,500
5,target_population,2,204,153,0,153,K-Fold,5,SVM,desc+numeric,282,True,0.6442577030812325,0.6495653817082389,0.6442577030812325,0.645780463858512,0.724240676662822,500
5,target_population,2,204,153,0,153,K-Fold,5,SVM,desc+numeric,282,False,0.6778711484593838,0.6917706683560343,0.6778711484593838,0.6530829806270663,0.7238722286300141,500
5,target_population,2,204,153,0,153,K-Fold,5,AdaBoost,desc+numeric,282,True,0.7170868347338936,0.7168622776453328,0.7170868347338936,0.7169689022749265,0.8026880686915289,500
5,target_population,2,204,153,0,153,K-Fold,5,AdaBoost,desc+numeric,282,False,0.6946778711484594,0.6956043956043956,0.6946778711484594,0.6842733451283948,0.7755190311418686,500
5,target_population,2,204,153,0,153,K-Fold,5,XGBoost,desc+numeric,282,True,0.6862745098039216,0.6845803513337669,0.6862745098039216,0.6850800206504903,0.7320902217095989,500
5,target_population,2,204,153,0,153,K-Fold,5,XGBoost,desc+numeric,282,False,0.6778711484593838,0.6762875506626723,0.6778711484593838,0.6768171587448696,0.7217416378316032,500
5,target_population,2,204,153,0,153,K-Fold,5,LogReg,desc+numeric+iran,302,True,0.7507002801120448,0.74992784992785,0.7507002801120448,0.747617294985716,0.8270216583365374,500
5,target_population,2,204,153,0,153,K-Fold,5,LogReg,desc+numeric+iran,302,False,0.7591036414565826,0.7641599507212153,0.7591036414565826,0.7522875692007611,0.8263488401896706,500
5,target_population,2,204,153,0,153,K-Fold,5,DecisionTree,desc+numeric+iran,302,True,0.6862745098039216,0.687388535031847,0.6862745098039216,0.6867454487384222,0.6813725490196079,500
5,target_population,2,204,153,0,153,K-Fold,5,DecisionTree,desc+numeric+iran,302,False,0.6862745098039216,0.6880121974461597,0.6862745098039216,0.6869498660543437,0.68218954248366,500
5,target_population,2,204,153,0,153,K-Fold,5,RandomForest,desc+numeric+iran,302,True,0.7563025210084033,0.7552981330167592,0.7563025210084033,0.7555051548765535,0.8287357426630783,500
5,target_population,2,204,153,0,153,K-Fold,5,RandomForest,desc+numeric+iran,302,False,0.7591036414565826,0.758043416437577,0.7591036414565826,0.757003438981318,0.8394207356145073,500
5,target_population,2,204,153,0,153,K-Fold,5,SVM,desc+numeric+iran,302,True,0.7591036414565826,0.7631868131868131,0.7591036414565826,0.7528099528099529,0.806324490580546,500
5,target_population,2,204,153,0,153,K-Fold,5,SVM,desc+numeric+iran,302,False,0.7450980392156863,0.7494043751353693,0.7450980392156863,0.7376014880727949,0.7783224400871459,500
5,target_population,2,204,153,0,153,K-Fold,5,AdaBoost,desc+numeric+iran,302,True,0.742296918767507,0.740969540969541,0.742296918767507,0.7396881287726358,0.826685249263104,500
5,target_population,2,204,153,0,153,K-Fold,5,AdaBoost,desc+numeric+iran,302,False,0.7703081232492998,0.7752747252747253,0.7703081232492998,0.7643071643071644,0.8268614635396643,500
5,target_population,2,204,153,0,153,K-Fold,5,XGBoost,desc+numeric+iran,302,True,0.742296918767507,0.7413022351797863,0.742296918767507,0.7415873015873016,0.8197808535178778,500
5,target_population,2,204,153,0,153,K-Fold,5,XGBoost,desc+numeric+iran,302,False,0.7450980392156863,0.7437274811660662,0.7450980392156863,0.7436915982363174,0.8154235550429322,500
5,target_population,2,204,153,0,153,K-Fold,5,LogReg,tweets+numeric+iran,331,True,0.7815126050420168,0.7819746962488298,0.7815126050420168,0.7786392775256188,0.8354158656926823,500
5,target_population,2,204,153,0,153,K-Fold,5,LogReg,tweets+numeric+iran,331,False,0.7759103641456583,0.7879092122830441,0.7759103641456583,0.7674396088493004,0.8360246059207997,500
5,target_population,2,204,153,0,153,K-Fold,5,DecisionTree,tweets+numeric+iran,331,True,0.711484593837535,0.7112552723271593,0.711484593837535,0.7113643260823508,0.7050653594771242,500
5,target_population,2,204,153,0,153,K-Fold,5,DecisionTree,tweets+numeric+iran,331,False,0.7142857142857143,0.7131195335276967,0.7142857142857143,0.7134989648033128,0.7058823529411764,500
5,target_population,2,204,153,0,153,K-Fold,5,RandomForest,tweets+numeric+iran,331,True,0.8207282913165266,0.8240817723871472,0.8207282913165266,0.8177748518762343,0.8579072151736511,500
5,target_population,2,204,153,0,153,K-Fold,5,RandomForest,tweets+numeric+iran,331,False,0.803921568627451,0.8143043667488757,0.803921568627451,0.7979323308270676,0.8579072151736512,500
5,target_population,2,204,153,0,153,K-Fold,5,SVM,tweets+numeric+iran,331,True,0.7927170868347339,0.8105867834481856,0.7927170868347339,0.7837891843418591,0.8160963731897988,500
5,target_population,2,204,153,0,153,K-Fold,5,SVM,tweets+numeric+iran,331,False,0.7871148459383753,0.8084163898117386,0.7871148459383753,0.7767470624613482,0.7759515570934257,500
5,target_population,2,204,153,0,153,K-Fold,5,AdaBoost,tweets+numeric+iran,331,True,0.7843137254901961,0.7851236868858014,0.7843137254901961,0.7813040590950455,0.84480328078944,500
5,target_population,2,204,153,0,153,K-Fold,5,AdaBoost,tweets+numeric+iran,331,False,0.7955182072829131,0.804402982765556,0.7955182072829131,0.7895044904320223,0.8622004357298474,500
5,target_population,2,204,153,0,153,K-Fold,5,XGBoost,tweets+numeric+iran,331,True,0.7591036414565826,0.7579429915878515,0.7591036414565826,0.7579159816001921,0.8372420863770345,500
5,target_population,2,204,153,0,153,K-Fold,5,XGBoost,tweets+numeric+iran,331,False,0.7563025210084033,0.755155935613682,0.7563025210084033,0.7552399638730575,0.8357682942458029,500
5,locals_vs_diaspora,3,26,49,425,26,K-Fold,5,LogReg,numeric,11,True,0.63,0.8303044446573622,0.63,0.6987945213763078,0.7556515647365909,500
5,locals_vs_diaspora,3,26,49,425,26,K-Fold,5,LogReg,numeric,11,False,0.878,0.8301017572237335,0.878,0.8482350714162794,0.755247714315118,500
5,locals_vs_diaspora,3,26,49,425,26,K-Fold,5,DecisionTree,numeric,11,True,0.816,0.8265440272894817,0.816,0.8210552922590837,0.6772437246812054,500
5,locals_vs_diaspora,3,26,49,425,26,K-Fold,5,DecisionTree,numeric,11,False,0.794,0.7955947902578732,0.794,0.7945429546366921,0.631270126395165,500
5,locals_vs_diaspora,3,26,49,425,26,K-Fold,5,RandomForest,numeric,11,True,0.848,0.8417814990416624,0.848,0.8447628898681951,0.7625430924247102,500
5,locals_vs_diaspora,3,26,49,425,26,K-Fold,5,RandomForest,numeric,11,False,0.878,0.8245550847457627,0.878,0.8450005067396371,0.7559940975048416,500
5,locals_vs_diaspora,3,26,49,425,26,K-Fold,5,SVM,numeric,11,True,0.63,0.8473721794799414,0.63,0.7055305466767268,0.7470261075715475,500
5,locals_vs_diaspora,3,26,49,425,26,K-Fold,5,SVM,numeric,11,False,0.878,0.8307478902953587,0.878,0.8452294939582794,0.6649319573007006,500
5,locals_vs_diaspora,3,26,49,425,26,K-Fold,5,AdaBoost,numeric,11,True,0.672,0.8242840531242193,0.672,0.7291048237344449,0.7446593237718339,500
5,locals_vs_diaspora,3,26,49,425,26,K-Fold,5,AdaBoost,numeric,11,False,0.87,0.8300943396226416,0.87,0.8354548763940828,0.7569521511502803,500
5,locals_vs_diaspora,3,26,49,425,26,K-Fold,5,XGBoost,numeric,11,True,0.852,0.8249732168351321,0.852,0.836395881006865,0.7321365715194552,500
5,locals_vs_diaspora,3,26,49,425,26,K-Fold,5,XGBoost,numeric,11,False,0.864,0.8259288793103449,0.864,0.8372934938688219,0.734150926866691,500
5,locals_vs_diaspora,3,26,49,425,26,K-Fold,5,LogReg,numeric+iran,31,True,0.704,0.8411342737474317,0.704,0.756440742275235,0.7319171001150748,500
5,locals_vs_diaspora,3,26,49,425,26,K-Fold,5,LogReg,numeric+iran,31,False,0.872,0.8442756908289948,0.872,0.8545681517695171,0.7775604614218753,500
5,locals_vs_diaspora,3,26,49,425,26,K-Fold,5,DecisionTree,numeric+iran,31,True,0.804,0.8083548387096774,0.804,0.806014714204867,0.6316857054646495,500
5,locals_vs_diaspora,3,26,49,425,26,K-Fold,5,DecisionTree,numeric+iran,31,False,0.818,0.8218642933999228,0.818,0.8198667564066723,0.6669673580510257,500
5,locals_vs_diaspora,3,26,49,425,26,K-Fold,5,RandomForest,numeric+iran,31,True,0.854,0.8541408114558473,0.854,0.8511547373111354,0.8160056338001815,500
5,locals_vs_diaspora,3,26,49,425,26,K-Fold,5,RandomForest,numeric+iran,31,False,0.884,0.8343168880455407,0.884,0.8555529985108975,0.815895303638422,500
5,locals_vs_diaspora,3,26,49,425,26,K-Fold,5,SVM,numeric+iran,31,True,0.652,0.8279097135345557,0.652,0.7188484958884147,0.7225489060409591,500
5,locals_vs_diaspora,3,26,49,425,26,K-Fold,5,SVM,numeric+iran,31,False,0.858,0.8224652928416485,0.858,0.8350453519392571,0.6701412385042147,500
5,locals_vs_diaspora,3,26,49,425,26,K-Fold,5,AdaBoost,numeric+iran,31,True,0.782,0.8555333333333333,0.782,0.8132128112712975,0.796670052859562,500
5,locals_vs_diaspora,3,26,49,425,26,K-Fold,5,AdaBoost,numeric+iran,31,False,0.884,0.8617777777777779,0.884,0.8621405117979396,0.7922320416888865,500
5,locals_vs_diaspora,3,26,49,425,26,K-Fold,5,XGBoost,numeric+iran,31,True,0.866,0.8487374149659864,0.866,0.8559654267603557,0.7963519488805936,500
5,locals_vs_diaspora,3,26,49,425,26,K-Fold,5,XGBoost,numeric+iran,31,False,0.88,0.8517044638623585,0.88,0.8605645196254177,0.79943875906331,500
5,locals_vs_diaspora,3,26,49,425,26,K-Fold,5,LogReg,desc+numeric,282,True,0.726,0.8424134149518104,0.726,0.7721184964694305,0.75408978603572,500
5,locals_vs_diaspora,3,26,49,425,26,K-Fold,5,LogReg,desc+numeric,282,False,0.878,0.8335062877674343,0.878,0.8479603571428571,0.7689331866363542,500
5,locals_vs_diaspora,3,26,49,425,26,K-Fold,5,DecisionTree,desc+numeric,282,True,0.806,0.8163613157894737,0.806,0.8110652084720068,0.6494684105644278,500
5,locals_vs_diaspora,3,26,49,425,26,K-Fold,5,DecisionTree,desc+numeric,282,False,0.822,0.8130330261136712,0.822,0.8171594304647622,0.6524568001721445,500
5,locals_vs_diaspora,3,26,49,425,26,K-Fold,5,RandomForest,desc+numeric,282,True,0.86,0.8311867040448537,0.86,0.8421654213940903,0.7717444450681561,500
5,locals_vs_diaspora,3,26,49,425,26,K-Fold,5,RandomForest,desc+numeric,282,False,0.874,0.8258575380359613,0.874,0.834839803189126,0.7821872089215715,500
5,locals_vs_diaspora,3,26,49,425,26,K-Fold,5,SVM,desc+numeric,282,True,0.738,0.849413243553749,0.738,0.7843913568386002,0.7312444705155912,500
5,locals_vs_diaspora,3,26,49,425,26,K-Fold,5,SVM,desc+numeric,282,False,0.872,0.8246627906976743,0.872,0.8396427983036886,0.6666533060147632,500
5,locals_vs_diaspora,3,26,49,425,26,K-Fold,5,AdaBoost,desc+numeric,282,True,0.666,0.8188546195652173,0.666,0.7207213650290226,0.7178106388990242,500
5,locals_vs_diaspora,3,26,49,425,26,K-Fold,5,AdaBoost,desc+numeric,282,False,0.88,0.8501724760501105,0.88,0.8518906989846681,0.7492016254549196,500
5,locals_vs_diaspora,3,26,49,425,26,K-Fold,5,XGBoost,desc+numeric,282,True,0.86,0.831988508621252,0.86,0.8431029400698198,0.7494073501922591,500
5,locals_vs_diaspora,3,26,49,425,26,K-Fold,5,XGBoost,desc+numeric,282,False,0.864,0.8259288793103449,0.864,0.8372934938688219,0.7377902236941817,500
5,locals_vs_diaspora,3,26,49,425,26,K-Fold,5,LogReg,desc+numeric+iran,302,True,0.73,0.8360588134205608,0.73,0.7734124621899576,0.7379048284637046,500
5,locals_vs_diaspora,3,26,49,425,26,K-Fold,5,LogReg,desc+numeric+iran,302,False,0.876,0.8508752102523027,0.876,0.8593129785075178,0.7900974614312312,500
5,locals_vs_diaspora,3,26,49,425,26,K-Fold,5,DecisionTree,desc+numeric+iran,302,True,0.79,0.8043349315962391,0.79,0.7965834908222006,0.6404916407046695,500
5,locals_vs_diaspora,3,26,49,425,26,K-Fold,5,DecisionTree,desc+numeric+iran,302,False,0.808,0.8261603065312951,0.808,0.8164629181036711,0.6895369876598652,500
5,locals_vs_diaspora,3,26,49,425,26,K-Fold,5,RandomForest,desc+numeric+iran,302,True,0.846,0.8460396253116788,0.846,0.8423762046744254,0.828895271454901,500
5,locals_vs_diaspora,3,26,49,425,26,K-Fold,5,RandomForest,desc+numeric+iran,302,False,0.882,0.8321107850330154,0.882,0.8511479730697608,0.8427187538241319,500
5,locals_vs_diaspora,3,26,49,425,26,K-Fold,5,SVM,desc+numeric+iran,302,True,0.74,0.820765684180702,0.74,0.7755285732060648,0.7271835953857811,500
5,locals_vs_diaspora,3,26,49,425,26,K-Fold,5,SVM,desc+numeric+iran,302,False,0.86,0.8300554339897885,0.86,0.8406089152960762,0.7236745875550814,500
5,locals_vs_diaspora,3,26,49,425,26,K-Fold,5,AdaBoost,desc+numeric+iran,302,True,0.774,0.8485875783020125,0.774,0.8037765492716672,0.7776828426281961,500
5,locals_vs_diaspora,3,26,49,425,26,K-Fold,5,AdaBoost,desc+numeric+iran,302,False,0.88,0.8492007797270954,0.88,0.8563916887709991,0.7848806722987829,500
5,locals_vs_diaspora,3,26,49,425,26,K-Fold,5,XGBoost,desc+numeric+iran,302,True,0.852,0.8398092592592593,0.852,0.8456848060535342,0.8034356990092341,500
5,locals_vs_diaspora,3,26,49,425,26,K-Fold,5,XGBoost,desc+numeric+iran,302,False,0.878,0.8492146677781252,0.878,0.8580543975165824,0.8035211586067529,500
5,locals_vs_diaspora,3,26,49,425,26,K-Fold,5,LogReg,tweets+numeric+iran,331,True,0.714,0.8419438596491229,0.714,0.7650595267598349,0.7352296103361493,500
5,locals_vs_diaspora,3,26,49,425,26,K-Fold,5,LogReg,tweets+numeric+iran,331,False,0.876,0.8504673046251994,0.876,0.858413717557429,0.7767143779879685,500
5,locals_vs_diaspora,3,26,49,425,26,K-Fold,5,DecisionTree,tweets+numeric+iran,331,True,0.782,0.8017999713754115,0.782,0.7915202306465464,0.6419378408973963,500
5,locals_vs_diaspora,3,26,49,425,26,K-Fold,5,DecisionTree,tweets+numeric+iran,331,False,0.796,0.8019398568019094,0.796,0.7987932920160408,0.6437099927961305,500
5,locals_vs_diaspora,3,26,49,425,26,K-Fold,5,RandomForest,tweets+numeric+iran,331,True,0.86,0.856386525281262,0.86,0.8531473609146809,0.8203482230767072,500
5,locals_vs_diaspora,3,26,49,425,26,K-Fold,5,RandomForest,tweets+numeric+iran,331,False,0.866,0.8115438596491229,0.866,0.8306255707762557,0.8241382763104962,500
5,locals_vs_diaspora,3,26,49,425,26,K-Fold,5,SVM,tweets+numeric+iran,331,True,0.728,0.8450266343825665,0.728,0.775726403823178,0.7308971455836538,500
5,locals_vs_diaspora,3,26,49,425,26,K-Fold,5,SVM,tweets+numeric+iran,331,False,0.856,0.8326150442477877,0.856,0.8408863469540019,0.7236478778523114,500
5,locals_vs_diaspora,3,26,49,425,26,K-Fold,5,AdaBoost,tweets+numeric+iran,331,True,0.824,0.8513621554397011,0.824,0.8359492515958619,0.7640771558748959,500
5,locals_vs_diaspora,3,26,49,425,26,K-Fold,5,AdaBoost,tweets+numeric+iran,331,False,0.876,0.8300155945419103,0.876,0.8508824049513705,0.7485733679493296,500
5,locals_vs_diaspora,3,26,49,425,26,K-Fold,5,XGBoost,tweets+numeric+iran,331,True,0.868,0.849381727065645,0.868,0.8568187960687962,0.8145774749034027,500
5,locals_vs_diaspora,3,26,49,425,26,K-Fold,5,XGBoost,tweets+numeric+iran,331,False,0.868,0.838991847826087,0.868,0.8465642086087417,0.8050030671643885,500
5,locals_vs_diaspora,2,26,49,0,26,K-Fold,5,LogReg,numeric,11,True,0.7733333333333333,0.78103948025987,0.7733333333333333,0.7759362041467305,0.804552590266876,500
5,locals_vs_diaspora,2,26,49,0,26,K-Fold,5,LogReg,numeric,11,False,0.7866666666666666,0.78359477124183,0.7866666666666666,0.7845333333333333,0.8014128728414442,500
5,locals_vs_diaspora,2,26,49,0,26,K-Fold,5,DecisionTree,numeric,11,True,0.7866666666666666,0.7866666666666666,0.7866666666666666,0.7866666666666666,0.7645211930926217,500
5,locals_vs_diaspora,2,26,49,0,26,K-Fold,5,DecisionTree,numeric,11,False,0.76,0.7563398692810457,0.76,0.7576,0.7260596546310832,500
5,locals_vs_diaspora,2,26,49,0,26,K-Fold,5,RandomForest,numeric,11,True,0.72,0.7176,0.72,0.7186690433749257,0.7798273155416012,500
5,locals_vs_diaspora,2,26,49,0,26,K-Fold,5,RandomForest,numeric,11,False,0.72,0.7141935483870967,0.72,0.6897297297297298,0.7558869701726845,500
5,locals_vs_diaspora,2,26,49,0,26,K-Fold,5,SVM,numeric,11,True,0.7733333333333333,0.7878983382209189,0.7733333333333333,0.7771816638370119,0.6801412872841445,500
5,locals_vs_diaspora,2,26,49,0,26,K-Fold,5,SVM,numeric,11,False,0.7866666666666666,0.7912664640324215,0.7866666666666666,0.7883950617283951,0.7040816326530612,500
5,locals_vs_diaspora,2,26,49,0,26,K-Fold,5,AdaBoost,numeric,11,True,0.7333333333333333,0.7290849673202614,0.7333333333333333,0.7306666666666667,0.7943485086342229,500
5,locals_vs_diaspora,2,26,49,0,26,K-Fold,5,AdaBoost,numeric,11,False,0.6933333333333334,0.6770250169033131,0.6933333333333334,0.6741375063392016,0.8069073783359497,500
5,locals_vs_diaspora,2,26,49,0,26,K-Fold,5,XGBoost,numeric,11,True,0.68,0.6658181818181819,0.68,0.668361204013378,0.694662480376766,500
5,locals_vs_diaspora,2,26,49,0,26,K-Fold,5,XGBoost,numeric,11,False,0.68,0.6600847457627119,0.68,0.6567195767195767,0.672684458398744,500
5,locals_vs_diaspora,2,26,49,0,26,K-Fold,5,LogReg,numeric+iran,31,True,0.72,0.7287256371814093,0.72,0.7232153110047846,0.8006279434850864,500
5,locals_vs_diaspora,2,26,49,0,26,K-Fold,5,LogReg,numeric+iran,31,False,0.76,0.7563398692810457,0.76,0.7576,0.7998430141287285,500
5,locals_vs_diaspora,2,26,49,0,26,K-Fold,5,DecisionTree,numeric+iran,31,True,0.7066666666666667,0.6979302458547743,0.7066666666666667,0.7001960784313725,0.6581632653061225,500
5,locals_vs_diaspora,2,26,49,0,26,K-Fold,5,DecisionTree,numeric+iran,31,False,0.7466666666666667,0.7392592592592593,0.7466666666666667,0.739340356675618,0.6978021978021978,500
5,locals_vs_diaspora,2,26,49,0,26,K-Fold,5,RandomForest,numeric+iran,31,True,0.76,0.7563398692810457,0.76,0.7576,0.804552590266876,500
5,locals_vs_diaspora,2,26,49,0,26,K-Fold,5,RandomForest,numeric+iran,31,False,0.6933333333333334,0.6762222222222223,0.6933333333333334,0.6676691280674275,0.7892464678178963,500
5,locals_vs_diaspora,2,26,49,0,26,K-Fold,5,SVM,numeric+iran,31,True,0.6666666666666666,0.6697530864197531,0.6666666666666666,0.6680931076962977,0.7103610675039246,500
5,locals_vs_diaspora,2,26,49,0,26,K-Fold,5,SVM,numeric+iran,31,False,0.68,0.6745751633986928,0.68,0.6768000000000001,0.7343014128728415,500
5,locals_vs_diaspora,2,26,49,0,26,K-Fold,5,AdaBoost,numeric+iran,31,True,0.7066666666666667,0.6979302458547743,0.7066666666666667,0.7001960784313725,0.7323390894819466,500
5,locals_vs_diaspora,2,26,49,0,26,K-Fold,5,AdaBoost,numeric+iran,31,False,0.72,0.7106525573192239,0.72,0.7119024994835778,0.7138932496075353,500
5,locals_vs_diaspora,2,26,49,0,26,K-Fold,5,XGBoost,numeric+iran,31,True,0.68,0.6698456260720411,0.68,0.6729411764705883,0.6978021978021978,500
5,locals_vs_diaspora,2,26,49,0,26,K-Fold,5,XGBoost,numeric+iran,31,False,0.6533333333333333,0.6366060606060606,0.6533333333333333,0.6407246376811594,0.6962323390894819,500
5,locals_vs_diaspora,2,26,49,0,26,K-Fold,5,LogReg,desc+numeric,282,True,0.7733333333333333,0.7755555555555557,0.7733333333333333,0.7743033132334824,0.8014128728414444,500
5,locals_vs_diaspora,2,26,49,0,26,K-Fold,5,LogReg,desc+numeric,282,False,0.7866666666666666,0.78359477124183,0.7866666666666666,0.7845333333333333,0.805337519623234,500
5,locals_vs_diaspora,2,26,49,0,26,K-Fold,5,DecisionTree,desc+numeric,282,True,0.7866666666666666,0.7866666666666666,0.7866666666666666,0.7866666666666666,0.7645211930926217,500
5,locals_vs_diaspora,2,26,49,0,26,K-Fold,5,DecisionTree,desc+numeric,282,False,0.7066666666666667,0.6979302458547743,0.7066666666666667,0.7001960784313725,0.6581632653061225,500
5,locals_vs_diaspora,2,26,49,0,26,K-Fold,5,RandomForest,desc+numeric,282,True,0.6933333333333334,0.6820458553791887,0.6933333333333334,0.6844646422915376,0.7704081632653061,500
5,locals_vs_diaspora,2,26,49,0,26,K-Fold,5,RandomForest,desc+numeric,282,False,0.72,0.7102222222222222,0.72,0.6965674647572164,0.7460753532182103,500
5,locals_vs_diaspora,2,26,49,0,26,K-Fold,5,SVM,desc+numeric,282,True,0.7866666666666666,0.7912664640324215,0.7866666666666666,0.7883950617283951,0.7401883830455258,500
5,locals_vs_diaspora,2,26,49,0,26,K-Fold,5,SVM,desc+numeric,282,False,0.8,0.7983999999999999,0.8,0.7990493166963756,0.7378335949764521,500
5,locals_vs_diaspora,2,26,49,0,26,K-Fold,5,AdaBoost,desc+numeric,282,True,0.7066666666666667,0.7018300653594771,0.7066666666666667,0.7037333333333333,0.7990580847723705,500
5,locals_vs_diaspora,2,26,49,0,26,K-Fold,5,AdaBoost,desc+numeric,282,False,0.72,0.7106525573192239,0.72,0.7119024994835778,0.7982731554160125,500
5,locals_vs_diaspora,2,26,49,0,26,K-Fold,5,XGBoost,desc+numeric,282,True,0.6933333333333334,0.6790350877192982,0.6933333333333334,0.6797037037037037,0.6821036106750392,500
5,locals_vs_diaspora,2,26,49,0,26,K-Fold,5,XGBoost,desc+numeric,282,False,0.68,0.6600847457627119,0.68,0.6567195767195767,0.672684458398744,500
5,locals_vs_diaspora,2,26,49,0,26,K-Fold,5,LogReg,desc+numeric+iran,302,True,0.7466666666666667,0.7491049382716048,0.7466666666666667,0.7477507618491863,0.7982731554160125,500
5,locals_vs_diaspora,2,26,49,0,26,K-Fold,5,LogReg,desc+numeric+iran,302,False,0.7466666666666667,0.7412151616499443,0.7466666666666667,0.7426739408634742,0.8006279434850864,500
5,locals_vs_diaspora,2,26,49,0,26,K-Fold,5,DecisionTree,desc+numeric+iran,302,True,0.7066666666666667,0.6979302458547743,0.7066666666666667,0.7001960784313725,0.6581632653061225,500
5,locals_vs_diaspora,2,26,49,0,26,K-Fold,5,DecisionTree,desc+numeric+iran,302,False,0.7066666666666667,0.7018300653594771,0.7066666666666667,0.7037333333333333,0.6671899529042387,500
5,locals_vs_diaspora,2,26,49,0,26,K-Fold,5,RandomForest,desc+numeric+iran,302,True,0.72,0.7226543209876543,0.72,0.7211982104648901,0.7688383045525903,500
5,locals_vs_diaspora,2,26,49,0,26,K-Fold,5,RandomForest,desc+numeric+iran,302,False,0.7066666666666667,0.6941139734582358,0.7066666666666667,0.6786666666666668,0.7943485086342229,500
5,locals_vs_diaspora,2,26,49,0,26,K-Fold,5,SVM,desc+numeric+iran,302,True,0.68,0.6861398176291793,0.68,0.6825925925925925,0.718210361067504,500
5,locals_vs_diaspora,2,26,49,0,26,K-Fold,5,SVM,desc+numeric+iran,302,False,0.7333333333333333,0.7260148656375072,0.7333333333333333,0.7274509803921569,0.7315541601255888,500
5,locals_vs_diaspora,2,26,49,0,26,K-Fold,5,AdaBoost,desc+numeric+iran,302,True,0.7333333333333333,0.7260148656375072,0.7333333333333333,0.7274509803921569,0.7441130298273155,500
5,locals_vs_diaspora,2,26,49,0,26,K-Fold,5,AdaBoost,desc+numeric+iran,302,False,0.7733333333333333,0.7678659611992945,0.7733333333333333,0.7667782138676582,0.7551020408163265,500
5,locals_vs_diaspora,2,26,49,0,26,K-Fold,5,XGBoost,desc+numeric+iran,302,True,0.68,0.6698456260720411,0.68,0.6729411764705883,0.6938775510204082,500
5,locals_vs_diaspora,2,26,49,0,26,K-Fold,5,XGBoost,desc+numeric+iran,302,False,0.6533333333333333,0.6366060606060606,0.6533333333333333,0.6407246376811594,0.6962323390894819,500
5,locals_vs_diaspora,2,26,49,0,26,K-Fold,5,LogReg,tweets+numeric+iran,331,True,0.7333333333333333,0.7387031408308004,0.7333333333333333,0.7354938271604938,0.8037676609105181,500
5,locals_vs_diaspora,2,26,49,0,26,K-Fold,5,LogReg,tweets+numeric+iran,331,False,0.76,0.7563398692810457,0.76,0.7576,0.8029827315541601,500
5,locals_vs_diaspora,2,26,49,0,26,K-Fold,5,DecisionTree,tweets+numeric+iran,331,True,0.6933333333333334,0.6906666666666668,0.6933333333333334,0.6918756189344424,0.6569858712715855,500
5,locals_vs_diaspora,2,26,49,0,26,K-Fold,5,DecisionTree,tweets+numeric+iran,331,False,0.6666666666666666,0.6583054626532887,0.6666666666666666,0.6614130800835185,0.6185243328100472,500
5,locals_vs_diaspora,2,26,49,0,26,K-Fold,5,RandomForest,tweets+numeric+iran,331,True,0.72,0.7106525573192239,0.72,0.7119024994835778,0.8010204081632651,500
5,locals_vs_diaspora,2,26,49,0,26,K-Fold,5,RandomForest,tweets+numeric+iran,331,False,0.6533333333333333,0.6231693989071038,0.6533333333333333,0.6202424242424243,0.75,500
5,locals_vs_diaspora,2,26,49,0,26,K-Fold,5,SVM,tweets+numeric+iran,331,True,0.6666666666666666,0.6697530864197531,0.6666666666666666,0.6680931076962977,0.7091836734693877,500
5,locals_vs_diaspora,2,26,49,0,26,K-Fold,5,SVM,tweets+numeric+iran,331,False,0.6933333333333334,0.6859420289855073,0.6933333333333334,0.6885000336768371,0.7323390894819467,500
5,locals_vs_diaspora,2,26,49,0,26,K-Fold,5,AdaBoost,tweets+numeric+iran,331,True,0.7733333333333333,0.7688517279821627,0.7733333333333333,0.7697608944567925,0.8163265306122448,500
5,locals_vs_diaspora,2,26,49,0,26,K-Fold,5,AdaBoost,tweets+numeric+iran,331,False,0.76,0.7546978557504873,0.76,0.7472384219554032,0.8163265306122449,500
5,locals_vs_diaspora,2,26,49,0,26,K-Fold,5,XGBoost,tweets+numeric+iran,331,True,0.68,0.6658181818181819,0.68,0.668361204013378,0.705651491365777,500
5,locals_vs_diaspora,2,26,49,0,26,K-Fold,5,XGBoost,tweets+numeric+iran,331,False,0.68,0.6586416861826697,0.68,0.6494545454545455,0.7158555729984302,500
5,person_vs_organization,3,57,281,162,57,K-Fold,5,LogReg,numeric,11,True,0.414,0.5134650444597753,0.414,0.40791398719613986,0.6385149159181704,500
5,person_vs_organization,3,57,281,162,57,K-Fold,5,LogReg,numeric,11,False,0.604,0.5814178082191781,0.604,0.5725191357618076,0.6547117172717793,500
5,person_vs_organization,3,57,281,162,57,K-Fold,5,DecisionTree,numeric,11,True,0.508,0.5063843659782367,0.508,0.5071547703180211,0.5600922561427499,500
5,person_vs_organization,3,57,281,162,57,K-Fold,5,DecisionTree,numeric,11,False,0.518,0.5242124542124543,0.518,0.5209136533112387,0.5774254441956216,500
5,person_vs_organization,3,57,281,162,57,K-Fold,5,RandomForest,numeric,11,True,0.55,0.5540510753097567,0.55,0.5519191057952682,0.671159212138323,500
5,person_vs_organization,3,57,281,162,57,K-Fold,5,RandomForest,numeric,11,False,0.616,0.5878544618351754,0.616,0.5829381991055222,0.6785505501292917,500
5,person_vs_organization,3,57,281,162,57,K-Fold,5,SVM,numeric,11,True,0.394,0.49821709907283357,0.394,0.3922799898352557,0.6271421513816313,500
5,person_vs_organization,3,57,281,162,57,K-Fold,5,SVM,numeric,11,False,0.564,0.4890546318289786,0.564,0.49387242261818526,0.5913208993507085,500
5,person_vs_organization,3,57,281,162,57,K-Fold,5,AdaBoost,numeric,11,True,0.498,0.5496054873770818,0.498,0.5097146149622171,0.6480594839018331,500
5,person_vs_organization,3,57,281,162,57,K-Fold,5,AdaBoost,numeric,11,False,0.63,0.6136308981102669,0.63,0.6084349050762106,0.6920871105490999,500
5,person_vs_organization,3,57,281,162,57,K-Fold,5,XGBoost,numeric,11,True,0.58,0.5693851538043747,0.58,0.5736085598821619,0.6606394749459209,500
5,person_vs_organization,3,57,281,162,57,K-Fold,5,XGBoost,numeric,11,False,0.59,0.5657937365937366,0.59,0.5706710806504797,0.6577005965464603,500
5,person_vs_organization,3,57,281,162,57,K-Fold,5,LogReg,numeric+iran,31,True,0.502,0.6225538878842676,0.502,0.5110744068283262,0.6755925761318108,500
5,person_vs_organization,3,57,281,162,57,K-Fold,5,LogReg,numeric+iran,31,False,0.602,0.5835177218370013,0.602,0.5859330797097653,0.6917821214521483,500
5,person_vs_organization,3,57,281,162,57,K-Fold,5,DecisionTree,numeric+iran,31,True,0.546,0.5473196580800593,0.546,0.5463805830543341,0.5987938397668731,500
5,person_vs_organization,3,57,281,162,57,K-Fold,5,DecisionTree,numeric+iran,31,False,0.534,0.5367957625614015,0.534,0.5353420812830326,0.5879598481886265,500
5,person_vs_organization,3,57,281,162,57,K-Fold,5,RandomForest,numeric+iran,31,True,0.568,0.5830121167817337,0.568,0.5735141092484158,0.7200629892046614,500
5,person_vs_organization,3,57,281,162,57,K-Fold,5,RandomForest,numeric+iran,31,False,0.636,0.6145485745370026,0.636,0.6045811787756246,0.712133016613388,500
5,person_vs_organization,3,57,281,162,57,K-Fold,5,SVM,numeric+iran,31,True,0.488,0.6141918305706375,0.488,0.49777001945423,0.6828983758290882,500
5,person_vs_organization,3,57,281,162,57,K-Fold,5,SVM,numeric+iran,31,False,0.6,0.5500582006266105,0.6,0.5698185530208416,0.6821046934798776,500
5,person_vs_organization,3,57,281,162,57,K-Fold,5,AdaBoost,numeric+iran,31,True,0.54,0.5971870748299319,0.54,0.551808971979732,0.677945336122084,500
5,person_vs_organization,3,57,281,162,57,K-Fold,5,AdaBoost,numeric+iran,31,False,0.63,0.6161097972972973,0.63,0.6102394822078194,0.7235598806175189,500
5,person_vs_organization,3,57,281,162,57,K-Fold,5,XGBoost,numeric+iran,31,True,0.586,0.5734520801301769,0.586,0.577301265765698,0.6777735344132025,500
5,person_vs_organization,3,57,281,162,57,K-Fold,5,XGBoost,numeric+iran,31,False,0.6,0.5779686415791226,0.6,0.5815542497146993,0.6790480667299631,500
5,person_vs_organization,3,57,281,162,57,K-Fold,5,LogReg,desc+numeric,282,True,0.504,0.5490889891923068,0.504,0.5084008987173585,0.6591004685142413,500
5,person_vs_organization,3,57,281,162,57,K-Fold,5,LogReg,desc+numeric,282,False,0.606,0.5897194726166328,0.606,0.5818118225177048,0.6601674421362009,500
5,person_vs_organization,3,57,281,162,57,K-Fold,5,DecisionTree,desc+numeric,282,True,0.498,0.5146711538461538,0.49800000000000005,0.5049114449480874,0.5697046445773274,500
5,person_vs_organization,3,57,281,162,57,K-Fold,5,DecisionTree,desc+numeric,282,False,0.506,0.5036314307132148,0.506,0.5043077660013697,0.5569624288990284,500
5,person_vs_organization,3,57,281,162,57,K-Fold,5,RandomForest,desc+numeric,282,True,0.582,0.5774567698551333,0.582,0.5789619270331821,0.6812336153738199,500
5,person_vs_organization,3,57,281,162,57,K-Fold,5,RandomForest,desc+numeric,282,False,0.624,0.6265431210691824,0.624,0.5851838401975088,0.6873397845299242,500
5,person_vs_organization,3,57,281,162,57,K-Fold,5,SVM,desc+numeric,282,True,0.52,0.5547555893664681,0.52,0.5210918429396239,0.6452812549841048,500
5,person_vs_organization,3,57,281,162,57,K-Fold,5,SVM,desc+numeric,282,False,0.568,0.5486826777087647,0.568,0.5526514584482877,0.634590794890885,500
5,person_vs_organization,3,57,281,162,57,K-Fold,5,AdaBoost,desc+numeric,282,True,0.516,0.5765998984612981,0.516,0.529941897119724,0.6423288060355188,500
5,person_vs_organization,3,57,281,162,57,K-Fold,5,AdaBoost,desc+numeric,282,False,0.626,0.6054755534086613,0.626,0.6012722916641651,0.6935920477061513,500
5,person_vs_organization,3,57,281,162,57,K-Fold,5,XGBoost,desc+numeric,282,True,0.586,0.5730350927529063,0.586,0.5769981808731809,0.6649864389044731,500
5,person_vs_organization,3,57,281,162,57,K-Fold,5,XGBoost,desc+numeric,282,False,0.588,0.56656163716523,0.588,0.5691020552570482,0.6526145948434707,500
5,person_vs_organization,3,57,281,162,57,K-Fold,5,LogReg,desc+numeric+iran,302,True,0.524,0.6016515679442509,0.524,0.5295428279431251,0.690945002806499,500
5,person_vs_organization,3,57,281,162,57,K-Fold,5,LogReg,desc+numeric+iran,302,False,0.6,0.5857009819448844,0.6,0.5881571057012387,0.6928213262569184,500
5,person_vs_organization,3,57,281,162,57,K-Fold,5,DecisionTree,desc+numeric+iran,302,True,0.51,0.5286950373631633,0.51,0.5175114499581984,0.5842070897963165,500
5,person_vs_organization,3,57,281,162,57,K-Fold,5,DecisionTree,desc+numeric+iran,302,False,0.552,0.5445915067982865,0.552,0.5478531184486374,0.5940987863226314,500
5,person_vs_organization,3,57,281,162,57,K-Fold,5,RandomForest,desc+numeric+iran,302,True,0.572,0.589674940098661,0.572,0.5783843074356836,0.7109130659892279,500
5,person_vs_organization,3,57,281,162,57,K-Fold,5,RandomForest,desc+numeric+iran,302,False,0.634,0.6241167816091954,0.634,0.5963195775973457,0.7123512332951102,500
5,person_vs_organization,3,57,281,162,57,K-Fold,5,SVM,desc+numeric+iran,302,True,0.518,0.5771336325990883,0.518,0.524609122362193,0.6917334245636082,500
5,person_vs_organization,3,57,281,162,57,K-Fold,5,SVM,desc+numeric+iran,302,False,0.59,0.5821567390206966,0.59,0.5811098103398479,0.6934744312791397,500
5,person_vs_organization,3,57,281,162,57,K-Fold,5,AdaBoost,desc+numeric+iran,302,True,0.546,0.6087002661968325,0.546,0.5569626841118485,0.6800656155972908,500
5,person_vs_organization,3,57,281,162,57,K-Fold,5,AdaBoost,desc+numeric+iran,302,False,0.634,0.615934003299835,0.634,0.6117232736816989,0.7181221256715028,500
5,person_vs_organization,3,57,281,162,57,K-Fold,5,XGBoost,desc+numeric+iran,302,True,0.58,0.57165146422546,0.58,0.5743455333608317,0.6786331090146892,500
5,person_vs_organization,3,57,281,162,57,K-Fold,5,XGBoost,desc+numeric+iran,302,False,0.602,0.5806705639946517,0.602,0.5842792437406954,0.6853626383297797,500
5,person_vs_organization,3,57,281,162,57,K-Fold,5,LogReg,tweets+numeric+iran,331,True,0.502,0.6175077733249961,0.502,0.5104321177756705,0.6784553902070356,500
5,person_vs_organization,3,57,281,162,57,K-Fold,5,LogReg,tweets+numeric+iran,331,False,0.604,0.5860071328391104,0.604,0.5874790042950337,0.6925198971716846,500
5,person_vs_organization,3,57,281,162,57,K-Fold,5,DecisionTree,tweets+numeric+iran,331,True,0.514,0.515957354925776,0.514,0.5146480333661588,0.5724060408372277,500
5,person_vs_organization,3,57,281,162,57,K-Fold,5,DecisionTree,tweets+numeric+iran,331,False,0.532,0.52447123795404,0.532,0.527826807546745,0.5788526936016155,500
5,person_vs_organization,3,57,281,162,57,K-Fold,5,RandomForest,tweets+numeric+iran,331,True,0.58,0.5948476365406745,0.58,0.5860248470948013,0.7060310596453143,500
5,person_vs_organization,3,57,281,162,57,K-Fold,5,RandomForest,tweets+numeric+iran,331,False,0.632,0.622135479983232,0.632,0.6023708395389056,0.7177845768261318,500
5,person_vs_organization,3,57,281,162,57,K-Fold,5,SVM,tweets+numeric+iran,331,True,0.502,0.6235827751530872,0.502,0.5117140884283021,0.6834367488086789,500
5,person_vs_organization,3,57,281,162,57,K-Fold,5,SVM,tweets+numeric+iran,331,False,0.608,0.5658701459034792,0.608,0.5792903694255017,0.6823031717188833,500
5,person_vs_organization,3,57,281,162,57,K-Fold,5,AdaBoost,tweets+numeric+iran,331,True,0.532,0.5924340512998668,0.532,0.543023946753883,0.6882937820694268,500
5,person_vs_organization,3,57,281,162,57,K-Fold,5,AdaBoost,tweets+numeric+iran,331,False,0.622,0.6097658716022614,0.622,0.6040578880455169,0.7124503968468162,500
5,person_vs_organization,3,57,281,162,57,K-Fold,5,XGBoost,tweets+numeric+iran,331,True,0.578,0.5721487848661166,0.578,0.5742695476936857,0.6929964603287668,500
5,person_vs_organization,3,57,281,162,57,K-Fold,5,XGBoost,tweets+numeric+iran,331,False,0.588,0.5675081353163524,0.588,0.57285323798627,0.6942011937394246,500
5,person_vs_organization,2,57,281,0,57,K-Fold,5,LogReg,numeric,11,True,0.6568047337278107,0.7933635377532336,0.6568047337278107,0.698327530375235,0.7176749703440095,500
5,person_vs_organization,2,57,281,0,57,K-Fold,5,LogReg,numeric,11,False,0.8224852071005917,0.7675490501401432,0.8224852071005917,0.7768819311101532,0.7173628020228507,500
5,person_vs_organization,2,57,281,0,57,K-Fold,5,DecisionTree,numeric,11,True,0.757396449704142,0.7394117797208893,0.757396449704142,0.7478534778830638,0.5324342885683961,500
5,person_vs_organization,2,57,281,0,57,K-Fold,5,DecisionTree,numeric,11,False,0.7869822485207101,0.789950713700556,0.7869822485207101,0.7884382196053282,0.6271461572079665,500
5,person_vs_organization,2,57,281,0,57,K-Fold,5,RandomForest,numeric,11,True,0.7751479289940828,0.7751479289940828,0.7751479289940828,0.7751479289940828,0.7057813573078604,500
5,person_vs_organization,2,57,281,0,57,K-Fold,5,RandomForest,numeric,11,False,0.8284023668639053,0.7861475394631893,0.8284023668639053,0.7909368836291915,0.7227945308110133,500
5,person_vs_organization,2,57,281,0,57,K-Fold,5,SVM,numeric,11,True,0.5473372781065089,0.7870686789442192,0.5473372781065089,0.601773863265563,0.6873322095273772,500
5,person_vs_organization,2,57,281,0,57,K-Fold,5,SVM,numeric,11,False,0.8284023668639053,0.7486001942947983,0.8284023668639053,0.7587047567816799,0.505587812948742,500
5,person_vs_organization,2,57,281,0,57,K-Fold,5,AdaBoost,numeric,11,True,0.7159763313609467,0.7885442526575452,0.7159763313609467,0.7427401001365499,0.6932321907972779,500
5,person_vs_organization,2,57,281,0,57,K-Fold,5,AdaBoost,numeric,11,False,0.8224852071005917,0.7860182525035357,0.8224852071005917,0.7952839779762858,0.690672410563776,500
5,person_vs_organization,2,57,281,0,57,K-Fold,5,XGBoost,numeric,11,True,0.7899408284023669,0.7825185169859725,0.7899408284023669,0.7860491443177869,0.7064993444465255,500
5,person_vs_organization,2,57,281,0,57,K-Fold,5,XGBoost,numeric,11,False,0.8017751479289941,0.7711329466933134,0.8017751479289941,0.7829650100823844,0.7030654929137791,500
5,person_vs_organization,2,57,281,0,57,K-Fold,5,LogReg,numeric+iran,31,True,0.7011834319526628,0.839089879526835,0.7011834319526628,0.7376956005037266,0.7635012798901167,500
5,person_vs_organization,2,57,281,0,57,K-Fold,5,LogReg,numeric+iran,31,False,0.8284023668639053,0.7906093163618246,0.8284023668639053,0.7968324331837496,0.7584441530873447,500
5,person_vs_organization,2,57,281,0,57,K-Fold,5,DecisionTree,numeric+iran,31,True,0.7633136094674556,0.7762143182261525,0.7633136094674556,0.7693648919856577,0.6059187113691702,500
5,person_vs_organization,2,57,281,0,57,K-Fold,5,DecisionTree,numeric+iran,31,False,0.772189349112426,0.786208983324368,0.772189349112426,0.7786700913971915,0.6252419304488981,500
5,person_vs_organization,2,57,281,0,57,K-Fold,5,RandomForest,numeric+iran,31,True,0.7692307692307693,0.7972389587598713,0.7692307692307693,0.7811471616618675,0.7639070987076232,500
5,person_vs_organization,2,57,281,0,57,K-Fold,5,RandomForest,numeric+iran,31,False,0.8372781065088757,0.8062106621942488,0.8372781065088757,0.808643510000976,0.7854779296996941,500
5,person_vs_organization,2,57,281,0,57,K-Fold,5,SVM,numeric+iran,31,True,0.6804733727810651,0.8429475638365015,0.6804733727810651,0.7204125326022228,0.7627520759193357,500
5,person_vs_organization,2,57,281,0,57,K-Fold,5,SVM,numeric+iran,31,False,0.8224852071005917,0.7252803098956945,0.8224852071005917,0.7555604328100509,0.6485609040394581,500
5,person_vs_organization,2,57,281,0,57,K-Fold,5,AdaBoost,numeric+iran,31,True,0.742603550295858,0.8101962826550738,0.742603550295858,0.7665184232093641,0.7558843728538428,500
5,person_vs_organization,2,57,281,0,57,K-Fold,5,AdaBoost,numeric+iran,31,False,0.8017751479289941,0.7711329466933134,0.8017751479289941,0.7829650100823844,0.7594430917150528,500
5,person_vs_organization,2,57,281,0,57,K-Fold,5,XGBoost,numeric+iran,31,True,0.7958579881656804,0.7915590188071228,0.7958579881656804,0.7936412822730045,0.7365299369419991,500
5,person_vs_organization,2,57,281,0,57,K-Fold,5,XGBoost,numeric+iran,31,False,0.8195266272189349,0.7984462491561097,0.8195266272189349,0.8063613866106336,0.7286008615845664,500
5,person_vs_organization,2,57,281,0,57,K-Fold,5,LogReg,desc+numeric,282,True,0.7189349112426036,0.7996036261568806,0.7189349112426036,0.7471346395592264,0.7379034775550977,500
5,person_vs_organization,2,57,281,0,57,K-Fold,5,LogReg,desc+numeric,282,False,0.8224852071005917,0.7746656526497375,0.8224852071005917,0.7837278106508875,0.7358431666354499,500
5,person_vs_organization,2,57,281,0,57,K-Fold,5,DecisionTree,desc+numeric,282,True,0.742603550295858,0.7581509271271715,0.742603550295858,0.7499259474228006,0.5724854841730662,500
5,person_vs_organization,2,57,281,0,57,K-Fold,5,DecisionTree,desc+numeric,282,False,0.8017751479289941,0.786312206829227,0.8017751479289941,0.7930930075571891,0.6080726727851657,500
5,person_vs_organization,2,57,281,0,57,K-Fold,5,RandomForest,desc+numeric,282,True,0.7958579881656804,0.7797990139241802,0.7958579881656804,0.786916679424568,0.7384029468689517,500
5,person_vs_organization,2,57,281,0,57,K-Fold,5,RandomForest,desc+numeric,282,False,0.8520710059171598,0.8366314323923277,0.8520710059171598,0.8140682759251278,0.7742086533058625,500
5,person_vs_organization,2,57,281,0,57,K-Fold,5,SVM,desc+numeric,282,True,0.8195266272189349,0.8107881328073636,0.8195266272189349,0.8147334100025201,0.7362177686208404,500
5,person_vs_organization,2,57,281,0,57,K-Fold,5,SVM,desc+numeric,282,False,0.8284023668639053,0.7884035401628219,0.8284023668639053,0.7939680592111773,0.7014422176437535,500
5,person_vs_organization,2,57,281,0,57,K-Fold,5,AdaBoost,desc+numeric,282,True,0.7071005917159763,0.775729406083427,0.7071005917159763,0.7335101848222291,0.6946681650746082,500
5,person_vs_organization,2,57,281,0,57,K-Fold,5,AdaBoost,desc+numeric,282,False,0.8195266272189349,0.7829533989583617,0.8195266272189349,0.7931678507464621,0.7035025285634013,500
5,person_vs_organization,2,57,281,0,57,K-Fold,5,XGBoost,desc+numeric,282,True,0.7899408284023669,0.7764168026933279,0.7899408284023669,0.7825937500462626,0.693450708622089,500
5,person_vs_organization,2,57,281,0,57,K-Fold,5,XGBoost,desc+numeric,282,False,0.8017751479289941,0.7743293885601579,0.8017751479289941,0.7851938608194401,0.7117437722419929,500
5,person_vs_organization,2,57,281,0,57,K-Fold,5,LogReg,desc+numeric+iran,302,True,0.7189349112426036,0.8316836151798322,0.7189349112426036,0.7515867742902491,0.7678716363863396,500
5,person_vs_organization,2,57,281,0,57,K-Fold,5,LogReg,desc+numeric+iran,302,False,0.8284023668639053,0.7927829555551354,0.8284023668639053,0.7995420603300528,0.7689954423425112,500
5,person_vs_organization,2,57,281,0,57,K-Fold,5,DecisionTree,desc+numeric+iran,302,True,0.7218934911242604,0.7606330877995922,0.7218934911242604,0.7387222673421768,0.5810076793407005,500
5,person_vs_organization,2,57,281,0,57,K-Fold,5,DecisionTree,desc+numeric+iran,302,False,0.7899408284023669,0.7943286790685795,0.7899408284023669,0.7920702296648354,0.635918087032528,500
5,person_vs_organization,2,57,281,0,57,K-Fold,5,RandomForest,desc+numeric+iran,302,True,0.7781065088757396,0.8008380789251233,0.7781065088757396,0.7879648779172281,0.7883498782543547,500
5,person_vs_organization,2,57,281,0,57,K-Fold,5,RandomForest,desc+numeric+iran,302,False,0.8372781065088757,0.8022243801502886,0.8372781065088757,0.7902483206599619,0.8057376537428982,500
5,person_vs_organization,2,57,281,0,57,K-Fold,5,SVM,desc+numeric+iran,302,True,0.7485207100591716,0.792654801285934,0.7485207100591716,0.7662527753232435,0.7593806580508209,500
5,person_vs_organization,2,57,281,0,57,K-Fold,5,SVM,desc+numeric+iran,302,False,0.8254437869822485,0.789286527082385,0.8254437869822485,0.7974085391327327,0.7643129175251295,500
5,person_vs_organization,2,57,281,0,57,K-Fold,5,AdaBoost,desc+numeric+iran,302,True,0.7396449704142012,0.8092719425194481,0.7396449704142012,0.7641784251251708,0.7581944184304176,500
5,person_vs_organization,2,57,281,0,57,K-Fold,5,AdaBoost,desc+numeric+iran,302,False,0.7958579881656804,0.7671203155818541,0.7958579881656804,0.7787817372618114,0.7580695511019542,500
5,person_vs_organization,2,57,281,0,57,K-Fold,5,XGBoost,desc+numeric+iran,302,True,0.8165680473372781,0.8114629545841829,0.8165680473372781,0.8138810903692665,0.7605668976712243,500
5,person_vs_organization,2,57,281,0,57,K-Fold,5,XGBoost,desc+numeric+iran,302,False,0.8136094674556213,0.7940974046743277,0.8136094674556213,0.8019117264551208,0.7390272835112693,500
5,person_vs_organization,2,57,281,0,57,K-Fold,5,LogReg,tweets+numeric+iran,331,True,0.7041420118343196,0.8397542420056492,0.7041420118343196,0.7401806803516205,0.7678092027221077,500
5,person_vs_organization,2,57,281,0,57,K-Fold,5,LogReg,tweets+numeric+iran,331,False,0.8313609467455622,0.7946595760617182,0.8313609467455622,0.7989475502747805,0.75863145408004,500
5,person_vs_organization,2,57,281,0,57,K-Fold,5,DecisionTree,tweets+numeric+iran,331,True,0.7396449704142012,0.7669339507938232,0.7396449704142012,0.7518520926804951,0.5916838359243304,500
5,person_vs_organization,2,57,281,0,57,K-Fold,5,DecisionTree,tweets+numeric+iran,331,False,0.772189349112426,0.7831348799291669,0.772189349112426,0.7773422696499619,0.6182493600549417,500
5,person_vs_organization,2,57,281,0,57,K-Fold,5,RandomForest,tweets+numeric+iran,331,True,0.7810650887573964,0.7810650887573964,0.7810650887573964,0.7810650887573964,0.774333520634326,500
5,person_vs_organization,2,57,281,0,57,K-Fold,5,RandomForest,tweets+numeric+iran,331,False,0.8431952662721893,0.8152521772288082,0.8431952662721893,0.8130564941151466,0.777392770181682,500
5,person_vs_organization,2,57,281,0,57,K-Fold,5,SVM,tweets+numeric+iran,331,True,0.6834319526627219,0.8478338787792817,0.6834319526627219,0.7230445823376549,0.7846038584004495,500
5,person_vs_organization,2,57,281,0,57,K-Fold,5,SVM,tweets+numeric+iran,331,False,0.8224852071005917,0.7252803098956945,0.8224852071005917,0.7555604328100509,0.6551164387837922,500
5,person_vs_organization,2,57,281,0,57,K-Fold,5,AdaBoost,tweets+numeric+iran,331,True,0.727810650887574,0.8090763643751429,0.727810650887574,0.7554257685954782,0.771555222576013,500
5,person_vs_organization,2,57,281,0,57,K-Fold,5,AdaBoost,tweets+numeric+iran,331,False,0.7928994082840237,0.7617648512102896,0.7928994082840237,0.774425859852826,0.7689017918461635,500
5,person_vs_organization,2,57,281,0,57,K-Fold,5,XGBoost,tweets+numeric+iran,331,True,0.8254437869822485,0.8218103823466771,0.8254437869822485,0.8235483428131487,0.7734282325029657,500
5,person_vs_organization,2,57,281,0,57,K-Fold,5,XGBoost,tweets+numeric+iran,331,False,0.7988165680473372,0.7723377728523085,0.7988165680473372,0.7830774331769027,0.7567584441530874,500
6,target_population,3,253,183,164,164,K-Fold,5,LogReg,numeric,11,True,0.5316666666666666,0.5510953026196928,0.5316666666666666,0.5261393164335544,0.7220458812866688,600
6,target_population,3,253,183,164,164,K-Fold,5,LogReg,numeric,11,False,0.5666666666666667,0.5788021549649415,0.5666666666666667,0.554243543054944,0.7214965358702119,600
6,target_population,3,253,183,164,164,K-Fold,5,DecisionTree,numeric,11,True,0.4716666666666667,0.4727390793010753,0.4716666666666667,0.4720862610581307,0.5947836923861751,600
6,target_population,3,253,183,164,164,K-Fold,5,DecisionTree,numeric,11,False,0.4583333333333333,0.45966589443276556,0.4583333333333333,0.4587590893645939,0.5861976468583217,600
6,target_population,3,253,183,164,164,K-Fold,5,RandomForest,numeric,11,True,0.5516666666666666,0.5505789357924232,0.5516666666666666,0.5500967777178668,0.7069047958629633,600
6,target_population,3,253,183,164,164,K-Fold,5,RandomForest,numeric,11,False,0.5733333333333334,0.5717016662126152,0.5733333333333334,0.5663563330968269,0.7051848510087574,600
6,target_population,3,253,183,164,164,K-Fold,5,SVM,numeric,11,True,0.5383333333333333,0.5586897176186564,0.5383333333333333,0.53574752112227,0.7132249741279869,600
6,target_population,3,253,183,164,164,K-Fold,5,SVM,numeric,11,False,0.5583333333333333,0.6013965811965812,0.5583333333333333,0.5380705917868268,0.6900319273175173,600
6,target_population,3,253,183,164,164,K-Fold,5,AdaBoost,numeric,11,True,0.5666666666666667,0.5702016027050849,0.5666666666666667,0.5662290921161001,0.7205622016808994,600
6,target_population,3,253,183,164,164,K-Fold,5,AdaBoost,numeric,11,False,0.5416666666666666,0.5438114039987518,0.5416666666666666,0.5289410564108268,0.7049838758794936,600
6,target_population,3,253,183,164,164,K-Fold,5,XGBoost,numeric,11,True,0.5533333333333333,0.5517702946409192,0.5533333333333333,0.5514054251556665,0.7117133587104881,600
6,target_population,3,253,183,164,164,K-Fold,5,XGBoost,numeric,11,False,0.5733333333333334,0.5716416963581452,0.5733333333333334,0.570056170241202,0.7075395290409134,600
6,target_population,3,253,183,164,164,K-Fold,5,LogReg,numeric+iran,31,True,0.64,0.6615557865557865,0.64,0.6446295527437973,0.7968857604078806,600
6,target_population,3,253,183,164,164,K-Fold,5,LogReg,numeric+iran,31,False,0.655,0.6651030843466085,0.655,0.6563911904036702,0.7967310969985084,600
6,target_population,3,253,183,164,164,K-Fold,5,DecisionTree,numeric+iran,31,True,0.565,0.564819466113296,0.565,0.5647079753509388,0.6665257223932933,600
6,target_population,3,253,183,164,164,K-Fold,5,DecisionTree,numeric+iran,31,False,0.53,0.5340938643882668,0.53,0.5313324399164054,0.6420967686100175,600
6,target_population,3,253,183,164,164,K-Fold,5,RandomForest,numeric+iran,31,True,0.6216666666666667,0.6199145228724476,0.6216666666666667,0.6203146894336914,0.8001093733716726,600
6,target_population,3,253,183,164,164,K-Fold,5,RandomForest,numeric+iran,31,False,0.6433333333333333,0.6417987504796991,0.6433333333333333,0.6373971366305756,0.7996366968107559,600
6,target_population,3,253,183,164,164,K-Fold,5,SVM,numeric+iran,31,True,0.6183333333333333,0.6372805936046728,0.6183333333333333,0.6219173667775529,0.7790997217032181,600
6,target_population,3,253,183,164,164,K-Fold,5,SVM,numeric+iran,31,False,0.635,0.6424594317820125,0.635,0.6366994021203156,0.7793101884988585,600
6,target_population,3,253,183,164,164,K-Fold,5,AdaBoost,numeric+iran,31,True,0.625,0.6393758433171626,0.625,0.6286856884821307,0.7952468378653501,600
6,target_population,3,253,183,164,164,K-Fold,5,AdaBoost,numeric+iran,31,False,0.6583333333333333,0.6614269965703087,0.6583333333333333,0.6574708381795085,0.8019603123386597,600
6,target_population,3,253,183,164,164,K-Fold,5,XGBoost,numeric+iran,31,True,0.6316666666666667,0.6280826291079813,0.6316666666666667,0.6286710239651415,0.7897257521957475,600
6,target_population,3,253,183,164,164,K-Fold,5,XGBoost,numeric+iran,31,False,0.6383333333333333,0.6362472009955715,0.6383333333333333,0.6356194098913613,0.7964710796732891,600
6,target_population,3,253,183,164,164,K-Fold,5,LogReg,desc+numeric,311,True,0.5583333333333333,0.5704206764058385,0.5583333333333333,0.5539120313364343,0.7369752711697867,600
6,target_population,3,253,183,164,164,K-Fold,5,LogReg,desc+numeric,311,False,0.5716666666666667,0.5763804290947149,0.5716666666666667,0.5603356481481481,0.7382586594447573,600
6,target_population,3,253,183,164,164,K-Fold,5,DecisionTree,desc+numeric,311,True,0.485,0.4863893138840302,0.485,0.4855287304695281,0.6045462707115327,600
6,target_population,3,253,183,164,164,K-Fold,5,DecisionTree,desc+numeric,311,False,0.47833333333333333,0.47546194391425634,0.47833333333333333,0.47596041183338655,0.5966056491453849,600
6,target_population,3,253,183,164,164,K-Fold,5,RandomForest,desc+numeric,311,True,0.5716666666666667,0.5686936090225564,0.5716666666666667,0.5689932350475728,0.7194833820039123,600
6,target_population,3,253,183,164,164,K-Fold,5,RandomForest,desc+numeric,311,False,0.5633333333333334,0.5635979960539368,0.5633333333333334,0.5578520634178267,0.7171787466914604,600
6,target_population,3,253,183,164,164,K-Fold,5,SVM,desc+numeric,311,True,0.5566666666666666,0.5753634430775663,0.5566666666666666,0.5533243614993473,0.7289383592668471,600
6,target_population,3,253,183,164,164,K-Fold,5,SVM,desc+numeric,311,False,0.5833333333333334,0.6080694900207095,0.5833333333333334,0.5733401990735488,0.7259749774671973,600
6,target_population,3,253,183,164,164,K-Fold,5,AdaBoost,desc+numeric,311,True,0.5466666666666666,0.544991621728907,0.5466666666666666,0.5442824339568318,0.7089193343788869,600
6,target_population,3,253,183,164,164,K-Fold,5,AdaBoost,desc+numeric,311,False,0.5533333333333333,0.5568585772903022,0.5533333333333333,0.5399844459144081,0.6978042229912761,600
6,target_population,3,253,183,164,164,K-Fold,5,XGBoost,desc+numeric,311,True,0.5816666666666667,0.5793956003582599,0.5816666666666667,0.5793996833949104,0.7147718907601359,600
6,target_population,3,253,183,164,164,K-Fold,5,XGBoost,desc+numeric,311,False,0.575,0.5728688417608765,0.575,0.5713265323812992,0.7135176054487292,600
6,target_population,3,253,183,164,164,K-Fold,5,LogReg,desc+numeric+iran,331,True,0.65,0.6686001191504246,0.65,0.653971544762657,0.8022851978047946,600
6,target_population,3,253,183,164,164,K-Fold,5,LogReg,desc+numeric+iran,331,False,0.6566666666666666,0.6650237034787597,0.6566666666666666,0.6577673030144224,0.8017885361488458,600
6,target_population,3,253,183,164,164,K-Fold,5,DecisionTree,desc+numeric+iran,331,True,0.5716666666666667,0.5703153551116377,0.5716666666666667,0.5705741061809256,0.6696944641362763,600
6,target_population,3,253,183,164,164,K-Fold,5,DecisionTree,desc+numeric+iran,331,False,0.54,0.5379374143573374,0.54,0.5388124272523968,0.6474352073215446,600
6,target_population,3,253,183,164,164,K-Fold,5,RandomForest,desc+numeric+iran,331,True,0.64,0.6379166001633761,0.64,0.6385914567951473,0.8098458281599347,600
6,target_population,3,253,183,164,164,K-Fold,5,RandomForest,desc+numeric+iran,331,False,0.645,0.644837328854278,0.645,0.6396143634258742,0.8094513781540138,600
6,target_population,3,253,183,164,164,K-Fold,5,SVM,desc+numeric+iran,331,True,0.6366666666666667,0.657034643453794,0.6366666666666667,0.6404868665326097,0.791552411324252,600
6,target_population,3,253,183,164,164,K-Fold,5,SVM,desc+numeric+iran,331,False,0.6333333333333333,0.6426165211603355,0.6333333333333333,0.6346474325955743,0.7863569241373418,600
6,target_population,3,253,183,164,164,K-Fold,5,AdaBoost,desc+numeric+iran,331,True,0.6116666666666667,0.6295838544710286,0.6116666666666667,0.6158490941098642,0.7883426744578479,600
6,target_population,3,253,183,164,164,K-Fold,5,AdaBoost,desc+numeric+iran,331,False,0.6483333333333333,0.6524507929428286,0.6483333333333333,0.6449845272107513,0.8004678724830727,600
6,target_population,3,253,183,164,164,K-Fold,5,XGBoost,desc+numeric+iran,331,True,0.6316666666666667,0.6299691822052562,0.6316666666666667,0.6296637166905179,0.7868469300386569,600
6,target_population,3,253,183,164,164,K-Fold,5,XGBoost,desc+numeric+iran,331,False,0.64,0.6382628794093912,0.64,0.637055315833848,0.7931399528871204,600
6,target_population,3,253,183,164,164,K-Fold,5,LogReg,tweets+numeric+iran,331,True,0.6633333333333333,0.6902319595298319,0.6633333333333333,0.6694835352094156,0.8152036531153681,600
6,target_population,3,253,183,164,164,K-Fold,5,LogReg,tweets+numeric+iran,331,False,0.6783333333333333,0.6922690468229247,0.6783333333333333,0.6805355214892604,0.8164289174376598,600
6,target_population,3,253,183,164,164,K-Fold,5,DecisionTree,tweets+numeric+iran,331,True,0.5483333333333333,0.5483195110727792,0.5483333333333333,0.5482768746955767,0.6549010771553554,600
6,target_population,3,253,183,164,164,K-Fold,5,DecisionTree,tweets+numeric+iran,331,False,0.5683333333333334,0.5697179166802882,0.5683333333333334,0.5689826443007358,0.6722966469908968,600
6,target_population,3,253,183,164,164,K-Fold,5,RandomForest,tweets+numeric+iran,331,True,0.6516666666666666,0.6536267200096988,0.6516666666666666,0.650889865230936,0.8154277584066579,600
6,target_population,3,253,183,164,164,K-Fold,5,RandomForest,tweets+numeric+iran,331,False,0.6683333333333333,0.669489945528148,0.6683333333333333,0.6620440829257286,0.8195293179965717,600
6,target_population,3,253,183,164,164,K-Fold,5,SVM,tweets+numeric+iran,331,True,0.66,0.6874689112189112,0.66,0.6665646808463703,0.8064108085606707,600
6,target_population,3,253,183,164,164,K-Fold,5,SVM,tweets+numeric+iran,331,False,0.6666666666666666,0.6808259676793338,0.6666666666666666,0.6696632630519034,0.8011246078884453,600
6,target_population,3,253,183,164,164,K-Fold,5,AdaBoost,tweets+numeric+iran,331,True,0.65,0.6765471283488904,0.65,0.6552784533391911,0.806910980905147,600
6,target_population,3,253,183,164,164,K-Fold,5,AdaBoost,tweets+numeric+iran,331,False,0.6583333333333333,0.6708607371794874,0.6583333333333333,0.654062526017812,0.8097298458591876,600
6,target_population,3,253,183,164,164,K-Fold,5,XGBoost,tweets+numeric+iran,331,True,0.6383333333333333,0.6351893618098783,0.6383333333333333,0.6346871828951551,0.8052201039316604,600
6,target_population,3,253,183,164,164,K-Fold,5,XGBoost,tweets+numeric+iran,331,False,0.6633333333333333,0.661606932656436,0.6633333333333333,0.6595196289610775,0.8091863863164817,600
6,target_population,2,253,183,0,183,K-Fold,5,LogReg,numeric,11,True,0.676605504587156,0.6810516116371486,0.676605504587156,0.6780317035101082,0.7150478412060736,600
6,target_population,2,253,183,0,183,K-Fold,5,LogReg,numeric,11,False,0.6743119266055045,0.6703371247955764,0.6743119266055045,0.6650874693714742,0.714896650035638,600
6,target_population,2,253,183,0,183,K-Fold,5,DecisionTree,numeric,11,True,0.6651376146788991,0.6686363276983399,0.6651376146788991,0.6663857361587926,0.6608134084969439,600
6,target_population,2,253,183,0,183,K-Fold,5,DecisionTree,numeric,11,False,0.6261467889908257,0.6347070813059467,0.6261467889908257,0.6283830979506618,0.6257046588479233,600
6,target_population,2,253,183,0,183,K-Fold,5,RandomForest,numeric,11,True,0.658256880733945,0.6590591891092039,0.658256880733945,0.6586269657359787,0.7189356141601331,600
6,target_population,2,253,183,0,183,K-Fold,5,RandomForest,numeric,11,False,0.6674311926605505,0.6629007582306431,0.6674311926605505,0.6621353994002185,0.7183308494783904,600
6,target_population,2,253,183,0,183,K-Fold,5,SVM,numeric,11,True,0.6697247706422018,0.6821235955858747,0.6697247706422018,0.6718659617477842,0.7225534028812719,600
6,target_population,2,253,183,0,183,K-Fold,5,SVM,numeric,11,False,0.676605504587156,0.7429110333172381,0.676605504587156,0.6231243272174286,0.6204237672519924,600
6,target_population,2,253,183,0,183,K-Fold,5,AdaBoost,numeric,11,True,0.6857798165137615,0.688835412672072,0.6857798165137615,0.6868725952243826,0.7609775589105595,600
6,target_population,2,253,183,0,183,K-Fold,5,AdaBoost,numeric,11,False,0.7087155963302753,0.7092869331899391,0.7087155963302753,0.698470712713132,0.7753947169485302,600
6,target_population,2,253,183,0,183,K-Fold,5,XGBoost,numeric,11,True,0.6972477064220184,0.6956681379712065,0.6972477064220184,0.6962210482084634,0.7436013736797771,600
6,target_population,2,253,183,0,183,K-Fold,5,XGBoost,numeric,11,False,0.7018348623853211,0.6999848368479114,0.7018348623853211,0.700536346848283,0.7349186807490442,600
6,target_population,2,253,183,0,183,K-Fold,5,LogReg,numeric+iran,31,True,0.7637614678899083,0.7624613292084489,0.7637614678899083,0.762614610167348,0.8419836281561157,600
6,target_population,2,253,183,0,183,K-Fold,5,LogReg,numeric+iran,31,False,0.786697247706422,0.7909093925721212,0.786697247706422,0.7812367452415756,0.8411844748266701,600
6,target_population,2,253,183,0,183,K-Fold,5,DecisionTree,numeric+iran,31,True,0.6926605504587156,0.6941916659444424,0.6926605504587156,0.6932950577093815,0.6867966910732415,600
6,target_population,2,253,183,0,183,K-Fold,5,DecisionTree,numeric+iran,31,False,0.7293577981651376,0.7280200659827359,0.7293577981651376,0.7284400279439295,0.7191732002851032,600
6,target_population,2,253,183,0,183,K-Fold,5,RandomForest,numeric+iran,31,True,0.7981651376146789,0.7981651376146789,0.7981651376146789,0.7981651376146789,0.8624160349035616,600
6,target_population,2,253,183,0,183,K-Fold,5,RandomForest,numeric+iran,31,False,0.7958715596330275,0.7960151562874658,0.7958715596330275,0.7931941289794631,0.8546944858420269,600
6,target_population,2,253,183,0,183,K-Fold,5,SVM,numeric+iran,31,True,0.7752293577981652,0.7769591376755776,0.7752293577981652,0.770433848625392,0.8491760081211257,600
6,target_population,2,253,183,0,183,K-Fold,5,SVM,numeric+iran,31,False,0.7775229357798165,0.7803395071425578,0.7775229357798165,0.7722161434222709,0.8297695414587787,600
6,target_population,2,253,183,0,183,K-Fold,5,AdaBoost,numeric+iran,31,True,0.786697247706422,0.7858622169115288,0.786697247706422,0.7860729763468068,0.8627724140910171,600
6,target_population,2,253,183,0,183,K-Fold,5,AdaBoost,numeric+iran,31,False,0.786697247706422,0.7877184339741976,0.786697247706422,0.7829847992368638,0.8575347199723536,600
6,target_population,2,253,183,0,183,K-Fold,5,XGBoost,numeric+iran,31,True,0.768348623853211,0.7670996017352961,0.768348623853211,0.7672240352126424,0.8476640964167693,600
6,target_population,2,253,183,0,183,K-Fold,5,XGBoost,numeric+iran,31,False,0.7912844036697247,0.7907223251511071,0.7912844036697247,0.7890906600039813,0.8583554720404328,600
6,target_population,2,253,183,0,183,K-Fold,5,LogReg,desc+numeric,311,True,0.6903669724770642,0.6933967739439223,0.6903669724770642,0.6914437982138076,0.7366249811011037,600
6,target_population,2,253,183,0,183,K-Fold,5,LogReg,desc+numeric,311,False,0.6857798165137615,0.6826573624738762,0.6857798165137615,0.677169757856255,0.7358906239875591,600
6,target_population,2,253,183,0,183,K-Fold,5,DecisionTree,desc+numeric,311,True,0.6605504587155964,0.6640761119424182,0.6605504587155964,0.6618156777500089,0.6561048834748051,600
6,target_population,2,253,183,0,183,K-Fold,5,DecisionTree,desc+numeric,311,False,0.6399082568807339,0.641942445619531,0.6399082568807339,0.6407614402378804,0.6330266312447352,600
6,target_population,2,253,183,0,183,K-Fold,5,RandomForest,desc+numeric,311,True,0.6720183486238532,0.6751513288565214,0.6720183486238532,0.6731589862561075,0.7268083543921036,600
6,target_population,2,253,183,0,183,K-Fold,5,RandomForest,desc+numeric,311,False,0.6720183486238532,0.6681001529051986,0.6720183486238532,0.6681519151623269,0.726516771420549,600
6,target_population,2,253,183,0,183,K-Fold,5,SVM,desc+numeric,311,True,0.6788990825688074,0.6922913424634368,0.6788990825688074,0.6809792536439412,0.7439685522365493,600
6,target_population,2,253,183,0,183,K-Fold,5,SVM,desc+numeric,311,False,0.694954128440367,0.6976215015677623,0.694954128440367,0.6801288640497206,0.7376725199248364,600
6,target_population,2,253,183,0,183,K-Fold,5,AdaBoost,desc+numeric,311,True,0.6720183486238532,0.6772061110247241,0.6720183486238532,0.6735962022276266,0.7446921099807771,600
6,target_population,2,253,183,0,183,K-Fold,5,AdaBoost,desc+numeric,311,False,0.6926605504587156,0.6969784292454647,0.6926605504587156,0.6757997514356384,0.7402643685608761,600
6,target_population,2,253,183,0,183,K-Fold,5,XGBoost,desc+numeric,311,True,0.6834862385321101,0.6830221064045264,0.6834862385321101,0.6832397538169408,0.7429318127821336,600
6,target_population,2,253,183,0,183,K-Fold,5,XGBoost,desc+numeric,311,False,0.694954128440367,0.6935296641431964,0.694954128440367,0.6940613532701646,0.742067863236787,600
6,target_population,2,253,183,0,183,K-Fold,5,LogReg,desc+numeric+iran,331,True,0.7545871559633027,0.7533437698476905,0.7545871559633027,0.7536381008268633,0.8455474200306703,600
6,target_population,2,253,183,0,183,K-Fold,5,LogReg,desc+numeric+iran,331,False,0.7889908256880734,0.7929759441172537,0.7889908256880734,0.783774751355097,0.8455042225534029,600
6,target_population,2,253,183,0,183,K-Fold,5,DecisionTree,desc+numeric+iran,331,True,0.7018348623853211,0.7064707464858844,0.7018348623853211,0.703211156214251,0.6999935203784099,600
6,target_population,2,253,183,0,183,K-Fold,5,DecisionTree,desc+numeric+iran,331,False,0.7385321100917431,0.7381562326385267,0.7385321100917431,0.7383284922835597,0.7308581178859155,600
6,target_population,2,253,183,0,183,K-Fold,5,RandomForest,desc+numeric+iran,331,True,0.7821100917431193,0.7816686974388379,0.7821100917431193,0.7818518319353167,0.860396552841314,600
6,target_population,2,253,183,0,183,K-Fold,5,RandomForest,desc+numeric+iran,331,False,0.7889908256880734,0.7880072874951982,0.7889908256880734,0.7874016159242353,0.8660446229940171,600
6,target_population,2,253,183,0,183,K-Fold,5,SVM,desc+numeric+iran,331,True,0.7752293577981652,0.775126145472507,0.7752293577981652,0.771812194476789,0.8466057582237199,600
6,target_population,2,253,183,0,183,K-Fold,5,SVM,desc+numeric+iran,331,False,0.7752293577981652,0.7797517337811708,0.7752293577981652,0.7688631830873554,0.8345752608047691,600
6,target_population,2,253,183,0,183,K-Fold,5,AdaBoost,desc+numeric+iran,331,True,0.7935779816513762,0.7928629364642427,0.7935779816513762,0.7930673021788991,0.8622432449944922,600
6,target_population,2,253,183,0,183,K-Fold,5,AdaBoost,desc+numeric+iran,331,False,0.7844036697247706,0.7850869916482169,0.7844036697247706,0.7808123129437999,0.8580314909609278,600
6,target_population,2,253,183,0,183,K-Fold,5,XGBoost,desc+numeric+iran,331,True,0.7798165137614679,0.7788588100008537,0.7798165137614679,0.7790698532425189,0.8565195792565714,600
6,target_population,2,253,183,0,183,K-Fold,5,XGBoost,desc+numeric+iran,331,False,0.7775229357798165,0.7763589526300922,0.7775229357798165,0.7757202239728967,0.8568435603360764,600
6,target_population,2,253,183,0,183,K-Fold,5,LogReg,tweets+numeric+iran,331,True,0.786697247706422,0.7856224817305,0.786697247706422,0.7854409983833898,0.8578155035745912,600
6,target_population,2,253,183,0,183,K-Fold,5,LogReg,tweets+numeric+iran,331,False,0.8027522935779816,0.8106388020336992,0.8027522935779816,0.7967937691131497,0.8573835288019179,600
6,target_population,2,253,183,0,183,K-Fold,5,DecisionTree,tweets+numeric+iran,331,True,0.7431192660550459,0.7427507431580266,0.7431192660550459,0.7429192204891114,0.7355666429080542,600
6,target_population,2,253,183,0,183,K-Fold,5,DecisionTree,tweets+numeric+iran,331,False,0.7477064220183486,0.7465068819893242,0.7477064220183486,0.7468508735070528,0.7380073003736581,600
6,target_population,2,253,183,0,183,K-Fold,5,RandomForest,tweets+numeric+iran,331,True,0.8256880733944955,0.8282306665980167,0.8256880733944955,0.8227844232311575,0.88082895958876,600
6,target_population,2,253,183,0,183,K-Fold,5,RandomForest,tweets+numeric+iran,331,False,0.8325688073394495,0.8391634985966235,0.8325688073394495,0.8285750357713997,0.889436056934275,600
6,target_population,2,253,183,0,183,K-Fold,5,SVM,tweets+numeric+iran,331,True,0.8142201834862385,0.8277451441644642,0.8142201834862385,0.8072983146546691,0.8456122162465711,600
6,target_population,2,253,183,0,183,K-Fold,5,SVM,tweets+numeric+iran,331,False,0.8188073394495413,0.8360711819501402,0.8188073394495413,0.8112676700310609,0.821724011317739,600
6,target_population,2,253,183,0,183,K-Fold,5,AdaBoost,tweets+numeric+iran,331,True,0.8142201834862385,0.8159631295245193,0.8142201834862385,0.8112618438028806,0.8743061405213937,600
6,target_population,2,253,183,0,183,K-Fold,5,AdaBoost,tweets+numeric+iran,331,False,0.8096330275229358,0.8146535021574295,0.8096330275229358,0.8050921639592628,0.8844143502019481,600
6,target_population,2,253,183,0,183,K-Fold,5,XGBoost,tweets+numeric+iran,331,True,0.7912844036697247,0.7902729367942252,0.7912844036697247,0.7900551704611662,0.8659150305622152,600
6,target_population,2,253,183,0,183,K-Fold,5,XGBoost,tweets+numeric+iran,331,False,0.805045871559633,0.8055027700055725,0.805045871559633,0.8024887748680265,0.8545108965636407,600
6,locals_vs_diaspora,3,31,59,510,31,K-Fold,5,LogReg,numeric,11,True,0.625,0.8457649762023417,0.625,0.6995079884975329,0.7673920231446439,600
6,locals_vs_diaspora,3,31,59,510,31,K-Fold,5,LogReg,numeric,11,False,0.885,0.8634996087636932,0.885,0.8547569480635292,0.7626066892838412,600
6,locals_vs_diaspora,3,31,59,510,31,K-Fold,5,DecisionTree,numeric,11,True,0.7916666666666666,0.7973962829210935,0.7916666666666666,0.7943392506314904,0.6128158634970859,600
6,locals_vs_diaspora,3,31,59,510,31,K-Fold,5,DecisionTree,numeric,11,False,0.7833333333333333,0.7908389825998877,0.7833333333333333,0.7870038142234184,0.6081038318171598,600
6,locals_vs_diaspora,3,31,59,510,31,K-Fold,5,RandomForest,numeric,11,True,0.8383333333333334,0.8250682548304492,0.8383333333333334,0.8310164926831592,0.7404932783448914,600
6,locals_vs_diaspora,3,31,59,510,31,K-Fold,5,RandomForest,numeric,11,False,0.885,0.8365058479532164,0.885,0.8517249271743653,0.7327143474196773,600
6,locals_vs_diaspora,3,31,59,510,31,K-Fold,5,SVM,numeric,11,True,0.5983333333333334,0.8528686800604712,0.5983333333333334,0.6843214548328767,0.7395066624291048,600
6,locals_vs_diaspora,3,31,59,510,31,K-Fold,5,SVM,numeric,11,False,0.8766666666666667,0.83217978491924,0.8766666666666667,0.8444853862843061,0.6203521395296065,600
6,locals_vs_diaspora,3,31,59,510,31,K-Fold,5,AdaBoost,numeric,11,True,0.66,0.8363181863811276,0.66,0.7259093409426892,0.7467528582788205,600
6,locals_vs_diaspora,3,31,59,510,31,K-Fold,5,AdaBoost,numeric,11,False,0.8783333333333333,0.8323527568922305,0.8783333333333333,0.8453256704980843,0.7754738405750283,600
6,locals_vs_diaspora,3,31,59,510,31,K-Fold,5,XGBoost,numeric,11,True,0.8433333333333334,0.816684748935941,0.8433333333333334,0.8282263767398573,0.7171635974422067,600
6,locals_vs_diaspora,3,31,59,510,31,K-Fold,5,XGBoost,numeric,11,False,0.865,0.8297011344788363,0.865,0.8386217543012606,0.7151895963644078,600
6,locals_vs_diaspora,3,31,59,510,31,K-Fold,5,LogReg,numeric+iran,31,True,0.7216666666666667,0.8504640164122923,0.7216666666666667,0.7711172229706131,0.7715885215493017,600
6,locals_vs_diaspora,3,31,59,510,31,K-Fold,5,LogReg,numeric+iran,31,False,0.8683333333333333,0.8472023368369044,0.8683333333333333,0.8537835121537248,0.7888078153780184,600
6,locals_vs_diaspora,3,31,59,510,31,K-Fold,5,DecisionTree,numeric+iran,31,True,0.8166666666666667,0.8235036543801484,0.8166666666666667,0.8199163665051639,0.6772599939143701,600
6,locals_vs_diaspora,3,31,59,510,31,K-Fold,5,DecisionTree,numeric+iran,31,False,0.7966666666666666,0.8070075511841233,0.7966666666666666,0.8016938772803162,0.6434220333727853,600
6,locals_vs_diaspora,3,31,59,510,31,K-Fold,5,RandomForest,numeric+iran,31,True,0.8483333333333334,0.8493178585130818,0.8483333333333334,0.8474150881840911,0.8250461042704925,600
6,locals_vs_diaspora,3,31,59,510,31,K-Fold,5,RandomForest,numeric+iran,31,False,0.8816666666666667,0.8340602778689421,0.8816666666666667,0.8551792709930165,0.835784060967952,600
6,locals_vs_diaspora,3,31,59,510,31,K-Fold,5,SVM,numeric+iran,31,True,0.68,0.8499909521726451,0.68,0.7437149303985126,0.7688702041525459,600
6,locals_vs_diaspora,3,31,59,510,31,K-Fold,5,SVM,numeric+iran,31,False,0.8733333333333333,0.8490026780868787,0.8733333333333333,0.8533632452599366,0.7321256809486459,600
6,locals_vs_diaspora,3,31,59,510,31,K-Fold,5,AdaBoost,numeric+iran,31,True,0.7633333333333333,0.8647720831799779,0.7633333333333333,0.8042110880087451,0.8377578898722391,600
6,locals_vs_diaspora,3,31,59,510,31,K-Fold,5,AdaBoost,numeric+iran,31,False,0.875,0.84976526693918,0.875,0.8544770360121449,0.831514252170788,600
6,locals_vs_diaspora,3,31,59,510,31,K-Fold,5,XGBoost,numeric+iran,31,True,0.86,0.845846158488744,0.86,0.8517406332685836,0.799880098474586,600
6,locals_vs_diaspora,3,31,59,510,31,K-Fold,5,XGBoost,numeric+iran,31,False,0.855,0.822797952047952,0.855,0.8351616418745829,0.8082415723412096,600
6,locals_vs_diaspora,3,31,59,510,31,K-Fold,5,LogReg,desc+numeric,311,True,0.73,0.8373427672955974,0.73,0.7730146329910497,0.7511897604766861,600
6,locals_vs_diaspora,3,31,59,510,31,K-Fold,5,LogReg,desc+numeric,311,False,0.8816666666666667,0.8352845259128386,0.8816666666666667,0.8508930784209594,0.7633340382701652,600
6,locals_vs_diaspora,3,31,59,510,31,K-Fold,5,DecisionTree,desc+numeric,311,True,0.7783333333333333,0.7968912485510845,0.7783333333333333,0.7872230514096186,0.6241294318887723,600
6,locals_vs_diaspora,3,31,59,510,31,K-Fold,5,DecisionTree,desc+numeric,311,False,0.8033333333333333,0.8007231040564374,0.8033333333333333,0.8019728660260035,0.632770069674325,600
6,locals_vs_diaspora,3,31,59,510,31,K-Fold,5,RandomForest,desc+numeric,311,True,0.8583333333333333,0.8333277136218313,0.8583333333333333,0.8415656565656565,0.762357242049849,600
6,locals_vs_diaspora,3,31,59,510,31,K-Fold,5,RandomForest,desc+numeric,311,False,0.88,0.8297398192322404,0.88,0.845573578056233,0.7603375599764804,600
6,locals_vs_diaspora,3,31,59,510,31,K-Fold,5,SVM,desc+numeric,311,True,0.74,0.8469163327005553,0.74,0.7843433875234584,0.7030509202259119,600
6,locals_vs_diaspora,3,31,59,510,31,K-Fold,5,SVM,desc+numeric,311,False,0.8733333333333333,0.8303736647577271,0.8733333333333333,0.842944266080883,0.6621985881892339,600
6,locals_vs_diaspora,3,31,59,510,31,K-Fold,5,AdaBoost,desc+numeric,311,True,0.65,0.8181774208465504,0.65,0.7136496163869417,0.7337619228953834,600
6,locals_vs_diaspora,3,31,59,510,31,K-Fold,5,AdaBoost,desc+numeric,311,False,0.8816666666666667,0.8356885090218423,0.8816666666666667,0.8476061413689836,0.7518469019837011,600
6,locals_vs_diaspora,3,31,59,510,31,K-Fold,5,XGBoost,desc+numeric,311,True,0.8566666666666667,0.8296064814814814,0.8566666666666667,0.8402355595574462,0.7231439403646781,600
6,locals_vs_diaspora,3,31,59,510,31,K-Fold,5,XGBoost,desc+numeric,311,False,0.87,0.8408939393939394,0.87,0.8419044241810199,0.7203136717439204,600
6,locals_vs_diaspora,3,31,59,510,31,K-Fold,5,LogReg,desc+numeric+iran,331,True,0.7533333333333333,0.8435756162023247,0.7533333333333333,0.790775059086121,0.7638207387988256,600
6,locals_vs_diaspora,3,31,59,510,31,K-Fold,5,LogReg,desc+numeric+iran,331,False,0.87,0.8476033197831978,0.87,0.8546544647031322,0.7929992373110467,600
6,locals_vs_diaspora,3,31,59,510,31,K-Fold,5,DecisionTree,desc+numeric+iran,331,True,0.845,0.8339075642462739,0.845,0.8389782928853654,0.692471361264425,600
6,locals_vs_diaspora,3,31,59,510,31,K-Fold,5,DecisionTree,desc+numeric+iran,331,False,0.805,0.8102899000605693,0.805,0.8073200140565037,0.6432753249368967,600
6,locals_vs_diaspora,3,31,59,510,31,K-Fold,5,RandomForest,desc+numeric+iran,331,True,0.8566666666666667,0.8498248807910643,0.8566666666666667,0.850252616150254,0.8427546939841419,600
6,locals_vs_diaspora,3,31,59,510,31,K-Fold,5,RandomForest,desc+numeric+iran,331,False,0.8766666666666667,0.8298106060606062,0.8766666666666667,0.8479582289055972,0.8445407629813233,600
6,locals_vs_diaspora,3,31,59,510,31,K-Fold,5,SVM,desc+numeric+iran,331,True,0.7766666666666666,0.8446166413114069,0.7766666666666666,0.8066166019844538,0.7583630408441051,600
6,locals_vs_diaspora,3,31,59,510,31,K-Fold,5,SVM,desc+numeric+iran,331,False,0.8716666666666667,0.8532192013182127,0.8716666666666667,0.858215392447695,0.7687876135054779,600
6,locals_vs_diaspora,3,31,59,510,31,K-Fold,5,AdaBoost,desc+numeric+iran,331,True,0.7683333333333333,0.8592364070773603,0.7683333333333333,0.8050564373897707,0.8295075838461542,600
6,locals_vs_diaspora,3,31,59,510,31,K-Fold,5,AdaBoost,desc+numeric+iran,331,False,0.87,0.8330962066195459,0.87,0.8447164754961146,0.8337448361181286,600
6,locals_vs_diaspora,3,31,59,510,31,K-Fold,5,XGBoost,desc+numeric+iran,331,True,0.8683333333333333,0.8505823211875844,0.8683333333333333,0.8566760875754208,0.8033391001232889,600
6,locals_vs_diaspora,3,31,59,510,31,K-Fold,5,XGBoost,desc+numeric+iran,331,False,0.8616666666666667,0.8294815389924085,0.8616666666666667,0.8382881270261704,0.8099309197699108,600
6,locals_vs_diaspora,3,31,59,510,31,K-Fold,5,LogReg,tweets+numeric+iran,331,True,0.7383333333333333,0.8535221511679545,0.7383333333333333,0.7832230468342324,0.7740225687469824,600
6,locals_vs_diaspora,3,31,59,510,31,K-Fold,5,LogReg,tweets+numeric+iran,331,False,0.8633333333333333,0.8420324856461922,0.8633333333333333,0.8488097858931192,0.7891780333068517,600
6,locals_vs_diaspora,3,31,59,510,31,K-Fold,5,DecisionTree,tweets+numeric+iran,331,True,0.8083333333333333,0.8055730994152047,0.8083333333333333,0.8069322747524847,0.6309113717897491,600
6,locals_vs_diaspora,3,31,59,510,31,K-Fold,5,DecisionTree,tweets+numeric+iran,331,False,0.8,0.8066976971116315,0.8,0.8032780616819079,0.6542147859146907,600
6,locals_vs_diaspora,3,31,59,510,31,K-Fold,5,RandomForest,tweets+numeric+iran,331,True,0.86,0.8688755369789853,0.86,0.8606712662574741,0.8298069074364639,600
6,locals_vs_diaspora,3,31,59,510,31,K-Fold,5,RandomForest,tweets+numeric+iran,331,False,0.8766666666666667,0.8240724707391374,0.8766666666666667,0.8436906059505066,0.838729142129535,600
6,locals_vs_diaspora,3,31,59,510,31,K-Fold,5,SVM,tweets+numeric+iran,331,True,0.7266666666666667,0.845244716766456,0.7266666666666667,0.775492721111616,0.7490289730962947,600
6,locals_vs_diaspora,3,31,59,510,31,K-Fold,5,SVM,tweets+numeric+iran,331,False,0.8633333333333333,0.8383427894843751,0.8633333333333333,0.8461439372190349,0.7356869913827817,600
6,locals_vs_diaspora,3,31,59,510,31,K-Fold,5,AdaBoost,tweets+numeric+iran,331,True,0.8083333333333333,0.8544985452203268,0.8083333333333333,0.8282005430668943,0.7955363027428769,600
6,locals_vs_diaspora,3,31,59,510,31,K-Fold,5,AdaBoost,tweets+numeric+iran,331,False,0.88,0.8615771656389423,0.88,0.863590386173373,0.8292718738566133,600
6,locals_vs_diaspora,3,31,59,510,31,K-Fold,5,XGBoost,tweets+numeric+iran,331,True,0.8516666666666667,0.8402640823697229,0.8516666666666667,0.8452726874890055,0.8051410898162196,600
6,locals_vs_diaspora,3,31,59,510,31,K-Fold,5,XGBoost,tweets+numeric+iran,331,False,0.8583333333333333,0.8302807239057239,0.8583333333333333,0.8404185867895545,0.8074284223215318,600
6,locals_vs_diaspora,2,31,59,0,31,K-Fold,5,LogReg,numeric,11,True,0.7555555555555555,0.7853105469830208,0.7555555555555555,0.7612139917695474,0.8288682340076544,600
6,locals_vs_diaspora,2,31,59,0,31,K-Fold,5,LogReg,numeric,11,False,0.7777777777777778,0.7748885120281389,0.7777777777777778,0.775925925925926,0.8277747402952432,600
6,locals_vs_diaspora,2,31,59,0,31,K-Fold,5,DecisionTree,numeric,11,True,0.6777777777777778,0.6709037378392216,0.6777777777777778,0.6735801777404243,0.6317659923455441,600
6,locals_vs_diaspora,2,31,59,0,31,K-Fold,5,DecisionTree,numeric,11,False,0.7,0.6977777777777777,0.7,0.698801487808238,0.6640240568616731,600
6,locals_vs_diaspora,2,31,59,0,31,K-Fold,5,RandomForest,numeric,11,True,0.7,0.7198380566801619,0.7,0.7057579318448884,0.8083652268999454,600
6,locals_vs_diaspora,2,31,59,0,31,K-Fold,5,RandomForest,numeric,11,False,0.7222222222222222,0.7108730158730159,0.7222222222222222,0.7041090337943963,0.7802077638053582,600
6,locals_vs_diaspora,2,31,59,0,31,K-Fold,5,SVM,numeric,11,True,0.7555555555555555,0.7707178876990198,0.7555555555555555,0.7597922502334268,0.7851284855112083,600
6,locals_vs_diaspora,2,31,59,0,31,K-Fold,5,SVM,numeric,11,False,0.8,0.8036150983519406,0.8,0.8014008620689654,0.7692728266812465,600
6,locals_vs_diaspora,2,31,59,0,31,K-Fold,5,AdaBoost,numeric,11,True,0.7222222222222222,0.7201851851851852,0.7222222222222222,0.7211124887113316,0.8004373974849643,600
6,locals_vs_diaspora,2,31,59,0,31,K-Fold,5,AdaBoost,numeric,11,False,0.7444444444444445,0.7361556743909685,0.7444444444444445,0.7318014493471335,0.7998906506287589,600
6,locals_vs_diaspora,2,31,59,0,31,K-Fold,5,XGBoost,numeric,11,True,0.6666666666666666,0.6617674769172791,0.6666666666666666,0.6638888888888889,0.7042099507927829,600
6,locals_vs_diaspora,2,31,59,0,31,K-Fold,5,XGBoost,numeric,11,False,0.6888888888888889,0.6741221429086452,0.6888888888888889,0.6757201646090535,0.7173318753417169,600
6,locals_vs_diaspora,2,31,59,0,31,K-Fold,5,LogReg,numeric+iran,31,True,0.7444444444444445,0.7567901234567902,0.7444444444444445,0.7483262155300195,0.8523783488244941,600
6,locals_vs_diaspora,2,31,59,0,31,K-Fold,5,LogReg,numeric+iran,31,False,0.7555555555555555,0.7555555555555555,0.7555555555555555,0.7555555555555555,0.8490978676872608,600
6,locals_vs_diaspora,2,31,59,0,31,K-Fold,5,DecisionTree,numeric+iran,31,True,0.7,0.6977777777777777,0.7,0.698801487808238,0.6640240568616731,600
6,locals_vs_diaspora,2,31,59,0,31,K-Fold,5,DecisionTree,numeric+iran,31,False,0.7222222222222222,0.7166538658474142,0.7222222222222222,0.7186036015003657,0.6809732094040459,600
6,locals_vs_diaspora,2,31,59,0,31,K-Fold,5,RandomForest,numeric+iran,31,True,0.7888888888888889,0.8065227170490328,0.7888888888888889,0.7929407668538103,0.8753417167851285,600
6,locals_vs_diaspora,2,31,59,0,31,K-Fold,5,RandomForest,numeric+iran,31,False,0.7555555555555555,0.7499118165784833,0.7555555555555555,0.7511337227561082,0.8376161837069437,600
6,locals_vs_diaspora,2,31,59,0,31,K-Fold,5,SVM,numeric+iran,31,True,0.7,0.7133744855967077,0.7,0.7045568617091533,0.8343357025697102,600
6,locals_vs_diaspora,2,31,59,0,31,K-Fold,5,SVM,numeric+iran,31,False,0.7,0.7133744855967077,0.7,0.7045568617091533,0.8141060688901038,600
6,locals_vs_diaspora,2,31,59,0,31,K-Fold,5,AdaBoost,numeric+iran,31,True,0.7555555555555555,0.7555555555555555,0.7555555555555555,0.7555555555555555,0.8135593220338984,600
6,locals_vs_diaspora,2,31,59,0,31,K-Fold,5,AdaBoost,numeric+iran,31,False,0.7777777777777778,0.7748885120281389,0.7777777777777778,0.775925925925926,0.8080918534718425,600
6,locals_vs_diaspora,2,31,59,0,31,K-Fold,5,XGBoost,numeric+iran,31,True,0.7666666666666667,0.7685704022988504,0.7666666666666667,0.7675213675213673,0.7867687260798251,600
6,locals_vs_diaspora,2,31,59,0,31,K-Fold,5,XGBoost,numeric+iran,31,False,0.7777777777777778,0.7777777777777778,0.7777777777777778,0.7777777777777778,0.7960634226353198,600
6,locals_vs_diaspora,2,31,59,0,31,K-Fold,5,LogReg,desc+numeric,311,True,0.7666666666666667,0.7921666666666667,0.7666666666666667,0.7718223715380971,0.8337889557135046,600
6,locals_vs_diaspora,2,31,59,0,31,K-Fold,5,LogReg,desc+numeric,311,False,0.7777777777777778,0.7748885120281389,0.7777777777777778,0.775925925925926,0.8316019682886824,600
6,locals_vs_diaspora,2,31,59,0,31,K-Fold,5,DecisionTree,desc+numeric,311,True,0.7555555555555555,0.7597377281587807,0.7555555555555555,0.7572677203065135,0.7370147621651176,600
6,locals_vs_diaspora,2,31,59,0,31,K-Fold,5,DecisionTree,desc+numeric,311,False,0.7222222222222222,0.7201851851851852,0.7222222222222222,0.7211124887113316,0.6886276653909239,600
6,locals_vs_diaspora,2,31,59,0,31,K-Fold,5,RandomForest,desc+numeric,311,True,0.6777777777777778,0.6753703703703704,0.6777777777777778,0.6764904869051446,0.7443958447238929,600
6,locals_vs_diaspora,2,31,59,0,31,K-Fold,5,RandomForest,desc+numeric,311,False,0.7111111111111111,0.6988271107529769,0.7111111111111111,0.6843013468013467,0.7490431930016404,600
6,locals_vs_diaspora,2,31,59,0,31,K-Fold,5,SVM,desc+numeric,311,True,0.7666666666666667,0.7730742296918768,0.7666666666666667,0.7690078037904124,0.7862219792236194,600
6,locals_vs_diaspora,2,31,59,0,31,K-Fold,5,SVM,desc+numeric,311,False,0.7666666666666667,0.7649999999999999,0.7666666666666667,0.7657344905175184,0.799617277200656,600
6,locals_vs_diaspora,2,31,59,0,31,K-Fold,5,AdaBoost,desc+numeric,311,True,0.7,0.7023706896551724,0.7,0.701098901098901,0.7605248769819573,600
6,locals_vs_diaspora,2,31,59,0,31,K-Fold,5,AdaBoost,desc+numeric,311,False,0.7111111111111111,0.6988823995962218,0.7111111111111111,0.6988830099941211,0.7566976489885183,600
6,locals_vs_diaspora,2,31,59,0,31,K-Fold,5,XGBoost,desc+numeric,311,True,0.6888888888888889,0.6843916839394509,0.6888888888888889,0.6862962962962963,0.7184253690541279,600
6,locals_vs_diaspora,2,31,59,0,31,K-Fold,5,XGBoost,desc+numeric,311,False,0.6888888888888889,0.6741221429086452,0.6888888888888889,0.6757201646090535,0.7173318753417169,600
6,locals_vs_diaspora,2,31,59,0,31,K-Fold,5,LogReg,desc+numeric+iran,331,True,0.7666666666666667,0.7784979423868312,0.7666666666666667,0.7702108924404526,0.8583925642427557,600
6,locals_vs_diaspora,2,31,59,0,31,K-Fold,5,LogReg,desc+numeric+iran,331,False,0.7555555555555555,0.7555555555555555,0.7555555555555555,0.7555555555555555,0.8589393110989612,600
6,locals_vs_diaspora,2,31,59,0,31,K-Fold,5,DecisionTree,desc+numeric+iran,331,True,0.6888888888888889,0.6995093795093795,0.6888888888888889,0.6928584086478824,0.6708583925642427,600
6,locals_vs_diaspora,2,31,59,0,31,K-Fold,5,DecisionTree,desc+numeric+iran,331,False,0.6777777777777778,0.6753703703703704,0.6777777777777778,0.6764904869051446,0.6394204483324221,600
6,locals_vs_diaspora,2,31,59,0,31,K-Fold,5,RandomForest,desc+numeric+iran,331,True,0.7444444444444445,0.7465038314176246,0.7444444444444445,0.7453805453805453,0.8698742482230726,600
6,locals_vs_diaspora,2,31,59,0,31,K-Fold,5,RandomForest,desc+numeric+iran,331,False,0.7777777777777778,0.7754773406947321,0.7777777777777778,0.765090811965812,0.8171131765992345,600
6,locals_vs_diaspora,2,31,59,0,31,K-Fold,5,SVM,desc+numeric+iran,331,True,0.6888888888888889,0.6939216728690412,0.6888888888888889,0.6910680076628352,0.8193001640240568,600
6,locals_vs_diaspora,2,31,59,0,31,K-Fold,5,SVM,desc+numeric+iran,331,False,0.7333333333333333,0.7333333333333333,0.7333333333333333,0.7333333333333333,0.8264078731547293,600
6,locals_vs_diaspora,2,31,59,0,31,K-Fold,5,AdaBoost,desc+numeric+iran,331,True,0.8,0.8,0.8,0.8,0.8162930563149262,600
6,locals_vs_diaspora,2,31,59,0,31,K-Fold,5,AdaBoost,desc+numeric+iran,331,False,0.7888888888888889,0.7852790578597031,0.7888888888888889,0.786138737140278,0.8255877528704211,600
6,locals_vs_diaspora,2,31,59,0,31,K-Fold,5,XGBoost,desc+numeric+iran,331,True,0.7777777777777778,0.7816764132553605,0.7777777777777778,0.7793342911877393,0.7993439037725535,600
6,locals_vs_diaspora,2,31,59,0,31,K-Fold,5,XGBoost,desc+numeric+iran,331,False,0.7777777777777778,0.7777777777777778,0.7777777777777778,0.7777777777777778,0.7960634226353198,600
6,locals_vs_diaspora,2,31,59,0,31,K-Fold,5,LogReg,tweets+numeric+iran,331,True,0.7666666666666667,0.7784979423868312,0.7666666666666667,0.7702108924404526,0.8556588299617276,600
6,locals_vs_diaspora,2,31,59,0,31,K-Fold,5,LogReg,tweets+numeric+iran,331,False,0.7666666666666667,0.7649999999999999,0.7666666666666667,0.7657344905175184,0.8540185893931109,600
6,locals_vs_diaspora,2,31,59,0,31,K-Fold,5,DecisionTree,tweets+numeric+iran,331,True,0.6777777777777778,0.6753703703703704,0.6777777777777778,0.6764904869051446,0.6394204483324221,600
6,locals_vs_diaspora,2,31,59,0,31,K-Fold,5,DecisionTree,tweets+numeric+iran,331,False,0.8,0.797512719050311,0.8,0.7983333333333332,0.7709130672498633,600
6,locals_vs_diaspora,2,31,59,0,31,K-Fold,5,RandomForest,tweets+numeric+iran,331,True,0.7555555555555555,0.7555555555555555,0.7555555555555555,0.7555555555555555,0.8682340076544559,600
6,locals_vs_diaspora,2,31,59,0,31,K-Fold,5,RandomForest,tweets+numeric+iran,331,False,0.8,0.7963076923076923,0.8,0.7941244239631338,0.8559322033898306,600
6,locals_vs_diaspora,2,31,59,0,31,K-Fold,5,SVM,tweets+numeric+iran,331,True,0.6888888888888889,0.6995093795093795,0.6888888888888889,0.6928584086478824,0.8305084745762712,600
6,locals_vs_diaspora,2,31,59,0,31,K-Fold,5,SVM,tweets+numeric+iran,331,False,0.6666666666666666,0.6777489177489178,0.6666666666666666,0.6709197235513025,0.8037178786221979,600
6,locals_vs_diaspora,2,31,59,0,31,K-Fold,5,AdaBoost,tweets+numeric+iran,331,True,0.8111111111111111,0.8127035440613026,0.8111111111111111,0.8118030118030118,0.8611262985237835,600
6,locals_vs_diaspora,2,31,59,0,31,K-Fold,5,AdaBoost,tweets+numeric+iran,331,False,0.8444444444444444,0.8474924685451002,0.8444444444444444,0.8455340038314176,0.870967741935484,600
6,locals_vs_diaspora,2,31,59,0,31,K-Fold,5,XGBoost,tweets+numeric+iran,331,True,0.7777777777777778,0.7777777777777778,0.7777777777777778,0.7777777777777778,0.8283214871514489,600
6,locals_vs_diaspora,2,31,59,0,31,K-Fold,5,XGBoost,tweets+numeric+iran,331,False,0.7444444444444445,0.7373664529914531,0.7444444444444445,0.7384300860552465,0.8195735374521597,600
6,person_vs_organization,3,77,334,189,77,K-Fold,5,LogReg,numeric,11,True,0.4266666666666667,0.519584850067325,0.4266666666666667,0.4176685804232433,0.6333157421182251,600
6,person_vs_organization,3,77,334,189,77,K-Fold,5,LogReg,numeric,11,False,0.5733333333333334,0.5474988178629512,0.5733333333333334,0.5396938766001417,0.641803429500652,600
6,person_vs_organization,3,77,334,189,77,K-Fold,5,DecisionTree,numeric,11,True,0.51,0.5147968105334912,0.51,0.5122867391362286,0.577441207728257,600
6,person_vs_organization,3,77,334,189,77,K-Fold,5,DecisionTree,numeric,11,False,0.49666666666666665,0.5010410477529746,0.49666666666666665,0.49872108732304127,0.5629483560123599,600
6,person_vs_organization,3,77,334,189,77,K-Fold,5,RandomForest,numeric,11,True,0.555,0.5571845539252888,0.555,0.5557168925155399,0.6778049090658006,600
6,person_vs_organization,3,77,334,189,77,K-Fold,5,RandomForest,numeric,11,False,0.6283333333333333,0.6065550682261208,0.6283333333333333,0.6004310459000265,0.680330809275122,600
6,person_vs_organization,3,77,334,189,77,K-Fold,5,SVM,numeric,11,True,0.42,0.5145848925725139,0.42,0.4128695693240415,0.6184656637126723,600
6,person_vs_organization,3,77,334,189,77,K-Fold,5,SVM,numeric,11,False,0.53,0.44505927922073785,0.53,0.46586004291046823,0.5812493521489871,600
6,person_vs_organization,3,77,334,189,77,K-Fold,5,AdaBoost,numeric,11,True,0.4866666666666667,0.5549707293238956,0.4866666666666667,0.49417806369972833,0.6467932525367468,600
6,person_vs_organization,3,77,334,189,77,K-Fold,5,AdaBoost,numeric,11,False,0.6133333333333333,0.5932409544710504,0.6133333333333333,0.5918600093907027,0.6802479174295689,600
6,person_vs_organization,3,77,334,189,77,K-Fold,5,XGBoost,numeric,11,True,0.5516666666666666,0.5445600014644297,0.5516666666666666,0.5474483376556856,0.659498357349133,600
6,person_vs_organization,3,77,334,189,77,K-Fold,5,XGBoost,numeric,11,False,0.5766666666666667,0.5575434093258458,0.5766666666666667,0.5623462171755615,0.6537922073528528,600
6,person_vs_organization,3,77,334,189,77,K-Fold,5,LogReg,numeric+iran,31,True,0.48833333333333334,0.5851392605110391,0.48833333333333334,0.48746472600205115,0.6805748629761077,600
6,person_vs_organization,3,77,334,189,77,K-Fold,5,LogReg,numeric+iran,31,False,0.5766666666666667,0.5598458977663231,0.5766666666666667,0.5598058193852924,0.685254169597744,600
6,person_vs_organization,3,77,334,189,77,K-Fold,5,DecisionTree,numeric+iran,31,True,0.575,0.5788821899047868,0.575,0.5767937358859005,0.633412754437069,600
6,person_vs_organization,3,77,334,189,77,K-Fold,5,DecisionTree,numeric+iran,31,False,0.5516666666666666,0.5516606882271534,0.5516666666666666,0.5516052953161049,0.6116206326481792,600
6,person_vs_organization,3,77,334,189,77,K-Fold,5,RandomForest,numeric+iran,31,True,0.5983333333333334,0.6050374497991968,0.5983333333333334,0.6001407888446773,0.7271233308279187,600
6,person_vs_organization,3,77,334,189,77,K-Fold,5,RandomForest,numeric+iran,31,False,0.6283333333333333,0.6104530520680065,0.6283333333333333,0.6052552758012528,0.7201329268115227,600
6,person_vs_organization,3,77,334,189,77,K-Fold,5,SVM,numeric+iran,31,True,0.485,0.5940173974388469,0.485,0.4878102565841446,0.6678997551915732,600
6,person_vs_organization,3,77,334,189,77,K-Fold,5,SVM,numeric+iran,31,False,0.5783333333333334,0.5457908389147462,0.5783333333333334,0.5470834262404742,0.6734017401973996,600
6,person_vs_organization,3,77,334,189,77,K-Fold,5,AdaBoost,numeric+iran,31,True,0.545,0.6070166925132969,0.545,0.5579708350601141,0.6855377666956792,600
6,person_vs_organization,3,77,334,189,77,K-Fold,5,AdaBoost,numeric+iran,31,False,0.615,0.594662436695966,0.615,0.5926813697248511,0.7138138461829863,600
6,person_vs_organization,3,77,334,189,77,K-Fold,5,XGBoost,numeric+iran,31,True,0.58,0.5730485193295093,0.58,0.5749533103238691,0.692739893468814,600
6,person_vs_organization,3,77,334,189,77,K-Fold,5,XGBoost,numeric+iran,31,False,0.6083333333333333,0.5950302437815769,0.6083333333333333,0.5968666095760148,0.6950605800088234,600
6,person_vs_organization,3,77,334,189,77,K-Fold,5,LogReg,desc+numeric,311,True,0.5133333333333333,0.5571001344086022,0.5133333333333333,0.5166260861590665,0.6726405730158626,600
6,person_vs_organization,3,77,334,189,77,K-Fold,5,LogReg,desc+numeric,311,False,0.6,0.6005776388623782,0.6,0.5834938343663434,0.67424083319747,600
6,person_vs_organization,3,77,334,189,77,K-Fold,5,DecisionTree,desc+numeric,311,True,0.5183333333333333,0.5313347778754189,0.5183333333333333,0.5230774628661954,0.5890185943428304,600
6,person_vs_organization,3,77,334,189,77,K-Fold,5,DecisionTree,desc+numeric,311,False,0.5416666666666666,0.5398175899131873,0.5416666666666666,0.5396596129652257,0.5940661307005773,600
6,person_vs_organization,3,77,334,189,77,K-Fold,5,RandomForest,desc+numeric,311,True,0.5966666666666667,0.5913506968792366,0.5966666666666667,0.5932378803461522,0.6987763247935985,600
6,person_vs_organization,3,77,334,189,77,K-Fold,5,RandomForest,desc+numeric,311,False,0.6316666666666667,0.6201532763532763,0.6316666666666667,0.6003604441776711,0.7001765400058837,600
6,person_vs_organization,3,77,334,189,77,K-Fold,5,SVM,desc+numeric,311,True,0.5183333333333333,0.549659895781473,0.5183333333333333,0.520275941890166,0.6633224405866798,600
6,person_vs_organization,3,77,334,189,77,K-Fold,5,SVM,desc+numeric,311,False,0.56,0.5614715000747048,0.56,0.5464137103022831,0.6481489220637111,600
6,person_vs_organization,3,77,334,189,77,K-Fold,5,AdaBoost,desc+numeric,311,True,0.51,0.5635832307060755,0.51,0.5176501106249108,0.662325679311233,600
6,person_vs_organization,3,77,334,189,77,K-Fold,5,AdaBoost,desc+numeric,311,False,0.62,0.6051789335684461,0.62,0.6010585698900395,0.6926132460943523,600
6,person_vs_organization,3,77,334,189,77,K-Fold,5,XGBoost,desc+numeric,311,True,0.5583333333333333,0.5480714242465526,0.5583333333333333,0.5520109323274706,0.662662206701198,600
6,person_vs_organization,3,77,334,189,77,K-Fold,5,XGBoost,desc+numeric,311,False,0.5633333333333334,0.5461959675079778,0.5633333333333334,0.5509426612703885,0.6507552252461274,600
6,person_vs_organization,3,77,334,189,77,K-Fold,5,LogReg,desc+numeric+iran,331,True,0.5233333333333333,0.5839193632286662,0.5233333333333333,0.5272046687331627,0.7027979917612578,600
6,person_vs_organization,3,77,334,189,77,K-Fold,5,LogReg,desc+numeric+iran,331,False,0.5983333333333334,0.5902922525503171,0.5983333333333333,0.5879025430627463,0.7035486104457853,600
6,person_vs_organization,3,77,334,189,77,K-Fold,5,DecisionTree,desc+numeric+iran,331,True,0.5533333333333333,0.5599010416666665,0.5533333333333333,0.5562362044194018,0.6154660964703282,600
6,person_vs_organization,3,77,334,189,77,K-Fold,5,DecisionTree,desc+numeric+iran,331,False,0.55,0.5428646086998042,0.55,0.5460281442525174,0.6017830825686007,600
6,person_vs_organization,3,77,334,189,77,K-Fold,5,RandomForest,desc+numeric+iran,331,True,0.5983333333333334,0.6067344724403548,0.5983333333333334,0.6006765810353037,0.7355774174338071,600
6,person_vs_organization,3,77,334,189,77,K-Fold,5,RandomForest,desc+numeric+iran,331,False,0.64,0.6364282871961848,0.64,0.6072833335347748,0.7355665096462713,600
6,person_vs_organization,3,77,334,189,77,K-Fold,5,SVM,desc+numeric+iran,331,True,0.5333333333333333,0.5757661383117791,0.5333333333333333,0.5381142729466641,0.6807372383333969,600
6,person_vs_organization,3,77,334,189,77,K-Fold,5,SVM,desc+numeric+iran,331,False,0.5933333333333334,0.595326941986234,0.5933333333333334,0.5847898988387299,0.6953891843955815,600
6,person_vs_organization,3,77,334,189,77,K-Fold,5,AdaBoost,desc+numeric+iran,331,True,0.535,0.5993617194291251,0.535,0.5480797864216368,0.6929801725059743,600
6,person_vs_organization,3,77,334,189,77,K-Fold,5,AdaBoost,desc+numeric+iran,331,False,0.615,0.6001480290126874,0.615,0.5959231693989071,0.7103953288436416,600
6,person_vs_organization,3,77,334,189,77,K-Fold,5,XGBoost,desc+numeric+iran,331,True,0.6016666666666667,0.5960005734871249,0.6016666666666667,0.5972556098773137,0.6994104176844768,600
6,person_vs_organization,3,77,334,189,77,K-Fold,5,XGBoost,desc+numeric+iran,331,False,0.6066666666666667,0.5931822849807445,0.6066666666666667,0.5963107903068787,0.6970433554122987,600
6,person_vs_organization,3,77,334,189,77,K-Fold,5,LogReg,tweets+numeric+iran,331,True,0.49833333333333335,0.587670567647309,0.49833333333333335,0.500921472412428,0.6787922459461239,600
6,person_vs_organization,3,77,334,189,77,K-Fold,5,LogReg,tweets+numeric+iran,331,False,0.575,0.5588998949608868,0.575,0.5578743373302797,0.6824498280191741,600
6,person_vs_organization,3,77,334,189,77,K-Fold,5,DecisionTree,tweets+numeric+iran,331,True,0.5383333333333333,0.536143720190779,0.5383333333333333,0.5371874129161269,0.5935277895510573,600
6,person_vs_organization,3,77,334,189,77,K-Fold,5,DecisionTree,tweets+numeric+iran,331,False,0.55,0.5581430660664861,0.55,0.553641515185575,0.6152592930876409,600
6,person_vs_organization,3,77,334,189,77,K-Fold,5,RandomForest,tweets+numeric+iran,331,True,0.6083333333333333,0.6161188359771473,0.6083333333333333,0.6112462988352131,0.7301134794174916,600
6,person_vs_organization,3,77,334,189,77,K-Fold,5,RandomForest,tweets+numeric+iran,331,False,0.6283333333333333,0.607945111847556,0.6283333333333333,0.6023313812132401,0.7210855185257202,600
6,person_vs_organization,3,77,334,189,77,K-Fold,5,SVM,tweets+numeric+iran,331,True,0.4866666666666667,0.6016983197045324,0.4866666666666667,0.4907216869506423,0.6619729352853693,600
6,person_vs_organization,3,77,334,189,77,K-Fold,5,SVM,tweets+numeric+iran,331,False,0.575,0.5579990053050398,0.575,0.5435698546647914,0.6680397307113135,600
6,person_vs_organization,3,77,334,189,77,K-Fold,5,AdaBoost,tweets+numeric+iran,331,True,0.5166666666666667,0.5779040891570303,0.5166666666666667,0.5281262950196586,0.683679187585881,600
6,person_vs_organization,3,77,334,189,77,K-Fold,5,AdaBoost,tweets+numeric+iran,331,False,0.6333333333333333,0.6134573580351406,0.6333333333333333,0.6086059697947009,0.7041604891490706,600
6,person_vs_organization,3,77,334,189,77,K-Fold,5,XGBoost,tweets+numeric+iran,331,True,0.5916666666666667,0.5802951504701775,0.5916666666666667,0.5834449366546824,0.7000894268464376,600
6,person_vs_organization,3,77,334,189,77,K-Fold,5,XGBoost,tweets+numeric+iran,331,False,0.6033333333333334,0.5878469221598093,0.6033333333333334,0.5892826473145821,0.6938367202601275,600
6,person_vs_organization,2,77,334,0,77,K-Fold,5,LogReg,numeric,11,True,0.6472019464720195,0.7938093774811809,0.6472019464720195,0.6856477474291509,0.7259118127381602,600
6,person_vs_organization,2,77,334,0,77,K-Fold,5,LogReg,numeric,11,False,0.8150851581508516,0.7723590780914749,0.8150851581508516,0.7666118718706643,0.7305389221556886,600
6,person_vs_organization,2,77,334,0,77,K-Fold,5,DecisionTree,numeric,11,True,0.7445255474452555,0.745798858937545,0.7445255474452555,0.745158148498155,0.5829963449723929,600
6,person_vs_organization,2,77,334,0,77,K-Fold,5,DecisionTree,numeric,11,False,0.7469586374695864,0.7642534624742654,0.7469586374695864,0.7547936337864684,0.6194688544987947,600
6,person_vs_organization,2,77,334,0,77,K-Fold,5,RandomForest,numeric,11,True,0.8004866180048662,0.8004866180048662,0.8004866180048662,0.8004866180048662,0.7699471187495139,600
6,person_vs_organization,2,77,334,0,77,K-Fold,5,RandomForest,numeric,11,False,0.8369829683698297,0.8153246823465802,0.8369829683698297,0.8121225505751367,0.752430204526013,600
6,person_vs_organization,2,77,334,0,77,K-Fold,5,SVM,numeric,11,True,0.6472019464720195,0.7938093774811809,0.6472019464720195,0.6856477474291509,0.716307644451357,600
6,person_vs_organization,2,77,334,0,77,K-Fold,5,SVM,numeric,11,False,0.805352798053528,0.6592839082104861,0.805352798053528,0.7250345944740657,0.5346838789952563,600
6,person_vs_organization,2,77,334,0,77,K-Fold,5,AdaBoost,numeric,11,True,0.7055961070559611,0.7816870350610645,0.7055961070559611,0.7316291379784798,0.7339412084921068,600
6,person_vs_organization,2,77,334,0,77,K-Fold,5,AdaBoost,numeric,11,False,0.8199513381995134,0.7900678304285002,0.8199513381995134,0.7934499740629564,0.7372851699199005,600
6,person_vs_organization,2,77,334,0,77,K-Fold,5,XGBoost,numeric,11,True,0.7931873479318735,0.7736947007979023,0.7931873479318735,0.7814937197314826,0.7423594369702153,600
6,person_vs_organization,2,77,334,0,77,K-Fold,5,XGBoost,numeric,11,False,0.8175182481751825,0.7952661908324403,0.8175182481751825,0.8016651912104433,0.7545687845089044,600
6,person_vs_organization,2,77,334,0,77,K-Fold,5,LogReg,numeric+iran,31,True,0.6958637469586375,0.8072027231325666,0.6958637469586375,0.7272948711266584,0.7272338440003111,600
6,person_vs_organization,2,77,334,0,77,K-Fold,5,LogReg,numeric+iran,31,False,0.8077858880778589,0.7693256783439043,0.8077858880778589,0.7763676084843968,0.7301889727039428,600
6,person_vs_organization,2,77,334,0,77,K-Fold,5,DecisionTree,numeric+iran,31,True,0.7591240875912408,0.7674743483857527,0.7591240875912408,0.763085080691431,0.6219573839334318,600
6,person_vs_organization,2,77,334,0,77,K-Fold,5,DecisionTree,numeric+iran,31,False,0.7956204379562044,0.7997274720713489,0.7956204379562044,0.7975919199295566,0.6743914767866864,600
6,person_vs_organization,2,77,334,0,77,K-Fold,5,RandomForest,numeric+iran,31,True,0.7980535279805353,0.803139225455219,0.7980535279805353,0.8004672995234982,0.7862003266194884,600
6,person_vs_organization,2,77,334,0,77,K-Fold,5,RandomForest,numeric+iran,31,False,0.8540145985401459,0.842788913348524,0.8540145985401459,0.8293283031247437,0.7961738859942453,600
6,person_vs_organization,2,77,334,0,77,K-Fold,5,SVM,numeric+iran,31,True,0.656934306569343,0.8163055402942382,0.656934306569343,0.6945784957884359,0.7032039816470954,600
6,person_vs_organization,2,77,334,0,77,K-Fold,5,SVM,numeric+iran,31,False,0.8150851581508516,0.7728674327286742,0.8150851581508516,0.7468069814518096,0.5906757912745937,600
6,person_vs_organization,2,77,334,0,77,K-Fold,5,AdaBoost,numeric+iran,31,True,0.7591240875912408,0.8186849930991306,0.7591240875912408,0.7786614575687995,0.798604090520258,600
6,person_vs_organization,2,77,334,0,77,K-Fold,5,AdaBoost,numeric+iran,31,False,0.8126520681265207,0.7845389393848989,0.8126520681265207,0.7915143816098658,0.796504393809783,600
6,person_vs_organization,2,77,334,0,77,K-Fold,5,XGBoost,numeric+iran,31,True,0.8126520681265207,0.7958237698420905,0.8126520681265207,0.8020590166979313,0.785014386810794,600
6,person_vs_organization,2,77,334,0,77,K-Fold,5,XGBoost,numeric+iran,31,False,0.8126520681265207,0.7892681184328474,0.8126520681265207,0.7963762629760551,0.7792596624931956,600
6,person_vs_organization,2,77,334,0,77,K-Fold,5,LogReg,desc+numeric,311,True,0.7299270072992701,0.7900319471256202,0.7299270072992701,0.7512825519428494,0.7543354848744069,600
6,person_vs_organization,2,77,334,0,77,K-Fold,5,LogReg,desc+numeric,311,False,0.8345498783454988,0.813729687480302,0.8345498783454988,0.7983509056501759,0.759584726650595,600
6,person_vs_organization,2,77,334,0,77,K-Fold,5,DecisionTree,desc+numeric,311,True,0.7591240875912408,0.7816651701231992,0.7591240875912408,0.7688254589844239,0.651936386966327,600
6,person_vs_organization,2,77,334,0,77,K-Fold,5,DecisionTree,desc+numeric,311,False,0.7761557177615572,0.7625762842420367,0.7761557177615572,0.7686726052608769,0.6024574228167042,600
6,person_vs_organization,2,77,334,0,77,K-Fold,5,RandomForest,desc+numeric,311,True,0.8272506082725061,0.8152650705290256,0.8272506082725061,0.8198265531807275,0.7829341317365269,600
6,person_vs_organization,2,77,334,0,77,K-Fold,5,RandomForest,desc+numeric,311,False,0.8442822384428224,0.8392912845467588,0.8442822384428224,0.805813683298863,0.7792013375845711,600
6,person_vs_organization,2,77,334,0,77,K-Fold,5,SVM,desc+numeric,311,True,0.7956204379562044,0.7915545723534156,0.7956204379562044,0.7935036496350365,0.7430010109650829,600
6,person_vs_organization,2,77,334,0,77,K-Fold,5,SVM,desc+numeric,311,False,0.8394160583941606,0.821745178877174,0.8394160583941606,0.8064055122235794,0.7236954662104365,600
6,person_vs_organization,2,77,334,0,77,K-Fold,5,AdaBoost,desc+numeric,311,True,0.7177615571776156,0.7857901603319243,0.7177615571776156,0.7414712233647816,0.7590403608367681,600
6,person_vs_organization,2,77,334,0,77,K-Fold,5,AdaBoost,desc+numeric,311,False,0.8345498783454988,0.8115416472537144,0.8345498783454988,0.8084215756828073,0.7381406019130571,600
6,person_vs_organization,2,77,334,0,77,K-Fold,5,XGBoost,desc+numeric,311,True,0.7956204379562044,0.781492668102283,0.7956204379562044,0.7874991972943469,0.7534022863364181,600
6,person_vs_organization,2,77,334,0,77,K-Fold,5,XGBoost,desc+numeric,311,False,0.8102189781021898,0.7854348740343013,0.8102189781021898,0.7929496322398412,0.7469476631153279,600
6,person_vs_organization,2,77,334,0,77,K-Fold,5,LogReg,desc+numeric+iran,331,True,0.7493917274939172,0.8100083948720138,0.7493917274939172,0.7697184861574377,0.7510304067190294,600
6,person_vs_organization,2,77,334,0,77,K-Fold,5,LogReg,desc+numeric+iran,331,False,0.8150851581508516,0.7828315063179813,0.8150851581508516,0.7878675409295229,0.7497472587292947,600
6,person_vs_organization,2,77,334,0,77,K-Fold,5,DecisionTree,desc+numeric+iran,331,True,0.7737226277372263,0.7929658238954947,0.7737226277372263,0.7820158669179029,0.6709114239054359,600
6,person_vs_organization,2,77,334,0,77,K-Fold,5,DecisionTree,desc+numeric+iran,331,False,0.7931873479318735,0.7778132729907216,0.7931873479318735,0.7842993946529837,0.622929465743837,600
6,person_vs_organization,2,77,334,0,77,K-Fold,5,RandomForest,desc+numeric+iran,331,True,0.8102189781021898,0.8064666906090456,0.8102189781021898,0.8082533889468195,0.8065362780931643,600
6,person_vs_organization,2,77,334,0,77,K-Fold,5,RandomForest,desc+numeric+iran,331,False,0.8564476885644768,0.8638908174306819,0.8564476885644768,0.8220321966573897,0.798020841434015,600
6,person_vs_organization,2,77,334,0,77,K-Fold,5,SVM,desc+numeric+iran,331,True,0.7907542579075426,0.7907542579075426,0.7907542579075426,0.7907542579075426,0.7469476631153278,600
6,person_vs_organization,2,77,334,0,77,K-Fold,5,SVM,desc+numeric+iran,331,False,0.8199513381995134,0.788999327017653,0.8199513381995134,0.7915175970665844,0.7260284625554086,600
6,person_vs_organization,2,77,334,0,77,K-Fold,5,AdaBoost,desc+numeric+iran,331,True,0.7664233576642335,0.8162272008093309,0.7664233576642335,0.7836137883244993,0.8000427715996579,600
6,person_vs_organization,2,77,334,0,77,K-Fold,5,AdaBoost,desc+numeric+iran,331,False,0.8199513381995134,0.788999327017653,0.8199513381995134,0.7915175970665844,0.7882222567851311,600
6,person_vs_organization,2,77,334,0,77,K-Fold,5,XGBoost,desc+numeric+iran,331,True,0.8126520681265207,0.8009388782543454,0.8126520681265207,0.8058036574572306,0.780309510848433,600
6,person_vs_organization,2,77,334,0,77,K-Fold,5,XGBoost,desc+numeric+iran,331,False,0.8345498783454988,0.815776486018854,0.8345498783454988,0.8194945511834513,0.7959794696321643,600
6,person_vs_organization,2,77,334,0,77,K-Fold,5,LogReg,tweets+numeric+iran,331,True,0.6982968369829684,0.8109152397129259,0.6982968369829684,0.7296024451661002,0.7235010498483553,600
6,person_vs_organization,2,77,334,0,77,K-Fold,5,LogReg,tweets+numeric+iran,331,False,0.8077858880778589,0.7693256783439043,0.8077858880778589,0.7763676084843968,0.7269616610933977,600
6,person_vs_organization,2,77,334,0,77,K-Fold,5,DecisionTree,tweets+numeric+iran,331,True,0.7761557177615572,0.7739166956320241,0.7761557177615572,0.7750171539536279,0.627439925344117,600
6,person_vs_organization,2,77,334,0,77,K-Fold,5,DecisionTree,tweets+numeric+iran,331,False,0.7858880778588808,0.7880296943108291,0.7858880778588808,0.7869391008077139,0.653413951318143,600
6,person_vs_organization,2,77,334,0,77,K-Fold,5,RandomForest,tweets+numeric+iran,331,True,0.7931873479318735,0.796297807278688,0.7931873479318735,0.7946967702859361,0.7761490006998989,600
6,person_vs_organization,2,77,334,0,77,K-Fold,5,RandomForest,tweets+numeric+iran,331,False,0.8394160583941606,0.8205979365955804,0.8394160583941606,0.8084401320593144,0.77972626176219,600
6,person_vs_organization,2,77,334,0,77,K-Fold,5,SVM,tweets+numeric+iran,331,True,0.6496350364963503,0.8145493425298778,0.6496350364963503,0.6881075239692993,0.7034761645540089,600
6,person_vs_organization,2,77,334,0,77,K-Fold,5,SVM,tweets+numeric+iran,331,False,0.8175182481751825,0.7845560667258337,0.8175182481751825,0.7519943512073887,0.6050237187961739,600
6,person_vs_organization,2,77,334,0,77,K-Fold,5,AdaBoost,tweets+numeric+iran,331,True,0.7420924574209246,0.8155380811891972,0.7420924574209246,0.7651110845199633,0.7916439847577572,600
6,person_vs_organization,2,77,334,0,77,K-Fold,5,AdaBoost,tweets+numeric+iran,331,False,0.8102189781021898,0.7837746971152779,0.8102189781021898,0.7913399851437354,0.79028307022319,600
6,person_vs_organization,2,77,334,0,77,K-Fold,5,XGBoost,tweets+numeric+iran,331,True,0.829683698296837,0.8172353943372251,0.829683698296837,0.8218022930311426,0.8107551131503228,600
6,person_vs_organization,2,77,334,0,77,K-Fold,5,XGBoost,tweets+numeric+iran,331,False,0.8272506082725061,0.804995732310827,0.8272506082725061,0.8093120134233829,0.803289524846411,600
7,target_population,3,270,196,174,174,K-Fold,5,LogReg,numeric,11,True,0.553125,0.5768494438476665,0.553125,0.5503191757837506,0.7346697079321812,640
7,target_population,3,270,196,174,174,K-Fold,5,LogReg,numeric,11,False,0.565625,0.5787368009979734,0.565625,0.5539126176019777,0.7336843083024011,640
7,target_population,3,270,196,174,174,K-Fold,5,DecisionTree,numeric,11,True,0.4875,0.48949824514064677,0.4875,0.488224932825876,0.6095831883385532,640
7,target_population,3,270,196,174,174,K-Fold,5,DecisionTree,numeric,11,False,0.5,0.5001092068726136,0.5,0.5000319014109117,0.6155424738042765,640
7,target_population,3,270,196,174,174,K-Fold,5,RandomForest,numeric,11,True,0.5625,0.5615744148498469,0.5625,0.5614507434622897,0.718281095943046,640
7,target_population,3,270,196,174,174,K-Fold,5,RandomForest,numeric,11,False,0.596875,0.5968890619496301,0.596875,0.5906483241460946,0.726902257508313,640
7,target_population,3,270,196,174,174,K-Fold,5,SVM,numeric,11,True,0.5546875,0.5805199918615866,0.5546875,0.551213852217826,0.7268719883375866,640
7,target_population,3,270,196,174,174,K-Fold,5,SVM,numeric,11,False,0.5703125,0.62017501780345,0.5703125,0.5517281312533863,0.7062378174177396,640
7,target_population,3,270,196,174,174,K-Fold,5,AdaBoost,numeric,11,True,0.546875,0.5540934373825529,0.546875,0.5476773652101483,0.7195970172157136,640
7,target_population,3,270,196,174,174,K-Fold,5,AdaBoost,numeric,11,False,0.5796875,0.585161654521342,0.5796875,0.5676874430659915,0.7263798866261647,640
7,target_population,3,270,196,174,174,K-Fold,5,XGBoost,numeric,11,True,0.5578125,0.5548947368421053,0.5578125,0.5548682127382359,0.7201102292609132,640
7,target_population,3,270,196,174,174,K-Fold,5,XGBoost,numeric,11,False,0.5625,0.5589320487529942,0.5625,0.5590770485301736,0.7210232311845106,640
7,target_population,3,270,196,174,174,K-Fold,5,LogReg,numeric+iran,31,True,0.640625,0.6615308470452056,0.640625,0.645579763651835,0.8016244641234582,640
7,target_population,3,270,196,174,174,K-Fold,5,LogReg,numeric+iran,31,False,0.6625,0.6683142210203685,0.6625,0.6632101502009942,0.8019657274629779,640
7,target_population,3,270,196,174,174,K-Fold,5,DecisionTree,numeric+iran,31,True,0.565625,0.5684630908847876,0.565625,0.5667050589079852,0.6708821482426633,640
7,target_population,3,270,196,174,174,K-Fold,5,DecisionTree,numeric+iran,31,False,0.5765625,0.5775136265063748,0.5765625,0.576979749059753,0.6775325754939489,640
7,target_population,3,270,196,174,174,K-Fold,5,RandomForest,numeric+iran,31,True,0.66875,0.6660609869499432,0.66875,0.6665978260719683,0.8073315115343347,640
7,target_population,3,270,196,174,174,K-Fold,5,RandomForest,numeric+iran,31,False,0.678125,0.6778430606600534,0.678125,0.6733677145069378,0.810185431709875,640
7,target_population,3,270,196,174,174,K-Fold,5,SVM,numeric+iran,31,True,0.64375,0.6612167662257621,0.64375,0.64822493236699,0.8002073576392916,640
7,target_population,3,270,196,174,174,K-Fold,5,SVM,numeric+iran,31,False,0.6484375,0.6542879136767846,0.6484375,0.6497565073192954,0.7963198784218768,640
7,target_population,3,270,196,174,174,K-Fold,5,AdaBoost,numeric+iran,31,True,0.646875,0.6560356841927873,0.646875,0.649453079628179,0.8027574442736729,640
7,target_population,3,270,196,174,174,K-Fold,5,AdaBoost,numeric+iran,31,False,0.671875,0.6773485933288409,0.671875,0.6673876630620809,0.7983003726969995,640
7,target_population,3,270,196,174,174,K-Fold,5,XGBoost,numeric+iran,31,True,0.6421875,0.6394888378842942,0.6421875,0.6400709368169567,0.7968698677889262,640
7,target_population,3,270,196,174,174,K-Fold,5,XGBoost,numeric+iran,31,False,0.6359375,0.6324304933195299,0.6359375,0.6328093779505083,0.7947527627547075,640
7,target_population,3,270,196,174,174,K-Fold,5,LogReg,desc+numeric,311,True,0.5671875,0.5882635499454038,0.5671875,0.5661534887840234,0.743162478129954,640
7,target_population,3,270,196,174,174,K-Fold,5,LogReg,desc+numeric,311,False,0.584375,0.5948520109562979,0.584375,0.5752335081596115,0.7428178950141128,640
7,target_population,3,270,196,174,174,K-Fold,5,DecisionTree,desc+numeric,311,True,0.5,0.5000479137406366,0.5,0.4999921289245548,0.6167623632215907,640
7,target_population,3,270,196,174,174,K-Fold,5,DecisionTree,desc+numeric,311,False,0.5265625,0.5255044628816441,0.5265625,0.5258451576900777,0.6371766616401809,640
7,target_population,3,270,196,174,174,K-Fold,5,RandomForest,desc+numeric,311,True,0.5640625,0.5642464169356767,0.5640625,0.5639591653202036,0.7338851623216565,640
7,target_population,3,270,196,174,174,K-Fold,5,RandomForest,desc+numeric,311,False,0.590625,0.5941968826732414,0.590625,0.5849395317936027,0.7420721264451146,640
7,target_population,3,270,196,174,174,K-Fold,5,SVM,desc+numeric,311,True,0.559375,0.5898456141573275,0.559375,0.5561871751812187,0.7339038485239529,640
7,target_population,3,270,196,174,174,K-Fold,5,SVM,desc+numeric,311,False,0.571875,0.6013776161832565,0.571875,0.5639414016489989,0.7345223569868151,640
7,target_population,3,270,196,174,174,K-Fold,5,AdaBoost,desc+numeric,311,True,0.5359375,0.5387144996586248,0.5359375,0.5362723339033822,0.7188973977665972,640
7,target_population,3,270,196,174,174,K-Fold,5,AdaBoost,desc+numeric,311,False,0.559375,0.5641179060813722,0.559375,0.5490720782675803,0.7193605216670532,640
7,target_population,3,270,196,174,174,K-Fold,5,XGBoost,desc+numeric,311,True,0.5546875,0.5524480438926384,0.5546875,0.5527418524453938,0.7259191037872637,640
7,target_population,3,270,196,174,174,K-Fold,5,XGBoost,desc+numeric,311,False,0.5703125,0.5678387763608508,0.5703125,0.5670151295167536,0.720639022203534,640
7,target_population,3,270,196,174,174,K-Fold,5,LogReg,desc+numeric+iran,331,True,0.64375,0.6629571605041084,0.64375,0.6478934082057117,0.8040243301241154,640
7,target_population,3,270,196,174,174,K-Fold,5,LogReg,desc+numeric+iran,331,False,0.659375,0.6647421328671329,0.659375,0.6600178921444699,0.8044124962543016,640
7,target_population,3,270,196,174,174,K-Fold,5,DecisionTree,desc+numeric+iran,331,True,0.571875,0.5721645332407241,0.571875,0.5719759669554054,0.6743794223407957,640
7,target_population,3,270,196,174,174,K-Fold,5,DecisionTree,desc+numeric+iran,331,False,0.59375,0.5927718853456765,0.59375,0.5930741902575751,0.6880369640026291,640
7,target_population,3,270,196,174,174,K-Fold,5,RandomForest,desc+numeric+iran,331,True,0.665625,0.6639622890924416,0.665625,0.6644915309873949,0.8124104536403356,640
7,target_population,3,270,196,174,174,K-Fold,5,RandomForest,desc+numeric+iran,331,False,0.665625,0.665606409924649,0.665625,0.6601542660296384,0.8145296263605342,640
7,target_population,3,270,196,174,174,K-Fold,5,SVM,desc+numeric+iran,331,True,0.6484375,0.6702917206650127,0.6484375,0.6523430131443986,0.798350497090438,640
7,target_population,3,270,196,174,174,K-Fold,5,SVM,desc+numeric+iran,331,False,0.6515625,0.6626718638706954,0.6515625,0.6535135729688806,0.7987936555117349,640
7,target_population,3,270,196,174,174,K-Fold,5,AdaBoost,desc+numeric+iran,331,True,0.640625,0.6559539666934548,0.640625,0.6437942347359735,0.7972031790709699,640
7,target_population,3,270,196,174,174,K-Fold,5,AdaBoost,desc+numeric+iran,331,False,0.6609375,0.6633695183707831,0.6609375,0.6581289611733767,0.7957401726767003,640
7,target_population,3,270,196,174,174,K-Fold,5,XGBoost,desc+numeric+iran,331,True,0.65,0.6460936082307758,0.65,0.6466484401935894,0.7979788633859182,640
7,target_population,3,270,196,174,174,K-Fold,5,XGBoost,desc+numeric+iran,331,False,0.65,0.6469021934191637,0.65,0.6461203618971532,0.7970261449754474,640
7,target_population,3,270,196,174,174,K-Fold,5,LogReg,tweets+numeric+iran,331,True,0.6640625,0.6922085192175704,0.6640625,0.6711952108976101,0.8147206524523452,640
7,target_population,3,270,196,174,174,K-Fold,5,LogReg,tweets+numeric+iran,331,False,0.68125,0.6935060145531354,0.68125,0.6828401997472009,0.815391165709701,640
7,target_population,3,270,196,174,174,K-Fold,5,DecisionTree,tweets+numeric+iran,331,True,0.5921875,0.5948966705535007,0.5921875,0.5931141135567809,0.6901857866450141,640
7,target_population,3,270,196,174,174,K-Fold,5,DecisionTree,tweets+numeric+iran,331,False,0.590625,0.5929826191285145,0.590625,0.591673656623621,0.6902389513977498,640
7,target_population,3,270,196,174,174,K-Fold,5,RandomForest,tweets+numeric+iran,331,True,0.6875,0.6867288507159196,0.6875,0.6864248768544419,0.8251537714954761,640
7,target_population,3,270,196,174,174,K-Fold,5,RandomForest,tweets+numeric+iran,331,False,0.7,0.6991198545506885,0.7,0.6958964270192641,0.8269383778225651,640
7,target_population,3,270,196,174,174,K-Fold,5,SVM,tweets+numeric+iran,331,True,0.675,0.7013616891064871,0.675,0.681443641400778,0.8149610326528245,640
7,target_population,3,270,196,174,174,K-Fold,5,SVM,tweets+numeric+iran,331,False,0.675,0.6926574352579955,0.675,0.6777719037176274,0.8097374537224994,640
7,target_population,3,270,196,174,174,K-Fold,5,AdaBoost,tweets+numeric+iran,331,True,0.6671875,0.6851210513338829,0.6671875,0.6722689586893413,0.8149463307862582,640
7,target_population,3,270,196,174,174,K-Fold,5,AdaBoost,tweets+numeric+iran,331,False,0.684375,0.6958065906696044,0.684375,0.6781821884619084,0.80743567064919,640
7,target_population,3,270,196,174,174,K-Fold,5,XGBoost,tweets+numeric+iran,331,True,0.6703125,0.6677339278195333,0.6703125,0.6679710668965749,0.81233592028187,640
7,target_population,3,270,196,174,174,K-Fold,5,XGBoost,tweets+numeric+iran,331,False,0.678125,0.6734036514553712,0.678125,0.6736677273846252,0.8138385736863473,640
7,target_population,2,270,196,0,196,K-Fold,5,LogReg,numeric,11,True,0.6781115879828327,0.6806677842345994,0.6781115879828327,0.6790784920647391,0.743442932728647,640
7,target_population,2,270,196,0,196,K-Fold,5,LogReg,numeric,11,False,0.7060085836909872,0.7051901283068961,0.7060085836909872,0.6972380418025542,0.7428004535147393,640
7,target_population,2,270,196,0,196,K-Fold,5,DecisionTree,numeric,11,True,0.6244635193133047,0.6232000702710542,0.6244635193133047,0.6237602174624585,0.6130007558578987,640
7,target_population,2,270,196,0,196,K-Fold,5,DecisionTree,numeric,11,False,0.6180257510729614,0.6255493276743146,0.6180257510729614,0.6201611169547091,0.6165343915343916,640
7,target_population,2,270,196,0,196,K-Fold,5,RandomForest,numeric,11,True,0.6888412017167382,0.6871483770279284,0.6888412017167382,0.6877357708963164,0.7303571428571429,640
7,target_population,2,270,196,0,196,K-Fold,5,RandomForest,numeric,11,False,0.7081545064377682,0.7061097562274359,0.7081545064377682,0.7016360138307749,0.7349678760393046,640
7,target_population,2,270,196,0,196,K-Fold,5,SVM,numeric,11,True,0.6695278969957081,0.6807973913676028,0.6695278969957081,0.6716129331815986,0.724092970521542,640
7,target_population,2,270,196,0,196,K-Fold,5,SVM,numeric,11,False,0.6802575107296137,0.7082880923651269,0.6802575107296137,0.6443646767257141,0.6540438397581254,640
7,target_population,2,270,196,0,196,K-Fold,5,AdaBoost,numeric,11,True,0.6952789699570815,0.6977486241413905,0.6952789699570815,0.6961943058212863,0.7523904006046862,640
7,target_population,2,270,196,0,196,K-Fold,5,AdaBoost,numeric,11,False,0.7253218884120172,0.7276743436297325,0.7253218884120172,0.7158655144789181,0.7630196523053665,640
7,target_population,2,270,196,0,196,K-Fold,5,XGBoost,numeric,11,True,0.6845493562231759,0.685239623395465,0.6845493562231759,0.6848661230106472,0.7259826152683295,640
7,target_population,2,270,196,0,196,K-Fold,5,XGBoost,numeric,11,False,0.6781115879828327,0.6768711758870959,0.6781115879828327,0.6773784822218187,0.7277777777777776,640
7,target_population,2,270,196,0,196,K-Fold,5,LogReg,numeric+iran,31,True,0.7703862660944206,0.769095988950292,0.7703862660944206,0.768685667907218,0.8520597127739985,640
7,target_population,2,270,196,0,196,K-Fold,5,LogReg,numeric+iran,31,False,0.7918454935622318,0.7969839329871163,0.7918454935622318,0.7863543859882804,0.8520786092214665,640
7,target_population,2,270,196,0,196,K-Fold,5,DecisionTree,numeric+iran,31,True,0.7381974248927039,0.7428617269377769,0.7381974248927039,0.7394304731858921,0.7377173091458805,640
7,target_population,2,270,196,0,196,K-Fold,5,DecisionTree,numeric+iran,31,False,0.740343347639485,0.7434247781225427,0.740343347639485,0.7413080803465006,0.7381708238851097,640
7,target_population,2,270,196,0,196,K-Fold,5,RandomForest,numeric+iran,31,True,0.7939914163090128,0.7935012739784677,0.7939914163090128,0.7936869008919438,0.8703892668178383,640
7,target_population,2,270,196,0,196,K-Fold,5,RandomForest,numeric+iran,31,False,0.7875536480686696,0.7866633206498488,0.7875536480686696,0.7857532638903797,0.863586545729403,640
7,target_population,2,270,196,0,196,K-Fold,5,SVM,numeric+iran,31,True,0.7832618025751072,0.7841493436054683,0.7832618025751072,0.779541449961403,0.8351851851851853,640
7,target_population,2,270,196,0,196,K-Fold,5,SVM,numeric+iran,31,False,0.7854077253218884,0.7896650403790292,0.7854077253218884,0.7799255025905825,0.8220332577475434,640
7,target_population,2,270,196,0,196,K-Fold,5,AdaBoost,numeric+iran,31,True,0.796137339055794,0.7952959241164403,0.796137339055794,0.7954130912768971,0.8686602418745275,640
7,target_population,2,270,196,0,196,K-Fold,5,AdaBoost,numeric+iran,31,False,0.796137339055794,0.7967442897087247,0.796137339055794,0.7931891588922461,0.8709939531368103,640
7,target_population,2,270,196,0,196,K-Fold,5,XGBoost,numeric+iran,31,True,0.7875536480686696,0.7871552050875584,0.7875536480686696,0.78732131457297,0.863416477702192,640
7,target_population,2,270,196,0,196,K-Fold,5,XGBoost,numeric+iran,31,False,0.7918454935622318,0.7910888685744979,0.7918454935622318,0.7912850642778224,0.8645502645502647,640
7,target_population,2,270,196,0,196,K-Fold,5,LogReg,desc+numeric,311,True,0.6866952789699571,0.6876230275258963,0.6866952789699571,0.6871085785793364,0.7558578987150416,640
7,target_population,2,270,196,0,196,K-Fold,5,LogReg,desc+numeric,311,False,0.703862660944206,0.7023299107223702,0.703862660944206,0.6958003687723937,0.7554421768707482,640
7,target_population,2,270,196,0,196,K-Fold,5,DecisionTree,desc+numeric,311,True,0.6330472103004292,0.6349494764196094,0.6330472103004292,0.6338564607171328,0.6260015117157975,640
7,target_population,2,270,196,0,196,K-Fold,5,DecisionTree,desc+numeric,311,False,0.6416309012875536,0.6459197555311204,0.6416309012875536,0.6431151959048954,0.6376039304610733,640
7,target_population,2,270,196,0,196,K-Fold,5,RandomForest,desc+numeric,311,True,0.723175965665236,0.7229863675328732,0.723175965665236,0.7230778155001297,0.7514644746787604,640
7,target_population,2,270,196,0,196,K-Fold,5,RandomForest,desc+numeric,311,False,0.7103004291845494,0.7080736161451396,0.7103004291845494,0.7044918704063178,0.7403061224489795,640
7,target_population,2,270,196,0,196,K-Fold,5,SVM,desc+numeric,311,True,0.6716738197424893,0.6808332789185103,0.6716738197424893,0.6736654697847243,0.7258881330309902,640
7,target_population,2,270,196,0,196,K-Fold,5,SVM,desc+numeric,311,False,0.703862660944206,0.7197557209066068,0.703862660944206,0.6817491536446156,0.7248110355253212,640
7,target_population,2,270,196,0,196,K-Fold,5,AdaBoost,desc+numeric,311,True,0.6824034334763949,0.688818180201624,0.6824034334763949,0.6840976609590157,0.7372826908541195,640
7,target_population,2,270,196,0,196,K-Fold,5,AdaBoost,desc+numeric,311,False,0.7167381974248928,0.7166594078084888,0.7167381974248928,0.7085374523099986,0.7497921390778532,640
7,target_population,2,270,196,0,196,K-Fold,5,XGBoost,desc+numeric,311,True,0.6888412017167382,0.691063648537921,0.6888412017167382,0.6896960697115145,0.7284013605442177,640
7,target_population,2,270,196,0,196,K-Fold,5,XGBoost,desc+numeric,311,False,0.6866952789699571,0.6862700635318062,0.6866952789699571,0.6864699865222489,0.7273620559334845,640
7,target_population,2,270,196,0,196,K-Fold,5,LogReg,desc+numeric+iran,331,True,0.7725321888412017,0.7713421049497167,0.7725321888412017,0.7714130680311528,0.8556311413454272,640
7,target_population,2,270,196,0,196,K-Fold,5,LogReg,desc+numeric+iran,331,False,0.7875536480686696,0.7931802608727494,0.7875536480686696,0.7815877571300552,0.8558956916099774,640
7,target_population,2,270,196,0,196,K-Fold,5,DecisionTree,desc+numeric+iran,331,True,0.7446351931330472,0.7489277952287396,0.7446351931330472,0.7457919972481724,0.7439720332577476,640
7,target_population,2,270,196,0,196,K-Fold,5,DecisionTree,desc+numeric+iran,331,False,0.7467811158798283,0.7484789676444571,0.7467811158798283,0.7474094033366678,0.7430272108843536,640
7,target_population,2,270,196,0,196,K-Fold,5,RandomForest,desc+numeric+iran,331,True,0.796137339055794,0.7957584455616433,0.796137339055794,0.7959143927720419,0.8709467120181407,640
7,target_population,2,270,196,0,196,K-Fold,5,RandomForest,desc+numeric+iran,331,False,0.778969957081545,0.7778274455849533,0.778969957081545,0.7777772066793696,0.8658163265306122,640
7,target_population,2,270,196,0,196,K-Fold,5,SVM,desc+numeric+iran,331,True,0.7854077253218884,0.785782615440302,0.7854077253218884,0.7821629453616494,0.839332955404384,640
7,target_population,2,270,196,0,196,K-Fold,5,SVM,desc+numeric+iran,331,False,0.7725321888412017,0.7772902062318209,0.7725321888412017,0.7659467420065141,0.8191232048374906,640
7,target_population,2,270,196,0,196,K-Fold,5,AdaBoost,desc+numeric+iran,331,True,0.8004291845493562,0.7998066727193662,0.8004291845493562,0.79873791456369,0.8653817082388512,640
7,target_population,2,270,196,0,196,K-Fold,5,AdaBoost,desc+numeric+iran,331,False,0.796137339055794,0.7981486636545233,0.796137339055794,0.7923485871303176,0.8680555555555555,640
7,target_population,2,270,196,0,196,K-Fold,5,XGBoost,desc+numeric+iran,331,True,0.7832618025751072,0.7822242385039262,0.7832618025751072,0.7822964843772601,0.8633030990173848,640
7,target_population,2,270,196,0,196,K-Fold,5,XGBoost,desc+numeric+iran,331,False,0.8004291845493562,0.7996218259999808,0.8004291845493562,0.7997201840921203,0.868896447467876,640
7,target_population,2,270,196,0,196,K-Fold,5,LogReg,tweets+numeric+iran,331,True,0.8004291845493562,0.7999858413344542,0.8004291845493562,0.7985162365655188,0.8689720332577475,640
7,target_population,2,270,196,0,196,K-Fold,5,LogReg,tweets+numeric+iran,331,False,0.8326180257510729,0.843788582515139,0.8326180257510729,0.8274749578536433,0.8695200302343159,640
7,target_population,2,270,196,0,196,K-Fold,5,DecisionTree,tweets+numeric+iran,331,True,0.7381974248927039,0.7399325356063863,0.7381974248927039,0.7388470102294362,0.7342214663643235,640
7,target_population,2,270,196,0,196,K-Fold,5,DecisionTree,tweets+numeric+iran,331,False,0.7618025751072961,0.7636813855189017,0.7618025751072961,0.7624569912964008,0.7587868480725624,640
7,target_population,2,270,196,0,196,K-Fold,5,RandomForest,tweets+numeric+iran,331,True,0.8175965665236051,0.8185789120090871,0.8175965665236051,0.8151930770544445,0.8879157218442932,640
7,target_population,2,270,196,0,196,K-Fold,5,RandomForest,tweets+numeric+iran,331,False,0.8433476394849786,0.8524815150173988,0.8433476394849786,0.839215156465407,0.8892951625094483,640
7,target_population,2,270,196,0,196,K-Fold,5,SVM,tweets+numeric+iran,331,True,0.8283261802575107,0.8416802675854843,0.8283261802575107,0.8224159465493239,0.8567271352985638,640
7,target_population,2,270,196,0,196,K-Fold,5,SVM,tweets+numeric+iran,331,False,0.8304721030042919,0.8477838859212556,0.8304721030042919,0.8238029025464451,0.8374338624338623,640
7,target_population,2,270,196,0,196,K-Fold,5,AdaBoost,tweets+numeric+iran,331,True,0.8347639484978541,0.8348556115714122,0.8347639484978541,0.8333636496925175,0.8889644746787604,640
7,target_population,2,270,196,0,196,K-Fold,5,AdaBoost,tweets+numeric+iran,331,False,0.8154506437768241,0.8219513581252275,0.8154506437768241,0.810735932227901,0.8927059712773999,640
7,target_population,2,270,196,0,196,K-Fold,5,XGBoost,tweets+numeric+iran,331,True,0.8111587982832618,0.8104146476533296,0.8111587982832618,0.8104037930027188,0.8776266061980347,640
7,target_population,2,270,196,0,196,K-Fold,5,XGBoost,tweets+numeric+iran,331,False,0.796137339055794,0.7954059635936273,0.796137339055794,0.795588465014362,0.874848828420257,640
7,locals_vs_diaspora,3,34,64,542,34,K-Fold,5,LogReg,numeric,11,True,0.6296875,0.8407287177310522,0.6296875,0.7037570730042179,0.77018235360486,640
7,locals_vs_diaspora,3,34,64,542,34,K-Fold,5,LogReg,numeric,11,False,0.8828125,0.8512960636515914,0.8828125,0.8550846796347236,0.7643814477110976,640
7,locals_vs_diaspora,3,34,64,542,34,K-Fold,5,DecisionTree,numeric,11,True,0.8015625,0.811222892015096,0.8015625,0.8062852040816326,0.65860667699423,640
7,locals_vs_diaspora,3,34,64,542,34,K-Fold,5,DecisionTree,numeric,11,False,0.778125,0.8005781426570298,0.778125,0.7882843989472802,0.6540108411351339,640
7,locals_vs_diaspora,3,34,64,542,34,K-Fold,5,RandomForest,numeric,11,True,0.8421875,0.8270688410426782,0.8421875,0.8340764751612555,0.7621991513963259,640
7,locals_vs_diaspora,3,34,64,542,34,K-Fold,5,RandomForest,numeric,11,False,0.8828125,0.830344028676342,0.8828125,0.850437919923214,0.7509247218766839,640
7,locals_vs_diaspora,3,34,64,542,34,K-Fold,5,SVM,numeric,11,True,0.6078125,0.8476669549052975,0.6078125,0.6920390204307887,0.743605278945066,640
7,locals_vs_diaspora,3,34,64,542,34,K-Fold,5,SVM,numeric,11,False,0.8796875,0.8270490173008829,0.8796875,0.8468483829824031,0.6314580799896795,640
7,locals_vs_diaspora,3,34,64,542,34,K-Fold,5,AdaBoost,numeric,11,True,0.6703125,0.8276671744260182,0.6703125,0.7326048812009146,0.7486489073861549,640
7,locals_vs_diaspora,3,34,64,542,34,K-Fold,5,AdaBoost,numeric,11,False,0.875,0.8267503565486095,0.875,0.8438310268034679,0.7434622894189131,640
7,locals_vs_diaspora,3,34,64,542,34,K-Fold,5,XGBoost,numeric,11,True,0.846875,0.818274794673967,0.846875,0.8307239132331018,0.7057290060658649,640
7,locals_vs_diaspora,3,34,64,542,34,K-Fold,5,XGBoost,numeric,11,False,0.8546875,0.8071876618751619,0.8546875,0.8263829716771504,0.71936989004425,640
7,locals_vs_diaspora,3,34,64,542,34,K-Fold,5,LogReg,numeric+iran,31,True,0.7078125,0.8390587366036902,0.7078125,0.7595307520217591,0.7416532397818865,640
7,locals_vs_diaspora,3,34,64,542,34,K-Fold,5,LogReg,numeric+iran,31,False,0.853125,0.8286657911321553,0.853125,0.8375049179130063,0.7885744911684249,640
7,locals_vs_diaspora,3,34,64,542,34,K-Fold,5,DecisionTree,numeric+iran,31,True,0.8015625,0.7959967770913446,0.8015625,0.7987103174603175,0.6240472261511865,640
7,locals_vs_diaspora,3,34,64,542,34,K-Fold,5,DecisionTree,numeric+iran,31,False,0.8125,0.8048966432935296,0.8125,0.8081410851371759,0.6303814533239038,640
7,locals_vs_diaspora,3,34,64,542,34,K-Fold,5,RandomForest,numeric+iran,31,True,0.8625,0.8660062550443908,0.8625,0.8626709921493674,0.8475562494167944,640
7,locals_vs_diaspora,3,34,64,542,34,K-Fold,5,RandomForest,numeric+iran,31,False,0.86875,0.8331218592964824,0.86875,0.8395210948437463,0.836569264089196,640
7,locals_vs_diaspora,3,34,64,542,34,K-Fold,5,SVM,numeric+iran,31,True,0.6859375,0.8405569887941727,0.6859375,0.7455333479561543,0.7631509013465123,640
7,locals_vs_diaspora,3,34,64,542,34,K-Fold,5,SVM,numeric+iran,31,False,0.86875,0.8451011187607573,0.86875,0.8516304150804285,0.672045879253104,640
7,locals_vs_diaspora,3,34,64,542,34,K-Fold,5,AdaBoost,numeric+iran,31,True,0.753125,0.853602543090474,0.753125,0.7925072879707191,0.8229768256441397,640
7,locals_vs_diaspora,3,34,64,542,34,K-Fold,5,AdaBoost,numeric+iran,31,False,0.8765625,0.85111052259887,0.8765625,0.8501119138762689,0.7780414544214707,640
7,locals_vs_diaspora,3,34,64,542,34,K-Fold,5,XGBoost,numeric+iran,31,True,0.8453125,0.8271179027079951,0.8453125,0.8349669420744116,0.8146172831369553,640
7,locals_vs_diaspora,3,34,64,542,34,K-Fold,5,XGBoost,numeric+iran,31,False,0.8609375,0.8273940677966103,0.8609375,0.8377928167239121,0.8067651766771065,640
7,locals_vs_diaspora,3,34,64,542,34,K-Fold,5,LogReg,desc+numeric,311,True,0.7453125,0.8406775290723456,0.7453125,0.7843125588884343,0.7540418365417535,640
7,locals_vs_diaspora,3,34,64,542,34,K-Fold,5,LogReg,desc+numeric,311,False,0.8796875,0.8446735691227711,0.8796875,0.8528562046607282,0.7591844507114933,640
7,locals_vs_diaspora,3,34,64,542,34,K-Fold,5,DecisionTree,desc+numeric,311,True,0.7984375,0.8090421321690732,0.7984375,0.8033522766472453,0.6315955734604073,640
7,locals_vs_diaspora,3,34,64,542,34,K-Fold,5,DecisionTree,desc+numeric,311,False,0.8015625,0.7956791914591592,0.8015625,0.7985678722653493,0.615837093913473,640
7,locals_vs_diaspora,3,34,64,542,34,K-Fold,5,RandomForest,desc+numeric,311,True,0.8625,0.8393377768065268,0.8625,0.8487962105711386,0.782804499832756,640
7,locals_vs_diaspora,3,34,64,542,34,K-Fold,5,RandomForest,desc+numeric,311,False,0.8796875,0.8297010209042295,0.8796875,0.8466016048965358,0.7867793277454341,640
7,locals_vs_diaspora,3,34,64,542,34,K-Fold,5,SVM,desc+numeric,311,True,0.7515625,0.8253194619116062,0.7515625,0.7843197403230298,0.6966457809983007,640
7,locals_vs_diaspora,3,34,64,542,34,K-Fold,5,SVM,desc+numeric,311,False,0.878125,0.8268903766723534,0.878125,0.8460596179810288,0.653521715223579,640
7,locals_vs_diaspora,3,34,64,542,34,K-Fold,5,AdaBoost,desc+numeric,311,True,0.690625,0.8293495639534884,0.690625,0.7452244319325044,0.7492544872412146,640
7,locals_vs_diaspora,3,34,64,542,34,K-Fold,5,AdaBoost,desc+numeric,311,False,0.878125,0.8328161179905365,0.878125,0.8471834222478553,0.7555714522943047,640
7,locals_vs_diaspora,3,34,64,542,34,K-Fold,5,XGBoost,desc+numeric,311,True,0.8453125,0.8143679175001843,0.8453125,0.8275531090742216,0.7120760867839813,640
7,locals_vs_diaspora,3,34,64,542,34,K-Fold,5,XGBoost,desc+numeric,311,False,0.8640625,0.8237805134680135,0.8640625,0.8369102112676057,0.7184768629824558,640
7,locals_vs_diaspora,3,34,64,542,34,K-Fold,5,LogReg,desc+numeric+iran,331,True,0.7421875,0.8285627693965516,0.7421875,0.77762675993221,0.7355970230114529,640
7,locals_vs_diaspora,3,34,64,542,34,K-Fold,5,LogReg,desc+numeric+iran,331,False,0.8609375,0.838619190610771,0.8609375,0.8453920524003038,0.7833008579875846,640
7,locals_vs_diaspora,3,34,64,542,34,K-Fold,5,DecisionTree,desc+numeric+iran,331,True,0.8390625,0.8395396874569737,0.8390625,0.8387690585236728,0.7166434436811027,640
7,locals_vs_diaspora,3,34,64,542,34,K-Fold,5,DecisionTree,desc+numeric+iran,331,False,0.81875,0.8160964111922141,0.81875,0.8171843599825251,0.6550236018499809,640
7,locals_vs_diaspora,3,34,64,542,34,K-Fold,5,RandomForest,desc+numeric+iran,331,True,0.86875,0.8658572269689999,0.86875,0.8646988768185805,0.8449639143153392,640
7,locals_vs_diaspora,3,34,64,542,34,K-Fold,5,RandomForest,desc+numeric+iran,331,False,0.871875,0.8226868770764121,0.871875,0.8401782245532246,0.8467396000950143,640
7,locals_vs_diaspora,3,34,64,542,34,K-Fold,5,SVM,desc+numeric+iran,331,True,0.765625,0.833156938170525,0.765625,0.7950397764000037,0.7454002187328108,640
7,locals_vs_diaspora,3,34,64,542,34,K-Fold,5,SVM,desc+numeric+iran,331,False,0.8640625,0.8412537500920267,0.8640625,0.8483323063177973,0.7341483506111295,640
7,locals_vs_diaspora,3,34,64,542,34,K-Fold,5,AdaBoost,desc+numeric+iran,331,True,0.80625,0.8605816982596165,0.80625,0.8279327735470844,0.8298169787781553,640
7,locals_vs_diaspora,3,34,64,542,34,K-Fold,5,AdaBoost,desc+numeric+iran,331,False,0.8734375,0.836323236632537,0.8734375,0.8498993161094225,0.8054970878196318,640
7,locals_vs_diaspora,3,34,64,542,34,K-Fold,5,XGBoost,desc+numeric+iran,331,True,0.8484375,0.8280004099822371,0.8484375,0.8364632938453693,0.8174441493993946,640
7,locals_vs_diaspora,3,34,64,542,34,K-Fold,5,XGBoost,desc+numeric+iran,331,False,0.865625,0.8333608313203591,0.865625,0.8417475351610051,0.8170456999064065,640
7,locals_vs_diaspora,3,34,64,542,34,K-Fold,5,LogReg,tweets+numeric+iran,331,True,0.7328125,0.8339839741759916,0.7328125,0.7736251315016319,0.7349814275313055,640
7,locals_vs_diaspora,3,34,64,542,34,K-Fold,5,LogReg,tweets+numeric+iran,331,False,0.8515625,0.8288039457316847,0.8515625,0.8376465647261611,0.7791986887125415,640
7,locals_vs_diaspora,3,34,64,542,34,K-Fold,5,DecisionTree,tweets+numeric+iran,331,True,0.7796875,0.7945601798285535,0.7796875,0.7867754635998458,0.6293030929368447,640
7,locals_vs_diaspora,3,34,64,542,34,K-Fold,5,DecisionTree,tweets+numeric+iran,331,False,0.821875,0.8317792193416867,0.821875,0.8266478195775333,0.7035913891134011,640
7,locals_vs_diaspora,3,34,64,542,34,K-Fold,5,RandomForest,tweets+numeric+iran,331,True,0.8328125,0.8503597344716269,0.8328125,0.8377388459432021,0.8397739678553714,640
7,locals_vs_diaspora,3,34,64,542,34,K-Fold,5,RandomForest,tweets+numeric+iran,331,False,0.859375,0.8017415845648606,0.859375,0.8218167134961274,0.8440240543057416,640
7,locals_vs_diaspora,3,34,64,542,34,K-Fold,5,SVM,tweets+numeric+iran,331,True,0.7328125,0.8373988226637232,0.7328125,0.7761914837344619,0.7541141589744913,640
7,locals_vs_diaspora,3,34,64,542,34,K-Fold,5,SVM,tweets+numeric+iran,331,False,0.8625,0.8399922495039682,0.8625,0.8473284596581203,0.7227111091510139,640
7,locals_vs_diaspora,3,34,64,542,34,K-Fold,5,AdaBoost,tweets+numeric+iran,331,True,0.796875,0.8506923971482834,0.796875,0.8190254480316532,0.7937767808688554,640
7,locals_vs_diaspora,3,34,64,542,34,K-Fold,5,AdaBoost,tweets+numeric+iran,331,False,0.875,0.854961201079622,0.875,0.8614552702395846,0.7932182260796232,640
7,locals_vs_diaspora,3,34,64,542,34,K-Fold,5,XGBoost,tweets+numeric+iran,331,True,0.84375,0.8242344223042751,0.84375,0.8325116100832265,0.8118738426876011,640
7,locals_vs_diaspora,3,34,64,542,34,K-Fold,5,XGBoost,tweets+numeric+iran,331,False,0.8546875,0.8183861517787132,0.8546875,0.8296297230277812,0.8223576328156572,640
7,locals_vs_diaspora,2,34,64,0,34,K-Fold,5,LogReg,numeric,11,True,0.7448979591836735,0.7558736662852885,0.7448979591836735,0.7484493296149064,0.7807904411764705,640
7,locals_vs_diaspora,2,34,64,0,34,K-Fold,5,LogReg,numeric,11,False,0.7448979591836735,0.7383961080684148,0.7448979591836735,0.7395700134690467,0.7931985294117647,640
7,locals_vs_diaspora,2,34,64,0,34,K-Fold,5,DecisionTree,numeric,11,True,0.7142857142857143,0.7106331168831169,0.7142857142857143,0.7121545121545122,0.6778492647058824,640
7,locals_vs_diaspora,2,34,64,0,34,K-Fold,5,DecisionTree,numeric,11,False,0.6428571428571429,0.6404262404262404,0.6428571428571429,0.6415761722946728,0.6024816176470589,640
7,locals_vs_diaspora,2,34,64,0,34,K-Fold,5,RandomForest,numeric,11,True,0.7040816326530612,0.69855462647264,0.7040816326530612,0.7006411255048115,0.7619485294117647,640
7,locals_vs_diaspora,2,34,64,0,34,K-Fold,5,RandomForest,numeric,11,False,0.7142857142857143,0.7027472527472527,0.7142857142857143,0.6913331842909307,0.7424172794117647,640
7,locals_vs_diaspora,2,34,64,0,34,K-Fold,5,SVM,numeric,11,True,0.7448979591836735,0.7509607298834464,0.7448979591836735,0.7472262144294338,0.7573529411764707,640
7,locals_vs_diaspora,2,34,64,0,34,K-Fold,5,SVM,numeric,11,False,0.7448979591836735,0.7432282003710576,0.7448979591836735,0.7439829802104806,0.8051470588235294,640
7,locals_vs_diaspora,2,34,64,0,34,K-Fold,5,AdaBoost,numeric,11,True,0.7040816326530612,0.7021074163931308,0.7040816326530612,0.7030202570441575,0.7582720588235294,640
7,locals_vs_diaspora,2,34,64,0,34,K-Fold,5,AdaBoost,numeric,11,False,0.7040816326530612,0.6930897554640009,0.7040816326530612,0.6947746676083913,0.7683823529411764,640
7,locals_vs_diaspora,2,34,64,0,34,K-Fold,5,XGBoost,numeric,11,True,0.6326530612244898,0.622889155662265,0.6326530612244898,0.6267393320964749,0.643841911764706,640
7,locals_vs_diaspora,2,34,64,0,34,K-Fold,5,XGBoost,numeric,11,False,0.6326530612244898,0.6136403279260422,0.6326530612244898,0.618967587034814,0.6465992647058824,640
7,locals_vs_diaspora,2,34,64,0,34,K-Fold,5,LogReg,numeric+iran,31,True,0.7551020408163265,0.7633369137128535,0.7551020408163265,0.7579547948211542,0.8295036764705882,640
7,locals_vs_diaspora,2,34,64,0,34,K-Fold,5,LogReg,numeric+iran,31,False,0.7551020408163265,0.7498999599839935,0.7551020408163265,0.7511595547309834,0.8327205882352942,640
7,locals_vs_diaspora,2,34,64,0,34,K-Fold,5,DecisionTree,numeric+iran,31,True,0.7244897959183674,0.7151373851575059,0.7244897959183674,0.7158246905319505,0.671875,640
7,locals_vs_diaspora,2,34,64,0,34,K-Fold,5,DecisionTree,numeric+iran,31,False,0.7755102040816326,0.7728432282003712,0.7755102040816326,0.7738356881214025,0.7454044117647058,640
7,locals_vs_diaspora,2,34,64,0,34,K-Fold,5,RandomForest,numeric+iran,31,True,0.8061224489795918,0.8075801749271136,0.8061224489795918,0.8067640613246326,0.8517922794117646,640
7,locals_vs_diaspora,2,34,64,0,34,K-Fold,5,RandomForest,numeric+iran,31,False,0.7857142857142857,0.7812522310273435,0.7857142857142857,0.7812388113139992,0.8529411764705881,640
7,locals_vs_diaspora,2,34,64,0,34,K-Fold,5,SVM,numeric+iran,31,True,0.7244897959183674,0.730878084508061,0.7244897959183674,0.7270043115837884,0.7748161764705882,640
7,locals_vs_diaspora,2,34,64,0,34,K-Fold,5,SVM,numeric+iran,31,False,0.7448979591836735,0.7404321381898931,0.7448979591836735,0.7419320047455271,0.8074448529411765,640
7,locals_vs_diaspora,2,34,64,0,34,K-Fold,5,AdaBoost,numeric+iran,31,True,0.7959183673469388,0.7991917196986321,0.7959183673469388,0.797214123744736,0.8262867647058824,640
7,locals_vs_diaspora,2,34,64,0,34,K-Fold,5,AdaBoost,numeric+iran,31,False,0.7857142857142857,0.7812522310273435,0.7857142857142857,0.7812388113139992,0.8033088235294118,640
7,locals_vs_diaspora,2,34,64,0,34,K-Fold,5,XGBoost,numeric+iran,31,True,0.7448979591836735,0.7432282003710576,0.7448979591836735,0.7439829802104806,0.8014705882352942,640
7,locals_vs_diaspora,2,34,64,0,34,K-Fold,5,XGBoost,numeric+iran,31,False,0.7551020408163265,0.7485422740524782,0.7551020408163265,0.7487349296964814,0.7863051470588234,640
7,locals_vs_diaspora,2,34,64,0,34,K-Fold,5,LogReg,desc+numeric,311,True,0.7448979591836735,0.7558736662852885,0.7448979591836735,0.7484493296149064,0.7922794117647058,640
7,locals_vs_diaspora,2,34,64,0,34,K-Fold,5,LogReg,desc+numeric,311,False,0.7244897959183674,0.7169680465889504,0.7244897959183674,0.7187356145465704,0.7964154411764707,640
7,locals_vs_diaspora,2,34,64,0,34,K-Fold,5,DecisionTree,desc+numeric,311,True,0.7040816326530612,0.7159442655810694,0.7040816326530612,0.7082012223532915,0.6907169117647058,640
7,locals_vs_diaspora,2,34,64,0,34,K-Fold,5,DecisionTree,desc+numeric,311,False,0.6326530612244898,0.6276863017934446,0.6326530612244898,0.6299129441986585,0.5877757352941176,640
7,locals_vs_diaspora,2,34,64,0,34,K-Fold,5,RandomForest,desc+numeric,311,True,0.6428571428571429,0.6453514739229025,0.6428571428571429,0.6440390603348495,0.7182904411764706,640
7,locals_vs_diaspora,2,34,64,0,34,K-Fold,5,RandomForest,desc+numeric,311,False,0.7142857142857143,0.7047619047619047,0.7142857142857143,0.6862026862026862,0.7212775735294118,640
7,locals_vs_diaspora,2,34,64,0,34,K-Fold,5,SVM,desc+numeric,311,True,0.7755102040816326,0.7755102040816326,0.7755102040816326,0.7755102040816326,0.801470588235294,640
7,locals_vs_diaspora,2,34,64,0,34,K-Fold,5,SVM,desc+numeric,311,False,0.7653061224489796,0.763788592360021,0.7653061224489796,0.7644643417936422,0.8102022058823529,640
7,locals_vs_diaspora,2,34,64,0,34,K-Fold,5,AdaBoost,desc+numeric,311,True,0.6938775510204082,0.7032939491586108,0.6938775510204082,0.6974434935264427,0.7435661764705882,640
7,locals_vs_diaspora,2,34,64,0,34,K-Fold,5,AdaBoost,desc+numeric,311,False,0.673469387755102,0.6584685156113727,0.673469387755102,0.6613045218087236,0.7371323529411765,640
7,locals_vs_diaspora,2,34,64,0,34,K-Fold,5,XGBoost,desc+numeric,311,True,0.6326530612244898,0.622889155662265,0.6326530612244898,0.6267393320964749,0.643841911764706,640
7,locals_vs_diaspora,2,34,64,0,34,K-Fold,5,XGBoost,desc+numeric,311,False,0.6428571428571429,0.6269468663834861,0.6428571428571429,0.6316245988377135,0.6433823529411765,640
7,locals_vs_diaspora,2,34,64,0,34,K-Fold,5,LogReg,desc+numeric+iran,331,True,0.7653061224489796,0.7710433752588319,0.7653061224489796,0.7674481172750791,0.8313419117647057,640
7,locals_vs_diaspora,2,34,64,0,34,K-Fold,5,LogReg,desc+numeric+iran,331,False,0.7653061224489796,0.7598241695478791,0.7653061224489796,0.760404412391523,0.8359375,640
7,locals_vs_diaspora,2,34,64,0,34,K-Fold,5,DecisionTree,desc+numeric+iran,331,True,0.7551020408163265,0.752106524427953,0.7551020408163265,0.753275296132439,0.7228860294117647,640
7,locals_vs_diaspora,2,34,64,0,34,K-Fold,5,DecisionTree,desc+numeric+iran,331,False,0.7346938775510204,0.7346938775510204,0.7346938775510204,0.7346938775510204,0.7072610294117647,640
7,locals_vs_diaspora,2,34,64,0,34,K-Fold,5,RandomForest,desc+numeric+iran,331,True,0.7959183673469388,0.8033655567490154,0.7959183673469388,0.7982956623509618,0.8453584558823529,640
7,locals_vs_diaspora,2,34,64,0,34,K-Fold,5,RandomForest,desc+numeric+iran,331,False,0.7857142857142857,0.7897340754483613,0.7857142857142857,0.770268029842498,0.849954044117647,640
7,locals_vs_diaspora,2,34,64,0,34,K-Fold,5,SVM,desc+numeric+iran,331,True,0.7653061224489796,0.7670229996760609,0.7653061224489796,0.7660828110771868,0.8262867647058824,640
7,locals_vs_diaspora,2,34,64,0,34,K-Fold,5,SVM,desc+numeric+iran,331,False,0.7653061224489796,0.7670229996760609,0.7653061224489796,0.7660828110771868,0.8175551470588235,640
7,locals_vs_diaspora,2,34,64,0,34,K-Fold,5,AdaBoost,desc+numeric+iran,331,True,0.7959183673469388,0.7959183673469388,0.7959183673469388,0.7959183673469388,0.8088235294117647,640
7,locals_vs_diaspora,2,34,64,0,34,K-Fold,5,AdaBoost,desc+numeric+iran,331,False,0.8061224489795918,0.8049093763379478,0.8061224489795918,0.8054270649599652,0.8017003676470589,640
7,locals_vs_diaspora,2,34,64,0,34,K-Fold,5,XGBoost,desc+numeric+iran,331,True,0.7551020408163265,0.752106524427953,0.7551020408163265,0.753275296132439,0.7973345588235294,640
7,locals_vs_diaspora,2,34,64,0,34,K-Fold,5,XGBoost,desc+numeric+iran,331,False,0.7551020408163265,0.7485422740524782,0.7551020408163265,0.7487349296964814,0.7863051470588234,640
7,locals_vs_diaspora,2,34,64,0,34,K-Fold,5,LogReg,tweets+numeric+iran,331,True,0.7551020408163265,0.7633369137128535,0.7551020408163265,0.7579547948211542,0.8276654411764706,640
7,locals_vs_diaspora,2,34,64,0,34,K-Fold,5,LogReg,tweets+numeric+iran,331,False,0.7551020408163265,0.7498999599839935,0.7551020408163265,0.7511595547309834,0.8318014705882353,640
7,locals_vs_diaspora,2,34,64,0,34,K-Fold,5,DecisionTree,tweets+numeric+iran,331,True,0.6938775510204082,0.6833819241982507,0.6938775510204082,0.6859186621206017,0.6415441176470589,640
7,locals_vs_diaspora,2,34,64,0,34,K-Fold,5,DecisionTree,tweets+numeric+iran,331,False,0.6938775510204082,0.6938775510204082,0.6938775510204082,0.6938775510204082,0.6622242647058824,640
7,locals_vs_diaspora,2,34,64,0,34,K-Fold,5,RandomForest,tweets+numeric+iran,331,True,0.7857142857142857,0.7823096499071464,0.7857142857142857,0.7832228839862427,0.8550091911764706,640
7,locals_vs_diaspora,2,34,64,0,34,K-Fold,5,RandomForest,tweets+numeric+iran,331,False,0.7653061224489796,0.7597204361196533,0.7653061224489796,0.7551146649430526,0.8644301470588235,640
7,locals_vs_diaspora,2,34,64,0,34,K-Fold,5,SVM,tweets+numeric+iran,331,True,0.7448979591836735,0.7467444120505344,0.7448979591836735,0.7457421859534639,0.8019301470588235,640
7,locals_vs_diaspora,2,34,64,0,34,K-Fold,5,SVM,tweets+numeric+iran,331,False,0.7551020408163265,0.752106524427953,0.7551020408163265,0.753275296132439,0.8056066176470588,640
7,locals_vs_diaspora,2,34,64,0,34,K-Fold,5,AdaBoost,tweets+numeric+iran,331,True,0.8163265306122449,0.8143166357452073,0.8163265306122449,0.8149564720993292,0.8216911764705883,640
7,locals_vs_diaspora,2,34,64,0,34,K-Fold,5,AdaBoost,tweets+numeric+iran,331,False,0.7857142857142857,0.7843489843489844,0.7857142857142857,0.7849457033768037,0.8403033088235293,640
7,locals_vs_diaspora,2,34,64,0,34,K-Fold,5,XGBoost,tweets+numeric+iran,331,True,0.8163265306122449,0.813405362144858,0.8163265306122449,0.8133696660482376,0.8198529411764706,640
7,locals_vs_diaspora,2,34,64,0,34,K-Fold,5,XGBoost,tweets+numeric+iran,331,False,0.8061224489795918,0.8053676265026558,0.8061224489795918,0.7977034188659999,0.8350183823529412,640
7,person_vs_organization,3,82,359,199,82,K-Fold,5,LogReg,numeric,11,True,0.45,0.5514113007068768,0.45,0.44185892490303436,0.6607101365926159,640
7,person_vs_organization,3,82,359,199,82,K-Fold,5,LogReg,numeric,11,False,0.60625,0.5780608092516688,0.60625,0.5713696161048689,0.6658606219938898,640
7,person_vs_organization,3,82,359,199,82,K-Fold,5,DecisionTree,numeric,11,True,0.528125,0.5225653004137507,0.528125,0.5251500936409904,0.5826358936794018,640
7,person_vs_organization,3,82,359,199,82,K-Fold,5,DecisionTree,numeric,11,False,0.496875,0.5091302865045007,0.496875,0.5018156022448281,0.5696415978858539,640
7,person_vs_organization,3,82,359,199,82,K-Fold,5,RandomForest,numeric,11,True,0.5609375,0.5656258295591636,0.5609375,0.5630038274082989,0.6786783983051377,640
7,person_vs_organization,3,82,359,199,82,K-Fold,5,RandomForest,numeric,11,False,0.621875,0.6013824399477892,0.621875,0.5944293617714257,0.6834238184329715,640
7,person_vs_organization,3,82,359,199,82,K-Fold,5,SVM,numeric,11,True,0.434375,0.5393422976297425,0.434375,0.4307088884771165,0.6417008555349778,640
7,person_vs_organization,3,82,359,199,82,K-Fold,5,SVM,numeric,11,False,0.5546875,0.4764794755560008,0.5546875,0.5052475651529181,0.6091376623904642,640
7,person_vs_organization,3,82,359,199,82,K-Fold,5,AdaBoost,numeric,11,True,0.521875,0.5789623718805703,0.521875,0.5343989155460986,0.6294281403404837,640
7,person_vs_organization,3,82,359,199,82,K-Fold,5,AdaBoost,numeric,11,False,0.6203125,0.5972618982502403,0.6203125,0.5931815691445739,0.6776192629048137,640
7,person_vs_organization,3,82,359,199,82,K-Fold,5,XGBoost,numeric,11,True,0.590625,0.5828320125836253,0.590625,0.5856396269792626,0.6729081180768524,640
7,person_vs_organization,3,82,359,199,82,K-Fold,5,XGBoost,numeric,11,False,0.60625,0.5914353663058721,0.60625,0.5946905111018015,0.6817616272535494,640
7,person_vs_organization,3,82,359,199,82,K-Fold,5,LogReg,numeric+iran,31,True,0.4984375,0.6007524539262821,0.4984375,0.5032391407707459,0.6856207370733852,640
7,person_vs_organization,3,82,359,199,82,K-Fold,5,LogReg,numeric+iran,31,False,0.5875,0.5681184156166081,0.5875,0.5719380248785273,0.6965807249386382,640
7,person_vs_organization,3,82,359,199,82,K-Fold,5,DecisionTree,numeric+iran,31,True,0.5453125,0.5386795878779933,0.5453125,0.5414753760965303,0.5945295923443421,640
7,person_vs_organization,3,82,359,199,82,K-Fold,5,DecisionTree,numeric+iran,31,False,0.51875,0.5227288402966525,0.51875,0.5205226542527466,0.5828319733357699,640
7,person_vs_organization,3,82,359,199,82,K-Fold,5,RandomForest,numeric+iran,31,True,0.596875,0.6079789470045094,0.596875,0.6010943308578958,0.7286024906509115,640
7,person_vs_organization,3,82,359,199,82,K-Fold,5,RandomForest,numeric+iran,31,False,0.646875,0.6346553200999647,0.646875,0.6231626230041007,0.7220419679813246,640
7,person_vs_organization,3,82,359,199,82,K-Fold,5,SVM,numeric+iran,31,True,0.5078125,0.6166798324157392,0.5078125,0.5173804074852446,0.6775045869331164,640
7,person_vs_organization,3,82,359,199,82,K-Fold,5,SVM,numeric+iran,31,False,0.58125,0.5467274117308214,0.58125,0.5525052131287047,0.6845523052977169,640
7,person_vs_organization,3,82,359,199,82,K-Fold,5,AdaBoost,numeric+iran,31,True,0.525,0.579329427725247,0.525,0.5365566295592369,0.6763402381900891,640
7,person_vs_organization,3,82,359,199,82,K-Fold,5,AdaBoost,numeric+iran,31,False,0.625,0.6046495044698708,0.625,0.6055515293221578,0.7095571437365077,640
7,person_vs_organization,3,82,359,199,82,K-Fold,5,XGBoost,numeric+iran,31,True,0.6078125,0.5986353882679025,0.6078125,0.6015569729765697,0.7056754768044862,640
7,person_vs_organization,3,82,359,199,82,K-Fold,5,XGBoost,numeric+iran,31,False,0.6328125,0.6183794743202303,0.6328125,0.6204938593944714,0.7040043479915404,640
7,person_vs_organization,3,82,359,199,82,K-Fold,5,LogReg,desc+numeric,311,True,0.5296875,0.5728090850437442,0.5296875,0.5323332844403682,0.6996156349837606,640
7,person_vs_organization,3,82,359,199,82,K-Fold,5,LogReg,desc+numeric,311,False,0.6265625,0.6222365012842104,0.6265625,0.6107513162937691,0.6985632223319435,640
7,person_vs_organization,3,82,359,199,82,K-Fold,5,DecisionTree,desc+numeric,311,True,0.553125,0.5469364589165735,0.553125,0.549660866063627,0.601762282994551,640
7,person_vs_organization,3,82,359,199,82,K-Fold,5,DecisionTree,desc+numeric,311,False,0.5453125,0.544065507748145,0.5453125,0.5446221956509222,0.6020387338343289,640
7,person_vs_organization,3,82,359,199,82,K-Fold,5,RandomForest,desc+numeric,311,True,0.61875,0.6128259960679678,0.61875,0.6150018155109296,0.7083184141273604,640
7,person_vs_organization,3,82,359,199,82,K-Fold,5,RandomForest,desc+numeric,311,False,0.65,0.6575513747165533,0.65,0.6167986711934642,0.704316128494552,640
7,person_vs_organization,3,82,359,199,82,K-Fold,5,SVM,desc+numeric,311,True,0.54375,0.5738764200339519,0.54375,0.5465946429073752,0.6829104348901005,640
7,person_vs_organization,3,82,359,199,82,K-Fold,5,SVM,desc+numeric,311,False,0.5828125,0.5768889051004528,0.5828125,0.5703387707722386,0.6727178594335985,640
7,person_vs_organization,3,82,359,199,82,K-Fold,5,AdaBoost,desc+numeric,311,True,0.5421875,0.5752063471888131,0.5421875,0.5501780596218866,0.6566876714273414,640
7,person_vs_organization,3,82,359,199,82,K-Fold,5,AdaBoost,desc+numeric,311,False,0.6375,0.6251000765135413,0.6375,0.6105076394496729,0.6922332337861387,640
7,person_vs_organization,3,82,359,199,82,K-Fold,5,XGBoost,desc+numeric,311,True,0.6,0.5902961231099818,0.6,0.5931981088642561,0.6826958662009173,640
7,person_vs_organization,3,82,359,199,82,K-Fold,5,XGBoost,desc+numeric,311,False,0.596875,0.58088065202427,0.596875,0.5848019200008031,0.679017607609856,640
7,person_vs_organization,3,82,359,199,82,K-Fold,5,LogReg,desc+numeric+iran,331,True,0.5546875,0.6073951125358977,0.5546875,0.5625492013663376,0.712100610941388,640
7,person_vs_organization,3,82,359,199,82,K-Fold,5,LogReg,desc+numeric+iran,331,False,0.6265625,0.6219053546899529,0.6265625,0.6204424258743868,0.7145725247107223,640
7,person_vs_organization,3,82,359,199,82,K-Fold,5,DecisionTree,desc+numeric+iran,331,True,0.571875,0.5718529309785959,0.571875,0.5716699218688408,0.6256620047475615,640
7,person_vs_organization,3,82,359,199,82,K-Fold,5,DecisionTree,desc+numeric+iran,331,False,0.5484375,0.5414914992381059,0.5484375,0.5445611241582478,0.5980206952868776,640
7,person_vs_organization,3,82,359,199,82,K-Fold,5,RandomForest,desc+numeric+iran,331,True,0.603125,0.6084381890434922,0.603125,0.6052425995791918,0.7406514117564431,640
7,person_vs_organization,3,82,359,199,82,K-Fold,5,RandomForest,desc+numeric+iran,331,False,0.6671875,0.6736609816059007,0.6671875,0.6335905557497611,0.7400628365177242,640
7,person_vs_organization,3,82,359,199,82,K-Fold,5,SVM,desc+numeric+iran,331,True,0.5578125,0.6049767017123114,0.5578125,0.5638777954584686,0.7018993587729929,640
7,person_vs_organization,3,82,359,199,82,K-Fold,5,SVM,desc+numeric+iran,331,False,0.6078125,0.6069578205759291,0.6078125,0.6031515125077459,0.7069097579337096,640
7,person_vs_organization,3,82,359,199,82,K-Fold,5,AdaBoost,desc+numeric+iran,331,True,0.51875,0.5719834735042307,0.51875,0.5270804014983819,0.6756811971299157,640
7,person_vs_organization,3,82,359,199,82,K-Fold,5,AdaBoost,desc+numeric+iran,331,False,0.6421875,0.6302483662471596,0.6421875,0.6220577867166149,0.7177828771992094,640
7,person_vs_organization,3,82,359,199,82,K-Fold,5,XGBoost,desc+numeric+iran,331,True,0.6109375,0.6014545671870577,0.6109375,0.6044466502013414,0.7087125334028496,640
7,person_vs_organization,3,82,359,199,82,K-Fold,5,XGBoost,desc+numeric+iran,331,False,0.6328125,0.6203239329837613,0.6328125,0.6207180534413326,0.706830623026676,640
7,person_vs_organization,3,82,359,199,82,K-Fold,5,LogReg,tweets+numeric+iran,331,True,0.503125,0.6052043352632492,0.503125,0.5079886311108829,0.6880250979682424,640
7,person_vs_organization,3,82,359,199,82,K-Fold,5,LogReg,tweets+numeric+iran,331,False,0.5875,0.5682896742618742,0.5875,0.5721949449683825,0.6964170508132653,640
7,person_vs_organization,3,82,359,199,82,K-Fold,5,DecisionTree,tweets+numeric+iran,331,True,0.5390625,0.5351327913337466,0.5390625,0.5367890858263568,0.5886705656126912,640
7,person_vs_organization,3,82,359,199,82,K-Fold,5,DecisionTree,tweets+numeric+iran,331,False,0.54375,0.5485338776968468,0.54375,0.5459850609776868,0.6051513438192021,640
7,person_vs_organization,3,82,359,199,82,K-Fold,5,RandomForest,tweets+numeric+iran,331,True,0.5984375,0.6075768263596286,0.5984375,0.6022803850305294,0.7161216008724406,640
7,person_vs_organization,3,82,359,199,82,K-Fold,5,RandomForest,tweets+numeric+iran,331,False,0.653125,0.6398951728738963,0.653125,0.6285073206353187,0.7245490964090741,640
7,person_vs_organization,3,82,359,199,82,K-Fold,5,SVM,tweets+numeric+iran,331,True,0.4890625,0.5991622085373518,0.4890625,0.49659797938729444,0.6799806469769634,640
7,person_vs_organization,3,82,359,199,82,K-Fold,5,SVM,tweets+numeric+iran,331,False,0.590625,0.5553983484040759,0.590625,0.5615450765756573,0.6784497160538152,640
7,person_vs_organization,3,82,359,199,82,K-Fold,5,AdaBoost,tweets+numeric+iran,331,True,0.5109375,0.5816553607985254,0.5109375,0.5235352714627364,0.6772577754076413,640
7,person_vs_organization,3,82,359,199,82,K-Fold,5,AdaBoost,tweets+numeric+iran,331,False,0.634375,0.6155191277287845,0.634375,0.6108926373868637,0.7045153954418409,640
7,person_vs_organization,3,82,359,199,82,K-Fold,5,XGBoost,tweets+numeric+iran,331,True,0.6375,0.6292075262124054,0.6375,0.6318088579861652,0.7053267128465821,640
7,person_vs_organization,3,82,359,199,82,K-Fold,5,XGBoost,tweets+numeric+iran,331,False,0.6296875,0.6159579856304538,0.6296875,0.6157885985319905,0.7042593420437474,640
7,person_vs_organization,2,82,359,0,82,K-Fold,5,LogReg,numeric,11,True,0.6439909297052154,0.7893765971997265,0.6439909297052154,0.6831005195051449,0.7134995583939125,640
7,person_vs_organization,2,82,359,0,82,K-Fold,5,LogReg,numeric,11,False,0.8095238095238095,0.751750700280112,0.8095238095238095,0.7534013605442177,0.7215164073646307,640
7,person_vs_organization,2,82,359,0,82,K-Fold,5,DecisionTree,numeric,11,True,0.764172335600907,0.7574505408988877,0.764172335600907,0.7606717815923255,0.596389020993274,640
7,person_vs_organization,2,82,359,0,82,K-Fold,5,DecisionTree,numeric,11,False,0.7256235827664399,0.7490211266024561,0.7256235827664399,0.7361381601664644,0.5915313540322031,640
7,person_vs_organization,2,82,359,0,82,K-Fold,5,RandomForest,numeric,11,True,0.7777777777777778,0.7840444101067331,0.7777777777777778,0.7807630168172139,0.7398090902914601,640
7,person_vs_organization,2,82,359,0,82,K-Fold,5,RandomForest,numeric,11,False,0.8140589569160998,0.7756654414006842,0.8140589569160998,0.7793351807097109,0.7305863170052314,640
7,person_vs_organization,2,82,359,0,82,K-Fold,5,SVM,numeric,11,True,0.6122448979591837,0.774624937810998,0.6122448979591837,0.6552264974890544,0.6987906787145866,640
7,person_vs_organization,2,82,359,0,82,K-Fold,5,SVM,numeric,11,False,0.8072562358276644,0.661655225256008,0.8072562358276644,0.7272396202311958,0.4891636660099192,640
7,person_vs_organization,2,82,359,0,82,K-Fold,5,AdaBoost,numeric,11,True,0.6938775510204082,0.7791717404071126,0.6938775510204082,0.7225190872327146,0.704718391195054,640
7,person_vs_organization,2,82,359,0,82,K-Fold,5,AdaBoost,numeric,11,False,0.8163265306122449,0.7878089282851187,0.8163265306122449,0.7940715546791278,0.7057374821659079,640
7,person_vs_organization,2,82,359,0,82,K-Fold,5,XGBoost,numeric,11,True,0.780045351473923,0.7599851227969141,0.780045351473923,0.7684697659846546,0.7270194986072422,640
7,person_vs_organization,2,82,359,0,82,K-Fold,5,XGBoost,numeric,11,False,0.800453514739229,0.7671265460871564,0.800453514739229,0.7771559994466399,0.7137373462871119,640
7,person_vs_organization,2,82,359,0,82,K-Fold,5,LogReg,numeric+iran,31,True,0.671201814058957,0.7968493595006912,0.671201814058957,0.7064337571102074,0.7185270738501257,640
7,person_vs_organization,2,82,359,0,82,K-Fold,5,LogReg,numeric+iran,31,False,0.8049886621315193,0.7600633978122626,0.8049886621315193,0.7685710431833552,0.7237584075005097,640
7,person_vs_organization,2,82,359,0,82,K-Fold,5,DecisionTree,numeric+iran,31,True,0.7709750566893424,0.7720516848681541,0.7709750566893424,0.771509361108883,0.6240913105509885,640
7,person_vs_organization,2,82,359,0,82,K-Fold,5,DecisionTree,numeric+iran,31,False,0.7664399092970522,0.7719078409985983,0.7664399092970522,0.7690760058252314,0.6260105985460969,640
7,person_vs_organization,2,82,359,0,82,K-Fold,5,RandomForest,numeric+iran,31,True,0.8072562358276644,0.8045525597702072,0.8072562358276644,0.8058614790465827,0.7828147292614988,640
7,person_vs_organization,2,82,359,0,82,K-Fold,5,RandomForest,numeric+iran,31,False,0.8253968253968254,0.7954156410038763,0.8253968253968254,0.7937760430022773,0.7742543651063252,640
7,person_vs_organization,2,82,359,0,82,K-Fold,5,SVM,numeric+iran,31,True,0.6485260770975056,0.8154496609809769,0.6485260770975056,0.6875188289780045,0.7000475575786398,640
7,person_vs_organization,2,82,359,0,82,K-Fold,5,SVM,numeric+iran,31,False,0.8095238095238095,0.726327312534209,0.8095238095238095,0.7363887162375827,0.4767307561655003,640
7,person_vs_organization,2,82,359,0,82,K-Fold,5,AdaBoost,numeric+iran,31,True,0.7233560090702947,0.7964398377310633,0.7233560090702947,0.7477935956550807,0.7522420001358788,640
7,person_vs_organization,2,82,359,0,82,K-Fold,5,AdaBoost,numeric+iran,31,False,0.81859410430839,0.7866828242768092,0.81859410430839,0.7905737973229536,0.7586962429512875,640
7,person_vs_organization,2,82,359,0,82,K-Fold,5,XGBoost,numeric+iran,31,True,0.8140589569160998,0.7990640995567104,0.8140589569160998,0.8048705734030758,0.7715537740335621,640
7,person_vs_organization,2,82,359,0,82,K-Fold,5,XGBoost,numeric+iran,31,False,0.8299319727891157,0.8081702068582535,0.8299319727891157,0.8122477053150369,0.7687003193151709,640
7,person_vs_organization,2,82,359,0,82,K-Fold,5,LogReg,desc+numeric,311,True,0.7392290249433107,0.799384050726693,0.7392290249433107,0.7601881704298934,0.7416604388885114,640
7,person_vs_organization,2,82,359,0,82,K-Fold,5,LogReg,desc+numeric,311,False,0.8412698412698413,0.8351920974248765,0.8412698412698413,0.7993368287485935,0.748692166587404,640
7,person_vs_organization,2,82,359,0,82,K-Fold,5,DecisionTree,desc+numeric,311,True,0.7732426303854876,0.7732426303854876,0.7732426303854876,0.7732426303854876,0.6254840682111555,640
7,person_vs_organization,2,82,359,0,82,K-Fold,5,DecisionTree,desc+numeric,311,False,0.7845804988662132,0.7774801432412674,0.7845804988662132,0.7808181095119064,0.6277430531965487,640
7,person_vs_organization,2,82,359,0,82,K-Fold,5,RandomForest,desc+numeric,311,True,0.8253968253968254,0.8124236874236874,0.8253968253968254,0.8173199438505561,0.7534309396018751,640
7,person_vs_organization,2,82,359,0,82,K-Fold,5,RandomForest,desc+numeric,311,False,0.8458049886621315,0.8418494033904876,0.8458049886621315,0.8072714815278164,0.7628405462327604,640
7,person_vs_organization,2,82,359,0,82,K-Fold,5,SVM,desc+numeric,311,True,0.8276643990929705,0.8229270174784648,0.8276643990929705,0.8251063019328533,0.7318092261702561,640
7,person_vs_organization,2,82,359,0,82,K-Fold,5,SVM,desc+numeric,311,False,0.8503401360544217,0.8380736157543701,0.8503401360544217,0.8223917308151331,0.7387730144710918,640
7,person_vs_organization,2,82,359,0,82,K-Fold,5,AdaBoost,desc+numeric,311,True,0.6666666666666666,0.7733224463374087,0.6666666666666666,0.7005756148613292,0.722042937699572,640
7,person_vs_organization,2,82,359,0,82,K-Fold,5,AdaBoost,desc+numeric,311,False,0.8276643990929705,0.8002704951221828,0.8276643990929705,0.7845975381781478,0.7065018003940485,640
7,person_vs_organization,2,82,359,0,82,K-Fold,5,XGBoost,desc+numeric,311,True,0.7891156462585034,0.7742277372278628,0.7891156462585034,0.7806584146060341,0.7308241048984306,640
7,person_vs_organization,2,82,359,0,82,K-Fold,5,XGBoost,desc+numeric,311,False,0.800453514739229,0.769052956212171,0.800453514739229,0.7788699986268376,0.725185134859705,640
7,person_vs_organization,2,82,359,0,82,K-Fold,5,LogReg,desc+numeric+iran,331,True,0.7278911564625851,0.7954556768897831,0.7278911564625851,0.7510140557184147,0.7482845301990624,640
7,person_vs_organization,2,82,359,0,82,K-Fold,5,LogReg,desc+numeric+iran,331,False,0.8231292517006803,0.7965508163421081,0.8231292517006803,0.8009034301551309,0.7418982267817108,640
7,person_vs_organization,2,82,359,0,82,K-Fold,5,DecisionTree,desc+numeric+iran,331,True,0.746031746031746,0.7600584738974586,0.746031746031746,0.7525313842594296,0.6087709762891501,640
7,person_vs_organization,2,82,359,0,82,K-Fold,5,DecisionTree,desc+numeric+iran,331,False,0.7664399092970522,0.7518109316346144,0.7664399092970522,0.7584627978199854,0.5836673687071133,640
7,person_vs_organization,2,82,359,0,82,K-Fold,5,RandomForest,desc+numeric+iran,331,True,0.8163265306122449,0.8120705824787458,0.8163265306122449,0.8140736917956723,0.8045043820911746,640
7,person_vs_organization,2,82,359,0,82,K-Fold,5,RandomForest,desc+numeric+iran,331,False,0.8344671201814059,0.8198927696130419,0.8344671201814059,0.7895169511202342,0.8019226849650113,640
7,person_vs_organization,2,82,359,0,82,K-Fold,5,SVM,desc+numeric+iran,331,True,0.7845804988662132,0.7978435629398297,0.7845804988662132,0.7905052472565738,0.7280385895780963,640
7,person_vs_organization,2,82,359,0,82,K-Fold,5,SVM,desc+numeric+iran,331,False,0.8435374149659864,0.8245748299319727,0.8435374149659864,0.8216862502576788,0.7326584686459678,640
7,person_vs_organization,2,82,359,0,82,K-Fold,5,AdaBoost,desc+numeric+iran,331,True,0.746031746031746,0.8018130494014738,0.746031746031746,0.7656854988310916,0.768411576873429,640
7,person_vs_organization,2,82,359,0,82,K-Fold,5,AdaBoost,desc+numeric+iran,331,False,0.8344671201814059,0.8107590819754893,0.8344671201814059,0.8080502624815763,0.7768190773829744,640
7,person_vs_organization,2,82,359,0,82,K-Fold,5,XGBoost,desc+numeric+iran,331,True,0.8140589569160998,0.8006591080876795,0.8140589569160998,0.8060346950965869,0.7677151980433453,640
7,person_vs_organization,2,82,359,0,82,K-Fold,5,XGBoost,desc+numeric+iran,331,False,0.8321995464852607,0.8115591743943955,0.8321995464852607,0.8154398405826977,0.7718255316257898,640
7,person_vs_organization,2,82,359,0,82,K-Fold,5,LogReg,tweets+numeric+iran,331,True,0.6666666666666666,0.7927152884780002,0.6666666666666666,0.7023845675531069,0.7201236497044636,640
7,person_vs_organization,2,82,359,0,82,K-Fold,5,LogReg,tweets+numeric+iran,331,False,0.8049886621315193,0.7600633978122626,0.8049886621315193,0.7685710431833552,0.7229091650247979,640
7,person_vs_organization,2,82,359,0,82,K-Fold,5,DecisionTree,tweets+numeric+iran,331,True,0.780045351473923,0.7810800073321829,0.780045351473923,0.7805584953223925,0.6390719478225422,640
7,person_vs_organization,2,82,359,0,82,K-Fold,5,DecisionTree,tweets+numeric+iran,331,False,0.7664399092970522,0.76753752363614,0.7664399092970522,0.7669847940021282,0.6166009919152116,640
7,person_vs_organization,2,82,359,0,82,K-Fold,5,RandomForest,tweets+numeric+iran,331,True,0.8072562358276644,0.8045525597702072,0.8072562358276644,0.8058614790465827,0.758662273252259,640
7,person_vs_organization,2,82,359,0,82,K-Fold,5,RandomForest,tweets+numeric+iran,331,False,0.8458049886621315,0.8286134206769127,0.8458049886621315,0.8203920252397111,0.7505435151844555,640
7,person_vs_organization,2,82,359,0,82,K-Fold,5,SVM,tweets+numeric+iran,331,True,0.6485260770975056,0.8220595063245166,0.6485260770975056,0.6874928260495086,0.6999456484815544,640
7,person_vs_organization,2,82,359,0,82,K-Fold,5,SVM,tweets+numeric+iran,331,False,0.8117913832199547,0.7390667582017517,0.8117913832199547,0.7376181673421193,0.49086215096134245,640
7,person_vs_organization,2,82,359,0,82,K-Fold,5,AdaBoost,tweets+numeric+iran,331,True,0.7256235827664399,0.7997216376890395,0.7256235827664399,0.7500794168504541,0.7507133636795978,640
7,person_vs_organization,2,82,359,0,82,K-Fold,5,AdaBoost,tweets+numeric+iran,331,False,0.8049886621315193,0.7678078047511606,0.8049886621315193,0.77680960793866,0.7431381207962497,640
7,person_vs_organization,2,82,359,0,82,K-Fold,5,XGBoost,tweets+numeric+iran,331,True,0.8367346938775511,0.824387281437774,0.8367346938775511,0.828666844939286,0.776581289489775,640
7,person_vs_organization,2,82,359,0,82,K-Fold,5,XGBoost,tweets+numeric+iran,331,False,0.8367346938775511,0.820023853697323,0.8367346938775511,0.8242073828128726,0.7729805013927576,640
